{"type": "FeatureCollection", "features": [{"type": "Feature", "properties": {"depth_ft": 10}, "geometry": {"type": "LineString", "coordinates": [[-68.78600237732806, 45.77745286236974], [-68.78601940355827, 45.777460403190425], [-68.78634032912339, 45.77763069174359], [-68.78643705361723, 45.77766675910121], [-68.78666143699172, 45.77775368696235], [-68.78698272668171, 45.77782930205816], [-68.78730412050234, 45.77787775701583], [-68.78743466325676, 45.77789363683785], [-68.78762554143061, 45.77791921791048], [-68.78794696084366, 45.777961204164264], [-68.78826838165547, 45.77800294823602], [-68.7885898200273, 45.77804017246914], [-68.78891129562184, 45.77806764520088], [-68.78923281524347, 45.7780835157919], [-68.78955435623847, 45.77809375312866], [-68.78987586019042, 45.77811388399235], [-68.78994102476868, 45.778123289580115], [-68.79019722218351, 45.77817192907847], [-68.79051840062105, 45.77827917113577], [-68.79072229760389, 45.77834974066243], [-68.79083954737105, 45.77839521750244], [-68.7911609068708, 45.77845463083688], [-68.79148250660577, 45.77844977570156], [-68.79180422599879, 45.77841275339655], [-68.7921259370364, 45.7783778650031], [-68.79244750897591, 45.77838036001771], [-68.79276882020987, 45.77845324049427], [-68.7930452895387, 45.778578989279104], [-68.79308984769749, 45.778603063302604], [-68.79341071809645, 45.77879588879556], [-68.79342645106591, 45.778804696437206], [-68.79373162346312, 45.778979830090215], [-68.793846565746, 45.779030472603026], [-68.79405267823192, 45.77912376236039], [-68.79437397300816, 45.77920284958262], [-68.79469553843214, 45.779208439081394], [-68.795017291018, 45.779162968726496], [-68.79533907605519, 45.779108485248045], [-68.79566075804456, 45.77908204099932], [-68.79598227322317, 45.779101252274636], [-68.79630364694654, 45.77915937182391], [-68.79662495284579, 45.779236330768555], [-68.79671648971278, 45.7792606320506], [-68.79694623214665, 45.77932086087551], [-68.79726745816609, 45.779420360768945], [-68.79742075688779, 45.77948690025073], [-68.79758856332002, 45.77955357965128], [-68.79787051271452, 45.779712714141375], [-68.79790950590451, 45.7797322216512], [-68.79820409752423, 45.779938321138694], [-68.79823029410421, 45.77995423354934], [-68.79849879038557, 45.780163858571775], [-68.7985510017374, 45.78019932351673], [-68.79880170652976, 45.78038940971628], [-68.79887173832336, 45.780437141597424], [-68.79914770010326, 45.78061503578105], [-68.79919259311798, 45.78064278960354], [-68.79951357123889, 45.78081468591046], [-68.79956871485766, 45.78084079241433], [-68.79983456026454, 45.78098408557891], [-68.79996328531243, 45.78106650119331], [-68.80015534757536, 45.78121048925152], [-68.80023972961038, 45.781292002140646], [-68.80045027363096, 45.78151738733649], [-68.80047574717433, 45.78154631441236], [-68.80061834663975, 45.781742698031536], [-68.8007761807138, 45.78196799061806], [-68.80079574306261, 45.78199657757469], [-68.80090219089034, 45.782193227528545], [-68.80101754602308, 45.78241844573582], [-68.80111513034244, 45.78261945090823], [-68.80112448338888, 45.78264364916632], [-68.80121051247741, 45.78286881611326], [-68.80129733995594, 45.78309398437491], [-68.80138998461118, 45.783319162673386], [-68.80143391711844, 45.78341347316571], [-68.80149266826703, 45.78354435832934], [-68.80161602213893, 45.78376958977475], [-68.80175353206644, 45.783976386931506], [-68.80176633105432, 45.783994867846616], [-68.80193625367238, 45.78422017971287], [-68.80207366959043, 45.78439344280904], [-68.80211488268299, 45.78444550639623], [-68.80229330066933, 45.78467083242616], [-68.80239385441179, 45.784798460093924], [-68.80247049285396, 45.7848961560493], [-68.80264438325362, 45.78512147368563], [-68.80271400404519, 45.78521476466195], [-68.80281515075741, 45.78534678565897], [-68.80298263032356, 45.78557209169873], [-68.80303411991724, 45.785642006012026], [-68.80316189221215, 45.78579741778226], [-68.80335448659321, 45.7859993048305], [-68.80338151299884, 45.786022813032325], [-68.80367529670704, 45.78623144588464], [-68.80370377882973, 45.786248384239535], [-68.80399632928639, 45.78640086885518], [-68.80414895378784, 45.786474165271386], [-68.80431743135986, 45.78655098569189], [-68.80463857172211, 45.78669063465154], [-68.80466224065579, 45.78670006102335], [-68.80495977472236, 45.78681278229106], [-68.80528108012822, 45.78690592049078], [-68.80539672671279, 45.786926331412594], [-68.80560251958025, 45.78696080313429], [-68.80592411092418, 45.78697209786996], [-68.80624588892171, 45.78692955402324], [-68.80625151380215, 45.78692778405713], [-68.80656789295452, 45.78682151648645], [-68.80679740203843, 45.78670369132798], [-68.80689010472571, 45.786652955818695], [-68.80716744620433, 45.786479299351484], [-68.80721243490265, 45.78644948237546], [-68.80750601878378, 45.78625485315198], [-68.80753480295697, 45.78623432014586], [-68.80782350737947, 45.786030370480866], [-68.8078572180355, 45.786004747648946], [-68.8081130589833, 45.78580584000518], [-68.80817969543308, 45.78575623245869], [-68.80842454693176, 45.785581345569085], [-68.8085020782729, 45.78553449547006], [-68.80882424455211, 45.7853753648747], [-68.80889276335772, 45.785357112521815], [-68.80914613377449, 45.78529688692734], [-68.80946762126045, 45.78533606946082], [-68.809505615208, 45.78535813591498], [-68.80978863040833, 45.78551603200702], [-68.80986037262556, 45.78558374394764], [-68.81010926481117, 45.78580697501757], [-68.81011123113159, 45.78580917824692], [-68.81032422372917, 45.786034549133724], [-68.8104297879017, 45.78613174020874], [-68.81057161538926, 45.78625997664888], [-68.81075053664605, 45.78639091890614], [-68.81092425975827, 45.78648557783857], [-68.81107161488316, 45.78655344062046], [-68.81139294171525, 45.786642801383934], [-68.81171439564983, 45.78669471401256], [-68.81183062533087, 45.78671209117032], [-68.81203584088446, 45.78674939265718], [-68.81235720412457, 45.786828696542564], [-68.81267849509868, 45.786929847708215], [-68.81270472211418, 45.78693854441212], [-68.81299973960212, 45.78704524403251], [-68.8133210462629, 45.78714241618087], [-68.81340682929343, 45.78716471021781], [-68.81364238501473, 45.78723029282443], [-68.81396378305357, 45.78730065043709], [-68.81428525916152, 45.78734774227837], [-68.81460682744077, 45.78736719344382], [-68.81492847777889, 45.787361915671646], [-68.81525016638369, 45.78734503593995], [-68.81557184652803, 45.7873306627737], [-68.81589350218094, 45.787323678931486], [-68.81621514773504, 45.78731974362593], [-68.81653680823997, 45.787311237023644], [-68.81685850705134, 45.78729100306659], [-68.81718025531356, 45.78725557072248], [-68.81750202893127, 45.78721224338279], [-68.8178237714253, 45.787178317376316], [-68.81795336484548, 45.78717204451768], [-68.81814544664674, 45.787164959402915], [-68.81846708163458, 45.787163948877996], [-68.81878870594, 45.787166231523216], [-68.8191103316952, 45.787168074011504], [-68.8194319560863, 45.78717034550083], [-68.81963759741285, 45.78717471553603], [-68.81975356405728, 45.78717771973805], [-68.82007514533657, 45.78719341672699], [-68.82039673151132, 45.787207645524084], [-68.82071836945745, 45.78720577576882], [-68.82104008099945, 45.78718090047442], [-68.82106833938248, 45.78717696504184], [-68.821361845428, 45.787139378641], [-68.82168364806286, 45.78708572424521], [-68.8220054724746, 45.787025033501024], [-68.82232730189442, 45.786962546405576], [-68.8223749186588, 45.78695398661707], [-68.82264909998645, 45.78690971129593], [-68.82297086829416, 45.78686609325421], [-68.82329261406636, 45.78682944850853], [-68.8236143618397, 45.78679203552071], [-68.8239361652668, 45.78673680751587], [-68.82395546181439, 45.78673141567804], [-68.82425809395855, 45.786641514319534], [-68.82451722008048, 45.78650726273876], [-68.8245802658272, 45.786468342714265], [-68.8248149999231, 45.78628270259841], [-68.82490273636974, 45.786199135342926], [-68.8250485222544, 45.78605804330213], [-68.82522544303552, 45.785853374104214], [-68.82524402078008, 45.78583332537025], [-68.82542502920859, 45.785608584956954], [-68.82554842357808, 45.78541852774277], [-68.82557401414388, 45.78538379536643], [-68.82572147405712, 45.78515900324678], [-68.82585621111735, 45.78493419153777], [-68.82587164069571, 45.78490607771225], [-68.82600799210516, 45.78470940561646], [-68.82616295236106, 45.784484624321784], [-68.82619471130997, 45.78443886197294], [-68.82633529853605, 45.78425986923458], [-68.82651756942313, 45.78403841345114], [-68.82652052870209, 45.784035133441016], [-68.82672630431249, 45.78381042849724], [-68.82684026025991, 45.78369050052931], [-68.82695753148138, 45.783585761722534], [-68.8271627508478, 45.78340608981171], [-68.82723022167862, 45.78336115717418], [-68.82748501913748, 45.783192688205], [-68.82759907962846, 45.78313669710984], [-68.82780711324898, 45.78303506523552], [-68.82811859501322, 45.782912462580484], [-68.82812911042205, 45.78290839860161], [-68.82845105282716, 45.78279911330489], [-68.82877295632092, 45.782702127794884], [-68.82882140375101, 45.78268850042963], [-68.82909483159806, 45.7826140115112], [-68.82941671698589, 45.782522247212235], [-68.82958289974906, 45.78246462149405], [-68.82973866431477, 45.78240978679234], [-68.83006072483617, 45.78225964317825], [-68.83009341843773, 45.782240364541245], [-68.83038292834425, 45.78206177581014], [-68.83044616032007, 45.78201587127688], [-68.83070523901608, 45.78182774725224], [-68.83075313539575, 45.78179130913191], [-68.83102751637523, 45.78160385262005], [-68.83108561025578, 45.78156678385376], [-68.83134968790677, 45.78141420139848], [-68.83148185356164, 45.781342351667746], [-68.83167185140455, 45.78122649322267], [-68.83182890154316, 45.78111784570204], [-68.8319943104218, 45.78093967170657], [-68.83202860351555, 45.780893122156726], [-68.83208003405076, 45.78066818044419], [-68.83201383400929, 45.78044306581741], [-68.83199587839748, 45.780417607824425], [-68.83179624470526, 45.78021772837981], [-68.83167517126066, 45.7801232452399], [-68.83148977974123, 45.7799922594789], [-68.83135426762944, 45.779895177614705], [-68.83118376214297, 45.77976679040788], [-68.83103343387893, 45.7796448398809], [-68.83090873207911, 45.77954136637056], [-68.8307126614328, 45.77937519209539], [-68.83063934767092, 45.77931595003056], [-68.83039184206054, 45.779122040384806], [-68.83035039489165, 45.779090503993295], [-68.83007097951769, 45.778884055382335], [-68.8300471083039, 45.77886503589647], [-68.82976037718393, 45.77863959165344], [-68.82975016358905, 45.77863164958733], [-68.82951420540485, 45.77841420720753], [-68.82942948006034, 45.778336768602365], [-68.82929314812932, 45.778188859746884], [-68.82910896052864, 45.77798930653704], [-68.82908759472869, 45.77796353504176], [-68.8289022966208, 45.777738240291036], [-68.82878857603718, 45.77759901849184], [-68.82872099267328, 45.77751295121828], [-68.82854819039068, 45.777287674606335], [-68.82846827834867, 45.77718187515274], [-68.82837684748357, 45.777062399916105], [-68.82821230493164, 45.77683713518442], [-68.82814804658788, 45.776744821286634], [-68.82805558627662, 45.776611881980976], [-68.82792603097724, 45.776386669464905], [-68.82784796508206, 45.776161534382915], [-68.82784292453498, 45.77593650929155], [-68.8279079532023, 45.77571158974816], [-68.8280122689336, 45.7754867293025], [-68.82812086568917, 45.775261875192825], [-68.82815285552854, 45.77517922773451], [-68.82820930641415, 45.775036990667765], [-68.82825718862924, 45.77481204510883], [-68.82826478202581, 45.774587038972335], [-68.82824658253678, 45.77436199405747], [-68.82821925003238, 45.774136935400215], [-68.82819419006964, 45.773911880144674], [-68.82817911162213, 45.773686839885265], [-68.82818325867714, 45.77346182852708], [-68.82822195132067, 45.773236869101524], [-68.8283188738894, 45.77301199716338], [-68.82848168238819, 45.77280966595375], [-68.828509350386, 45.77278726558791], [-68.82880387797073, 45.77259839530565], [-68.82887457131558, 45.77256279553579], [-68.82912590000001, 45.772443158555056], [-68.82936799448794, 45.77233851583539], [-68.82944787088817, 45.77230411339146], [-68.82976984024302, 45.77216504587103], [-68.82987533026437, 45.77211425471158], [-68.8300918926113, 45.77199811256106], [-68.83024962266975, 45.771889793744954], [-68.83041418195639, 45.771752353565525], [-68.83050101077811, 45.77166514928435], [-68.83069491416177, 45.77144041909684], [-68.83073682776511, 45.77138781587662], [-68.83089102814105, 45.77121569184336], [-68.83105941324202, 45.77104186665825], [-68.8311378986131, 45.770991039268814], [-68.8313815132424, 45.77085570095672], [-68.83170322403741, 45.77079823001672], [-68.8320247289052, 45.770809139081216], [-68.83234616093235, 45.770844401697424], [-68.83266761339645, 45.770872965461265], [-68.83298916015052, 45.770870047209606], [-68.83331084917005, 45.77081935944822], [-68.83346162543748, 45.77076943217766], [-68.83363271363483, 45.770709464847165], [-68.83391751526338, 45.77054507804848], [-68.83395481355193, 45.770519795824185], [-68.83416951463207, 45.77032042635343], [-68.83427735909973, 45.77017891617392], [-68.83433246318448, 45.77009564500998], [-68.83438026167396, 45.7698706965705], [-68.8342788520731, 45.769674786690906], [-68.83426202414024, 45.7696455073776], [-68.83395796540275, 45.76945758072662], [-68.83387639408984, 45.7694199295948], [-68.83363675131882, 45.769351345280896], [-68.83331540027476, 45.769291500087135], [-68.8329939892271, 45.769251991092126], [-68.83267256189546, 45.76921807976556], [-68.8324796534601, 45.76919287252496], [-68.83235116127653, 45.76917538182556], [-68.83202985142647, 45.76910260684938], [-68.83172904993458, 45.7689667517833], [-68.8317087780052, 45.76895149150308], [-68.83151758931066, 45.768741422383194], [-68.83141461389947, 45.76851625270224], [-68.83138883083909, 45.76842715160456], [-68.83135200661476, 45.76829114251126], [-68.83130264979148, 45.76806605184162], [-68.8312578812757, 45.767840967918104], [-68.83121525455265, 45.76761588713205], [-68.83117383161405, 45.767390808099876], [-68.83113292563309, 45.7671657298078], [-68.83109171855048, 45.766940651047044], [-68.8310721025803, 45.766838413801544], [-68.83104836675012, 45.76671556909115], [-68.83099953962692, 45.76649047901135], [-68.83094002676683, 45.766265373091215], [-68.83086403694682, 45.76604024274141], [-68.83076841944444, 45.76581508326241], [-68.83075376461369, 45.76578789220949], [-68.83065031459154, 45.76558989036641], [-68.83052607846597, 45.765364688245214], [-68.83043409701149, 45.765180171628266], [-68.83041428414708, 45.765139504447305], [-68.83032981115785, 45.764914361105994], [-68.8302780634557, 45.764689266309304], [-68.83024617112832, 45.76446420098141], [-68.83021693604356, 45.76423913958429], [-68.83017650810264, 45.76401406153512], [-68.83011799530227, 45.763788956574885], [-68.83011682571282, 45.76378524344427], [-68.83003596883914, 45.76356381660026], [-68.82995051741088, 45.76333867146046], [-68.82987140714044, 45.76311353568994], [-68.82980229565221, 45.76288841475034], [-68.82979810219624, 45.76287306693883], [-68.82974224089747, 45.762663307256055], [-68.82968682004717, 45.76243820662874], [-68.82963341236606, 45.762213108967416], [-68.82958063684869, 45.761988012215106], [-68.82952783364446, 45.761762915388175], [-68.82948060018691, 45.76156331346893], [-68.82947457186735, 45.76153781784349], [-68.82942018171981, 45.76131271858047], [-68.82936408338325, 45.76108761673155], [-68.82930573027583, 45.76086251147766], [-68.82924468877499, 45.7606374021673], [-68.82918006760544, 45.76041228746365], [-68.82916279414904, 45.76035801952589], [-68.82910878219985, 45.760187162747165], [-68.82902228257194, 45.75996201521119], [-68.8289040048824, 45.75973682001849], [-68.82884346275397, 45.75965607269608], [-68.8287358172464, 45.75951154989316], [-68.8285230710746, 45.75930287208012], [-68.82850588037263, 45.7592861868451], [-68.82821095427818, 45.759060725630036], [-68.82820235968815, 45.75905516361756], [-68.82788146820116, 45.75886695406212], [-68.82781551143809, 45.75883511221025], [-68.82756043132774, 45.758726642782], [-68.82723926998874, 45.758627184296536], [-68.82713099499905, 45.758609060413015], [-68.82691796786455, 45.75857362999098], [-68.8265964879618, 45.75857766780881], [-68.82645848763553, 45.75860804093723], [-68.82627478312337, 45.758654173889184], [-68.82595284978206, 45.75880389316342], [-68.82590335836163, 45.75883221459857], [-68.82563075162825, 45.75900597147675], [-68.82555006213826, 45.759056693896376], [-68.82530857543547, 45.75923231150476], [-68.82522455939801, 45.75928121461146], [-68.82498640447923, 45.75945614233648], [-68.8248257591822, 45.759505622037], [-68.82466456943077, 45.75957190484544], [-68.82453368343162, 45.75950517386359], [-68.82434354992697, 45.75942734053667], [-68.82422065230107, 45.759279674550335], [-68.82402318563331, 45.759074874492704], [-68.82400969919378, 45.759054331647434], [-68.82384902067284, 45.75882906586612], [-68.82370308145964, 45.758641089280175], [-68.82367823452306, 45.758603784252074], [-68.82352039774122, 45.758378522375956], [-68.82338299219448, 45.75820414770079], [-68.82334155546302, 45.75815322779691], [-68.8231244995116, 45.75792787377837], [-68.82306256533465, 45.75787559822754], [-68.82277532868594, 45.75770231448972], [-68.82274170341273, 45.75768563962086], [-68.82242059111059, 45.75757530116455], [-68.8220994129408, 45.75748608861974], [-68.82206851953323, 45.75747619773453], [-68.82177831462265, 45.757372114201345], [-68.82156084942305, 45.75725038777507], [-68.82145748223812, 45.75717516322734], [-68.82131687994077, 45.75702498825081], [-68.8211610092764, 45.756799726126566], [-68.82113735756667, 45.75675740207412], [-68.82104735406702, 45.75657452990797], [-68.82094746285497, 45.75634935513791], [-68.82084961087487, 45.756124183469], [-68.8208181489007, 45.75605492277205], [-68.82074606994817, 45.755899002782236], [-68.82062951671428, 45.75567380156543], [-68.82049859937287, 45.75546125020333], [-68.82048984073673, 45.75544856389446], [-68.8203061767922, 45.755223256871126], [-68.82017833258679, 45.75509300354515], [-68.82006901364667, 45.75499786530529], [-68.81985772699197, 45.75483136664336], [-68.81977370178942, 45.75477238152977], [-68.81953698494577, 45.75461299251452], [-68.81943099104865, 45.754546822083014], [-68.81921617298842, 45.75441704414143], [-68.81904761197826, 45.75432119719813], [-68.81889531356244, 45.75423646454294], [-68.81863137394419, 45.754095518862464], [-68.81857442880408, 45.75406434094476], [-68.8182535544696, 45.75388961331859], [-68.81821823557567, 45.75386984393283], [-68.81793281549248, 45.753673874818816], [-68.81789611973694, 45.753644312610284], [-68.81768836057022, 45.7534189629001], [-68.81761256384245, 45.753309289150444], [-68.81753698106102, 45.75319370285351], [-68.81740145082681, 45.75296846792804], [-68.81729281962103, 45.752790472975654], [-68.81726306393755, 45.752743228264016], [-68.81711845676823, 45.75251797846717], [-68.81697301139312, 45.75229304644611], [-68.81697280223565, 45.752292726800505], [-68.81683291288667, 45.75206748418167], [-68.81670383268265, 45.75184225872378], [-68.81665340250012, 45.75173647353429], [-68.81659482099126, 45.751617065327146], [-68.8165148940589, 45.75139191852893], [-68.81646644036924, 45.751166822226956], [-68.8164372290342, 45.75094175681184], [-68.81638850845232, 45.75071666003018], [-68.81633564716594, 45.75061671521568], [-68.81626732050738, 45.7504914467081], [-68.81603770200996, 45.750266058716434], [-68.81601542863572, 45.75025051663332], [-68.8157110596737, 45.750040513800414], [-68.81569473203287, 45.75003084291337], [-68.8153739375579, 45.74984161679244], [-68.81532725825502, 45.74981487556869], [-68.81505310252618, 45.74966532633456], [-68.81489863669779, 45.74958916343574], [-68.81473220516106, 45.749508486773], [-68.81441117980826, 45.74939080793548], [-68.81427023817479, 45.749363125109596], [-68.814089971392, 45.749328677242076], [-68.81376860734868, 45.749313557537896], [-68.81344719422783, 45.74931322197495], [-68.81312581461543, 45.74930284625954], [-68.81280446150093, 45.74928457929403], [-68.81248307093242, 45.749277560040724], [-68.81216158759851, 45.74929822050634], [-68.81184000015608, 45.749349794647166], [-68.81180088025545, 45.74935908432], [-68.81151833751295, 45.749423535351035], [-68.81119663065572, 45.74951013853758], [-68.8109499499554, 45.7495826980691], [-68.8108748975724, 45.74960421231279], [-68.81055316095384, 45.74969901134873], [-68.81023142033106, 45.7497946703319], [-68.81019116232254, 45.74980645858328], [-68.80990972684971, 45.74987611801351], [-68.80958807480403, 45.74994510454218], [-68.80926645097307, 45.750005574627146], [-68.80913288311663, 45.75002971413298], [-68.80894484657635, 45.75006014487201], [-68.808623236753, 45.75011611947639], [-68.80830159255441, 45.75018194763068], [-68.80801525828723, 45.75025286016867], [-68.80797989414576, 45.75026336405812], [-68.8076581129545, 45.75036860884403], [-68.80734853968534, 45.75047675644719], [-68.80733629418252, 45.75048442455677], [-68.8070143251954, 45.75064344023114], [-68.80679994049906, 45.75070084862149], [-68.80669242835634, 45.75078102620275], [-68.80637097967116, 45.75078855109119], [-68.80604979090421, 45.75072100848186], [-68.80597864185896, 45.75069945689732], [-68.80572857600413, 45.75066122169461], [-68.80540736710998, 45.75059990389328], [-68.80508620353072, 45.75052576952626], [-68.80489715844712, 45.7504725967637], [-68.80476508716484, 45.7504383372193], [-68.80444399355223, 45.750344676496105], [-68.80412287987741, 45.750257058049556], [-68.80406773856086, 45.75024615891543], [-68.80380168123574, 45.75019397693784], [-68.80348037513087, 45.75016172327336], [-68.80315896012874, 45.75016055415857], [-68.80283743297471, 45.7501912419528], [-68.8025317195408, 45.75024351453155], [-68.80251581846616, 45.75024659954896], [-68.80219419861297, 45.750303290066526], [-68.801872721825, 45.750319361460235], [-68.80155154042257, 45.750252030029976], [-68.80153142217488, 45.750241781334125], [-68.80123076360655, 45.750070935101164], [-68.80116632724273, 45.75001612802961], [-68.80093900965049, 45.749790713674265], [-68.80091046257598, 45.74975659807855], [-68.80077396776986, 45.74956540746414], [-68.80063849318546, 45.74934015260169], [-68.80059084313024, 45.74925186267255], [-68.80051954453195, 45.749114926423715], [-68.8004080050662, 45.74888971305623], [-68.80029854815552, 45.748664503210904], [-68.80027172838682, 45.74860722804981], [-68.80019381522564, 45.74843930151299], [-68.80009553268555, 45.74821411099606], [-68.80000270596562, 45.74798892993585], [-68.79995302207745, 45.74785030405397], [-68.79992251265813, 45.74776377091493], [-68.79987293047931, 45.7475386654507], [-68.79987467058262, 45.747313649861894], [-68.79995546361913, 45.747166793405356], [-68.80013865907756, 45.74708909330455], [-68.80027722713149, 45.74706540159016], [-68.80059856612564, 45.74708291255742], [-68.80066034503088, 45.74709000467549], [-68.8009198361221, 45.747119889902734], [-68.80124118835701, 45.74713381467681], [-68.80152808329544, 45.74709151531405], [-68.80156275936073, 45.747086042815255], [-68.80188468011505, 45.74693924717379], [-68.80198349774508, 45.7468672868507], [-68.80220695319726, 45.74669221296579], [-68.80226109027059, 45.746642748949135], [-68.80249865765337, 45.74641814118398], [-68.80252942461232, 45.7463881217647], [-68.80272597627842, 45.746193515220995], [-68.8028519667206, 45.74606295162532], [-68.80294663680388, 45.74596887731411], [-68.8031583793814, 45.7457442236086], [-68.80317454687986, 45.74572588653313], [-68.80339042456923, 45.74551960444045], [-68.80349702379644, 45.74541713888891], [-68.80371326676715, 45.745295140815124], [-68.80381903619634, 45.74523998902325], [-68.80414046581697, 45.74522890654021], [-68.80430014611534, 45.745296147550164], [-68.80446138651801, 45.74536355534384], [-68.80467414680271, 45.745521806254516], [-68.80478195621801, 45.74559934644361], [-68.80495109234406, 45.74574729808015], [-68.80510239808959, 45.745872645242095], [-68.80521942027326, 45.7459727745345], [-68.80542287772234, 45.74613597400135], [-68.80550782675712, 45.74619828453035], [-68.80574350619682, 45.74635725858853], [-68.80586753334875, 45.746423914958385], [-68.80606433785827, 45.74652059762169], [-68.80638532683564, 45.74663897263193], [-68.80642038903554, 45.746649871655904], [-68.80670639333675, 45.74673527898384], [-68.8070274837892, 45.74682495447588], [-68.80721742498844, 45.74687623793508], [-68.80734858784729, 45.7469109735245], [-68.80766970996426, 45.746992021135505], [-68.80799085520061, 45.74706659639495], [-68.80817153578874, 45.74710286247315], [-68.8083120360057, 45.74713102962803], [-68.80863326781949, 45.74718075131024], [-68.80895455867964, 45.747213331145964], [-68.80927590431845, 45.74722993570062], [-68.80959729741264, 45.74723263813589], [-68.80991873643146, 45.74722181893371], [-68.81024022131743, 45.74719742633505], [-68.8105617469024, 45.747160919056824], [-68.81088330373898, 45.747115032942446], [-68.8109291600468, 45.74710745910287], [-68.81120488340486, 45.747062218408175], [-68.81152647759895, 45.747004906566865], [-68.8118480859256, 45.74694319210493], [-68.81213814383763, 45.74688443469815], [-68.81216970446786, 45.74687822027554], [-68.81249130703354, 45.746817797261706], [-68.81281286884416, 45.746769359992875], [-68.81313438405236, 45.746734722897465], [-68.81345587603619, 45.74670693878561], [-68.8137773770676, 45.74667633771329], [-68.81389823113325, 45.74666229647379], [-68.81409889741234, 45.746639812403615], [-68.81442041763994, 45.74660319581051], [-68.81474190891593, 45.746575204318795], [-68.81506334722155, 45.74656315659847], [-68.81538470867866, 45.74657437960282], [-68.81570596521007, 45.74661752734806], [-68.81590637081813, 45.74666554973768], [-68.81602709428478, 45.7466996257632], [-68.81634812434176, 45.74681220643102], [-68.81656557377329, 45.74689162863409], [-68.81666913326971, 45.74693163563175], [-68.81699019597121, 45.7470350279744], [-68.81731137711658, 45.747102474223475], [-68.81763277947461, 45.74710222514453], [-68.81795451331027, 45.74700000061565], [-68.81813493258127, 45.74689413743119], [-68.81827656370314, 45.74679985616052], [-68.81845650281628, 45.74666963018023], [-68.81859873322632, 45.74656222073372], [-68.81877064203532, 45.74644511022886], [-68.8189208571582, 45.746337839452615], [-68.81911357325413, 45.74622063499168], [-68.81924292667284, 45.746129518120824], [-68.81945637457096, 45.74599615851129], [-68.81956510178631, 45.74588767497759], [-68.81968372303275, 45.745771498845386], [-68.81969497836688, 45.74554649790766], [-68.81956663455807, 45.745411904049824], [-68.81948412833802, 45.74532114626294], [-68.81924597871485, 45.74518385193396], [-68.81909321624951, 45.74509550925879], [-68.81892511187841, 45.74502186847073], [-68.81860418821203, 45.74487800450908], [-68.81858698514725, 45.7448696878636], [-68.81828327269571, 45.74473213630354], [-68.81811826067306, 45.744643923928905], [-68.81796246250167, 45.74455437679607], [-68.81777883913185, 45.74441836435602], [-68.81764191207914, 45.74429745642372], [-68.8175453325653, 45.74419297295142], [-68.81736806821914, 45.7439676709754], [-68.81732181781238, 45.743901577488785], [-68.81721093290979, 45.743742400920304], [-68.81705985306185, 45.743517140335996], [-68.81700197557477, 45.74342994135317], [-68.81689800757465, 45.74329186229065], [-68.81672523236328, 45.743066566475306], [-68.81668196339575, 45.743011871820904], [-68.81652485542232, 45.74284122606894], [-68.81636169119791, 45.74267456612681], [-68.81629799717582, 45.742615842727744], [-68.81604124468662, 45.74239150913306], [-68.81603996559592, 45.74239040873949], [-68.81579026340133, 45.742164987588964], [-68.81572088641902, 45.74208261257479], [-68.81561363252578, 45.741939683831006], [-68.81552629508208, 45.74171452399773], [-68.81550234919817, 45.74148946647069], [-68.81551053438025, 45.74126446081707], [-68.8155306291724, 45.741039474383236], [-68.81555366290712, 45.740814492681494], [-68.81557669445108, 45.740589510962714], [-68.81559888101263, 45.74036452786664], [-68.81562009596476, 45.740139543189436], [-68.81564066516486, 45.739914557457446], [-68.81566126467564, 45.73968957176179], [-68.81568285452732, 45.73946458765116], [-68.81570663094656, 45.739239607054564], [-68.81573088986374, 45.739041715638216], [-68.81573496560355, 45.73901463379561], [-68.81577963585329, 45.738789686860976], [-68.81584825773874, 45.738564778507126], [-68.81596675837548, 45.73833995045558], [-68.81605488355827, 45.73823819960174], [-68.8163763520019, 45.73820227379758], [-68.81669733636187, 45.73831416819335], [-68.8167454345813, 45.738341202043735], [-68.81701814921288, 45.73847896314309], [-68.81716769975618, 45.73856689752889], [-68.81733890500949, 45.73866183446903], [-68.8175675110609, 45.738792555593754], [-68.81765966670663, 45.73884353576076], [-68.81798051933477, 45.73899789127199], [-68.81805114728894, 45.73901834577156], [-68.81830157116114, 45.73909137675594], [-68.818622909875, 45.73909658621554], [-68.81891690951493, 45.739019721210035], [-68.81894453796617, 45.73901227932221], [-68.81926639137893, 45.738857831996825], [-68.81936756172969, 45.73879541559895], [-68.8195884217403, 45.738647888188964], [-68.81968881936471, 45.73857090406995], [-68.81991061024245, 45.738387999582756], [-68.81996011204336, 45.7383463129059], [-68.82021850690838, 45.738121700794714], [-68.82023286107409, 45.738107754267375], [-68.82050719235791, 45.737897135680846], [-68.8205550399971, 45.73784895055703], [-68.82087685927756, 45.7377016960575], [-68.8211980392652, 45.73775421482077], [-68.82145718148799, 45.737898624160934], [-68.82151886034896, 45.7379195757958], [-68.82183971070067, 45.73807632867821], [-68.82192890330886, 45.73812437933997], [-68.82216057484658, 45.738229301400985], [-68.82244877595791, 45.738350207398796], [-68.82248150273382, 45.73836271134141], [-68.82280256533113, 45.738454015830875], [-68.82312376900465, 45.73850096969512], [-68.82344507874704, 45.73851443887306], [-68.82376645236366, 45.73850765297037], [-68.82408786935298, 45.73848702985044], [-68.82440933525811, 45.738450725001954], [-68.82473087609034, 45.738390338161885], [-68.82486082450646, 45.7383539302664], [-68.82505255592271, 45.7382852191665], [-68.82537326464418, 45.73812969564026], [-68.82537439416271, 45.73812889422513], [-68.82568330045606, 45.73790515007971], [-68.82569649503988, 45.73788757910033], [-68.82590823822248, 45.73768047403493], [-68.82601906984408, 45.73749276347519], [-68.8260653722303, 45.737455694337655], [-68.8263411262971, 45.73726370128175], [-68.82642685601508, 45.737231225043516], [-68.82666279198878, 45.73716008295617], [-68.82698460163023, 45.73700946725709], [-68.82698842525176, 45.73700705775584], [-68.82730658222933, 45.736802829010614], [-68.82733398024337, 45.73678256145283], [-68.82762866113515, 45.73656346619885], [-68.82763536323195, 45.736557997466285], [-68.82790724562551, 45.736333388245185], [-68.82795082061918, 45.73629696723299], [-68.8281509562452, 45.73610873599876], [-68.82827310088257, 45.73599006310271], [-68.82837038643227, 45.735884046752844], [-68.82856928142883, 45.73565932626683], [-68.82859554363307, 45.73562889177091], [-68.82875305389429, 45.735434582760746], [-68.82891810974868, 45.735225956319546], [-68.82893083992325, 45.735209829987134], [-68.82910655867242, 45.734985073836015], [-68.82924070824386, 45.73481087163843], [-68.82928145314575, 45.73476031617424], [-68.82946172236572, 45.73453556625858], [-68.82956326311762, 45.73440855253694], [-68.82964943111286, 45.734310827142195], [-68.82984857948048, 45.73408610474557], [-68.82988570025182, 45.7340434840183], [-68.8300737795632, 45.73386142074201], [-68.8302080351344, 45.73371076888179], [-68.83029131059047, 45.733636724894716], [-68.83037469006607, 45.733411829536735], [-68.83020934488256, 45.73327855715002], [-68.83012562124654, 45.733186440302475], [-68.82988858046328, 45.733094824643096], [-68.82962130399899, 45.732960670166456], [-68.82956771898944, 45.73294369092247], [-68.82924679090307, 45.73281498333387], [-68.82909306945065, 45.73273486202078], [-68.82892597593086, 45.73264970992704], [-68.82871151813374, 45.73250927142474], [-68.82860536455959, 45.732418493336134], [-68.82846417574501, 45.732283881120324], [-68.82828681904394, 45.73205859547531], [-68.82828515767216, 45.732056150168184], [-68.82810095072298, 45.7318332967402], [-68.82796499665129, 45.73168021423846], [-68.82785640453811, 45.731607909299875], [-68.82764428817468, 45.73148365618048], [-68.82732319060291, 45.7314140914194], [-68.82700192084847, 45.73140055530865], [-68.826680621527, 45.73139662843031], [-68.82645065723736, 45.7313807633792], [-68.82635938329838, 45.731373001106036], [-68.82603828603531, 45.731304054680464], [-68.82571734869217, 45.7311839451386], [-68.82565246473214, 45.73115452888016], [-68.82539652747883, 45.73102700747728], [-68.82517919333073, 45.73092878642423], [-68.82507567287537, 45.73088134128316], [-68.82475465363741, 45.73078885103924], [-68.82443339044823, 45.730774561183324], [-68.82411189420873, 45.73083457044912], [-68.82383370114572, 45.73092671974297], [-68.82379025048819, 45.73094126029736], [-68.82346856397812, 45.73106114353581], [-68.8232054640484, 45.7311507686189], [-68.82314690642967, 45.73117141402138], [-68.82282531597346, 45.73126006468769], [-68.82250377416594, 45.73133303579429], [-68.8223362147019, 45.7313744395125], [-68.8221821990541, 45.73141623782996], [-68.82186039898298, 45.73156990091314], [-68.8218266412217, 45.731598665249976], [-68.82161106535649, 45.73182334811601], [-68.8215379638179, 45.73192241730568], [-68.82146968822092, 45.73204814653219], [-68.82137408842298, 45.73227301634293], [-68.82132312938887, 45.73249795588561], [-68.82135501228925, 45.7327230249571], [-68.82152731409022, 45.73294831344201], [-68.82153468055945, 45.73295326710903], [-68.82185539134089, 45.73314500076144], [-68.82191353411986, 45.73317393529157], [-68.82217632282475, 45.73326788380532], [-68.82249735151632, 45.73336052621339], [-68.82264781582874, 45.733400096641496], [-68.82281842737088, 45.73343858969172], [-68.82313951914288, 45.733511893712546], [-68.82346061593834, 45.733583869908614], [-68.82367206214472, 45.733626701134035], [-68.82378173720306, 45.73364832805628], [-68.82410288202924, 45.73370551621701], [-68.8244240209788, 45.73376478883311], [-68.82474510370938, 45.73384225203599], [-68.82477922018941, 45.733853423619365], [-68.82506591312091, 45.73400754071325], [-68.8251547425202, 45.734079018068485], [-68.82530168424816, 45.73430426199436], [-68.82538265751747, 45.73452940491974], [-68.82538557968543, 45.73454014428004], [-68.82544273504959, 45.734754515856146], [-68.82549818660267, 45.734979619686776], [-68.82555290025958, 45.735204722354915], [-68.8256077163919, 45.735429825144344], [-68.82566290556525, 45.735654928467746], [-68.8257029353416, 45.735817527501375], [-68.82571973583907, 45.73588003425887], [-68.82577890757639, 45.73610514358322], [-68.82583551030399, 45.73633024895192], [-68.82588469672339, 45.73655534298193], [-68.8259151622819, 45.73678040845903], [-68.82586717365874, 45.73700535437525], [-68.82569899939409, 45.73708265267811], [-68.82537781912086, 45.73703010702827], [-68.82532329588979, 45.737004524164924], [-68.82505684371938, 45.73691214627163], [-68.8247473155419, 45.73677862308315], [-68.82473593160577, 45.736774387034366], [-68.82441508174392, 45.73661726818308], [-68.82428699388323, 45.7365528970203], [-68.82409423288199, 45.73646040355768], [-68.82378837873281, 45.736327110040726], [-68.82377333206526, 45.73632062683869], [-68.82345232537965, 45.73621495400743], [-68.82313111411, 45.73617446891842], [-68.82280963917769, 45.73621749714903], [-68.82253617062419, 45.73632517192264], [-68.82248789273117, 45.73634606264617], [-68.82216594832248, 45.73653652830065], [-68.82214415934527, 45.736549581426345], [-68.82184393448422, 45.73674813817701], [-68.82179612311427, 45.73677405817352], [-68.82152194357795, 45.73695178538343], [-68.82140712726205, 45.73699846983433], [-68.82120004372791, 45.737126167767016], [-68.82087862382869, 45.737149810602425], [-68.82070867673768, 45.736997375936625], [-68.82055823296285, 45.736852094952354], [-68.82051036979787, 45.73677204552771], [-68.8203817349545, 45.73654682431805], [-68.8202665005776, 45.736321624035725], [-68.8202387780704, 45.736263732520946], [-68.82016412837471, 45.73609644387401], [-68.82006799549208, 45.73587127343773], [-68.81997612367488, 45.73564610962562], [-68.81991988199181, 45.73550359431687], [-68.81988813359405, 45.73542095184999], [-68.81980347349068, 45.735195799249595], [-68.8197207272978, 45.73497064959746], [-68.81963994381637, 45.73474550297477], [-68.81960134230386, 45.734635446182274], [-68.819562991549, 45.73452036233658], [-68.81949023321368, 45.73429522826372], [-68.81942030136143, 45.73407009860289], [-68.81935277306613, 45.73384497269064], [-68.81928392959122, 45.7336198446493], [-68.8192832939539, 45.733618009640594], [-68.81920984211891, 45.733394708259766], [-68.81910937671257, 45.73316953005376], [-68.81896411952164, 45.73295266159826], [-68.81895872145869, 45.73294427223274], [-68.8187679127182, 45.732718950518574], [-68.81864394313168, 45.73259921767708], [-68.818537912111, 45.73249356623727], [-68.81832360039029, 45.73229832368046], [-68.81829034905469, 45.732268153553804], [-68.81803521858927, 45.732042728272916], [-68.81800320412928, 45.73201496501813], [-68.8177610191504, 45.731817271999006], [-68.8176827395299, 45.73175360417949], [-68.81743253493377, 45.73159172832823], [-68.81736210507704, 45.73154527133584], [-68.8170411410666, 45.731438601187335], [-68.81671967773454, 45.731484962862815], [-68.81655691065637, 45.731590325797484], [-68.81639768090962, 45.73169398059649], [-68.81626340935244, 45.73181487343308], [-68.81607553070621, 45.73194899322936], [-68.81591933153429, 45.73203933883028], [-68.81575371781868, 45.732100528360434], [-68.8154322068407, 45.73215987793174], [-68.81511084163375, 45.73217484325861], [-68.81478954243148, 45.73216978775741], [-68.8144682576418, 45.73216039693113], [-68.81414695982451, 45.73215496623923], [-68.8138256444619, 45.7321548348772], [-68.8135043233416, 45.73215643384149], [-68.8131830121856, 45.732155038614216], [-68.8128617214215, 45.73214754238192], [-68.81254045311296, 45.73213335966075], [-68.81221919944635, 45.73211485632837], [-68.81189794075426, 45.73209791316915], [-68.81157664728133, 45.73209137084587], [-68.8112552891415, 45.73210404859818], [-68.81093385338033, 45.7321396876718], [-68.8106123535441, 45.73219416321385], [-68.81030966010397, 45.73225518226847], [-68.81029081556093, 45.73225972117894], [-68.8099692395341, 45.73233627477487], [-68.80964767272265, 45.73240985691606], [-68.80932614597532, 45.73247141727097], [-68.80926302741811, 45.73247845902124], [-68.80900467138598, 45.73251746866904], [-68.80868330496426, 45.73253168540755], [-68.80836202138956, 45.73252163109991], [-68.80804079300302, 45.732495501132966], [-68.8079093304252, 45.73247619111294], [-68.80771962815291, 45.732450943266855], [-68.8073986007255, 45.732366554212454], [-68.80716275630358, 45.732249914252776], [-68.80707781350043, 45.732212680856996], [-68.80679097528663, 45.73202426691615], [-68.80675721334336, 45.73200507511978], [-68.80647085154851, 45.731798705872414], [-68.80643668722716, 45.731776722572434], [-68.80615873011399, 45.73157315749952], [-68.80611617766192, 45.731544340738644], [-68.80582633289201, 45.73134757380788], [-68.80579561266914, 45.73132871774201], [-68.80547488327208, 45.731161163006874], [-68.8053732935793, 45.73112178369388], [-68.8051539721614, 45.73104641794059], [-68.8048329379853, 45.73096738391663], [-68.804511837177, 45.730907709044054], [-68.80442610437308, 45.730895146977765], [-68.80419069359333, 45.73086047100478], [-68.80386950217387, 45.73082705455382], [-68.80354824290917, 45.73081309941767], [-68.8032269008641, 45.730822763427405], [-68.80290548511849, 45.730853349564825], [-68.80261924309454, 45.730892039780905], [-68.8025840230526, 45.73089698382042], [-68.8022625336653, 45.730948218549734], [-68.80194101808719, 45.73100669682882], [-68.80161948101599, 45.7310710564551], [-68.80139440427726, 45.73111493650249], [-68.80129794755771, 45.73113418881149], [-68.80097646236278, 45.731183528564905], [-68.8006550579497, 45.73121000172313], [-68.80033376572096, 45.73120490588989], [-68.80001258724776, 45.731167952972584], [-68.79970666040722, 45.73111199024368], [-68.79969148756707, 45.73110907678262], [-68.79937043968391, 45.73103592206381], [-68.79904944080073, 45.73094933724313], [-68.79884908916995, 45.73088546436104], [-68.79872849586673, 45.73084800856137], [-68.79840758746894, 45.73073684648248], [-68.79818738943418, 45.730659278180056], [-68.79808668406505, 45.730624651569386], [-68.79776573918039, 45.730524306197886], [-68.7974447066107, 45.73044853644549], [-68.79732574622683, 45.73043273365155], [-68.79712354877296, 45.73040760664034], [-68.79680224758418, 45.730406338533875], [-68.79662019628205, 45.730431479894314], [-68.79648078082715, 45.730450661509074], [-68.79615911392568, 45.73054986469697], [-68.79595271526993, 45.730655309079644], [-68.79583719539976, 45.73071781767629], [-68.79562322119152, 45.730879739450025], [-68.79551498592275, 45.73096497126921], [-68.79536078985778, 45.731104288997486], [-68.79519260473171, 45.73125832668152], [-68.79511645184505, 45.73132887038059], [-68.79491170823033, 45.73155352231254], [-68.79486996116272, 45.731622430750456], [-68.794780824093, 45.73177830655745], [-68.79471898719234, 45.73200321472295], [-68.7947028886309, 45.73222820504061], [-68.79472141502629, 45.7324532575629], [-68.79478361150248, 45.73267838851971], [-68.79486556654983, 45.7328228409932], [-68.79492722471758, 45.73290366559714], [-68.79518585095882, 45.73310605136776], [-68.795230649947, 45.73312922901794], [-68.79550666778276, 45.73324426709485], [-68.79582772898453, 45.73331585262603], [-68.79614899419438, 45.733331589720805], [-68.79647040232709, 45.733308030486285], [-68.79679188222974, 45.73326460746263], [-68.7971133791372, 45.73321635055992], [-68.79743485570317, 45.73317356699537], [-68.79775627040382, 45.73314778697397], [-68.79807752526213, 45.73316627919325], [-68.7983983171442, 45.733313504788114], [-68.79844093126252, 45.73335995670144], [-68.79852930057464, 45.73358513175153], [-68.79855627368306, 45.73381019849139], [-68.79855978070695, 45.73403522384536], [-68.79855400264758, 45.73426023281974], [-68.79854477825576, 45.73448523570832], [-68.79853437206062, 45.734710236503375], [-68.79852321036199, 45.73493523595634], [-68.79851089741723, 45.7351602333691], [-68.79849714909888, 45.73538522824017], [-68.79848229327385, 45.7356102211473], [-68.79846681664884, 45.7358352129486], [-68.79845008376444, 45.73606020252283], [-68.79842857588574, 45.736285183661586], [-68.79839412080393, 45.73651014194224], [-68.79838671365391, 45.73653816461176], [-68.79831169451705, 45.73673501553187], [-68.79814045859385, 45.73695973218215], [-68.79806362877636, 45.73702199246477], [-68.79774189315977, 45.73713054388631], [-68.79742043810323, 45.73716116179032], [-68.79709907948427, 45.73716505514974], [-68.79677775520712, 45.73715946900039], [-68.79645643960977, 45.73715151141448], [-68.79613510730339, 45.73714817060914], [-68.7958137118745, 45.73716215938933], [-68.79569796962662, 45.73718040982341], [-68.79549216532664, 45.73721750188612], [-68.7951703747065, 45.73733942672851], [-68.79506331872007, 45.73740429225466], [-68.79484830112636, 45.73753823913365], [-68.79473642291966, 45.73762872446577], [-68.79452602220616, 45.73779241307312], [-68.79445859879536, 45.73785324402279], [-68.79420363604545, 45.73807498255814], [-68.7942006590403, 45.738077798713896], [-68.79395426345437, 45.73830237363333], [-68.79388121257242, 45.73836680779156], [-68.79371024072606, 45.73852695229703], [-68.79355875494727, 45.73866698753068], [-68.79346958895384, 45.73875153652437], [-68.79323627043227, 45.73897351480794], [-68.79323353249357, 45.73897612855239], [-68.79299438139505, 45.73920071447718], [-68.79291379409871, 45.73927687258663], [-68.7927567529331, 45.739425302654595], [-68.79259130021235, 45.739584026210224], [-68.79252188871978, 45.7396498953488], [-68.79228822394613, 45.73987448973209], [-68.79226879628776, 45.739892931444054], [-68.79204934020723, 45.74009907413003], [-68.79194630582427, 45.740197253003245], [-68.79181103364846, 45.74032365907154], [-68.79162380964814, 45.740502166669266], [-68.79157408723108, 45.740548245988506], [-68.79133690253158, 45.74077283197024], [-68.79130130814053, 45.74080756734668], [-68.79110382384391, 45.74099742495814], [-68.79097871488177, 45.74113661227174], [-68.79090111401744, 45.74122207304448], [-68.79075132513452, 45.7414468176956], [-68.79066371426279, 45.7416716760807], [-68.7906552171141, 45.74170666165408], [-68.79060904084825, 45.74189659475812], [-68.79055861302686, 45.74212152118324], [-68.7904877193212, 45.742346410050146], [-68.79039002778639, 45.74257124970438], [-68.7903301899859, 45.74268351252138], [-68.79026601789863, 45.74279604095742], [-68.79012446988128, 45.743020799852445], [-68.79000688250879, 45.74319864721167], [-68.78997043568071, 45.743245535611166], [-68.78979331614835, 45.743470228683194], [-68.78968396602856, 45.74360806509653], [-68.78959674601913, 45.743694885654726], [-68.78937992238866, 45.74391950494529], [-68.7893613395897, 45.743939101459304], [-68.78909710708334, 45.744144002020626], [-68.78903899804496, 45.744193485184084], [-68.78871701831221, 45.74435117895794], [-68.78839558864773, 45.74436279672596], [-68.78807493618231, 45.744168975318864], [-68.78805157704556, 45.744142067291605], [-68.78789825890868, 45.74391676400053], [-68.78779106628896, 45.743691546174446], [-68.78775573380553, 45.74359306920588], [-68.78771657557044, 45.74346638900316], [-68.78765789439028, 45.743241261157465], [-68.7876058040053, 45.74301614552489], [-68.78755725829883, 45.74279103645059], [-68.78751120485498, 45.74256593198183], [-68.78746705056085, 45.742340831018346], [-68.78743960498515, 45.74220897020279], [-68.78741982679867, 45.742115724317884], [-68.78735050910353, 45.74189057647008], [-68.78720941007981, 45.74166529490624], [-68.7871205799422, 45.7415910411046], [-68.78691352945913, 45.7414397245935], [-68.78679999207345, 45.74138556661066], [-68.78647915056665, 45.74124724801151], [-68.78639393862757, 45.74121373548335], [-68.78615820946607, 45.74113543248145], [-68.7858371637946, 45.74105130297517], [-68.78551595816106, 45.74100920161551], [-68.78519453680923, 45.74102347981042], [-68.78487288472587, 45.741097793954474], [-68.78461450778867, 45.74121039486272], [-68.78455096075069, 45.741242576054226], [-68.78429947188509, 45.74143481942469], [-68.78422857857835, 45.74150587488822], [-68.78410080972672, 45.74165946307263], [-68.78396356669192, 45.74188422251649], [-68.78390518185785, 45.74203136817308], [-68.78387381913508, 45.74210907164006], [-68.783835387774, 45.74233401778392], [-68.783846262027, 45.74255905719607], [-68.78389687206905, 45.7427841717622], [-68.78390221445848, 45.742800527564675], [-68.78397187956473, 45.743009332429374], [-68.78405714849612, 45.74323451243307], [-68.78414589506231, 45.743459698934295], [-68.7842203287511, 45.74364742317021], [-68.78423501926449, 45.743684886070774], [-68.78432079247318, 45.743910066803124], [-68.78440168706646, 45.74413523825628], [-68.78447414442296, 45.744360393727824], [-68.78453075313708, 45.744585519257136], [-68.78453784521308, 45.74465221130351], [-68.78455544984446, 45.744810584579014], [-68.78453666979493, 45.744957753745744], [-68.78452482051124, 45.74503554555965], [-68.7844053569085, 45.74526033893073], [-68.78421332522954, 45.74546525629436], [-68.78419170325839, 45.74548495429766], [-68.78391993651717, 45.745709459367006], [-68.78389088856132, 45.74573594866255], [-68.78365666487053, 45.74593397986719], [-68.78356833804902, 45.7460352924924], [-68.7834520353521, 45.746158610911856], [-68.78333279890695, 45.746383403548286], [-68.78328882951156, 45.74660833883779], [-68.78328878220111, 45.74683335741845], [-68.78330850178783, 45.747058413481035], [-68.783336307412, 45.747283484865285], [-68.78336763463729, 45.747508562910994], [-68.78340079696898, 45.74773364441813], [-68.7834355325669, 45.74795872888878], [-68.78347226873147, 45.7481838171313], [-68.78351145052493, 45.74840890998703], [-68.78355324490819, 45.748634007769745], [-68.78355819484288, 45.748659854965275], [-68.78358936145851, 45.74885909477403], [-68.78362564047823, 45.74908418206566], [-68.78366200636631, 45.74930926950133], [-68.7836967618578, 45.74953435386778], [-68.78372723905164, 45.74975943011646], [-68.78374789874817, 45.74998448776688], [-68.7837438663933, 45.7502094986716], [-68.78366018317733, 45.750434358778094], [-68.78355102993129, 45.750513561856245], [-68.78322973750207, 45.75048031245262], [-68.78311424713031, 45.75043332375728], [-68.78290879384572, 45.750357197920394], [-68.782587933214, 45.75021306241873], [-68.78257740583125, 45.75020728490658], [-68.78226717378799, 45.75004332264046], [-68.78215582609732, 45.749981463344895], [-68.78194643687839, 45.74986829927553], [-68.78174201141866, 45.74975565505198], [-68.78162570383486, 45.749692798088525], [-68.78131465709933, 45.74952981933685], [-68.7813049436395, 45.749524763592284], [-68.78098412522331, 45.749372106991814], [-68.78078230016955, 45.749303780597295], [-68.78066314710692, 45.749260670008596], [-68.78034188279263, 45.74922252168726], [-68.78003350214556, 45.749302341450175], [-68.78002013827816, 45.7493067275986], [-68.77973720051381, 45.74952678918547], [-68.7796977084889, 45.74956487872414], [-68.77951906496247, 45.74975138700923], [-68.77937492199658, 45.749912811196616], [-68.77928593585344, 45.74997595544484], [-68.7790526290058, 45.7501346505612], [-68.77873114414405, 45.75015132648534], [-68.77841027139377, 45.75001326794132], [-68.7783536577866, 45.74997415070236], [-68.7780896840831, 45.74980357866865], [-68.77800653110536, 45.749748458228304], [-68.7777690355328, 45.749609925033184], [-68.77755699417187, 45.74952256535432], [-68.77744811779056, 45.749484563497354], [-68.77712694548057, 45.749423525474846], [-68.77680562719995, 45.74939928685916], [-68.776484238661, 45.749392720251784], [-68.77616282229978, 45.74939313297823], [-68.77584139433964, 45.74939644211472], [-68.77551995119471, 45.74940352975114], [-68.77519846567661, 45.749421152425676], [-68.7748768718412, 45.74946566848445], [-68.7747060608344, 45.74951697931767], [-68.77455502743288, 45.74957229793247], [-68.77430307100155, 45.74974120253137], [-68.77423268844339, 45.74980129727547], [-68.77408364653729, 45.74996578742533], [-68.77390972161025, 45.75018514637654], [-68.77390536224257, 45.750190453307006], [-68.77371227850944, 45.75041508959179], [-68.77358686214642, 45.75054134307662], [-68.77337336545372, 45.75063943638077], [-68.77326489475423, 45.75067621009898], [-68.77297243189763, 45.75063864042178], [-68.77294363778891, 45.75063548944153], [-68.77262273379324, 45.750507956988535], [-68.77240583051194, 45.75041249464516], [-68.77230185858467, 45.75037370415785], [-68.77198076480364, 45.75029350630701], [-68.77165936379062, 45.750288878394144], [-68.77133770024686, 45.75034855487018], [-68.77115751605436, 45.750410001210525], [-68.77101584743808, 45.75045434754959], [-68.77069386617808, 45.75059121094471], [-68.77061193469625, 45.750633925685854], [-68.77037173413174, 45.750764460479026], [-68.77022799780048, 45.75085817273516], [-68.77004935655344, 45.75099701437939], [-68.76994959388995, 45.75108263102251], [-68.76975707467686, 45.75130726172648], [-68.76972644261008, 45.7513593436769], [-68.76961246992497, 45.75153198872331], [-68.76950837596482, 45.75175679725937], [-68.7694278486786, 45.75198165325273], [-68.76940211299883, 45.75206441214399], [-68.76929747433444, 45.75220640854119], [-68.76907931133888, 45.75239700028329], [-68.76875830990487, 45.75229275181309], [-68.7686516718688, 45.752205102724545], [-68.76843783137339, 45.75206234987043], [-68.76834195482162, 45.75197945671575], [-68.76811740249902, 45.751820592794424], [-68.76801738585395, 45.75175377970405], [-68.76779674796525, 45.7516339186873], [-68.76748803046483, 45.7515276852005], [-68.76747577665137, 45.7515240438399], [-68.7671544966942, 45.751488694767026], [-68.7668329660314, 45.75151364998691], [-68.76677847828778, 45.7515262390454], [-68.76651122187874, 45.751589735196944], [-68.76618934830555, 45.75169660541315], [-68.76604353093947, 45.75174975496861], [-68.76586741504467, 45.75181745626207], [-68.76554549137367, 45.75193568460231], [-68.76543670754599, 45.75197352926273], [-68.76522354274542, 45.752059540699726], [-68.76490160000753, 45.752181654354686], [-68.76485785974451, 45.75219735790384], [-68.76457954018127, 45.75233128250792], [-68.76439746249017, 45.75242142791832], [-68.76425727696827, 45.75252880931963], [-68.76411424690775, 45.75264586200604], [-68.76394601587516, 45.752870533000966], [-68.76393431231475, 45.75289217098795], [-68.76382085142374, 45.75309529277103], [-68.76371276826771, 45.7533200877216], [-68.76361012759507, 45.75354352279335], [-68.76360944056414, 45.753544892400065], [-68.76349613364371, 45.753769676320246], [-68.76338075112483, 45.7539944558208], [-68.76328603415068, 45.75417149394839], [-68.76325811996747, 45.75421922017687], [-68.76310506779434, 45.75444392132247], [-68.7629628127449, 45.754591764033115], [-68.76283689975048, 45.754668383363914], [-68.76264074971438, 45.75473764930715], [-68.76231917942904, 45.75476706713972], [-68.76199770703992, 45.75477337596155], [-68.76167605267256, 45.75482241915885], [-68.76154273853471, 45.75489070807805], [-68.76135380400818, 45.75501075684709], [-68.7612689639152, 45.75511515472132], [-68.76113221623828, 45.755339887255985], [-68.761033948639, 45.75556470010574], [-68.7610299459521, 45.75557564517874], [-68.76095637539204, 45.75578955616031], [-68.76088958074261, 45.75601443471094], [-68.76082934682344, 45.75623932694739], [-68.76077466677178, 45.75646423077189], [-68.76072851808861, 45.756689152427846], [-68.76070291816947, 45.75688058242109], [-68.76069732841991, 45.75691410538808], [-68.76069251856637, 45.75713911358607], [-68.7607015657764, 45.75719697698989], [-68.76072333123489, 45.75736419638171], [-68.76078347170733, 45.757589340567094], [-68.76086634171752, 45.75781453228618], [-68.76096367485519, 45.758039754195536], [-68.76101890666449, 45.75816180191918], [-68.76105884474585, 45.75826497148906], [-68.76114245058281, 45.75849016451979], [-68.76122578830169, 45.758715356920035], [-68.7613082143053, 45.75894054734588], [-68.76133668934936, 45.75902555021008], [-68.76137849521267, 45.759165712339225], [-68.76144009104848, 45.75939085914682], [-68.76149806536901, 45.759615998352686], [-68.76155194416232, 45.75984112897307], [-68.76160145667014, 45.76006625044885], [-68.76164752762752, 45.7602913647148], [-68.7616526641671, 45.760316184916064], [-68.76169218950861, 45.76051647601432], [-68.76175406773409, 45.76074162318799], [-68.76186832548441, 45.760966879499776], [-68.76197091482003, 45.76107502744741], [-68.76209155276197, 45.761192362639896], [-68.76229138913018, 45.76131227143661], [-68.76252918723864, 45.761418291159636], [-68.76261230341467, 45.761446410350196], [-68.7629335665008, 45.7614985543399], [-68.76325510748961, 45.76148513323581], [-68.76357686249982, 45.76142100396505], [-68.76357868333491, 45.76142046761123], [-68.76389876801244, 45.76132101818417], [-68.76422075425982, 45.76120159207031], [-68.76423287422219, 45.76119680129751], [-68.76454292146579, 45.76103881898762], [-68.76466476849836, 45.760972673579815], [-68.76486536847523, 45.76080898878263], [-68.76494198159214, 45.76074822610282], [-68.76513093039573, 45.76052359654], [-68.76518841664681, 45.760435214067385], [-68.76531709501279, 45.76029896093732], [-68.76551125327448, 45.76011090768144], [-68.76583278672283, 45.760097235265704], [-68.76613114150153, 45.760300630089475], [-68.7661533598797, 45.76031339906022], [-68.76633684480055, 45.760526069089465], [-68.76647337530721, 45.76066384529898], [-68.76653624675123, 45.76075149483447], [-68.76671324133419, 45.76097687447368], [-68.76679316751739, 45.761068829707746], [-68.7668937855421, 45.76120226107165], [-68.76708221799866, 45.76142766345612], [-68.76711301291105, 45.76146214059824], [-68.76727271557338, 45.76165306972717], [-68.76743296180327, 45.761831620378324], [-68.76747377594124, 45.76187849716859], [-68.76767203716192, 45.76210391855542], [-68.76775295125601, 45.762192340259155], [-68.7678762346092, 45.7623293516493], [-68.76807299031933, 45.762542080215454], [-68.76808525404954, 45.762554794156785], [-68.76829777231006, 45.76278024336816], [-68.76839308228793, 45.76287999891535], [-68.7685249028306, 45.76300572177934], [-68.76871330206474, 45.7631879210032], [-68.76876889873974, 45.76323123386303], [-68.76903372470515, 45.7634475340666], [-68.76905027505738, 45.76345682098043], [-68.76935442671497, 45.7636400722996], [-68.76948436947684, 45.76368271560965], [-68.76967547422547, 45.76374918639568], [-68.76999683489883, 45.763782397334886], [-68.77031838734236, 45.763768968881465], [-68.77064003067183, 45.76373332373363], [-68.77095973902671, 45.76368568267195], [-68.77096172388005, 45.763685389318596], [-68.77128344877616, 45.763629565361], [-68.77160518978175, 45.76356963618205], [-68.7719269349477, 45.76350851681411], [-68.7721699042357, 45.76346308416033], [-68.77224867486673, 45.76344851412124], [-68.77257039497948, 45.7633932159839], [-68.77289208062696, 45.763346255200204], [-68.77321373153997, 45.763307733729334], [-68.7735353798541, 45.76326974509347], [-68.77371475277171, 45.763241136152246], [-68.77385707899886, 45.76321906737326], [-68.7741788583508, 45.76314836498808], [-68.7745006808647, 45.763066747245915], [-68.77471060402004, 45.763018086065905], [-68.77482246827046, 45.76299362289775], [-68.77514419170535, 45.76293621316364], [-68.77546590451603, 45.76288128725549], [-68.7757876890523, 45.762808297907064], [-68.77582765909341, 45.76279526515841], [-68.77610960175244, 45.762703057425355], [-68.77641597558824, 45.76257139988049], [-68.77643164578592, 45.7625646326216], [-68.77675375708122, 45.76240894379762], [-68.7768821297074, 45.7623472930745], [-68.77707585076897, 45.76225722565958], [-68.77739785245832, 45.762128201382836], [-68.77741503035845, 45.76212331440741], [-68.77771970022643, 45.76203756324755], [-68.77804135152766, 45.761996207932874], [-68.7783627612435, 45.76201574489656], [-68.77868392832778, 45.76209670389288], [-68.77875693081656, 45.76212592069958], [-68.77900483876535, 45.762242901977345], [-68.77917149843253, 45.76235174076153], [-68.77932539575659, 45.76247917572337], [-68.77942544765111, 45.762577249346606], [-68.7796233395276, 45.76280264924947], [-68.7796455071486, 45.762829324008415], [-68.77982529168108, 45.76302805662478], [-68.77996565496224, 45.763171224059974], [-68.78006140634932, 45.76325352940023], [-68.78028612914267, 45.763430977406216], [-68.7803554376552, 45.76347911303075], [-68.78060677596937, 45.76364744326146], [-68.78069641629145, 45.763704786015275], [-68.78092747380056, 45.76385151081711], [-68.7810529723616, 45.7639304878246], [-68.78124818192967, 45.76405354110506], [-68.78141168153522, 45.764156192631205], [-68.78156889227034, 45.7642555972238], [-68.7817705222722, 45.764381896553694], [-68.78188960420692, 45.7644578372777], [-68.78213026998897, 45.76460760106944], [-68.78221032056923, 45.7646595348601], [-68.78249427267285, 45.764833312543324], [-68.782531051909, 45.76485797194803], [-68.78285182034539, 45.76504743311192], [-68.78287661243513, 45.765059057695844], [-68.78317263951384, 45.765224359084485], [-68.7833297779591, 45.765284935891216], [-68.78349356394989, 45.76537459671725], [-68.78381455108683, 45.76550904755041], [-68.78381727534777, 45.765510877243436], [-68.78399121751963, 45.765736224145364], [-68.78400459112919, 45.765961267342576], [-68.78381220029951, 45.76611762546225], [-68.7834911272064, 45.76600449453093], [-68.78335251316082, 45.76596003277372], [-68.7831700026259, 45.765904987987064], [-68.78284875905642, 45.7658364428612], [-68.78252743822523, 45.765787983590286], [-68.78220609745009, 45.7657447922751], [-68.78212059859436, 45.76573267233746], [-68.78188479743325, 45.76569126979182], [-68.78156346734566, 45.76564560932651], [-68.78124208871519, 45.765612502207624], [-68.78092064922251, 45.76559504040094], [-68.78059910727595, 45.76560376487315], [-68.7802773812903, 45.76565934183955], [-68.78008945246047, 45.76572878104995], [-68.77995534904488, 45.765792651610425], [-68.77970310774295, 45.7659530547166], [-68.77963299291551, 45.76600782832494], [-68.7793952905222, 45.766177478713985], [-68.77931051362374, 45.76625360916431], [-68.77903913834739, 45.76640180840929], [-68.77898825256244, 45.76644341034647], [-68.77866658673273, 45.76648215049229], [-68.77843286116908, 45.76640063432825], [-68.77834546447181, 45.766383532277786], [-68.77802439097212, 45.76627290517725], [-68.77776474240892, 45.76617431886276], [-68.77770334616284, 45.76615537418474], [-68.77738222281822, 45.76605792582145], [-68.77706100792392, 45.76598374063193], [-68.77673963775605, 45.76594869263067], [-68.77641806881294, 45.76596350245224], [-68.77609628358498, 45.76603233187515], [-68.77577428111393, 45.766155187106115], [-68.77574423061525, 45.766170371015235], [-68.77545210446324, 45.76632110197313], [-68.77532200214443, 45.76639455941658], [-68.77512985792033, 45.766503935644586], [-68.77491740299082, 45.76661878097956], [-68.77480763155117, 45.7666812318195], [-68.7744854833087, 45.76683863241049], [-68.77447442688027, 45.76684292535778], [-68.77416339998082, 45.76697949697081], [-68.77385928051078, 45.76706672737652], [-68.77384150332246, 45.76707376734334], [-68.77351969033771, 45.76714709341884], [-68.77319800128664, 45.76718963020626], [-68.77287633728925, 45.767225873098354], [-68.7725661675037, 45.76728917856687], [-68.77270139182124, 45.76751446551374], [-68.77287460083834, 45.76765373653031], [-68.77294628621638, 45.76773997028191], [-68.77313856282325, 45.76796537005402], [-68.7731945144497, 45.76805000047152], [-68.77328394238697, 45.768190676447404], [-68.77340067640543, 45.76841592583955], [-68.77350292630268, 45.76864114639193], [-68.77351354570122, 45.768665399991576], [-68.77361350584972, 45.76886638334825], [-68.77371650191257, 45.76909160516994], [-68.77381241766534, 45.76931681287364], [-68.77383224090127, 45.76936567743734], [-68.77391801923554, 45.769542039653636], [-68.77401190703105, 45.769767243159166], [-68.77408827482928, 45.769992411939164], [-68.77413968760364, 45.77021753133175], [-68.77413746003376, 45.77044254466965], [-68.77397360755457, 45.770667238384185], [-68.7738266904803, 45.770738950398716], [-68.77350495101652, 45.770788895696015], [-68.77318342177001, 45.770786837266094], [-68.77286196570677, 45.770766755362445], [-68.7725405068385, 45.770747420233356], [-68.77221894215386, 45.77075413474847], [-68.77189707195349, 45.77083577803455], [-68.77181907949452, 45.7708879736761], [-68.77162150807523, 45.771112596656955], [-68.77160260030419, 45.77133757656948], [-68.77175184605703, 45.77156289250699], [-68.77189365521336, 45.77167393713968], [-68.77213390182233, 45.7717886727739], [-68.77221460914068, 45.77181856310055], [-68.77253599358511, 45.77185769190775], [-68.77285764243155, 45.77183179767824], [-68.77307674183416, 45.77179054920255], [-68.77317944947393, 45.77176680401094], [-68.77350129675565, 45.771691684609685], [-68.7738230799545, 45.771632205197186], [-68.77414480725693, 45.7715864045343], [-68.77429251340857, 45.771567939643774], [-68.77446656045, 45.77153404955536], [-68.77478835998126, 45.771470031748734], [-68.77511024450646, 45.771384682838864], [-68.77521098265747, 45.77134473261973], [-68.77543251733373, 45.77120233457589], [-68.77553256764186, 45.77112034714302], [-68.77565673624889, 45.77089557329946], [-68.77568612548545, 45.77067061327816], [-68.77567658354936, 45.7704455768131], [-68.77566138683352, 45.77022052923565], [-68.77565527647158, 45.769995499488665], [-68.77567327449275, 45.769770517067975], [-68.77574926743306, 45.76954564847552], [-68.7757607550261, 45.76953096840601], [-68.77608289365331, 45.76937895489808], [-68.77640438438088, 45.76938865534154], [-68.77672577158474, 45.76942433013843], [-68.77704729404114, 45.76942616013665], [-68.7773692251844, 45.769325268892885], [-68.77737115597778, 45.76932380243025], [-68.77762283041405, 45.769099274751866], [-68.7776919526654, 45.76902362762992], [-68.77779321041034, 45.768874588438926], [-68.7779298410516, 45.76864983627315], [-68.77801557415707, 45.76849573133541], [-68.77805590502484, 45.768425063410064], [-68.77818058458614, 45.768200287711444], [-68.77830244409203, 45.76797550639616], [-68.77833942991965, 45.76790714223741], [-68.77845285820877, 45.767750780313605], [-68.7786210904391, 45.76752608854905], [-68.77866267958412, 45.76747007324621], [-68.77898474731215, 45.76733100660988], [-68.77930561920877, 45.76749477486504], [-68.77933317436681, 45.767527466024845], [-68.77954108651545, 45.7677528852245], [-68.77962578915611, 45.76783727701836], [-68.77972632490355, 45.76797826032692], [-68.7798946245774, 45.76820360249051], [-68.77994561164935, 45.76826913517995], [-68.78005527850964, 45.76842892967944], [-68.7802206014911, 45.76865426561465], [-68.78026539955903, 45.76871105485401], [-68.78041321227506, 45.76887965374814], [-68.78058559852062, 45.76904942274664], [-68.7806694814655, 45.76910516376514], [-68.78090637904748, 45.76924023660332], [-68.78122756391812, 45.76932818208137], [-68.78125485207214, 45.76933130373363], [-68.78154895587224, 45.769363338081384], [-68.78187043890632, 45.769375231549716], [-68.78219199867968, 45.7693674439777], [-68.78241052754743, 45.769333510418264], [-68.78251372886636, 45.76931578535291], [-68.78283589244042, 45.769152295537175], [-68.78287917381287, 45.769109384153865], [-68.7830631729325, 45.76888471586396], [-68.78315904313183, 45.76873357084004], [-68.78319722864053, 45.768659952512756], [-68.78329995511903, 45.76843512958099], [-68.78338950261953, 45.768210281564016], [-68.78347015650122, 45.76798541661406], [-68.78348361626054, 45.767945940821505], [-68.78356152563414, 45.7677605718968], [-68.78365354408696, 45.76753572832716], [-68.78374386199837, 45.76731088145598], [-68.78380823763426, 45.76714344615332], [-68.78385829617574, 45.767086080128095], [-68.78404154617466, 45.766861408766694], [-68.78413134583477, 45.76673082941842], [-68.78424353242585, 45.76686179036343], [-68.78445176665446, 45.767014732783856], [-68.78448563813411, 45.76708726515406], [-68.78460058755311, 45.76731249977684], [-68.78472306310427, 45.767537748455496], [-68.78477094033391, 45.76762376159971], [-68.78482263571958, 45.76776295386383], [-68.78490614653656, 45.76798812894063], [-68.78499083835845, 45.76821330616983], [-68.78507722540553, 45.76843848651608], [-68.7850892110789, 45.76846971429605], [-68.78514465473287, 45.76866363114065], [-68.7852047851254, 45.768888761995285], [-68.7852587953925, 45.769113881307035], [-68.78530527516828, 45.76933898643448], [-68.78534406253465, 45.769564077082634], [-68.78537565438522, 45.76978915419267], [-68.78540017664564, 45.770014218007134], [-68.78540459893348, 45.77006993101402], [-68.78541410862337, 45.77023926191843], [-68.7854216751822, 45.770464293864954], [-68.78542307985862, 45.7706893142302], [-68.78541595987062, 45.770914318576935], [-68.78540061075762, 45.77110987242044], [-68.78539766193917, 45.77113930192017], [-68.78536181385313, 45.77136425228428], [-68.78531533452562, 45.771589182653216], [-68.78526065303423, 45.77181409757936], [-68.78519911708607, 45.77203899958455], [-68.78513084055739, 45.7722638888719], [-68.78507398533941, 45.77243400872509], [-68.78504601877324, 45.772488746984195], [-68.78492050786191, 45.772713528438686], [-68.78477850545829, 45.772938278683654], [-68.78475033898337, 45.772979722357626], [-68.78457594553556, 45.773162914583324], [-68.78442750761039, 45.77331226303048], [-68.78434116396767, 45.77338748930233], [-68.78410487832521, 45.77359143394531], [-68.78408021222712, 45.77361201407806], [-68.7838108127413, 45.773836522265384], [-68.78378228569883, 45.77386028406313], [-68.78354069949133, 45.77406102845666], [-68.78345969067813, 45.774128950508064], [-68.78327578207116, 45.774285543856244], [-68.78313703780256, 45.774411742769594], [-68.78303668064332, 45.77451010765745], [-68.78285784924195, 45.774734785505665], [-68.78281388201053, 45.77482325005888], [-68.78275746625539, 45.774959612248324], [-68.78271998737557, 45.775184558533226], [-68.78272558207718, 45.77540958671406], [-68.7827662260388, 45.77563468152851], [-68.78281027784377, 45.77575169616299], [-68.78285038291627, 45.77585985902469], [-68.78300395073991, 45.77608516829406], [-68.78313012188741, 45.77619594710295], [-68.78326717313301, 45.77631068540041], [-68.7834508320837, 45.77641773497152], [-68.78368096414204, 45.77653648705322], [-68.78377178368635, 45.77657771964924], [-68.78409287645376, 45.77670160107071], [-68.78428632071032, 45.77676264902368], [-68.78441404624259, 45.77680586385381], [-68.78473527176604, 45.77689595263602], [-68.7850565202389, 45.77698033727605], [-68.78508127958798, 45.77698916457388], [-68.78537759970239, 45.777109029457], [-68.78559486935843, 45.777215146943654], [-68.78564631770573, 45.777251845855396]]}}, {"type": "Feature", "properties": {"depth_ft": 10}, "geometry": {"type": "LineString", "coordinates": [[-68.74049715241259, 45.74694069924138], [-68.74017612838759, 45.746859517357066], [-68.73985468280068, 45.74686928959443], [-68.73953287005494, 45.74695798175017], [-68.73951312518419, 45.74696695915653], [-68.7392105292678, 45.74715984980811], [-68.73917208079597, 45.74719119978197], [-68.7390467103998, 45.74741593217495], [-68.73908469328867, 45.74764103757623], [-68.73920760576401, 45.747787649284234], [-68.73929048888102, 45.74786652599827], [-68.73952801340636, 45.74800219547029], [-68.73984900289948, 45.748092017193486], [-68.74017044162443, 45.74808523703494], [-68.74049225775197, 45.747996996718996], [-68.7407306363807, 45.74786980308529], [-68.74081464621834, 45.74778487220345], [-68.74090739713628, 45.74764518541111], [-68.74092856780176, 45.747420214762045], [-68.74083485064942, 45.747194983556916], [-68.7408174672431, 45.74717532334416], [-68.74055062189797, 45.74696931981159], [-68.74049715241259, 45.74694069924138]]}}, {"type": "Feature", "properties": {"depth_ft": 10}, "geometry": {"type": "LineString", "coordinates": [[-68.80701275142567, 45.75110008005127], [-68.8071793307467, 45.75115152651234], [-68.80733392016977, 45.75117441098368], [-68.80765506243307, 45.75125669911167], [-68.80797618687404, 45.751344459423926], [-68.80809734570289, 45.75137809057198], [-68.80829733899597, 45.751424428133745], [-68.80861855084214, 45.751487190750105], [-68.80893981500306, 45.75153483212962], [-68.80926112221745, 45.75156999476954], [-68.80958246278891, 45.75159546691221], [-68.80974844761697, 45.751605870289325], [-68.80990381039028, 45.75161895438351], [-68.81022513333325, 45.75164979702796], [-68.81054640453863, 45.75169603574729], [-68.81086755767022, 45.75177738843112], [-68.81099200159262, 45.751832952675244], [-68.8110716799821, 45.75205810291026], [-68.81097898023914, 45.75228296803401], [-68.81086529132622, 45.752448350261595], [-68.8108261345982, 45.75250773350569], [-68.81063980925865, 45.75273244328194], [-68.81054254570672, 45.75283651362057], [-68.8104182959748, 45.75295709436458], [-68.81022014662346, 45.75312111368199], [-68.81012762929988, 45.75318163010966], [-68.80989806826845, 45.7533102817642], [-68.80965254309874, 45.75340585801711], [-68.80957621441443, 45.75343279820053], [-68.80925451828426, 45.753508602908106], [-68.80893292717091, 45.75355337768509], [-68.8086114088306, 45.753576712074285], [-68.80828994611541, 45.75358372222401], [-68.80796854697496, 45.753572172248965], [-68.80764725832313, 45.75352849920947], [-68.80732618563526, 45.75342221239048], [-68.80729074078762, 45.75340189890252], [-68.8070055846524, 45.753179427813606], [-68.8070027608287, 45.75317639441652], [-68.8068247641428, 45.752951075200016], [-68.80668564235462, 45.752746663273435], [-68.80667217097223, 45.75272579868431], [-68.80653440865251, 45.752500547069374], [-68.80640709514056, 45.75227531298407], [-68.8063661443816, 45.75218683921456], [-68.80630095648138, 45.75205011464786], [-68.80623614521244, 45.751824986297805], [-68.80624249367303, 45.751599978598605], [-68.80635245926969, 45.751375146553904], [-68.80636903187384, 45.7513518352503], [-68.80665318635218, 45.751150637366216], [-68.80669126462428, 45.751118128006894], [-68.80701275142567, 45.75110008005127]]}}, {"type": "Feature", "properties": {"depth_ft": 10}, "geometry": {"type": "LineString", "coordinates": [[-68.74881549065483, 45.75543010340351], [-68.74849428023184, 45.75537690833918], [-68.74817253707653, 45.75544228824248], [-68.74803227663126, 45.755536767358954], [-68.74784988433609, 45.75570946387453], [-68.74780688124329, 45.755761288405274], [-68.74763634977265, 45.75598593019264], [-68.74752650060131, 45.75613805355144], [-68.74747496406098, 45.756210591930795], [-68.74731821460145, 45.75643526368567], [-68.74720290993709, 45.756611370529235], [-68.74717113843121, 45.7566599566225], [-68.74705328476173, 45.75688471405954], [-68.74699907681308, 45.757109612316825], [-68.74704489133086, 45.75733473202633], [-68.7471986778775, 45.757548586887125], [-68.74720698956726, 45.75756010904695], [-68.74746443724071, 45.7577856966153], [-68.74751888734782, 45.757826212094145], [-68.74776195497135, 45.75801137206228], [-68.74783925379087, 45.758069691640955], [-68.74806779544228, 45.758237065077076], [-68.74815968542195, 45.75829929895021], [-68.74846090908255, 45.75846294943237], [-68.74848037799455, 45.7584714121275], [-68.74880138421426, 45.75857406627394], [-68.74912254653265, 45.75864215099235], [-68.7494438133324, 45.75868706625977], [-68.74950918287084, 45.75869027065163], [-68.74976521230096, 45.75870252891205], [-68.74984679892988, 45.75869101032902], [-68.75008688851858, 45.75865592719125], [-68.75040910935412, 45.75848705223534], [-68.75042886615175, 45.75846726501272], [-68.75063656267918, 45.75824270027413], [-68.75073217437459, 45.758128149406055], [-68.75080028834012, 45.75801803925461], [-68.75092410762426, 45.75779329100365], [-68.7510249185429, 45.75756849247461], [-68.75105659550097, 45.75746334951643], [-68.75109037871182, 45.75734361684083], [-68.75111180324782, 45.75711864524473], [-68.75108045810819, 45.75689355868328], [-68.75105935119448, 45.75684362960244], [-68.7509646149405, 45.756668287961375], [-68.75074051859335, 45.75644278100037], [-68.75073968127315, 45.756442133726985], [-68.75041918885562, 45.75622616581275], [-68.75040388068473, 45.7562170277951], [-68.75009858369198, 45.75603600982307], [-68.75001639696785, 45.75599116235309], [-68.74977793348256, 45.75585641931242], [-68.74959898802253, 45.75576523000804], [-68.74945723011048, 45.755689167728896], [-68.74913644809531, 45.75553989460267], [-68.74913417796247, 45.7555391920623], [-68.74881549065483, 45.75543010340351]]}}, {"type": "Feature", "properties": {"depth_ft": 10}, "geometry": {"type": "LineString", "coordinates": [[-68.75555857057807, 45.75711516772748], [-68.75523738940495, 45.75705160802964], [-68.7549160299427, 45.75702894112867], [-68.75459441189479, 45.757065324419244], [-68.75442268101772, 45.75712580948285], [-68.75427235551562, 45.75720147702005], [-68.7540845768204, 45.75735010054157], [-68.75394948201921, 45.75752318997593], [-68.75391447598257, 45.757574752561474], [-68.75382270874714, 45.75779957312458], [-68.75376124667824, 45.75802445892126], [-68.7537099020479, 45.75824936648562], [-68.75366019792682, 45.758474277555074], [-68.75362310504201, 45.75864012394092], [-68.7536101110476, 45.75869918776867], [-68.75355994804771, 45.75892409778729], [-68.7535078907603, 45.75914900368839], [-68.75345313317872, 45.75937390373018], [-68.7533949743643, 45.7595987963959], [-68.75333279059498, 45.7598236803338], [-68.75329586638836, 45.75994960078497], [-68.75326510044155, 45.76004855233824], [-68.75319169744557, 45.76027341195342], [-68.75311370631265, 45.760498261598656], [-68.75303320269076, 45.7607231057511], [-68.75297014839471, 45.760911003464656], [-68.75295717096886, 45.760947959507135], [-68.7529062343882, 45.76117286747785], [-68.75292226765472, 45.76139792025776], [-68.75296767896279, 45.76147056366548], [-68.75308826864791, 45.76162329720948], [-68.7532879453713, 45.76174683277277], [-68.75349047499921, 45.76184918377007], [-68.75360877073587, 45.76189683689602], [-68.7539297433122, 45.76201374507477], [-68.7541146498256, 45.76207554680711], [-68.75425076774022, 45.762119148152024], [-68.75457182154092, 45.76221812781481], [-68.75485747775632, 45.76230216106167], [-68.75489289705052, 45.762312409020154], [-68.75521400575992, 45.76239934579176], [-68.7555352104252, 45.762464540422066], [-68.75585656870498, 45.7624946881808], [-68.75617809767829, 45.762485729834815], [-68.75649974456219, 45.76244964365824], [-68.75682142223921, 45.76240637415177], [-68.75714306082607, 45.76237199944459], [-68.75746462888661, 45.76235380996583], [-68.75778614090672, 45.76234852263346], [-68.75810765938009, 45.76234172792277], [-68.75840117482753, 45.762309709259135], [-68.75842930245985, 45.762306042856075], [-68.75875137612024, 45.762170360359676], [-68.7588396809047, 45.76208561758191], [-68.75899156609826, 45.761860919986006], [-68.75907510756892, 45.76164915799814], [-68.75907910089634, 45.76163608650869], [-68.75912456077454, 45.76141116426099], [-68.75914676563828, 45.76118619296706], [-68.75914888444775, 45.76096117932063], [-68.75913563005497, 45.76073613325803], [-68.75911159007785, 45.760511064446106], [-68.75908091337301, 45.76030022392093], [-68.75907843580642, 45.76028597640215], [-68.75902743280659, 45.760060850697165], [-68.75895629661467, 45.7598356824878], [-68.7588566402994, 45.75961045403571], [-68.75876308559631, 45.75945335547688], [-68.75869834655174, 45.759385101664456], [-68.75844283334897, 45.75917057309186], [-68.75842398104608, 45.75915950370934], [-68.75812211895385, 45.75899549798175], [-68.75799718246412, 45.75893358232394], [-68.75780132917433, 45.75883830994663], [-68.75755188294994, 45.75870762007805], [-68.75748058889425, 45.75867011130847], [-68.7571851770449, 45.758481823139746], [-68.7571600096819, 45.75846522595253], [-68.7569233193242, 45.758256248124766], [-68.75683979444092, 45.758177084500744], [-68.75672375782094, 45.7580308051597], [-68.75655173258284, 45.75780542051246], [-68.75652010716219, 45.75776830699109], [-68.7563787566748, 45.75758003357011], [-68.75620015124439, 45.757422285856364], [-68.75611976900815, 45.75735446279663], [-68.75587950882556, 45.7572346043349], [-68.75560717251308, 45.757128349241036], [-68.75555857057807, 45.75711516772748]]}}, {"type": "Feature", "properties": {"depth_ft": 10}, "geometry": {"type": "LineString", "coordinates": [[-68.76484774952714, 45.765002932828466], [-68.76452616545548, 45.76502188074948], [-68.76452386018485, 45.765022707887574], [-68.76420400211327, 45.76517827213537], [-68.76412461710555, 45.76524690232719], [-68.76389971058053, 45.765471455744425], [-68.7638811824509, 45.765489805310025], [-68.76367358019026, 45.765696006178864], [-68.76355844805352, 45.765780303421664], [-68.7633243434461, 45.76592030121726], [-68.76323619298428, 45.76595670403957], [-68.76291420090388, 45.766070543581606], [-68.76270604755804, 45.76614403670341], [-68.7625922184245, 45.76618181072923], [-68.76227009407808, 45.76632617429308], [-68.76220007369436, 45.76636800266289], [-68.76194768230856, 45.766537719294995], [-68.7618787879914, 45.76659235142753], [-68.76162502080176, 45.76680732387759], [-68.76161405331955, 45.766816817282034], [-68.76136468395165, 45.767041314607205], [-68.76130222432545, 45.76710784284978], [-68.76112953015014, 45.76726584109995], [-68.76097907830886, 45.767489388963945], [-68.76097813472511, 45.76749054235], [-68.76095661141203, 45.767715515176334], [-68.76097787550019, 45.76777100871306], [-68.76103139425246, 45.76794068945407], [-68.76112969194638, 45.768165912837254], [-68.7612240243882, 45.768391127840346], [-68.76129595706217, 45.76857718927744], [-68.76131067033211, 45.768616326699366], [-68.76139337583201, 45.76884151725484], [-68.76147518920153, 45.76906670587908], [-68.76155687049629, 45.76929189416013], [-68.7616137704235, 45.76944846865186], [-68.76163927448057, 45.76951708388148], [-68.76172386285415, 45.76974227808984], [-68.76181118362891, 45.769967477922776], [-68.76190437039278, 45.77019268990399], [-68.76193188209983, 45.77025194201539], [-68.76202125918235, 45.770417951169875], [-68.7621802996841, 45.77064330005087], [-68.76225146161487, 45.770712082070055], [-68.76249181799358, 45.770868965759625], [-68.76257219416887, 45.7709017111769], [-68.76289341176187, 45.77097738457175], [-68.76321475910804, 45.77102260011199], [-68.76353613626168, 45.77106088485046], [-68.76381203350637, 45.77109672019098], [-68.76385750589505, 45.77110105574101], [-68.76417890129241, 45.77113522267558], [-68.76450029565868, 45.77116972779849], [-68.76482171692697, 45.771197926329044], [-68.76514318699101, 45.771214576052806], [-68.76546470432795, 45.771219992827156], [-68.76578624915399, 45.77121885697571], [-68.7661077998839, 45.7712163055159], [-68.76642935170715, 45.771213485052044], [-68.76675094759516, 45.771200085654094], [-68.76707275351082, 45.77113619401004], [-68.76713557336221, 45.77110354210855], [-68.76737427930229, 45.77087901063877], [-68.76739550246808, 45.770845261811765], [-68.76747503461671, 45.77065419800274], [-68.76754566303562, 45.770429323980686], [-68.76760717836896, 45.770204431371056], [-68.76766501756191, 45.769979531244374], [-68.76772108301292, 45.76975462747369], [-68.76772157571774, 45.769752667091396], [-68.76777372063952, 45.76952971669972], [-68.76782562388264, 45.769304804400385], [-68.76787698673502, 45.76907989097078], [-68.76792776209471, 45.768854976316], [-68.76797742101252, 45.76863005936265], [-68.76802509240517, 45.76840513834366], [-68.76804916859223, 45.768290348224966], [-68.76807195126467, 45.768180215646595], [-68.76812676940803, 45.76795530907427], [-68.76820550075884, 45.76773045098216], [-68.76831404260535, 45.767505653279244], [-68.76837446269016, 45.767379279460364], [-68.76842605205778, 45.76728086249255], [-68.76848594777245, 45.76705596600361], [-68.76845288996752, 45.766830881138105], [-68.76837732659375, 45.766687309190026], [-68.76833489679514, 45.766605624072895], [-68.76814331765591, 45.766380217576064], [-68.76805738403452, 45.76630813006733], [-68.76784588886896, 45.7661545957268], [-68.76773676814688, 45.766092239636606], [-68.76741592713566, 45.765931115113375], [-68.7674106932347, 45.76592869273001], [-68.76709499805652, 45.76579159671861], [-68.7668835047296, 45.76570260041215], [-68.76677404983045, 45.765657056604], [-68.76645309373028, 45.76552477288119], [-68.76633357311445, 45.765476459142874], [-68.76613213054021, 45.765394548608896], [-68.76581115036896, 45.76526873923696], [-68.76575829385294, 45.76525026325414], [-68.7654901263613, 45.765153735967765], [-68.76516902062818, 45.76505852488802], [-68.76496169610306, 45.76502360939927], [-68.76484774952714, 45.765002932828466]]}}, {"type": "Feature", "properties": {"depth_ft": 10}, "geometry": {"type": "LineString", "coordinates": [[-68.75197869149838, 45.76700760788307], [-68.75165715047355, 45.76701327501452], [-68.75162314786135, 45.767020553355685], [-68.7513351762015, 45.76711643398265], [-68.75118378266153, 45.767244615278436], [-68.7511025713878, 45.76746945626521], [-68.75116790345179, 45.767694616424805], [-68.7513319077515, 45.767852014482735], [-68.75150608216022, 45.7679203702677], [-68.75165297157152, 45.76795497477076], [-68.75197458541142, 45.76793409917816], [-68.752011356387, 45.76792146805225], [-68.75229680668784, 45.767775933066645], [-68.75239701430534, 45.76769728659897], [-68.75253830334589, 45.7674725748356], [-68.75250162723003, 45.76724747752807], [-68.75229983658157, 45.76709138364249], [-68.75206071435883, 45.767021503717196], [-68.75197869149838, 45.76700760788307]]}}, {"type": "Feature", "properties": {"depth_ft": 20}, "geometry": {"type": "LineString", "coordinates": [[-68.80450809647364, 45.73197992842526], [-68.80418696358153, 45.73192787418751], [-68.80386563954058, 45.731930599566255], [-68.8035441765088, 45.73197295918499], [-68.80331773994811, 45.73201834068292], [-68.8032226157304, 45.73204301413957], [-68.80290097035684, 45.732136889862744], [-68.8025793025768, 45.73223681901929], [-68.80256365077405, 45.73224205930237], [-68.80225743978495, 45.732391681711675], [-68.80212261909527, 45.7324663155548], [-68.80193528981154, 45.73262728388639], [-68.80186932017926, 45.73269089580412], [-68.80170199341657, 45.73291562472857], [-68.80161245311878, 45.73305607335867], [-68.80156215063546, 45.73314040113727], [-68.80143349652202, 45.73336519681188], [-68.80130622120805, 45.73358999473065], [-68.80128913120683, 45.733620283261494], [-68.80118381932573, 45.73381480097937], [-68.80106244083215, 45.73403960887009], [-68.80096567942444, 45.734219213692015], [-68.80094310171025, 45.734264420176146], [-68.80083133233337, 45.7344892445447], [-68.8007204014626, 45.73471407025763], [-68.80064202074449, 45.73487434114618], [-68.80061563432396, 45.73493890661056], [-68.80052538869057, 45.7351637682125], [-68.80043750598169, 45.73538863386161], [-68.80035186406575, 45.735613503349896], [-68.80031772983787, 45.73570472593454], [-68.80027924372183, 45.7358383955282], [-68.80021577290614, 45.73606330365074], [-68.80015384066509, 45.73628821442039], [-68.80009368068309, 45.73651312824849], [-68.80003608857989, 45.736738046530334], [-68.79999204635757, 45.736922480055085], [-68.7999842265291, 45.73696297480562], [-68.79994467438709, 45.73718792460348], [-68.7999084460285, 45.73741288019973], [-68.799873324996, 45.73763783771521], [-68.79983676766086, 45.737862792694784], [-68.79979717851025, 45.738087742341285], [-68.79975376238028, 45.73831268525797], [-68.79970548686765, 45.7385376196306], [-68.79966432021514, 45.73870745062604], [-68.79965060525502, 45.73876254239012], [-68.79958469902418, 45.738987445776445], [-68.79950164673198, 45.73921231902853], [-68.79939458520909, 45.73943715005898], [-68.79934002295049, 45.73952931531987], [-68.79917101976457, 45.73966177625637], [-68.79901787804525, 45.73974861594325], [-68.79869653503873, 45.739744065130935], [-68.79837545697966, 45.739665917345846], [-68.79835436658158, 45.7396603378755], [-68.79805439283437, 45.73958415832052], [-68.79773324021846, 45.739527160988175], [-68.79741199454064, 45.73949607730231], [-68.79709068018877, 45.73948405132342], [-68.79676930519871, 45.73948877768762], [-68.7964478601532, 45.739512768701694], [-68.79612634475426, 45.73955601507908], [-68.79580478719397, 45.73961069163155], [-68.79553450494375, 45.73965532634393], [-68.79548323445033, 45.73966387684609], [-68.79516172135119, 45.73970605320472], [-68.79484023430962, 45.73974098237698], [-68.79451869211418, 45.739790838163366], [-68.79421180781891, 45.73987797057447], [-68.7941969981856, 45.739881838607815], [-68.79387509349421, 45.74002983288273], [-68.79376298162508, 45.74010218022537], [-68.79355301447482, 45.74022466730801], [-68.79341755602593, 45.740326575109385], [-68.79323080054498, 45.740455443259464], [-68.79311535341402, 45.740551047214154], [-68.7929084913621, 45.740711265141464], [-68.79283513467087, 45.740775558374004], [-68.7925861133996, 45.74098486592429], [-68.79256939596594, 45.74100009512759], [-68.79232483078572, 45.74122466974259], [-68.79226364065268, 45.741283174363204], [-68.79210637094334, 45.741449291328806], [-68.79194087891224, 45.74165836046745], [-68.79192967607587, 45.74167398855502], [-68.79180288050269, 45.741898776437786], [-68.79169571087023, 45.742123599953985], [-68.79161719128511, 45.742281261113746], [-68.7915860577312, 45.74234841883067], [-68.79146825669717, 45.742573222722484], [-68.79133922633689, 45.74279800597669], [-68.79129361078171, 45.74287347341424], [-68.79120637624743, 45.74302278209614], [-68.79107221595602, 45.74324755565648], [-68.79097021270132, 45.74341496476746], [-68.79093557772985, 45.74347232451638], [-68.790798273109, 45.74369709198393], [-68.79065675590314, 45.74392185155927], [-68.7906468804788, 45.74393715864711], [-68.79050710142916, 45.74414659603065], [-68.79034962684621, 45.74437132594812], [-68.79032373847278, 45.74440692653287], [-68.79017747298246, 45.744596028683034], [-68.7900008176092, 45.74481626480841], [-68.78999703908194, 45.744820715931205], [-68.78980729575036, 45.745045385759674], [-68.78967796782229, 45.745205415949656], [-68.78962331636703, 45.74527006587754], [-68.78946191001553, 45.74549478728813], [-68.7893546755747, 45.74571101341597], [-68.7893500127964, 45.7457195997519], [-68.78929506209701, 45.745944517130276], [-68.78929892716644, 45.7461695429525], [-68.78934139024454, 45.746394639937634], [-68.78935195704688, 45.74643380202883], [-68.78939650219394, 45.74661976021412], [-68.78945573608806, 45.74684488805094], [-68.78951673631433, 45.74707001910206], [-68.78957840443982, 45.74729515134175], [-68.78964019297052, 45.74752028376089], [-68.78966887772572, 45.74762589469141], [-68.78969733581998, 45.74774540758674], [-68.78974826945964, 45.747970519949085], [-68.78979593475886, 45.74819562626683], [-68.78984051840304, 45.74842072688743], [-68.78988219083824, 45.748645822127955], [-68.78992074439628, 45.74887091160979], [-68.78995595324241, 45.74909599492091], [-68.78998403159319, 45.74929267511748], [-68.789987492832, 45.74932107146786], [-68.79001293565143, 45.74954613679224], [-68.7900360994164, 45.74977119791393], [-68.79005697299469, 45.74999625481383], [-68.79007575171234, 45.75022130785209], [-68.79009275326717, 45.75044635761342], [-68.7901076225474, 45.75067140344624], [-68.79011812210297, 45.75089644124133], [-68.79011947772563, 45.75112146223008], [-68.79010611694514, 45.751346456176016], [-68.7900757793349, 45.75157141892086], [-68.7900314923915, 45.751796356014836], [-68.78997847902606, 45.752021277042466], [-68.78997372806033, 45.752039844573616], [-68.78991114487148, 45.75224617170503], [-68.78983795287115, 45.752471055544305], [-68.78975989082286, 45.75269593036669], [-68.78967687848365, 45.75292079601445], [-68.78964871446075, 45.75299379173917], [-68.78955447990299, 45.753145589055116], [-68.78940331147396, 45.75337032893081], [-68.78932546499944, 45.75347592911268], [-68.78904414518051, 45.753594684750844], [-68.78900351770788, 45.753611039194105], [-68.7889631342693, 45.75359453514788], [-68.78868262887423, 45.7534652876351], [-68.7886123713232, 45.75336886832929], [-68.7884698548611, 45.7531435861566], [-68.78836315240221, 45.752946316566465], [-68.78835248597426, 45.752918350383304], [-68.78827174180346, 45.75269318235591], [-68.78819671710623, 45.75246802486521], [-68.78812618925788, 45.75224287565524], [-68.78805951117874, 45.75201773353407], [-68.78804542231119, 45.75196755236569], [-68.78799788963987, 45.75179260074758], [-68.78794226191864, 45.75156747904359], [-68.78789612675773, 45.751342374925926], [-68.78786239906005, 45.751117293818275], [-68.78784011480495, 45.750892233941514], [-68.78782486418298, 45.75066718711336], [-68.78781201677779, 45.750442144737384], [-68.78779893019578, 45.750217101906856], [-68.78778475718318, 45.74999205704802], [-68.78776919541839, 45.749767009598905], [-68.78775156348408, 45.74954195829312], [-68.78773391451743, 45.74935022959711], [-68.78773020651067, 45.74931690005517], [-68.78770091645974, 45.74909182706404], [-68.78766624837837, 45.74886674406201], [-68.78762612691139, 45.74864165090409], [-68.78757973446204, 45.748416546064504], [-68.78752527164073, 45.74819142618934], [-68.78746070104957, 45.74796628747709], [-68.78741824204674, 45.74783762856583], [-68.78737336685434, 45.74774110635902], [-68.78725995333063, 45.74751587660917], [-68.78713619323477, 45.74729062746196], [-68.78709915813815, 45.74722687167343], [-68.78696458750784, 45.747065288970646], [-68.78678080303628, 45.74683992748559], [-68.78677923647429, 45.74683798093587], [-68.78645860927617, 45.746635291163344], [-68.78613681717162, 45.74673826503514], [-68.78607109111245, 45.746838600838615], [-68.78593715620623, 45.74706336864327], [-68.78581839146233, 45.74728816472101], [-68.78581327497038, 45.747298531539755], [-68.7857391705559, 45.74751303482931], [-68.78566699786279, 45.74773791809595], [-68.78560173805718, 45.74796281428032], [-68.7855450536482, 45.74818772651478], [-68.78549895569941, 45.74841265858763], [-68.78548731574534, 45.74848810421535], [-68.78546881996118, 45.74863762060557], [-68.78545216379695, 45.74886260791937], [-68.78544653233494, 45.749087615925056], [-68.78545055563677, 45.74931264205179], [-68.78546267107535, 45.74953768336439], [-68.78548140759744, 45.74976273709831], [-68.7854823986573, 45.74977172157212], [-68.78550768309059, 45.749987804973465], [-68.78553736714399, 45.75021287923175], [-68.7855691018576, 45.750437957322035], [-68.78560072806135, 45.75066303519096], [-68.78562686250262, 45.750888102738365], [-68.78563731682448, 45.75111314085341], [-68.7856206332843, 45.75133812804263], [-68.78557227410869, 45.75156305577807], [-68.7854981695828, 45.75178793515314], [-68.78547444420627, 45.75184806514305], [-68.78540887029054, 45.75201278593401], [-68.78531309112057, 45.752237624460754], [-68.7852145016845, 45.752462457615486], [-68.78515010556119, 45.752606426152596], [-68.7851093445219, 45.75268727832404], [-68.78499254304903, 45.75291207701524], [-68.78486894482785, 45.75313686278092], [-68.78482635193147, 45.75321026118684], [-68.78469853024609, 45.753361560193795], [-68.7845035310624, 45.753569924339146], [-68.78446867519838, 45.75358614523115], [-68.78418154857006, 45.75371100690372], [-68.7838601477227, 45.753700995069444], [-68.78359813221607, 45.75358449972843], [-68.78353927475393, 45.753554469254794], [-68.78335724729286, 45.75335902483176], [-68.78321932183076, 45.753170741986395], [-68.78320082674503, 45.753133709719734], [-68.78310136148471, 45.75290850252044], [-68.7830155317616, 45.75268332112184], [-68.78293887381426, 45.75245815707456], [-68.78290110379493, 45.75234069251953], [-68.78286870306958, 45.752233005295345], [-68.7827978627643, 45.75200785219124], [-68.78271165249735, 45.751782669805095], [-68.78258686405614, 45.751557413942294], [-68.78258273272087, 45.75155247542846], [-68.78239416861184, 45.75133202862181], [-68.78226259872648, 45.75121992876359], [-68.78211934924775, 45.75110648638973], [-68.78194207652396, 45.75098804649194], [-68.78175423154966, 45.75088077103927], [-68.7816213555945, 45.75080780133305], [-68.7813004300677, 45.7506804701508], [-68.78109312420074, 45.75065448779688], [-68.78097917107574, 45.750638768506654], [-68.78092417465857, 45.75065416397429], [-68.78065728296917, 45.75075779765103], [-68.78053271924635, 45.750878431230184], [-68.78035909755248, 45.751103116100296], [-68.78033433404497, 45.75114689618292], [-68.78024332353414, 45.7513279119755], [-68.78016449612515, 45.751552778818414], [-68.78011843978112, 45.751777708669785], [-68.78009543724207, 45.752002682867115], [-68.78008223809715, 45.7522276759208], [-68.78006872928404, 45.752452668368015], [-68.78004932849524, 45.7526776494624], [-68.7800208770411, 45.75290261311953], [-68.78000566378849, 45.75299107669703], [-68.77997380179407, 45.75312754089774], [-68.77990415801372, 45.7533524251752], [-68.77981537925305, 45.75357727252755], [-68.77970893841531, 45.75380208575011], [-68.77968082551746, 45.753855887527095], [-68.77953630614857, 45.75402677116337], [-68.77935789976443, 45.754232828969705], [-68.7792547563583, 45.75425124592751], [-68.77903622649694, 45.75429130420509], [-68.77899631907295, 45.75425074632769], [-68.77878338627474, 45.754025315876866], [-68.77871612744498, 45.75395129868658], [-68.77864568951026, 45.75380003080401], [-68.77854231829353, 45.75357481209327], [-68.77844044763442, 45.75334959618985], [-68.77839744787808, 45.75325362028326], [-68.77835123949404, 45.7531244047518], [-68.77827103237071, 45.75289923070321], [-68.77819113225819, 45.75267405718535], [-68.77811105745998, 45.752448883263426], [-68.77807954191718, 45.75236274776775], [-68.77803199056484, 45.7522237112345], [-68.77794656340352, 45.75199852678103], [-68.77783934467597, 45.75177329988486], [-68.7777609317145, 45.75165184994967], [-68.77769472584794, 45.75154800011638], [-68.77750522897486, 45.75132261277164], [-68.77744106384014, 45.75125940978035], [-68.7772675497235, 45.75109713118576], [-68.77712075646333, 45.750978513999385], [-68.77695707076802, 45.75087150700412], [-68.77680010558828, 45.75078460012053], [-68.77647910565703, 45.75067868793605], [-68.77620474426338, 45.750645017364754], [-68.77615783877823, 45.75063985940783], [-68.77604833554356, 45.75064471089554], [-68.77583635614823, 45.75065503739608], [-68.7755145981137, 45.75073886995257], [-68.77529054130228, 45.75086824154623], [-68.77519235626825, 45.750942972554164], [-68.77505617075606, 45.75109279886767], [-68.774895945315, 45.75131750180306], [-68.77486923727939, 45.751364657378865], [-68.77477364983957, 45.751542279280834], [-68.77467657961087, 45.75176710636845], [-68.77460022402158, 45.75199197423186], [-68.77454449840056, 45.75218744714856], [-68.77453443034972, 45.75221686287822], [-68.77445724039856, 45.752441728981964], [-68.77436225509817, 45.75266655988296], [-68.77423414777662, 45.75289132525285], [-68.77422015059106, 45.752910875513436], [-68.77391367096452, 45.75311570997625], [-68.77389785503668, 45.75312400679976], [-68.7735763411061, 45.75314324558007], [-68.77351129972473, 45.753114913065396], [-68.77325556981812, 45.75297904303384], [-68.77318942624032, 45.752889256137045], [-68.77305994092193, 45.75266398058544], [-68.7729614339983, 45.75243876643978], [-68.77293657243236, 45.75237786910137], [-68.77288855978595, 45.75221360315451], [-68.77280625715782, 45.75198842106606], [-68.7726814012142, 45.75176315425476], [-68.77261793829719, 45.751688922637115], [-68.77250186898875, 45.751537778443236], [-68.7722979040502, 45.751346207441024], [-68.77226037680403, 45.75131227885568], [-68.77197741981715, 45.75111495611236], [-68.77191719694463, 45.75108657579945], [-68.77165649763347, 45.75099175058895], [-68.771335133632, 45.75097708434757], [-68.77101340416776, 45.75105182888371], [-68.77094311359433, 45.751084627129785], [-68.77069126919965, 45.751225384913425], [-68.77058817075249, 45.75130893349481], [-68.77040263068095, 45.75153357929056], [-68.77036826788016, 45.75160971092633], [-68.77031129734108, 45.751758414199635], [-68.7702746808422, 45.7519833590552], [-68.77026561402577, 45.75220835928783], [-68.77026763877959, 45.75243338181309], [-68.77027138692776, 45.75265840779458], [-68.77027246673337, 45.752883428402015], [-68.7702682179597, 45.75310843828657], [-68.77025555481947, 45.75333343124288], [-68.77022969379651, 45.75355839764847], [-68.77018252443348, 45.75378332118111], [-68.77009971586337, 45.754008172979376], [-68.77003654162282, 45.754117359471955], [-68.7698198126595, 45.75423262781114], [-68.76971447499905, 45.75426926528418], [-68.76952233198985, 45.75423202811806], [-68.76939327913749, 45.754209332648244], [-68.76907254720545, 45.75403708393432], [-68.76903396518668, 45.75400602355341], [-68.76875364544198, 45.75378043815543], [-68.76875217065299, 45.75377926695637], [-68.76852214020816, 45.75355495096736], [-68.7684320294376, 45.75346525980469], [-68.7682979426677, 45.75332947812082], [-68.76811197497301, 45.75313117108292], [-68.76808253746567, 45.75310402267236], [-68.76785209483752, 45.75287853625623], [-68.76779184374044, 45.75281651246864], [-68.76757722048116, 45.752652958990254], [-68.76747143356839, 45.75256988728221], [-68.76715050461746, 45.7524486904858], [-68.76682891876015, 45.7524855753394], [-68.76650679947515, 45.75265027733071], [-68.76650608023492, 45.75265077501768], [-68.76622791542455, 45.75287522465673], [-68.76618427083413, 45.75291255436398], [-68.76598308949005, 45.75309974189906], [-68.76586157082079, 45.753215089431734], [-68.76575216411841, 45.753324287108], [-68.76553874869877, 45.75354595050955], [-68.76553623926313, 45.75354886262505], [-68.76535790296026, 45.75377351492555], [-68.76521546607232, 45.75398571865037], [-68.76520856989534, 45.75399822654326], [-68.76510155412625, 45.75422302496502], [-68.76501512924601, 45.754447865628], [-68.76494451011585, 45.754672738734655], [-68.76489028261459, 45.754876937955345], [-68.76488471793921, 45.75489763406901], [-68.76482739698015, 45.75512253444979], [-68.76476974900106, 45.755347434119706], [-68.76470685703644, 45.75557232295262], [-68.76462998435329, 45.7557971829423], [-68.76456437333272, 45.75593828247051], [-68.76449565369883, 45.75602192445357], [-68.76424185313326, 45.75619188093865], [-68.76392032695333, 45.756209057434766], [-68.7635991012738, 45.756155021027574], [-68.76327797793905, 45.75607692612152], [-68.76306459093409, 45.75601896578558], [-68.76295689112293, 45.75599041749245], [-68.7626357673833, 45.755912851760655], [-68.76231448206879, 45.755873554184234], [-68.76199277031834, 45.755934673120365], [-68.76188779687548, 45.75601651937834], [-68.76168274844346, 45.75624111017552], [-68.76166993036077, 45.7562606536409], [-68.76158317466204, 45.75646592073757], [-68.76151735237538, 45.75669080165736], [-68.76148598683189, 45.756915754465396], [-68.76149647212796, 45.757140794625045], [-68.76154948644663, 45.757365923540085], [-68.76163414870784, 45.7575911184512], [-68.76166398110848, 45.757658128699696], [-68.76174109470124, 45.757816359761165], [-68.76185174948557, 45.75804160869245], [-68.76196007775519, 45.75826685266056], [-68.76198265350061, 45.75831429515647], [-68.76207990014002, 45.758492120452196], [-68.76219669435196, 45.758717381806605], [-68.76230151785742, 45.75892700398237], [-68.76231170074433, 45.758942639313446], [-68.76244700607592, 45.75916793890131], [-68.76256884040409, 45.759393210327204], [-68.76262058056052, 45.7594945780109], [-68.76271594672507, 45.75961853410106], [-68.76287205641343, 45.75984387636243], [-68.76294012855759, 45.759949079181], [-68.76312992201211, 45.760069429401454], [-68.76326069948902, 45.76016292822745], [-68.76349800409704, 45.76007019189577], [-68.76358272789808, 45.76003226194836], [-68.76371395613792, 45.759845620540624], [-68.76385942197541, 45.759620903112285], [-68.76390626363245, 45.75954384666218], [-68.76397683263792, 45.759396127538935], [-68.76408384552762, 45.759171330367344], [-68.76419287864287, 45.758946537256186], [-68.7642305745136, 45.75887003867782], [-68.7643021091669, 45.75872174443945], [-68.7644177364634, 45.75849696469901], [-68.76454595814565, 45.758272210787425], [-68.76455461702636, 45.75825817645196], [-68.764747110634, 45.75804760691057], [-68.764877415614, 45.75794080025824], [-68.76519892281529, 45.75793045047094], [-68.76539899907908, 45.75804894728545], [-68.76551963528244, 45.758109815392174], [-68.7656920473333, 45.758274566847525], [-68.76583988188275, 45.75840104772478], [-68.76592320593221, 45.75850005887223], [-68.76612121738196, 45.75872548257387], [-68.76615981677296, 45.758767698983206], [-68.76629409836004, 45.75895085452285], [-68.76646186622007, 45.759176215750166], [-68.7664794842415, 45.759199459369036], [-68.7666136595759, 45.75940154409281], [-68.7667628847811, 45.759626866982295], [-68.76679894923907, 45.75968100258031], [-68.76690673163169, 45.75985217869566], [-68.76704647073106, 45.760077481843815], [-68.76711829255348, 45.760193112005005], [-68.76718664440216, 45.76030278569755], [-68.76732657316137, 45.76052808887155], [-68.76743765678467, 45.760701588693244], [-68.76747237787883, 45.760753403823685], [-68.76763251485484, 45.76097874772962], [-68.76775731299719, 45.76114108494247], [-68.76781032173294, 45.76120412731182], [-68.76801055277389, 45.76142955214102], [-68.76807729649161, 45.76150279885144], [-68.768238185139, 45.76165503219523], [-68.76839750641552, 45.761810785516445], [-68.76849015844539, 45.76188056110966], [-68.76871795174551, 45.762062651048865], [-68.76880035818267, 45.76210620729589], [-68.76903870006424, 45.76224178458722], [-68.76932834460607, 45.7623322925254], [-68.76935977225685, 45.762342815478966], [-68.76968110833182, 45.76237999747045], [-68.7700025883747, 45.76238224637326], [-68.77032413464364, 45.76236836175672], [-68.7706457305141, 45.762342332958774], [-68.77070609556483, 45.762335065744395], [-68.77096737662637, 45.76230395229637], [-68.7712890573077, 45.76225700331116], [-68.77161073907124, 45.76220965675789], [-68.77193238708054, 45.76217046077406], [-68.77225398324366, 45.76214389647398], [-68.77257553252863, 45.76212879473222], [-68.77289705745292, 45.76211965436579], [-68.7730348528087, 45.762114697370535], [-68.77321859177302, 45.76210816896326], [-68.77354017232396, 45.76208522398966], [-68.77386181343938, 45.762047222636305], [-68.77418348274627, 45.76200212497916], [-68.77450512890385, 45.76196264491907], [-68.77482673650314, 45.76193263698834], [-68.77514834097397, 45.76190332195434], [-68.77521478353006, 45.761893988825335], [-68.7754700095865, 45.76185793254747], [-68.77579180495515, 45.761780767463534], [-68.77610800941471, 45.76167072456119], [-68.77611373897666, 45.76166871506134], [-68.77643575903774, 45.76153479737318], [-68.77664226162916, 45.76144675212054], [-68.77675779631802, 45.761396175455154], [-68.7770798217595, 45.76126012539428], [-68.77717463057444, 45.76122277350059], [-68.77740185772316, 45.76112103534846], [-68.7777121723215, 45.76099880245555], [-68.77772384895269, 45.760992807403554], [-68.77804582210702, 45.76086876563961], [-68.77836753571056, 45.76080991688828], [-68.77868890762525, 45.760837321248204], [-68.77900996625014, 45.760944161320005], [-68.77913116395634, 45.76100155431144], [-68.7793309266467, 45.76107622925106], [-68.77965186826899, 45.76121345088472], [-68.77968203294549, 45.76122763596819], [-68.77997276530957, 45.76136241421168], [-68.78013596598018, 45.76145352846696], [-68.78029349258625, 45.76155506357235], [-68.78046249940382, 45.76167917443325], [-68.78061399178529, 45.76180646804315], [-68.78073646726966, 45.76190471859371], [-68.78093446443438, 45.762065390888814], [-68.78102794992631, 45.762130295656384], [-68.78125509346542, 45.76228505522564], [-68.78137764959224, 45.76235598337525], [-68.78157584927744, 45.76247287465515], [-68.78180160388615, 45.76258181184415], [-68.78189672524479, 45.76263040969537], [-68.78221781345408, 45.7627338594899], [-68.78253932903243, 45.7627276127848], [-68.78275774769061, 45.762583633808845], [-68.7828617607144, 45.762485197583295], [-68.78294248280031, 45.76235896685726], [-68.78306391466074, 45.76213417942374], [-68.78316966131275, 45.76190936208691], [-68.78318562128601, 45.76187316938409], [-68.78326860307486, 45.76168453173557], [-68.7833654068695, 45.761459697236084], [-68.78346090327875, 45.76123486016805], [-68.78351002929149, 45.76111775825268], [-68.78356376461085, 45.76101003696299], [-68.78367490787096, 45.760785229337216], [-68.7837873463827, 45.76056042404562], [-68.78383400866082, 45.76047106799472], [-68.78395279880289, 45.7603357188906], [-68.78415675396737, 45.76014248100975], [-68.78431391233808, 45.760111383011086], [-68.78447845658, 45.760083732580426], [-68.78457956146883, 45.76011188417738], [-68.78479958035274, 45.76017537704897], [-68.78509332598186, 45.76033786981516], [-68.78512037015211, 45.760354297864545], [-68.78539162958295, 45.76056344863603], [-68.78544087678968, 45.760607628434215], [-68.78559998166254, 45.76078885791232], [-68.78574830666433, 45.761014154253864], [-68.78576070822749, 45.761038132483606], [-68.78582968546618, 45.76123932492508], [-68.7858813450443, 45.76146443983899], [-68.78591342644586, 45.76168951803804], [-68.78593144630995, 45.76191456987469], [-68.78593923384905, 45.76213960252974], [-68.78593914874372, 45.76236462042618], [-68.78593315306196, 45.762589627240104], [-68.78592293900502, 45.76281462614113], [-68.78590941680928, 45.76303961883374], [-68.78589303162644, 45.76326460615095], [-68.78587441290122, 45.76348958927114], [-68.78585422202373, 45.76371456943283], [-68.78583274151396, 45.76393954716476], [-68.78581005867456, 45.76416452262985], [-68.78578639139717, 45.76438949623592], [-68.78576199720412, 45.76461446846522], [-68.7857464859994, 45.76475374309108], [-68.7857368934957, 45.7648394393499], [-68.78571140147999, 45.76506440949195], [-68.78568597989425, 45.76528937975153], [-68.78566117112244, 45.765514351146216], [-68.78563896101346, 45.765739327402066], [-68.78562443394941, 45.76596431806035], [-68.78562562169817, 45.76618933819377], [-68.78564898442178, 45.76641439992154], [-68.78569388476404, 45.76663950203456], [-68.78573861420571, 45.76680996485666], [-68.7857522708202, 45.76686462940929], [-68.78581206729903, 45.76708975938925], [-68.78586749543652, 45.76731488114224], [-68.78591583365794, 45.76753998957525], [-68.78595670408347, 45.767765083989396], [-68.78599047489338, 45.76799016508232], [-68.78601735795101, 45.76821523325708], [-68.78603781967723, 45.768440289392025], [-68.78605301593974, 45.76866533565495], [-68.7860530345904, 45.7686656971737], [-68.78606290808018, 45.76889037197559], [-68.78606967389662, 45.769115402432924], [-68.7860735004953, 45.76934042737787], [-68.78607491221698, 45.76956544779244], [-68.78607453228892, 45.769790464843595], [-68.78607262492395, 45.77001547902601], [-68.78606910836999, 45.770240490186566], [-68.78606361489922, 45.77046549763656], [-68.78605526232218, 45.77069049972383], [-68.78604455075396, 45.77088465459761], [-68.78604280849748, 45.770915494121766], [-68.78602541389193, 45.7711404792568], [-68.78600406112652, 45.771365456967075], [-68.78598009937139, 45.77159042977754], [-68.78595472311616, 45.771815399924265], [-68.78592857309515, 45.772040368606774], [-68.78590170916927, 45.77226533593673], [-68.78587365431498, 45.77249030101962], [-68.78584353895852, 45.77271526222474], [-68.78581047112988, 45.77294021787837], [-68.78577399177348, 45.773165167117234], [-68.78573418199602, 45.773390110090176], [-68.7857129842907, 45.773503305007424], [-68.78568637015653, 45.77361503803125], [-68.78562916184708, 45.77383994831422], [-68.78556583088367, 45.7740648470692], [-68.7854941329097, 45.7742897300725], [-68.78541116718148, 45.774514591860544], [-68.78538733018723, 45.7745724504407], [-68.7852858886581, 45.77473937407322], [-68.78513302026983, 45.774964104259325], [-68.78506390232859, 45.775058843911246], [-68.78493979453607, 45.77518875827761], [-68.78474099293125, 45.7754090184495], [-68.78473694732664, 45.775413393833915], [-68.78458141294394, 45.77563811823303], [-68.78452440396462, 45.77586302825941], [-68.78459877206701, 45.776088185997395], [-68.78473791245236, 45.77620965125061], [-68.78484894855767, 45.77631367486398], [-68.7850586955128, 45.776414152807625], [-68.78528745411563, 45.77653951723337], [-68.78537964566151, 45.77657570947777], [-68.78570063454602, 45.776727637107854], [-68.78577085497331, 45.77676544209583], [-68.78602158103729, 45.776891103942745], [-68.78622952274317, 45.776991318632454], [-68.78634255986138, 45.77704659522255], [-68.7866637052544, 45.777158873421754], [-68.78693980520089, 45.77721766278616], [-68.78698501977532, 45.77722707152978], [-68.78730645569851, 45.777263543307704], [-68.78762793241573, 45.777289379191], [-68.78794941240638, 45.777314429737665], [-68.78827088311911, 45.77734200777021], [-68.78859234915856, 45.7773709062979], [-68.78891383270502, 45.7773952528922], [-68.78923536756014, 45.777406054618694], [-68.78955697612467, 45.777397294375184], [-68.78987864774403, 45.777371719078644], [-68.7902003439818, 45.7773395006501], [-68.79052202456651, 45.77731136359581], [-68.79084367500496, 45.77729120336339], [-68.79116532978928, 45.77726981676865], [-68.79148706104098, 45.77722784773588], [-68.79149523442526, 45.77722606656742], [-68.79180893160786, 45.7771483124162], [-68.79213089574021, 45.77704334884896], [-68.79224644688452, 45.77700241748057], [-68.79245294594598, 45.7769148579483], [-68.79277501959201, 45.77677963905621], [-68.79277821947088, 45.77677836567649], [-68.7930972037684, 45.776614111825744], [-68.7932202916841, 45.776554149088824], [-68.79341946729753, 45.776426577447886], [-68.79358368486238, 45.77632978866997], [-68.79374180764613, 45.776217619483155], [-68.79392505018606, 45.77610538735979], [-68.7940641254383, 45.77601413452023], [-68.79431276686749, 45.77588106847186], [-68.79438632866722, 45.77584118342781], [-68.79470842127952, 45.775697834972654], [-68.79481500565868, 45.775656953975535], [-68.79503043795029, 45.775574764366795], [-68.79535236223191, 45.77547656416598], [-68.79567407661332, 45.775435528858786], [-68.79599539043672, 45.775504216858266], [-68.79621006663203, 45.77565945070457], [-68.7963161235637, 45.77573262680437], [-68.79642904418792, 45.77588485857818], [-68.7966066189003, 45.776110192328694], [-68.7966361942409, 45.77614400148275], [-68.7967492192446, 45.77633546358482], [-68.79691056745739, 45.77656076797896], [-68.79695605837728, 45.776613579579376], [-68.79707701517519, 45.776786081193066], [-68.79726590842856, 45.77701143398393], [-68.79727614734648, 45.77702258942306], [-68.79744961652504, 45.77723677726169], [-68.79759634525278, 45.77740277985561], [-68.79764547050172, 45.77746214174627], [-68.79783677781079, 45.777687497841534], [-68.79791656797077, 45.77777730386679], [-68.79803372094193, 45.777912863569576], [-68.7982339949222, 45.778138234830976], [-68.79823683266298, 45.77814137607145], [-68.79844541039802, 45.77836362538662], [-68.79855718565325, 45.77848208259426], [-68.79867757039861, 45.77858905209543], [-68.79887772362066, 45.778772421660236], [-68.79894596520458, 45.778814542089236], [-68.79919856795978, 45.77897833440602], [-68.79941480953146, 45.77904038351485], [-68.79951981655138, 45.77907210517951], [-68.79984142311193, 45.77906613062037], [-68.80000607801946, 45.77904141997576], [-68.80016318641198, 45.779016260129815], [-68.80048484852195, 45.77899460094826], [-68.80067824680381, 45.77904259453408], [-68.80080612778586, 45.779080389358846], [-68.80102089782903, 45.77926820914888], [-68.80112665484664, 45.77937804060528], [-68.80119571700752, 45.77949353083208], [-68.80132082123359, 45.77971876580278], [-68.80143744388667, 45.77994398588829], [-68.80144617120212, 45.779961402953354], [-68.80152936948743, 45.78016916294911], [-68.80161771451668, 45.780394333710284], [-68.80170445498449, 45.7806195016095], [-68.80176486556866, 45.78077858882604], [-68.80178715133125, 45.78084466241838], [-68.80186262195609, 45.78106981062851], [-68.80193711745409, 45.78129495708951], [-68.80200986765637, 45.78152010046873], [-68.80207976349394, 45.781745238848366], [-68.802083001738, 45.7817561544951], [-68.80214402713074, 45.78197036742348], [-68.8022065332733, 45.78219549291114], [-68.8022705747427, 45.78242062101261], [-68.8023414573644, 45.78264576090403], [-68.80240089780975, 45.78280481516379], [-68.80242748779759, 45.78287092693648], [-68.80253960044722, 45.783096137972834], [-68.80267905564884, 45.78332139611282], [-68.80272047462873, 45.78338031809985], [-68.80284397495492, 45.78354669801504], [-68.80302043959674, 45.78377201957454], [-68.80304061599566, 45.783797365451555], [-68.80320469295688, 45.78399735426765], [-68.80336086224702, 45.78418593497779], [-68.80339370814173, 45.78422269684835], [-68.80359758626221, 45.7844480646564], [-68.80368123709577, 45.784539132829764], [-68.80382297414656, 45.78467346902462], [-68.80400180117987, 45.78483948335982], [-68.80407680198768, 45.78489892170923], [-68.8043225422088, 45.7850902414579], [-68.80437213739141, 45.78512444489489], [-68.80464339959171, 45.78530851079242], [-68.80470967385396, 45.785350039445], [-68.80496433578983, 45.78550489639822], [-68.80509537147648, 45.785575715152426], [-68.80528537671843, 45.78567184686218], [-68.80560660031234, 45.785786794689756], [-68.80576829425227, 45.78580187816753], [-68.80592812543473, 45.78581522823153], [-68.80598678505571, 45.78580224937405], [-68.8062500156713, 45.78573836236822], [-68.80654600876059, 45.78557818044539], [-68.80657224545222, 45.78556306389169], [-68.80684182888412, 45.78535366378626], [-68.80689473632076, 45.78531156153956], [-68.80710381310483, 45.78512908923496], [-68.80721732433132, 45.785031034171055], [-68.807372729753, 45.78490452576167], [-68.80753982175528, 45.784775889909504], [-68.80769858905752, 45.78468005749667], [-68.80786207610971, 45.784590644186785], [-68.80818409836591, 45.78447245163147], [-68.80824131767967, 45.78445595246518], [-68.80850601104055, 45.78438586732614], [-68.8088278675977, 45.78431540940428], [-68.80914955180376, 45.78429522311911], [-68.80947087129887, 45.7843820313276], [-68.8095802499714, 45.78445819171223], [-68.80979174313464, 45.78460076604355], [-68.80987251070766, 45.784683695572205], [-68.81009529386331, 45.78490908322175], [-68.81011225632608, 45.784925874550474], [-68.8102858252295, 45.78513441688226], [-68.81043257413732, 45.78530972440606], [-68.81047240188286, 45.78535974365624], [-68.81065499544636, 45.785585063516024], [-68.81075288286549, 45.78569755540592], [-68.81085703415776, 45.78581041526566], [-68.81107346488385, 45.786005797622394], [-68.811116171894, 45.786035861054096], [-68.8113944933304, 45.78618270737937], [-68.81165444147338, 45.786261766706666], [-68.81171580181233, 45.786277039838666], [-68.81203725645054, 45.78632820702821], [-68.81235872382236, 45.786375754175204], [-68.8126801363709, 45.786439832587746], [-68.81287163300216, 45.78648878373109], [-68.81300147694776, 45.786525656039636], [-68.81332279698792, 45.78661792733676], [-68.81364415970533, 45.78669770904289], [-68.81374507802317, 45.78671522795541], [-68.81396559931221, 45.78675465160208], [-68.81428713808741, 45.78678192746684], [-68.81460877789063, 45.786778821355675], [-68.81493048925779, 45.78675407857911], [-68.81525222388515, 45.786722208341125], [-68.81530493718036, 45.78671776003188], [-68.81557394381471, 45.78669468387239], [-68.8158956364376, 45.786675358205855], [-68.81621731205276, 45.78666114038577], [-68.81653898812787, 45.78664673243698], [-68.81686066385325, 45.78663238063697], [-68.81718231212054, 45.78662637805356], [-68.81750390818866, 45.78663635078988], [-68.81782545645395, 45.786661033792136], [-68.8181469854881, 45.78669171826231], [-68.81846853017944, 45.78671768772125], [-68.81859682022103, 45.786723033764076], [-68.81879011549238, 45.78673121242457], [-68.81911175310377, 45.78672861581782], [-68.81920188814262, 45.78672399278951], [-68.81943343612468, 45.7867119454366], [-68.81975513974042, 45.7866888253688], [-68.82007683188539, 45.78666918806903], [-68.82039850098597, 45.78665665617317], [-68.82072017276064, 45.78664324507464], [-68.82104188426507, 45.78661736976174], [-68.8213636464606, 45.78657553115686], [-68.82168544200748, 45.78652308118281], [-68.82180176162112, 45.786503060014006], [-68.82200724320673, 45.78646866545506], [-68.82232903138103, 45.78641815245621], [-68.82265080166053, 45.78637309916134], [-68.82297255739779, 45.786332476205565], [-68.82329431461834, 45.78629123579057], [-68.8233588933911, 45.78628046079598], [-68.82361612037654, 45.78623445473443], [-68.82393806658641, 45.786132850685625], [-68.82408083698702, 45.78605655751231], [-68.82426029829635, 45.785940016506565], [-68.82438213847549, 45.78583200390435], [-68.82458295596328, 45.78561066576312], [-68.82458574462203, 45.78560729955088], [-68.8247362318163, 45.78538251335874], [-68.82484380995399, 45.785157661189615], [-68.82490659948093, 45.784965194866665], [-68.82491810589991, 45.78493275791643], [-68.8249758440141, 45.78470782922386], [-68.8250244682178, 45.78448288653671], [-68.82507112123562, 45.7842579408022], [-68.82511864295226, 45.784032996369376], [-68.82516795790609, 45.783808054651836], [-68.82521950106579, 45.783583116312606], [-68.82523271170919, 45.7835272593292], [-68.82528764430735, 45.78335820332539], [-68.82536725738181, 45.783133307819604], [-68.82545580576485, 45.78290842589955], [-68.82555444685102, 45.782683559311515], [-68.82555697077305, 45.78267812576066], [-68.82571109679097, 45.78245878112967], [-68.82587994402367, 45.78223888003065], [-68.82588484261875, 45.78223402877727], [-68.82611943691295, 45.78200936876764], [-68.82620250428454, 45.78193091657238], [-68.82637281801964, 45.78178473681738], [-68.82652499207752, 45.78164517303867], [-68.82662460324622, 45.781560101874945], [-68.82683493304124, 45.781335403548944], [-68.82684762965512, 45.78130997599664], [-68.826968924046, 45.7811105892472], [-68.82697780846586, 45.78088558539978], [-68.8268858281572, 45.78066042876713], [-68.82684981770183, 45.7806031168513], [-68.82676511995881, 45.78043522849912], [-68.8266412097211, 45.78021002323637], [-68.82653007858654, 45.78000498646704], [-68.8265212526228, 45.77998482383236], [-68.82642995670984, 45.77975966783599], [-68.82635257650307, 45.77953453290719], [-68.82629089886633, 45.7793094217909], [-68.82624585498385, 45.77908433592859], [-68.82621692488333, 45.77885927454909], [-68.82621225137525, 45.77879362638571], [-68.8262047241051, 45.778634238600986], [-68.82620205429347, 45.77840921714049], [-68.82620631353888, 45.77818420621071], [-68.82621473276419, 45.77799486005492], [-68.82621660650975, 45.777959204449104], [-68.82623418305415, 45.777734213754826], [-68.82625544852516, 45.7775092286585], [-68.82627951163487, 45.777284247802925], [-68.82630552963387, 45.77705926990522], [-68.82633326446958, 45.776834294602224], [-68.82636408409967, 45.77660932397154], [-68.82640298213298, 45.77638436559775], [-68.82646053088484, 45.77615943553062], [-68.82654265272616, 45.775949740972464], [-68.82654890341281, 45.77593455222206], [-68.82667078509702, 45.77570971967429], [-68.82680014248987, 45.77548489832005], [-68.82686609326362, 45.77534438749996], [-68.82690737428231, 45.7752600432942], [-68.82696772935438, 45.77503511717876], [-68.82697913659082, 45.77481011691172], [-68.82695749443985, 45.77458506658669], [-68.82692127745642, 45.77435999417166], [-68.82688081686773, 45.774134915306576], [-68.8268700181857, 45.77407600317534], [-68.82683955663519, 45.77390983520637], [-68.8267982909436, 45.77368475507406], [-68.82675725050426, 45.77345967525946], [-68.82671668597797, 45.773234596142984], [-68.82667699612146, 45.77300951832999], [-68.8266387908115, 45.77278444274677], [-68.82660298558324, 45.7725593707842], [-68.82657108687158, 45.772334304731146], [-68.82655433821117, 45.77218031241894], [-68.82654682804602, 45.77210925025849], [-68.82653636327245, 45.77188421671437], [-68.8265458968411, 45.7716592135214], [-68.8265561427906, 45.771598135784295], [-68.82659572226983, 45.77143427147496], [-68.82671649606212, 45.77120943702006], [-68.82687942853492, 45.77103459238685], [-68.82694761901195, 45.77098476961405], [-68.82720160193223, 45.77082914897634], [-68.8273324739987, 45.77076033415611], [-68.82752365425958, 45.77066221677688], [-68.82777439159459, 45.770535983420224], [-68.82784569458467, 45.770498560756515], [-68.82816777657797, 45.770320721288144], [-68.82818263093168, 45.77031158032724], [-68.8284815051307, 45.77008701164573], [-68.82849005536232, 45.770078006220466], [-68.82866107939566, 45.76986226333623], [-68.82876356692738, 45.76963739923312], [-68.82880665173272, 45.769412446041194], [-68.82881176784917, 45.769187435943394], [-68.82879941885098, 45.76896239966862], [-68.82878230473548, 45.76873735624307], [-68.82876524360232, 45.768512312885456], [-68.82874912720298, 45.76828727093237], [-68.82873390992268, 45.76806223031583], [-68.82871965625498, 45.767837191132905], [-68.82870650210704, 45.76761215358768], [-68.82869438590633, 45.76738711758822], [-68.82868306138802, 45.76716208276562], [-68.82867234004777, 45.76693704883747], [-68.8286622019322, 45.766712015774], [-68.82865265958127, 45.76648698359416], [-68.82864352715099, 45.76626195201942], [-68.82863407715014, 45.76603691995874], [-68.82862204823084, 45.765811884020216], [-68.82860183179147, 45.76558683578967], [-68.82856403952513, 45.76536176117657], [-68.82850514355532, 45.765154527937874], [-68.82850001715575, 45.76513664717376], [-68.8284097470292, 45.7649114937106], [-68.82830817848432, 45.76468632318985], [-68.8282121849221, 45.76446116095205], [-68.82818598309755, 45.76439072678842], [-68.8281283944643, 45.76423601698183], [-68.82805669564624, 45.76401089113831], [-68.82799337838485, 45.76378577785902], [-68.82793441736608, 45.7635606710961], [-68.82787736542741, 45.763335567169754], [-68.82786784422562, 45.76329756327174], [-68.82781054367436, 45.76311044848294], [-68.82774242896598, 45.76288532779883], [-68.82767518702838, 45.76266020838149], [-68.82760882115593, 45.76243509023747], [-68.82754963334459, 45.762231785482086], [-68.82753891303041, 45.76220996669927], [-68.82743049306167, 45.76198478494898], [-68.82732601818185, 45.761759609049044], [-68.82723026288345, 45.76154560866681], [-68.82717750535481, 45.76153436644228], [-68.82690900301827, 45.76147297651585], [-68.82687781118862, 45.761533912738464], [-68.82676383311191, 45.76175875804821], [-68.82664978306249, 45.761983603126254], [-68.8265855565545, 45.76210641181131], [-68.82655176701257, 45.76220847242325], [-68.8264672759598, 45.76243336216979], [-68.82636317755795, 45.76265822204934], [-68.82626182642817, 45.76282886893497], [-68.82621941035872, 45.7628830214974], [-68.82596764237928, 45.76310765630391], [-68.82593941019772, 45.76312612759723], [-68.82561767130699, 45.763204878431324], [-68.82529620547962, 45.76319585432076], [-68.82497487482105, 45.76314363695718], [-68.82483334983654, 45.76310592295949], [-68.82465364884827, 45.76305819408462], [-68.82433256434187, 45.76292798831829], [-68.82425936171819, 45.762880023527316], [-68.8240117766804, 45.762703845893306], [-68.82397214702945, 45.76265456337397], [-68.82381190350924, 45.76242929835384], [-68.82369179645464, 45.76222417639436], [-68.82368426301743, 45.76220408341597], [-68.82360935642087, 45.761978949749626], [-68.82354596177765, 45.761753833804434], [-68.82349109157329, 45.76152873098435], [-68.82344264784783, 45.76130363805979], [-68.82339954987296, 45.76107855336853], [-68.82337438220024, 45.7609330445901], [-68.82336230586706, 45.76085347770229], [-68.82333006462171, 45.76062840975062], [-68.82329895240825, 45.76040334352704], [-68.82326663942328, 45.7601782754287], [-68.82322788237522, 45.75995319734258], [-68.82317359726176, 45.75972809520382], [-68.82309415836387, 45.75950295408702], [-68.8230576621728, 45.759426884014076], [-68.82298464349772, 45.75927776631395], [-68.82284545934884, 45.75905253242865], [-68.82273783946951, 45.75890593836112], [-68.82266833035628, 45.75882723947889], [-68.82242113910746, 45.758601837375416], [-68.82241734402739, 45.75859893997039], [-68.82209639983849, 45.7584342552141], [-68.82191414323376, 45.75837603007916], [-68.82177524995629, 45.758334772956914], [-68.82145403785505, 45.758255156739295], [-68.82113288453294, 45.75815742955887], [-68.82111607873011, 45.75814976518756], [-68.82081200445414, 45.75797468525258], [-68.82075689339563, 45.757924184059256], [-68.82056653906815, 45.75769886705717], [-68.82049179127472, 45.75758460907858], [-68.82042759423496, 45.75747363053882], [-68.82030926154445, 45.75724842626101], [-68.8201965578024, 45.75702323071001], [-68.82017228996467, 45.75697429997323], [-68.82007407138202, 45.75679801963393], [-68.81994468855078, 45.756572797549794], [-68.81985262134621, 45.75641814480299], [-68.81980323600264, 45.7563475562753], [-68.81963873144666, 45.75612227842984], [-68.81953255117755, 45.75598852767161], [-68.8194506791058, 45.755896963130404], [-68.81922312939739, 45.75567158502627], [-68.81921215250222, 45.75566216180103], [-68.81894554247852, 45.755446127180065], [-68.81889152543852, 45.7554075523883], [-68.8186178533312, 45.755220589123816], [-68.81857077723387, 45.75519122507566], [-68.81824993213922, 45.75500550751766], [-68.81822942690015, 45.75499495350753], [-68.81792899240656, 45.754849545963026], [-68.81773524564109, 45.754769147907204], [-68.81760797896283, 45.75471675989167], [-68.81728694206335, 45.754591627642775], [-68.81717331330948, 45.754543231768444], [-68.81696600345639, 45.75443686679746], [-68.8167871048112, 45.754317594770136], [-68.81664537412644, 45.7541882055724], [-68.81655714041281, 45.754092207420555], [-68.81638988897896, 45.75386692039643], [-68.8163253024814, 45.75377040976636], [-68.81623933932538, 45.753641659981554], [-68.81608991045034, 45.75341640116334], [-68.81600544102373, 45.75329010226728], [-68.8159385265474, 45.753191138991255], [-68.81578593248813, 45.75296587465846], [-68.81568555908486, 45.752817679804316], [-68.8156325357347, 45.75274060881761], [-68.81547823528771, 45.75251534130234], [-68.8153656665, 45.75235011902323], [-68.81532319361831, 45.75229007237162], [-68.81516513728127, 45.75206479834462], [-68.81504574453074, 45.751893067881355], [-68.8150044782194, 45.75183951987584], [-68.81483229503868, 45.751614222496215], [-68.81472570695, 45.75147253265976], [-68.81464010431567, 45.7513888923911], [-68.81441415974963, 45.751163507132155], [-68.81440533502048, 45.75115432138498], [-68.8140844313428, 45.75099736343022], [-68.81376285787631, 45.75104233265529], [-68.81364570979102, 45.751162256351975], [-68.81344038540037, 45.75135698401666], [-68.81342138013667, 45.751386908723774], [-68.8132306198051, 45.75161161552581], [-68.81311771911608, 45.751728617704615], [-68.81302963964443, 45.751836305277116], [-68.81283187689912, 45.752060999936816], [-68.81279504517356, 45.75210125849704], [-68.81263621712081, 45.75228569769405], [-68.81247237062817, 45.7524727944884], [-68.81244011359342, 45.75251039437905], [-68.81224606677324, 45.752735094098476], [-68.81214968537626, 45.752846242964665], [-68.81205188309882, 45.75295979325446], [-68.81185787497519, 45.75318449236075], [-68.81182699447974, 45.75322008777954], [-68.81166140781322, 45.753409187075455], [-68.81150433551633, 45.75358316471686], [-68.81145604421442, 45.7536338667631], [-68.81122278687059, 45.75385849998939], [-68.81118184927244, 45.75389378188272], [-68.81092168665296, 45.75408302048003], [-68.810859635698, 45.754122621821594], [-68.81053762092046, 45.75429193440537], [-68.81050161180906, 45.75430734290604], [-68.81021573475044, 45.754422730683174], [-68.80989396191268, 45.75451970562744], [-68.8098363116309, 45.754531255897774], [-68.8095723066281, 45.754581789997935], [-68.80925074328286, 45.75461667874112], [-68.80892923527713, 45.754635234005924], [-68.80860775416024, 45.754645860968125], [-68.80828628590233, 45.75465269684465], [-68.8079648268302, 45.754656831629], [-68.8076433780972, 45.75465794315708], [-68.80732194553191, 45.754654352881495], [-68.80700054726697, 45.75464082402766], [-68.80667922813419, 45.754604422108244], [-68.80638037330908, 45.754525451689055], [-68.80635808279482, 45.75451789077978], [-68.80603734593461, 45.75431373397153], [-68.80602259325305, 45.75429982647175], [-68.80582786062924, 45.75407447733203], [-68.80571726540174, 45.753921104497394], [-68.80566883553735, 45.7538491885898], [-68.80552380029968, 45.75362392343034], [-68.80539755520635, 45.75342321018928], [-68.8053818307792, 45.753398663299784], [-68.80523840842312, 45.75317340050734], [-68.80509628336311, 45.75294813973885], [-68.80507787323855, 45.752918836397136], [-68.80494930598309, 45.75272287050108], [-68.80480435463278, 45.75249760452653], [-68.80475816021968, 45.75242501502125], [-68.80465199198296, 45.7522723256879], [-68.80449856264039, 45.752047044811874], [-68.80443836345161, 45.75195678359852], [-68.80432645015873, 45.751821731725705], [-68.80413857200534, 45.751596391346204], [-68.80411827426691, 45.7515736679434], [-68.8037975413536, 45.75137551799431], [-68.80373638435798, 45.75137068271765], [-68.80347619015882, 45.75135418134704], [-68.80341843516638, 45.751370136115156], [-68.8031544218808, 45.75145155917828], [-68.80288132573894, 45.75159422920894], [-68.80283240079795, 45.75162041470546], [-68.80252043856011, 45.75181862448787], [-68.8025102514027, 45.751825099594775], [-68.80218807731883, 45.75203610556013], [-68.80217640780593, 45.75204304780491], [-68.80186595227468, 45.75223256566149], [-68.80179201534591, 45.752267400066096], [-68.80154395952624, 45.75239106077919], [-68.80122223976974, 45.75247214375045], [-68.80090114014801, 45.75237856242271], [-68.80080700871375, 45.752265687055036], [-68.80066453417926, 45.75204042012691], [-68.80058152311096, 45.751868994663624], [-68.80056303240025, 45.75181522453875], [-68.80048989745171, 45.75159007838836], [-68.80041296447342, 45.75136492554769], [-68.80031540740146, 45.75113973660337], [-68.80026300741858, 45.751052295552256], [-68.80018332089438, 45.750914487184936], [-68.80001883738265, 45.750689180905], [-68.79994322246704, 45.750593460622866], [-68.7998431679387, 45.750463854783874], [-68.7996827979377, 45.75023855520824], [-68.79962340857597, 45.7501441741022], [-68.79953335113818, 45.75001327456428], [-68.7993942055666, 45.749788011802835], [-68.79930383022037, 45.749630596431885], [-68.79925116083514, 45.749562742012124], [-68.7990878100008, 45.749337436327856], [-68.79898402089657, 45.74918299110114], [-68.79889083591728, 45.74911207122323], [-68.79866356168158, 45.7489175672343], [-68.79834212319592, 45.748924929777786], [-68.79811787256565, 45.74911070805921], [-68.79801968569761, 45.74920924966619], [-68.79790615689504, 45.749335352340914], [-68.7977476788446, 45.749560090474006], [-68.79769670036752, 45.749644305355645], [-68.79755375370614, 45.749784765576244], [-68.79740897945138, 45.750009527502634], [-68.79737372919017, 45.750074059543536], [-68.7971115550736, 45.750008999740054], [-68.79712048883376, 45.74978399706373], [-68.79715272477651, 45.74955903575053], [-68.79718203397961, 45.74933406922409], [-68.79720902251547, 45.749109098562336], [-68.79723740521973, 45.748884130359514], [-68.79726872731243, 45.748659167356365], [-68.79730140323309, 45.7484342067376], [-68.79733361790372, 45.748209245282446], [-68.79736570558066, 45.74798428358412], [-68.79738166253738, 45.74788147020829], [-68.79740760013344, 45.74775933925747], [-68.79745479200217, 45.747534404297525], [-68.79749831723302, 45.74730946281066], [-68.79753862694557, 45.74708451560049], [-68.79757753262825, 45.74685956587975], [-68.79761726212166, 45.74663461759615], [-68.79765927796068, 45.746409673338945], [-68.79770452373998, 45.74618473477624], [-68.79770927411607, 45.746163500044894], [-68.79776206575806, 45.74595981795252], [-68.79782661523329, 45.74573491349082], [-68.79789754814006, 45.74551002027549], [-68.79797363816989, 45.74528513612626], [-68.7980344536046, 45.74511436654143], [-68.79806282215085, 45.74506027506091], [-68.7981859046557, 45.74483547379882], [-68.79831702730525, 45.744610686588125], [-68.79835789503011, 45.744544605847864], [-68.79854717091263, 45.744386073853796], [-68.79868023790863, 45.74427863827787], [-68.79900193378194, 45.744192109376144], [-68.79932314922581, 45.74423939216883], [-68.79961076088583, 45.74438794421412], [-68.79964393421298, 45.74440715984618], [-68.79991307321258, 45.74461349278618], [-68.79996443614277, 45.74465471924527], [-68.80019391003728, 45.74483900299538], [-68.80028491036828, 45.744910841490096], [-68.8005341849199, 45.74506461628741], [-68.80060561260173, 45.7451037411304], [-68.80092678667684, 45.745164513572455], [-68.80124082590912, 45.745065847754034], [-68.8012485360431, 45.74506336730983], [-68.8015147459009, 45.74484130520641], [-68.80157086952407, 45.74479702245768], [-68.80172439337194, 45.74461665047418], [-68.8018935495093, 45.744431845675614], [-68.80192375119012, 45.7443919775105], [-68.80209960897105, 45.744167263488286], [-68.80221636751851, 45.74402638844141], [-68.80228238342366, 45.74394256115615], [-68.80247211309245, 45.74371787054753], [-68.80253909384922, 45.74364560754154], [-68.80270781593244, 45.74349325900969], [-68.80286143083997, 45.74337419697329], [-68.80307169024813, 45.743268867964005], [-68.80318335334877, 45.74321985231847], [-68.8035050132861, 45.74313984839235], [-68.80382652479155, 45.74310196234822], [-68.80414789957743, 45.74310305217952], [-68.80446908416741, 45.74315862881703], [-68.80476873225822, 45.74327178036704], [-68.80479003769743, 45.743280685928646], [-68.80511082916362, 45.743449721729306], [-68.80521936586965, 45.743497568287644], [-68.80543166735971, 45.74360586222196], [-68.805752818103, 45.74367239646356], [-68.80607450418469, 45.743584532261984], [-68.80620289219449, 45.7434992407634], [-68.80639670093855, 45.74334863468628], [-68.80648453390414, 45.743274699338556], [-68.80671909409021, 45.743055034803774], [-68.80672549243084, 45.74305008839789], [-68.80698644060288, 45.74282551071115], [-68.80704144579514, 45.74277248350007], [-68.80726172363174, 45.74260095660237], [-68.80736374747934, 45.742503529641745], [-68.80751682835749, 45.742376367829316], [-68.80768620765495, 45.74218751081691], [-68.80771851937867, 45.74215168859936], [-68.80790676751467, 45.74192698640424], [-68.80800888442089, 45.741807237766274], [-68.80810600837943, 45.741702302353374], [-68.80833131305648, 45.74149819740591], [-68.80835556022855, 45.74147770234638], [-68.80865349632431, 45.74125994346069], [-68.80866358024585, 45.741253199714414], [-68.80897554117789, 45.74106147311959], [-68.80904255910659, 45.74102881486142], [-68.80929741483345, 45.740912618491194], [-68.80961907522725, 45.74082600849524], [-68.80982917603517, 45.74080510796342], [-68.8099405476553, 45.74079450426567], [-68.81026189589964, 45.74079955581501], [-68.81034418587589, 45.74080596401117], [-68.81058317648417, 45.740824633440255], [-68.81090442913892, 45.740858069893015], [-68.8112256846868, 45.74089076159505], [-68.81154698226256, 45.740911072312834], [-68.81186839020421, 45.740898591112106], [-68.81219000831192, 45.74082338331445], [-68.81221796367149, 45.74080905901052], [-68.81251192301227, 45.740659303690855], [-68.81260478373866, 45.74058467521259], [-68.8128341353926, 45.74040556672802], [-68.81287765493316, 45.740360103531245], [-68.81309945328147, 45.740135447654474], [-68.81315658518477, 45.74007977518538], [-68.81329324653045, 45.739910745577795], [-68.81347770411405, 45.739686027923405], [-68.81347926384507, 45.739684118859465], [-68.81361470235011, 45.739461232550916], [-68.81374120571435, 45.739236419896955], [-68.81380250340051, 45.73911833824576], [-68.81384211041461, 45.739011565388324], [-68.81391780216792, 45.738786669721], [-68.81398568079307, 45.73856176127462], [-68.81404625248912, 45.73833684088694], [-68.81409872354283, 45.73811190727814], [-68.81412770093048, 45.7379604625132], [-68.8141392028242, 45.737886954129614], [-68.81416539362411, 45.73766197771853], [-68.81418080069197, 45.737436983754755], [-68.81418608435601, 45.73721197331654], [-68.81418426399635, 45.736986951315856], [-68.81417891916686, 45.73676192357414], [-68.81417235985059, 45.73653689384801], [-68.81416527792528, 45.736311863262586], [-68.81415735595654, 45.736086831301414], [-68.81414807292869, 45.73586179711683], [-68.81413733363232, 45.73563676055362], [-68.81413552880296, 45.73560100491119], [-68.8141224459754, 45.735411717231685], [-68.81410609284367, 45.73518667151454], [-68.81408911243139, 45.73496162476545], [-68.814071947511, 45.734736577704695], [-68.81405546337555, 45.734511531740395], [-68.81404031224888, 45.734286487934455], [-68.81402634173568, 45.734061446039306], [-68.8140129498076, 45.73383640507539], [-68.81399719943609, 45.73361136026153], [-68.81395050149278, 45.73338626504602], [-68.81382198892729, 45.7332550123577], [-68.81355146834134, 45.73316059537555], [-68.81350100127618, 45.73315452972499], [-68.81317969571285, 45.73314974057961], [-68.81287316615958, 45.73315948645149], [-68.81285833852266, 45.73316042515707], [-68.81253690456967, 45.7331940167825], [-68.81221540063989, 45.73324837294135], [-68.81189372006976, 45.733355158640094], [-68.81184925153916, 45.73338282406675], [-68.81158488451605, 45.733607407589346], [-68.81157150928695, 45.73361924161712], [-68.8114169206422, 45.73383214965193], [-68.81124873838176, 45.73404869041892], [-68.81124384327907, 45.73405688301105], [-68.81110687054313, 45.73428167579592], [-68.8109620383579, 45.734506455404244], [-68.81092568505184, 45.734560360801964], [-68.81081794397568, 45.73473123604187], [-68.81065980646748, 45.734955993217675], [-68.81060277335449, 45.73502838349743], [-68.81044949151251, 45.73518066361376], [-68.81028045611446, 45.735319258448165], [-68.81008464729886, 45.73540507685627], [-68.80995867021971, 45.73545249859016], [-68.80963717798443, 45.73549885997708], [-68.80931581328268, 45.73550759332358], [-68.80899449839457, 45.73550168571418], [-68.80867320885058, 45.73548837635122], [-68.80835194698992, 45.73546701860121], [-68.80803072389345, 45.73543441888686], [-68.80780037911018, 45.73540125705652], [-68.80770954763894, 45.73538827993024], [-68.80738841923365, 45.73532837639664], [-68.80706734664693, 45.73525246266203], [-68.80683436748565, 45.73517460881752], [-68.8067463882889, 45.735143684427236], [-68.80642572327868, 45.734950361154574], [-68.80642425656151, 45.73494889559514], [-68.80622333452534, 45.73472353587174], [-68.80610572057618, 45.73456629505479], [-68.80606811773151, 45.734498253374284], [-68.80595498210275, 45.734273042134106], [-68.80585377836003, 45.734047851048885], [-68.80578674598159, 45.73388688989898], [-68.8057615674787, 45.73382267515384], [-68.80567583671396, 45.73359751019707], [-68.80559286625127, 45.73337234986384], [-68.80551148687987, 45.73314719216983], [-68.80546839326067, 45.73303058621466], [-68.80542601200527, 45.732922027434334], [-68.80532801101776, 45.732696841283875], [-68.80520226392454, 45.73247160773768], [-68.80514924848154, 45.73240483886626], [-68.80499917672621, 45.732246242070836], [-68.80482891922694, 45.732121194127465], [-68.80462009480746, 45.73202057520829], [-68.80450809647364, 45.73197992842526]]}}, {"type": "Feature", "properties": {"depth_ft": 20}, "geometry": {"type": "LineString", "coordinates": [[-68.81153463243058, 45.74458158619085], [-68.81121317498146, 45.744602462094214], [-68.8111354179414, 45.74463259459497], [-68.81089129245801, 45.74474916166959], [-68.81076863612866, 45.744857006450864], [-68.81058836035321, 45.745081726462374], [-68.81056953121315, 45.74530671396732], [-68.81088884791245, 45.745473148984225], [-68.81113592361504, 45.74553267033346], [-68.81121001924726, 45.74553867124042], [-68.81153141193721, 45.7455386371998], [-68.81161662649455, 45.74553346392671], [-68.81185293596491, 45.74549950694372], [-68.81217455463037, 45.74543202297518], [-68.81249621102717, 45.745353037077344], [-68.81263901651782, 45.74531012635532], [-68.81261768941404, 45.74508507265944], [-68.81249744243516, 45.74498521342746], [-68.81232134078073, 45.744859567522695], [-68.81217674907269, 45.744777658742876], [-68.81185580849966, 45.744644402964965], [-68.81180284279272, 45.74463369590642], [-68.81153463243058, 45.74458158619085]]}}, {"type": "Feature", "properties": {"depth_ft": 20}, "geometry": {"type": "LineString", "coordinates": [[-68.81247932298479, 45.75039680194707], [-68.81215832433534, 45.75027105729174], [-68.81183692319179, 45.75026552436953], [-68.81151529528594, 45.75032737976768], [-68.81119363822425, 45.750397671526706], [-68.81087202951903, 45.75045340664938], [-68.81065106813098, 45.75048227726135], [-68.81055041107646, 45.75051183058225], [-68.81022879024788, 45.7505707604342], [-68.80990724624823, 45.75060685879759], [-68.80958570308258, 45.7506425899185], [-68.80926409888939, 45.75069611711007], [-68.80923272865974, 45.750704936436534], [-68.80926374981618, 45.75079859850691], [-68.80939693813514, 45.75093022899113], [-68.80958467508243, 45.750944900340315], [-68.80990611411262, 45.75094035628959], [-68.81008501075681, 45.75093137477335], [-68.8102276436546, 45.75090908945262], [-68.81054920162421, 45.75086931402049], [-68.81087071655212, 45.75084214682195], [-68.8111922173838, 45.75081906768291], [-68.81151372443347, 45.750794062493455], [-68.81183525602061, 45.75076166960873], [-68.81215682816834, 45.75071707454061], [-68.81220028203569, 45.750709852685866], [-68.8124787168864, 45.750577793638904], [-68.81263277101431, 45.75048554423399], [-68.81247932298479, 45.75039680194707]]}}, {"type": "Feature", "properties": {"depth_ft": 20}, "geometry": {"type": "LineString", "coordinates": [[-68.78220273722057, 45.76660825975128], [-68.78188181477785, 45.76645658763176], [-68.78156049272448, 45.76640774415669], [-68.78123857140123, 45.7665123554796], [-68.78111290257056, 45.76663081790783], [-68.78110491043887, 45.766855820477], [-68.78121969536421, 45.76708105819649], [-68.78123626668584, 45.76710195994049], [-68.7815021790445, 45.76730661661005], [-68.78155685061925, 45.76734085483496], [-68.78187824978701, 45.76737128593533], [-68.78199651317375, 45.76730756087045], [-68.78220059826793, 45.767157879050146], [-68.78224600961055, 45.767083018776006], [-68.7823092660777, 45.76685812144308], [-68.78223480465394, 45.76663296167018], [-68.78220273722057, 45.76660825975128]]}}, {"type": "Feature", "properties": {"depth_ft": 20}, "geometry": {"type": "LineString", "coordinates": [[-68.76580375097684, 45.767037011394656], [-68.76548227786726, 45.76702676719718], [-68.7653028488503, 45.76704947190492], [-68.76516056384224, 45.767073963491065], [-68.7648387891203, 45.767135475390205], [-68.76451707353195, 45.767182765558275], [-68.7641953716811, 45.76722666624457], [-68.7639502654345, 45.76727170341307], [-68.76387354041452, 45.76730111988364], [-68.76356889637148, 45.76749593274959], [-68.76355998764375, 45.76772093216756], [-68.76382468813401, 45.76794649746645], [-68.76387071359078, 45.76797108934475], [-68.76419197395174, 45.76803304106888], [-68.76451348191345, 45.7680363203637], [-68.76483509660385, 45.76801421019154], [-68.76515676538946, 45.767979148627695], [-68.765327662449, 45.767949594298464], [-68.76547853671632, 45.76791952189502], [-68.76580058386432, 45.76779382259306], [-68.76588472402113, 45.767725719241675], [-68.76607073313045, 45.76750108237425], [-68.7661065620908, 45.76727613786381], [-68.76584297769121, 45.76705058011279], [-68.76580375097684, 45.767037011394656]]}}, {"type": "Feature", "properties": {"depth_ft": 20}, "geometry": {"type": "LineString", "coordinates": [[-68.82335292780493, 45.76773120019006], [-68.82348358953455, 45.7678292219221], [-68.82367343851244, 45.76805153178424], [-68.82367476288498, 45.76805453492383], [-68.82375268929503, 45.768279672964645], [-68.82380870799444, 45.768504777162654], [-68.82385067029328, 45.76872985965461], [-68.823883419127, 45.76895492792101], [-68.82390891168139, 45.76917998498614], [-68.82392514079416, 45.769405027761806], [-68.8239248397737, 45.769630045053965], [-68.82389789227611, 45.76985502127096], [-68.82383877136179, 45.77007994787278], [-68.8237514611769, 45.77030483095528], [-68.82366576406211, 45.770487097554366], [-68.82364229515825, 45.77052968022975], [-68.82350183205232, 45.77075448104975], [-68.82334269470493, 45.770972854529255], [-68.82333265542302, 45.77097923729463], [-68.82302063608464, 45.77113726607116], [-68.82269933220952, 45.771062880929485], [-68.82258050300652, 45.77097807183062], [-68.8223784846543, 45.77084500811681], [-68.8222828276035, 45.77075259151019], [-68.82205790786814, 45.77054277109811], [-68.82204384442528, 45.770527201833005], [-68.82184856602291, 45.77030187979988], [-68.8217376002508, 45.77015712468864], [-68.82168033654413, 45.770076599641804], [-68.82156258845598, 45.769851398075325], [-68.82149450817255, 45.7696262739855], [-68.82146736961448, 45.76940121382665], [-68.82146575462635, 45.7691761935373], [-68.82147964114301, 45.76895119746018], [-68.82150794192512, 45.76872622389119], [-68.82155663360474, 45.76850128215386], [-68.82163789429167, 45.76827639123344], [-68.82174417666364, 45.76809260384761], [-68.82178831889439, 45.76805160814469], [-68.82206640282838, 45.76787115703929], [-68.82220522431987, 45.76782723982703], [-68.8223882262907, 45.76777579262321], [-68.82270993868325, 45.76771514205855], [-68.82303156052963, 45.767682904632345], [-68.82335292780493, 45.76773120019006]]}}, {"type": "Feature", "properties": {"depth_ft": 30}, "geometry": {"type": "LineString", "coordinates": [[-68.79708069348443, 45.74224095169299], [-68.79675946625359, 45.74220059575374], [-68.79643792752744, 45.74224608000071], [-68.79611628436409, 45.74232011280096], [-68.7959795855961, 45.742356348678705], [-68.79579459317972, 45.74240708426582], [-68.79547286895527, 45.7425028304753], [-68.79523248796592, 45.742580031003484], [-68.79515111020586, 45.74260771601275], [-68.7948293271271, 45.742718914338916], [-68.79456300465077, 45.7428038480166], [-68.79450756927615, 45.74282288768833], [-68.79418590684462, 45.74290056751242], [-68.79386436500482, 45.74294523721304], [-68.79354289900157, 45.7429691932678], [-68.79322137631254, 45.74300842969145], [-68.79317117032308, 45.74302635574942], [-68.79289960217538, 45.743115549943674], [-68.79270083535265, 45.74325052216826], [-68.79257745351256, 45.74332347244578], [-68.79243056050942, 45.743475050272146], [-68.79225494925355, 45.743626622450485], [-68.79219974939079, 45.743699649509324], [-68.79200716307277, 45.74392431786357], [-68.79193217806439, 45.74400068610569], [-68.7918301471748, 45.7441490142545], [-68.79165031983574, 45.74437370523568], [-68.79160923340206, 45.744420212795916], [-68.79149139279977, 45.744598434068884], [-68.7913186548089, 45.74482313744799], [-68.79128620151768, 45.74486184408177], [-68.79115927704119, 45.745047864978474], [-68.79098837001486, 45.745272571187456], [-68.79096314880346, 45.745307687969415], [-68.79084623634212, 45.74549732980785], [-68.79074196405469, 45.745722157592134], [-68.79069542249762, 45.74594709104448], [-68.79070322860849, 45.74617212403816], [-68.79073900903865, 45.746397208261534], [-68.79078025160948, 45.74662230246699], [-68.79081742482836, 45.746847389198386], [-68.79084850852968, 45.747072464761665], [-68.79087409784809, 45.7472975302511], [-68.79089541330022, 45.74752258790413], [-68.79091346978561, 45.74774763958042], [-68.7909289488639, 45.74797268652869], [-68.79094258504152, 45.74819773009394], [-68.79095176224469, 45.74835823983275], [-68.79095667961235, 45.748422774487345], [-68.79097398705653, 45.748647824748], [-68.7909913470812, 45.748872875093305], [-68.7910084568345, 45.749097924969305], [-68.79102494111315, 45.749322973689814], [-68.79104064803508, 45.74954802097736], [-68.79105558599744, 45.7497730668476], [-68.79106980789821, 45.749998111397595], [-68.7910833606828, 45.750223154713424], [-68.79109619603449, 45.75044819670701], [-68.79110779821062, 45.750673236435645], [-68.79111631318895, 45.75089827051019], [-68.79111772632734, 45.75112329159182], [-68.79110681343155, 45.75134829012955], [-68.79108035752877, 45.75157326023756], [-68.79103969751333, 45.7517982043538], [-68.7909896574228, 45.752023131287906], [-68.7909372738748, 45.75223908070188], [-68.79093552384475, 45.752248050701084], [-68.79089295966835, 45.7524729912543], [-68.79084985702353, 45.75269793079711], [-68.79080497732421, 45.752922867061145], [-68.79075794740343, 45.753147799360924], [-68.79070927984453, 45.753372728632726], [-68.79065892715197, 45.753597654787434], [-68.79060999367341, 45.75380320038854], [-68.79060613917588, 45.75382257644805], [-68.7905604737921, 45.75404751113189], [-68.79051020158376, 45.75427243734205], [-68.79045501731511, 45.75449735451264], [-68.79039433393143, 45.75472226155959], [-68.79032514228952, 45.75494715295201], [-68.79028382746179, 45.755064996143446], [-68.79024512180732, 45.755172024414286], [-68.79014722033642, 45.75539686297127], [-68.79001282243934, 45.755621634365895], [-68.78996002765416, 45.75569208388539], [-68.78979006654971, 45.75584624306555], [-68.78963758357092, 45.75595642245747], [-68.78934402224964, 45.756070439859656], [-68.78931566087775, 45.75608139995112], [-68.78899392192503, 45.75615724429079], [-68.78867230325399, 45.756200992044185], [-68.78835080536324, 45.75621265779506], [-68.78802950598129, 45.75617185782546], [-68.78777022777602, 45.756067527388254], [-68.78770857548635, 45.75603389753033], [-68.7874421294484, 45.75584189917307], [-68.78738807691607, 45.75578261591786], [-68.78715795000876, 45.75561635182934], [-68.78706761204481, 45.755523229024426], [-68.78674644186228, 45.75544979285401], [-68.78642440152443, 45.755604682416255], [-68.78641385660538, 45.75561496327076], [-68.78617178441638, 45.75583952880681], [-68.78610177024088, 45.75591378168527], [-68.78599075509315, 45.75606420817495], [-68.78592114485835, 45.75628909606505], [-68.7860996648056, 45.756464856692006], [-68.78616311554131, 45.75651456747021], [-68.78642060105402, 45.75660091634793], [-68.78674163408952, 45.756711976533616], [-68.78681099799729, 45.75674079646], [-68.7870626824156, 45.756819351208755], [-68.78732359237219, 45.756966770021485], [-68.78738344412139, 45.75700252028632], [-68.78755529250971, 45.75719221933263], [-68.78769423958458, 45.75741749585297], [-68.78770325814968, 45.75743614977178], [-68.7877781277144, 45.757642669941035], [-68.78783658083601, 45.757867796730906], [-68.7878802100336, 45.7580928959619], [-68.78791550533137, 45.75831797969808], [-68.78794621542009, 45.75854305490465], [-68.787973819562, 45.75876812433035], [-68.78799898668512, 45.758993189218664], [-68.7880181391248, 45.75917384568738], [-68.78802318317013, 45.759218252291724], [-68.78804869450788, 45.75944331778986], [-68.78807342555716, 45.759668381826096], [-68.78809561396373, 45.75989344113242], [-68.78811083365196, 45.760118487502226], [-68.78811280344925, 45.760343509290145], [-68.78809669297462, 45.760568497538436], [-68.78806274264059, 45.760793452685405], [-68.78801609820073, 45.76101838426238], [-68.78801107285517, 45.76103980788824], [-68.78796596194842, 45.761243309331505], [-68.78791426763581, 45.76146823147771], [-68.78786210537774, 45.761693152722856], [-68.78780974348885, 45.7619180735646], [-68.78775719978773, 45.76214299403578], [-68.78770436417021, 45.76236791393154], [-68.78768422906646, 45.7624535195244], [-68.7876533644487, 45.762592837206064], [-68.78760381101486, 45.76281776313754], [-68.78755442765605, 45.76304268935491], [-68.78750513171138, 45.76326761570467], [-68.787455701677, 45.76349254177487], [-68.78740601026455, 45.7637174673285], [-68.78735709987386, 45.763937973524605], [-68.78735622462708, 45.76394239267632], [-68.78731248449755, 45.76416732924736], [-68.78726906123126, 45.76439226638277], [-68.7872258746962, 45.76461720393366], [-68.78718297863682, 45.76484214200044], [-68.78714037812234, 45.76506708059286], [-68.78709806174358, 45.76529201968997], [-68.7870562368394, 45.76551695967855], [-68.78702902270365, 45.76566695281297], [-68.78701783015767, 45.76574190601477], [-68.78698572651281, 45.7659668640804], [-68.78695590342649, 45.7661918263805], [-68.78692975133895, 45.7664167955098], [-68.78690791440704, 45.766641772672166], [-68.7868894631418, 45.766866756136416], [-68.78687258832935, 45.76709174252942], [-68.78685562996904, 45.76731672875521], [-68.78683777352144, 45.767541713294115], [-68.78681920442371, 45.7677666964917], [-68.78680052255734, 45.76799167946696], [-68.78678216980018, 45.76821666304446], [-68.7867645727185, 45.768441648020435], [-68.78674833148371, 45.76866663551541], [-68.78673376713792, 45.76889162612918], [-68.78672052879365, 45.76911661920741], [-68.78670798124885, 45.7693416135648], [-68.78669578620492, 45.769566608569995], [-68.78669240930405, 45.7696301038291], [-68.78668511187243, 45.769791606404155], [-68.78667520562824, 45.77001660566246], [-68.78666549966117, 45.770241605285], [-68.78665569853005, 45.770466604720134], [-68.78664520235678, 45.77069160284769], [-68.78663320900469, 45.77091659816957], [-68.78661919945385, 45.771141589715995], [-68.78660335158233, 45.771366577818455], [-68.7865864566291, 45.77159156395408], [-68.78656959402585, 45.77181655013877], [-68.78655377636163, 45.772041538264155], [-68.7865394462779, 45.77226652915765], [-68.78652616653397, 45.77249152200286], [-68.78651296704608, 45.772716514987586], [-68.78649904908188, 45.772941506619404], [-68.7864843261334, 45.77316649673636], [-68.78646967049269, 45.773391486968336], [-68.78645660998744, 45.77361648017079], [-68.786446257875, 45.773841478425034], [-68.78643831538764, 45.77406648117334], [-68.78643121958683, 45.77429148549482], [-68.78642315603447, 45.774516487998014], [-68.78641318730143, 45.77474148693036], [-68.78640236714445, 45.774966484261284], [-68.78639413833076, 45.77519148642684], [-68.78639298751919, 45.77541650181553], [-68.7864035045898, 45.77564153900803], [-68.78643806098407, 45.775866621125395], [-68.78654350192862, 45.77609183567114], [-68.78666736198316, 45.77619991869527], [-68.78694641866237, 45.77631760518979], [-68.78698844371517, 45.776327813412145], [-68.78730987076166, 45.77636526221707], [-68.78763135171448, 45.77638862328021], [-68.78795284316516, 45.77640928538542], [-68.78827433599997, 45.776429644447205], [-68.78859584412015, 45.776446020249196], [-68.78891741277432, 45.77644640173986], [-68.78923912603449, 45.77640839891561], [-68.78951610798119, 45.776322367896356], [-68.78956110514781, 45.7762996013473], [-68.7898098125605, 45.77609789107019], [-68.78988371937076, 45.776021362337794], [-68.78999907576771, 45.775873221570535], [-68.79016481204017, 45.775648508543966], [-68.790206899336, 45.775591394186016], [-68.79032701028714, 45.77542378877574], [-68.79049477318597, 45.77519907897205], [-68.79053010411658, 45.775153467952926], [-68.790691854483, 45.77497442262497], [-68.79085294466098, 45.77481162262453], [-68.790931833467, 45.77474984443081], [-68.79117538467985, 45.77457603023221], [-68.79125656127259, 45.77452542058662], [-68.79149765983459, 45.77438394836689], [-68.79162351502143, 45.7743010728275], [-68.7918199930941, 45.77417565484584], [-68.79194868293305, 45.774076647801685], [-68.7921424625207, 45.77393006109942], [-68.79223395532526, 45.77385214930321], [-68.79246502808482, 45.77365778432496], [-68.79249969014951, 45.773627614604024], [-68.79276077629287, 45.773403070846555], [-68.79278760985021, 45.773380283798815], [-68.79303033612747, 45.77317854183356], [-68.79311015054496, 45.773113023953705], [-68.7933119623572, 45.77295403400418], [-68.79343263726298, 45.772859548955914], [-68.7936078981988, 45.772729551321284], [-68.79375506797105, 45.77262047547277], [-68.79392829415968, 45.772505111981246], [-68.79407740362994, 45.77240647940109], [-68.79432909114155, 45.77228081648878], [-68.79439953647264, 45.77224700820034], [-68.79472132631464, 45.77218053076177], [-68.79504273741597, 45.77221724296212], [-68.79521467380955, 45.77228240715504], [-68.79536384989663, 45.77233572321322], [-68.79568476765438, 45.772507902580486], [-68.79568530712528, 45.77250826735585], [-68.79600553729672, 45.77272124959818], [-68.79602063959827, 45.772733884143065], [-68.79628819864834, 45.77295937912324], [-68.79632610234628, 45.7729914732304], [-68.79649315424007, 45.77318476198103], [-68.79664628694223, 45.773367228503005], [-68.7966729196954, 45.773410099638006], [-68.79680950162687, 45.77363536021611], [-68.79694108081337, 45.7738606117312], [-68.79696589173149, 45.773903947337345], [-68.7970508714368, 45.77408582438634], [-68.79715318485539, 45.77431102365267], [-68.797252548969, 45.774536217585016], [-68.79728488600297, 45.77461085833877], [-68.79734502672015, 45.77476139920816], [-68.79743349099535, 45.774986573632134], [-68.79752078711516, 45.77521174590856], [-68.7976034943213, 45.77542667771865], [-68.79760745696203, 45.77543691699996], [-68.79769470601893, 45.7756620890422], [-68.7977833801459, 45.775887263530976], [-68.79787823258397, 45.77611244887148], [-68.79792225335916, 45.77620333044067], [-68.79799290296246, 45.776337669163745], [-68.79813385790544, 45.776562935773164], [-68.79824199099305, 45.776711073158495], [-68.79831011327616, 45.77678826451762], [-68.79852433222801, 45.77701365992974], [-68.79856233302516, 45.777052565469255], [-68.79882279836836, 45.77723920329766], [-68.7988830760877, 45.777283589681325], [-68.79920424925031, 45.77739551994933], [-68.79952583332425, 45.77739314008608], [-68.79984769496652, 45.77731316975038], [-68.8000549012392, 45.77724136603866], [-68.80016967357044, 45.77720019698182], [-68.80049166563077, 45.77708308594346], [-68.80071220706768, 45.77701749692647], [-68.8008135898238, 45.776984657751825], [-68.8011352978378, 45.77694672685329], [-68.80136277011601, 45.77701862977396], [-68.80145649566809, 45.77705243145955], [-68.80163300138632, 45.77724411671039], [-68.80177670485621, 45.77743750317621], [-68.80179206508835, 45.77746941020708], [-68.80189279916993, 45.777694602353556], [-68.8019842281169, 45.77791977827638], [-68.80206917296898, 45.77814494288487], [-68.8020955223134, 45.77821723024964], [-68.80214585435434, 45.778370093112265], [-68.80221864894315, 45.77859523655129], [-68.80229010063411, 45.778820377611275], [-68.80236062975816, 45.779045517021835], [-68.80241357679367, 45.779215478567274], [-68.80243052905787, 45.77927065529086], [-68.80249967035073, 45.779495792197935], [-68.8025684431132, 45.77972092841742], [-68.80263702952166, 45.779946064264664], [-68.80270556812985, 45.780171199979264], [-68.80273149300109, 45.78025613816957], [-68.80277452396248, 45.78039633636398], [-68.80284349215984, 45.780621472719474], [-68.8029122967096, 45.7808466087421], [-68.8029809717068, 45.781071744490966], [-68.80304934991725, 45.78129687967802], [-68.80304941986576, 45.781297111929945], [-68.8031186093622, 45.78152201633369], [-68.80318835351, 45.781747153773324], [-68.8032624723038, 45.781972298694], [-68.80334821095644, 45.782197463557196], [-68.8033677021354, 45.78224033357228], [-68.80346265466848, 45.782422677726224], [-68.8036077538911, 45.782647944467314], [-68.803687498733, 45.78275513760858], [-68.80379091728754, 45.782873276386205], [-68.8040010737527, 45.78309865430913], [-68.80400787658033, 45.783105738122224], [-68.80426073717949, 45.78332411665814], [-68.80432851866851, 45.78338195165722], [-68.80457288131981, 45.78354966818194], [-68.8046493583131, 45.78360250698018], [-68.80495899171817, 45.7837753451282], [-68.80497034418829, 45.78378185024079], [-68.80529145969237, 45.783924547371306], [-68.80554278718019, 45.78400135736977], [-68.8056127296819, 45.784023265314076], [-68.80593423168843, 45.784055440930935], [-68.80624067468615, 45.78400254296635], [-68.80625603764483, 45.78399997710562], [-68.8065781431994, 45.783857694276264], [-68.80670280887084, 45.78377830851709], [-68.80690043427273, 45.78366120023386], [-68.80707250249577, 45.7835539161414], [-68.80722271086994, 45.78346824856949], [-68.80754478140327, 45.78333453779774], [-68.8075677792133, 45.783329734133055], [-68.80786660420482, 45.78327249680125], [-68.8081882750913, 45.78325454640193], [-68.80850989941386, 45.78325013662246], [-68.80883149305572, 45.783254688637896], [-68.80915294528123, 45.78330070176931], [-68.80922900552477, 45.78333251984174], [-68.8094741128987, 45.78343042233556], [-68.80964990255848, 45.78355823901878], [-68.80979492931631, 45.78366385534858], [-68.80991742724441, 45.7837837015883], [-68.81011544141164, 45.783987715939], [-68.81013489867163, 45.78400908035981], [-68.81033093574763, 45.784234423129654], [-68.81043578482468, 45.78436243938184], [-68.81052056740502, 45.78445975493203], [-68.81070219884464, 45.7846850731567], [-68.81075607219657, 45.7847549916166], [-68.81089063965283, 45.78491040235388], [-68.81106469524636, 45.78513570744532], [-68.81107635291583, 45.78515084161875], [-68.81126282633755, 45.78536105203364], [-68.81139676059738, 45.78551038396461], [-68.81148218021097, 45.78558643128689], [-68.81171758920706, 45.785746114458696], [-68.81186386789325, 45.785812077518365], [-68.81203881446193, 45.78586462756169], [-68.81236022795267, 45.78592744097002], [-68.81268166656474, 45.785982969370885], [-68.81296351798478, 45.78603889998264], [-68.81300308059424, 45.786046040776355], [-68.81332449089098, 45.78611044758017], [-68.81364592155413, 45.78616896423192], [-68.81396743199416, 45.78620369964452], [-68.81428904994564, 45.786206178103164], [-68.81461075783585, 45.786181532971874], [-68.81493251270318, 45.786142605670975], [-68.81525427651299, 45.78610083559239], [-68.81557602311996, 45.78606413651438], [-68.81584226725616, 45.78604357605723], [-68.81589773128674, 45.786038986625], [-68.81621938103872, 45.78603152519585], [-68.81654096396716, 45.78604440868422], [-68.8165438750608, 45.78604470471596], [-68.81686249383274, 45.786073541935245], [-68.81718398309714, 45.78611519836104], [-68.81750544458292, 45.78616551449442], [-68.81782689343918, 45.78621988536835], [-68.81814835396833, 45.78627085846768], [-68.81816054774745, 45.7862723061157], [-68.81846985963168, 45.786308106804846], [-68.81879143512252, 45.78632393623449], [-68.81911309007613, 45.78631525351557], [-68.81943481654324, 45.78628438977378], [-68.81950879617595, 45.78627444383762], [-68.8197565882987, 45.78623936345284], [-68.82007836674047, 45.78619209761736], [-68.82040012916494, 45.78614965010219], [-68.82072187838706, 45.78611116871499], [-68.82104363167558, 45.78607127806418], [-68.8211839213421, 45.78605206057909], [-68.82136540271928, 45.78602568478493], [-68.82168718173418, 45.78597742673601], [-68.82200895233677, 45.785931637385744], [-68.82233071144864, 45.78588929920767], [-68.82265246466038, 45.78584866797657], [-68.8227940171801, 45.78582955191862], [-68.82297423416853, 45.78580274043554], [-68.82329606016509, 45.78573876659231], [-68.8236180268473, 45.78562994983054], [-68.8236615943018, 45.78560587703722], [-68.82394038948763, 45.78539495166573], [-68.82395313869497, 45.78538130948418], [-68.82409828580255, 45.78515651589527], [-68.82418627447176, 45.78493163417667], [-68.82424037174272, 45.78470670025318], [-68.82426462036344, 45.784564507180825], [-68.82427789556914, 45.78448174080781], [-68.82430874812785, 45.78425677108339], [-68.82433782978771, 45.7840317986192], [-68.8243661836433, 45.783806825020015], [-68.82439423814365, 45.78358185094483], [-68.8244221947508, 45.78335687670346], [-68.82445016225465, 45.78313190246312], [-68.82447840571041, 45.78290692863097], [-68.824507313629, 45.782681955803525], [-68.82453701066308, 45.7824569841717], [-68.82456722487942, 45.78223201331737], [-68.82459417872329, 45.7820321730356], [-68.82459800783836, 45.782007043319275], [-68.82463218788693, 45.78178207851799], [-68.82466699013075, 45.78155711465237], [-68.8247006708687, 45.781332149046676], [-68.82473064733904, 45.78110717774002], [-68.82475577812605, 45.78088219898471], [-68.82477772317458, 45.78065721532956], [-68.82479927949223, 45.78043223106525], [-68.82482215470044, 45.78020724881006], [-68.82484670809124, 45.77998226911401], [-68.82487283012524, 45.77975729180812], [-68.82490038409726, 45.77953231668179], [-68.82492418690823, 45.779346466227025], [-68.82492959009224, 45.77930734407123], [-68.82496142970923, 45.77908237547892], [-68.82499358095004, 45.778857407346166], [-68.82502614664129, 45.77863243983018], [-68.82505917171062, 45.77840747299942], [-68.82509270964889, 45.77818250693532], [-68.8251267811151, 45.77795754166908], [-68.82516130922315, 45.77773257708257], [-68.82519618613448, 45.77750761301038], [-68.82523134955832, 45.777282649356934], [-68.82525264308025, 45.77714736955815], [-68.82526697738219, 45.77705768639399], [-68.82530311627492, 45.77683272419247], [-68.82534028148046, 45.776607763539516], [-68.82538143350571, 45.77638280895862], [-68.82543261280718, 45.77615786967443], [-68.82549976298472, 45.7759329547509], [-68.82557869289896, 45.775711788140406], [-68.82558007869417, 45.77570805987749], [-68.82565367914088, 45.77548315469223], [-68.8256975746238, 45.775258204139384], [-68.8257019674723, 45.77503319330755], [-68.82567721676966, 45.77480813800642], [-68.82563923336573, 45.774583062498415], [-68.82559730216472, 45.77435798094306], [-68.82558314570197, 45.774283446394584], [-68.82555265696766, 45.774132895219765], [-68.82550628448585, 45.77390780683223], [-68.82545897616843, 45.77368271698735], [-68.82541043696285, 45.77345762523314], [-68.82536003773689, 45.77323253060644], [-68.82530691593833, 45.77300743178597], [-68.82526608334368, 45.77284402093488], [-68.82524387700344, 45.7727823177642], [-68.8251548337097, 45.77255716390817], [-68.82505299977144, 45.77233199039004], [-68.8249467804405, 45.772125964177995], [-68.82486420778594, 45.77210668351534], [-68.82462543819722, 45.772061193915114], [-68.82458437855854, 45.77210625424837], [-68.82434722415871, 45.77233090755859], [-68.82430293345097, 45.77236688608196], [-68.82416135607733, 45.77255563930687], [-68.82398016311217, 45.77275588352956], [-68.82395149962194, 45.772780333785384], [-68.82365790953882, 45.772979486400075], [-68.8233363523596, 45.772981711658446], [-68.82301527146704, 45.77283335255059], [-68.82294407312587, 45.7727787771069], [-68.822694468321, 45.77259787984112], [-68.82264584134272, 45.77255329694223], [-68.82239571971284, 45.77232789078311], [-68.8223738386416, 45.7723086127729], [-68.8221716197722, 45.77210252456981], [-68.82205332842017, 45.77198282339541], [-68.82195634962049, 45.77187717166732], [-68.82175040880573, 45.771651832904915], [-68.82173289969788, 45.771632622193714], [-68.82154879704883, 45.77142650052358], [-68.82141250685319, 45.77127243412759], [-68.82134703450072, 45.771201167541676], [-68.82114301397841, 45.77097583065989], [-68.82109209674381, 45.7709189337549], [-68.82092356043015, 45.77075046921763], [-68.82077160040889, 45.77059361599068], [-68.82068497469292, 45.7705250773206], [-68.8204509262576, 45.77032487603765], [-68.82039803965812, 45.77029960892631], [-68.82012996743477, 45.77014565609991], [-68.81980853102202, 45.7701153905323], [-68.81948670877648, 45.77020483974933], [-68.81928873175015, 45.77029785982122], [-68.81916471670984, 45.77034652036593], [-68.81884271766074, 45.77048985375575], [-68.8187697470235, 45.77052205553459], [-68.81852074696923, 45.77062393429954], [-68.8181988555195, 45.770733149405025], [-68.81810936326963, 45.77074602387235], [-68.8178771723334, 45.770777989239804], [-68.8177327943912, 45.77074542378082], [-68.81755587432704, 45.77070453275478], [-68.81731039235481, 45.77051973145967], [-68.81723514758868, 45.770456427565016], [-68.81712299667791, 45.770294413951845], [-68.81700902273157, 45.77006921374058], [-68.81695486064787, 45.76984410924302], [-68.81695755952364, 45.769619095816914], [-68.81699770596157, 45.769394142366295], [-68.81705540460031, 45.769169216997874], [-68.81711906733685, 45.76894430113777], [-68.81718440768297, 45.76871938791757], [-68.81724145387197, 45.76852550620663], [-68.81725433907948, 45.76849448199426], [-68.81734741876078, 45.76826961302654], [-68.81743973010352, 45.76804474274653], [-68.81753233984038, 45.76781987285965], [-68.81756553930173, 45.76773995578377], [-68.81766415006291, 45.76759506545295], [-68.81781599866592, 45.76737028983842], [-68.81788860909077, 45.76726371522623], [-68.81803620205696, 45.76714562289392], [-68.81821097081998, 45.76700375914113], [-68.81839762687818, 45.76692118006269], [-68.81853295575485, 45.766859083107775], [-68.81885472775583, 45.76677967873868], [-68.81917631406043, 45.766757465003245], [-68.81949777107425, 45.76677525901167], [-68.81970017883219, 45.76669822506626], [-68.81981969002594, 45.766649635544404], [-68.81995241455436, 45.766473604945915], [-68.82014233742966, 45.76629689190068], [-68.82018459308358, 45.7662489526963], [-68.82046464148137, 45.76604991166088], [-68.82051398664801, 45.76602445272179], [-68.82078659016896, 45.765913019506286], [-68.82110836160695, 45.76583108762898], [-68.82127404478501, 45.765800626263164], [-68.82143006736283, 45.7657694463113], [-68.82175176053643, 45.76571153302234], [-68.82207346310194, 45.76565045596367], [-68.82238031085211, 45.765577333464854], [-68.82239521917259, 45.76557229678884], [-68.82271726206548, 45.76540330470469], [-68.82278143724135, 45.765352938418246], [-68.82284993459332, 45.76512802671492], [-68.8228020802858, 45.76490293457497], [-68.82273346490122, 45.76467781019779], [-68.82271970683047, 45.76463148099484], [-68.82267181770786, 45.76445269658534], [-68.82262471490515, 45.764227605510634], [-68.8225882145902, 45.764002530871004], [-68.82255760367791, 45.763777465357215], [-68.82252987601083, 45.763552404304775], [-68.82250350237258, 45.76332734534014], [-68.82247797792941, 45.76310228767993], [-68.82245338155252, 45.76287723144724], [-68.82242995756584, 45.76265217702239], [-68.82240784473765, 45.76242712462181], [-68.82240528445564, 45.76240021931299], [-68.82238293560441, 45.762202067861104], [-68.8223589441971, 45.76197701251289], [-68.82233569104301, 45.761751958298674], [-68.8223122710304, 45.76152690381135], [-68.82228819686081, 45.76130184829283], [-68.8222637223749, 45.76107679213763], [-68.82223948113958, 45.760851736331155], [-68.82221583903001, 45.76062668144285], [-68.82219218811902, 45.76040162652707], [-68.82216529970292, 45.76017656655852], [-68.82212623502281, 45.75995148761949], [-68.8220919402028, 45.7598375313479], [-68.82204987970874, 45.75972635058561], [-68.82189607040108, 45.7595010927823], [-68.82177189267999, 45.75938928872883], [-68.82156771539074, 45.75927556231175], [-68.82145093599297, 45.75922769928195], [-68.82112973638817, 45.7591427141407], [-68.8208084955829, 45.75907090473226], [-68.82073050292003, 45.75904923362024], [-68.82048732472488, 45.75897753938264], [-68.82018295963299, 45.75882335503319], [-68.82016638462451, 45.75881267446604], [-68.81993310337387, 45.758597943351745], [-68.81984594879454, 45.7584916992121], [-68.81975235323978, 45.75837264015547], [-68.81959799387197, 45.75814737833623], [-68.81952595386569, 45.758035096775984], [-68.81943690187201, 45.757922105659844], [-68.81926542630724, 45.75769681632273], [-68.81920583533322, 45.75761838110089], [-68.81906142610191, 45.75747147521725], [-68.81888547253418, 45.75727864016738], [-68.81884259882457, 45.757246110230604], [-68.8185864122136, 45.75702068550364], [-68.81856491650365, 45.75699972135996], [-68.81824411466101, 45.756797500576845], [-68.81818487334347, 45.75679502898779], [-68.81792272849931, 45.75677565776024], [-68.81790604440897, 45.75679458494942], [-68.81782982467205, 45.75701948170645], [-68.81781730069923, 45.75724447998496], [-68.81782453617701, 45.75746950976026], [-68.81784041720944, 45.757694553310195], [-68.81786101064243, 45.75791960436126], [-68.81788507834378, 45.75814466093745], [-68.81791211221314, 45.758369722226796], [-68.81791741612388, 45.75840902576792], [-68.81794157850909, 45.75859478737673], [-68.81797113090279, 45.758819852647335], [-68.81800022233196, 45.759044917167095], [-68.81802700781793, 45.75926997799795], [-68.81804690312424, 45.75949502784126], [-68.81805328848834, 45.75972005615924], [-68.81804113520988, 45.75994505494586], [-68.8180109243576, 45.76017002496147], [-68.81796815403996, 45.760394974951396], [-68.81791886780178, 45.76061991453278], [-68.81791010062915, 45.76065805132586], [-68.81786456495296, 45.76084484608723], [-68.81780871706059, 45.76106977514334], [-68.8177520399768, 45.761294702840694], [-68.81769428281117, 45.76151962877773], [-68.81763497781449, 45.761744552206245], [-68.81758447423609, 45.761930618277326], [-68.81757150180579, 45.76196946893554], [-68.81749523276423, 45.762194365186915], [-68.81741581934122, 45.762419256353816], [-68.81733217492028, 45.76264414069247], [-68.81726006023277, 45.76282727335973], [-68.81723330955343, 45.76286900061451], [-68.81708150800698, 45.7630937757069], [-68.81693706498875, 45.76328695219152], [-68.81687647204075, 45.76331846528071], [-68.81661505140802, 45.76344539300202], [-68.81629352159626, 45.76345588383814], [-68.81597224395676, 45.76338964028964], [-68.81582452907075, 45.76331677445527], [-68.81565133919922, 45.76321041305312], [-68.81556141736641, 45.76309133202412], [-68.81544302735658, 45.76286612283552], [-68.81536856041832, 45.76264098450037], [-68.81533229501252, 45.76246786940797], [-68.81532461094682, 45.76241589543767], [-68.81530150529001, 45.76219084004547], [-68.81528685140186, 45.76196579830351], [-68.81527811568603, 45.761740766118976], [-68.81527360850477, 45.7615157407615], [-68.81527208214084, 45.76129072021432], [-68.81527259140209, 45.76106570294938], [-68.81527449855245, 45.7608406879356], [-68.81527738740685, 45.76061567450006], [-68.8152811303684, 45.760390662436386], [-68.81528626403825, 45.760165652612024], [-68.81529440736854, 45.75994064764393], [-68.81530790749314, 45.75971565132557], [-68.81532826233727, 45.759490666076175], [-68.81534251595444, 45.75936960349685], [-68.8153546164777, 45.75926569050964], [-68.8153847707275, 45.75904072106841], [-68.8154172273809, 45.75881575532994], [-68.81545146921172, 45.75859079245682], [-68.81548796554056, 45.75836583320539], [-68.81552773281005, 45.758140879214565], [-68.81557215250118, 45.75791593271086], [-68.81562312810749, 45.757690996760566], [-68.81567009925699, 45.75751360665478], [-68.81568563848121, 45.75746607938673], [-68.8157735661298, 45.7572412029554], [-68.81588570668002, 45.75701636546714], [-68.81599376465535, 45.75684301701606], [-68.81604053206102, 45.7567915965931], [-68.81627354384916, 45.75656695325258], [-68.81631625489327, 45.75652823853837], [-68.81659198120099, 45.756342446588086], [-68.81663844866162, 45.75630287214855], [-68.81689721520662, 45.756117917869], [-68.81693072056618, 45.75589295326633], [-68.81671291779952, 45.75566758577877], [-68.81664064504109, 45.75563224093636], [-68.81631980427915, 45.755446385066186], [-68.81631347484895, 45.75544192599333], [-68.81599888776088, 45.75528422778767], [-68.8158967975441, 45.75521623703346], [-68.81567814353144, 45.755070301705764], [-68.81558215371125, 45.75499071127998], [-68.81535768877941, 45.754769340626666], [-68.81535375779083, 45.75476532406645], [-68.81515672999794, 45.7545399871389], [-68.8150375038732, 45.75438773679454], [-68.81497136420431, 45.75431466874881], [-68.81477630818294, 45.75408933434027], [-68.81471728060134, 45.75401904295178], [-68.81455431631423, 45.753863955874046], [-68.81439685997658, 45.753711154375516], [-68.81428889723621, 45.753638506389294], [-68.81407612478975, 45.75349905631371], [-68.81375492951427, 45.75342600605701], [-68.81343321738099, 45.753508323691065], [-68.81324021516107, 45.75363679705331], [-68.81311108305434, 45.75371684465473], [-68.81295601076742, 45.75386135052932], [-68.81278866948949, 45.754008160488006], [-68.81271553013549, 45.75408597496854], [-68.81249453526102, 45.75431063087263], [-68.81246612368291, 45.75433795486376], [-68.81227228410184, 45.75453528427642], [-68.81214362262624, 45.75465327752391], [-68.81201684029442, 45.754759882632804], [-68.81182133804278, 45.75490311091138], [-68.81169044045103, 45.7549843634862], [-68.81149925360154, 45.75509264321445], [-68.81126610088153, 45.755208681658814], [-68.81117726684388, 45.75525256417846], [-68.81085532636665, 45.75539824103068], [-68.81076666191126, 45.755432873890385], [-68.8105334376426, 45.75552812939958], [-68.8102116690828, 45.75562212877212], [-68.81001199154711, 45.75565663981018], [-68.80989002394345, 45.75567946279122], [-68.80956846866349, 45.75571018440937], [-68.80924696508876, 45.75572562669838], [-68.80892548075643, 45.75573537875472], [-68.80860400440096, 45.755742764629126], [-68.8082825365224, 45.75574765020426], [-68.80796108011685, 45.75574917454819], [-68.80763963354335, 45.755747832129494], [-68.80731819054422, 45.75574545554872], [-68.80699674637579, 45.75574342603611], [-68.80667530171041, 45.755741547146904], [-68.80635386339556, 45.7557378383928], [-68.80603244774154, 45.7557276010653], [-68.80571108789724, 45.75570131529428], [-68.80542236425742, 45.7556489158798], [-68.80538984334346, 45.75564194863137], [-68.8050688271286, 45.75551719524944], [-68.80490932932504, 45.75542302271736], [-68.8047481557591, 45.75529396909652], [-68.8046327580796, 45.755197531817515], [-68.80442776147102, 45.75499215165711], [-68.8044046348574, 45.754972123187706], [-68.80415939925015, 45.754746684763134], [-68.80410735012416, 45.7546961955448], [-68.80388752559575, 45.75452120008387], [-68.80378680457154, 45.754439500032504], [-68.80356008869585, 45.754295619232366], [-68.80346606796982, 45.754238067931226], [-68.8031450134376, 45.75412771818114], [-68.80282356501172, 45.75412957729555], [-68.80250178441625, 45.75422559891671], [-68.80236365753, 45.75429355594781], [-68.80217979776246, 45.75437962910878], [-68.8019345764654, 45.75451783129152], [-68.80185771698781, 45.75455975399182], [-68.80154527288005, 45.75474217411293], [-68.80153560628911, 45.7547477354989], [-68.80121349556609, 45.754935113997526], [-68.80115642923381, 45.75496651639972], [-68.80089140956508, 45.7551149339164], [-68.80073515474245, 45.755190800799156], [-68.80056939363978, 45.7552744995376], [-68.80024754046352, 45.75538793429745], [-68.79992605131747, 45.75539913621743], [-68.79962193978403, 45.75518885390686], [-68.79960541508099, 45.7551720108774], [-68.79949280649025, 45.75496360903006], [-68.79939747032547, 45.754738423341905], [-68.7993187473627, 45.75451326674617], [-68.7992866973502, 45.75441044706005], [-68.79924808232819, 45.754288124245605], [-68.79917781604699, 45.75406298239324], [-68.79910604162501, 45.75383783783701], [-68.79903093563723, 45.753612687366754], [-68.79896875429438, 45.753435526674934], [-68.79893969036412, 45.753387508438415], [-68.79878329282201, 45.7531622147067], [-68.7986488697749, 45.75300356263454], [-68.7983273177101, 45.75303594572009], [-68.79817251892, 45.75316113743595], [-68.79800501930184, 45.75327510790112], [-68.79787435541225, 45.75338562876153], [-68.79768268316737, 45.75352394775466], [-68.79748808164065, 45.753609963163974], [-68.79736075895882, 45.75365817679781], [-68.79703933639172, 45.753653592169904], [-68.79690806238864, 45.75360893364101], [-68.79671828451335, 45.75354692136192], [-68.79641600475534, 45.75338303954159], [-68.79639747829312, 45.75337303002602], [-68.79610679133533, 45.753157469751535], [-68.79607690982044, 45.7531344062245], [-68.79587132702332, 45.752932030899004], [-68.79575665020853, 45.75281185773752], [-68.79566954860485, 45.75270665179963], [-68.79549107674778, 45.75248131405416], [-68.79543668302676, 45.75241027329216], [-68.79532017333251, 45.752255989579375], [-68.79515564024737, 45.75203067626121], [-68.7951168400957, 45.75197598295748], [-68.79498618823122, 45.751805353870935], [-68.7948300938045, 45.75158005520746], [-68.79479706956538, 45.75152328676194], [-68.79468560323501, 45.75135477717411], [-68.7945942563991, 45.751129594501876], [-68.79457214433589, 45.75090453625055], [-68.79461908448839, 45.750679602132315], [-68.79472650547746, 45.750454776662934], [-68.79480139384731, 45.750343256066806], [-68.79486577545646, 45.750230008269874], [-68.79501045838575, 45.75000524940995], [-68.79512464674605, 45.74984232206897], [-68.79516273248083, 45.74978050396778], [-68.7953032426963, 45.749555737238644], [-68.7954479204972, 45.749334091765405], [-68.79544973814349, 45.74933098104339], [-68.79557990744706, 45.749106195442785], [-68.795709374432, 45.7488814084293], [-68.79577137970958, 45.7487733937549], [-68.79582796625516, 45.74865660182715], [-68.79593347783087, 45.74843177173178], [-68.79603560375483, 45.74820693548628], [-68.79609534555618, 45.74807176635905], [-68.79612806707213, 45.74798208189953], [-68.79620658299751, 45.74775720335249], [-68.79628090642278, 45.74753231726743], [-68.79635180157442, 45.74730742501469], [-68.79642018465839, 45.74708252823314], [-68.79642035078571, 45.747081970562064], [-68.79647966550554, 45.746857615544805], [-68.7965377719516, 45.74663270036917], [-68.79659478562135, 45.74640778320969], [-68.7966507535463, 45.74618286415175], [-68.79670574068653, 45.74595794331241], [-68.79674644376264, 45.7457892673427], [-68.79675941631724, 45.74573302010484], [-68.7968097840484, 45.74550809098047], [-68.7968591364806, 45.74528316001992], [-68.79690768069875, 45.745058227592565], [-68.79695572727623, 45.744833294251364], [-68.79700368759654, 45.74460836072786], [-68.79705210745327, 45.74438342799163], [-68.79707329690032, 45.744282571966316], [-68.79709742145178, 45.74415848971044], [-68.79713823701145, 45.74393354341545], [-68.79717698732162, 45.743708593430846], [-68.79721335636387, 45.74348363919781], [-68.7972464487837, 45.743258679129795], [-68.79727400174912, 45.74303370921461], [-68.79729110023126, 45.74280872073619], [-68.79728457431081, 45.74258369033331], [-68.79720867460541, 45.74235853681013], [-68.79708069348443, 45.74224095169299]]}}, {"type": "Feature", "properties": {"depth_ft": 30}, "geometry": {"type": "LineString", "coordinates": [[-68.77614106269485, 45.75483612416434], [-68.7760589758353, 45.7549200819902], [-68.77581850012626, 45.75511499226292], [-68.77579619043878, 45.755144584974744], [-68.77556353312853, 45.75536914653174], [-68.77549584668618, 45.75541571937547], [-68.77517371312915, 45.755586119170005], [-68.7751509404091, 45.755593353645665], [-68.7748518955395, 45.755677460449284], [-68.77453021882287, 45.75573356046234], [-68.77420861990237, 45.75577021042043], [-68.7738870844426, 45.75579104289499], [-68.77356560491842, 45.755797985923], [-68.77324416820906, 45.75579433813477], [-68.77292277554541, 45.75577984102597], [-68.77260147536249, 45.75574261563543], [-68.77228038298331, 45.755654404939555], [-68.77213146232641, 45.755587371591155], [-68.77195966247227, 45.75547514369737], [-68.77174344245837, 45.75536157874853], [-68.77163906621014, 45.755265923113654], [-68.77153540744564, 45.75536116295396], [-68.77131661686369, 45.75551097289983], [-68.77126995139393, 45.7555856501725], [-68.77099396760336, 45.755804205791364], [-68.77098182977875, 45.75581009133635], [-68.77067210847657, 45.7559037158823], [-68.77035063083027, 45.755909945724405], [-68.77002936794118, 45.75586387545976], [-68.76981130087847, 45.75580773909657], [-68.7697082538879, 45.7557817499793], [-68.76938729418208, 45.75566238149486], [-68.76922612654705, 45.75558154034043], [-68.76906652158033, 45.7554979833817], [-68.76883826971006, 45.75535573795948], [-68.7687459158056, 45.755293651385585], [-68.76849973159256, 45.75513003419071], [-68.76842537037759, 45.75507529435218], [-68.76813678554558, 45.754904279880414], [-68.76810471946419, 45.754883008332726], [-68.76778380269407, 45.75475535229567], [-68.76746254311593, 45.75471058730379], [-68.76714091668849, 45.75475415114712], [-68.76681893132874, 45.75488377699513], [-68.76679265001941, 45.75490154427499], [-68.76649656365021, 45.75510471511579], [-68.76647532443995, 45.75512591449106], [-68.76626823437906, 45.75535050937773], [-68.7661735976828, 45.75546829748129], [-68.7661138286496, 45.755575211739306], [-68.7660094926676, 45.75580001643479], [-68.76592841059615, 45.75602486866792], [-68.7658706144422, 45.756249768553765], [-68.76584811664786, 45.75643223233798], [-68.7658435031555, 45.75647473129127], [-68.76584768599294, 45.75653520089725], [-68.76585964440216, 45.756699782657364], [-68.76593101032039, 45.7569249471608], [-68.7660534879913, 45.75715021627662], [-68.76616590255814, 45.75731072186145], [-68.76621241483083, 45.75737555983919], [-68.76638379548473, 45.75760092863629], [-68.76648558292898, 45.75773741656159], [-68.766555059174, 45.757826296928286], [-68.76671933793412, 45.758051650693375], [-68.76680521263447, 45.75817744095501], [-68.766880567364, 45.75827699799163], [-68.76703670815498, 45.75850233467795], [-68.76712475363345, 45.758639994084334], [-68.76719178547528, 45.75872766897495], [-68.76734918519992, 45.75895300778134], [-68.7674442965688, 45.75910334851145], [-68.7675052308631, 45.75917834360657], [-68.76766998254745, 45.75940369691288], [-68.76776391838578, 45.7595489603397], [-68.76783488220606, 45.75962905027326], [-68.76801010058342, 45.75985442433851], [-68.76808367780448, 45.759962583639165], [-68.7682001141942, 45.76007982814306], [-68.76838668381697, 45.76030522464115], [-68.76840364523024, 45.76032707012462], [-68.76865245696945, 45.76053078122494], [-68.76872402487038, 45.76059279228586], [-68.76904489492345, 45.760740388809864], [-68.76913936718016, 45.76075678421296], [-68.76936617923748, 45.76078785125197], [-68.76968763365933, 45.760794101857826], [-68.77000914507644, 45.76078649799513], [-68.77033068775813, 45.760771252752164], [-68.77049999220687, 45.76075952531681], [-68.77065227958477, 45.760743969915154], [-68.77097392087079, 45.76070452189353], [-68.77129554421579, 45.76066935403349], [-68.77161711195296, 45.76064771663529], [-68.7719386277905, 45.76063875680169], [-68.77226011639856, 45.76063646446895], [-68.77258159659252, 45.760636236665086], [-68.77290307865442, 45.7606355477441], [-68.77322457073561, 45.76063238367394], [-68.77354607860285, 45.760625308424096], [-68.77386759993726, 45.76061487932672], [-68.77418912699095, 45.7606030027153], [-68.77451066034273, 45.760589528697686], [-68.77483222665099, 45.76056782309688], [-68.77499598023168, 45.76054344954384], [-68.77515395706845, 45.76050519901649], [-68.77547607155607, 45.760346640339655], [-68.7755082076926, 45.76031943898705], [-68.77570051363669, 45.76009479852834], [-68.77579906610808, 45.7599678927378], [-68.77585033565516, 45.759870074399686], [-68.77596578339025, 45.75964528266987], [-68.77608461575537, 45.759420497447735], [-68.77612301556759, 45.75934928016925], [-68.77618712420505, 45.75919568011804], [-68.77628265445277, 45.75897084902427], [-68.7763810553926, 45.758746023460304], [-68.77644748837368, 45.75859781427432], [-68.77647647202456, 45.75852119196454], [-68.77656078730391, 45.75829633867104], [-68.77664374896693, 45.75807148266039], [-68.77672465890144, 45.757846622571286], [-68.77677249857871, 45.75770938114878], [-68.7767991332487, 45.757621749844255], [-68.77686435821988, 45.757396858996756], [-68.77692487235093, 45.75717195890577], [-68.77697661803462, 45.75694704165862], [-68.77701072359137, 45.756722089952966], [-68.77701569704278, 45.75649708137725], [-68.77698550874042, 45.75627200416619], [-68.7769258878597, 45.756046869477714], [-68.77684998996544, 45.75582170296021], [-68.77678079206169, 45.75562935885152], [-68.77676424406198, 45.75559651714249], [-68.77664908383056, 45.755371273755244], [-68.77653377883689, 45.75514602995981], [-68.7764618392147, 45.7550037950469], [-68.77630409018155, 45.75492056215022], [-68.77614106269485, 45.75483612416434]]}}, {"type": "Feature", "properties": {"depth_ft": 30}, "geometry": {"type": "LineString", "coordinates": [[-68.78256534278596, 45.756030651038735], [-68.7822441875386, 45.75595414492812], [-68.78192247556822, 45.756020789784046], [-68.78188861449414, 45.756056450952656], [-68.78172230067432, 45.7562811516413], [-68.7816210237973, 45.75650597640346], [-68.78159864570472, 45.756630146252824], [-68.78158604602471, 45.75673092782475], [-68.78159072822086, 45.75695595504637], [-68.7815971326331, 45.75701800273782], [-68.78164059851878, 45.75718106862854], [-68.78177815259755, 45.757406349683905], [-68.78191663686233, 45.75751967751417], [-68.78201871615941, 45.757406808891176], [-68.78223907738273, 45.75726795005612], [-68.78233046044382, 45.75718238496745], [-68.78256144861795, 45.75703331381634], [-68.78270578435918, 45.75695808111897], [-68.78288355893287, 45.75686525946804], [-68.78320550318324, 45.7567395895462], [-68.78322260327802, 45.756734044574095], [-68.783518935288, 45.756509588139274], [-68.7832764627021, 45.75628411018104], [-68.78320735282597, 45.75626193402606], [-68.7828863387746, 45.75614845055682], [-68.78265176628618, 45.756057905237725], [-68.78256534278596, 45.756030651038735]]}}, {"type": "Feature", "properties": {"depth_ft": 40}, "geometry": {"type": "LineString", "coordinates": [[-68.79510620788574, 45.75488151943533], [-68.79478523442904, 45.75475253864719], [-68.7944634492116, 45.75484508661815], [-68.79437594889268, 45.754954514910025], [-68.79421893403088, 45.75517925056266], [-68.79414029298623, 45.755310221189475], [-68.79409963409434, 45.75540405396292], [-68.79401272664028, 45.75562891563337], [-68.79394400689408, 45.75585381003114], [-68.79390102413379, 45.756078750806836], [-68.7938871906904, 45.756303744145264], [-68.7938977800881, 45.75652878153114], [-68.79392370305817, 45.7567538465643], [-68.79395762969068, 45.75697892601625], [-68.79399620107203, 45.75720401382377], [-68.79403904442009, 45.757429109310166], [-68.79408728557901, 45.75765421449963], [-68.79413101187626, 45.75783423222429], [-68.7941449195384, 45.757879336583144], [-68.79422305798252, 45.758104495559294], [-68.79431582304609, 45.75832968080478], [-68.79442773881551, 45.75855490042391], [-68.79444968683715, 45.75859360810593], [-68.79460882567004, 45.75878024428958], [-68.79476986204187, 45.758946116488076], [-68.79485471936663, 45.75900570423702], [-68.79509051901617, 45.759168108261036], [-68.79522188845742, 45.759231381068325], [-68.795411405185, 45.75932808271653], [-68.79573255289398, 45.75941688431834], [-68.79605416165144, 45.75937941601178], [-68.79624926518616, 45.75923321778214], [-68.79637678334379, 45.759063354641334], [-68.79641054775696, 45.759008487103564], [-68.79651267722653, 45.75878365085399], [-68.79658400229721, 45.758558759665966], [-68.79664300950304, 45.75833384650155], [-68.79669645787033, 45.75810892340678], [-68.79670180054487, 45.75808664967593], [-68.79676168226115, 45.757884021225856], [-68.79682019462527, 45.75765910706318], [-68.79687441924345, 45.75743418523901], [-68.79692581551615, 45.75720925835332], [-68.79697350502568, 45.756984324849014], [-68.7970125479202, 45.75675937595472], [-68.79702731644377, 45.75653438391813], [-68.79698681541086, 45.75630929367979], [-68.79685428535255, 45.75608403982902], [-68.7967095614917, 45.755949400294334], [-68.79661298188697, 45.75585859224003], [-68.79638900335208, 45.75570352383995], [-68.79628773937763, 45.755632994504495], [-68.79606830308386, 45.75549743919119], [-68.79592518914214, 45.75540732920403], [-68.79574758518439, 45.755296833832276], [-68.79556660938962, 45.75518166984824], [-68.79542690192623, 45.75508737603117], [-68.7952137709507, 45.75495601964844], [-68.79510620788574, 45.75488151943533]]}}, {"type": "Feature", "properties": {"depth_ft": 40}, "geometry": {"type": "LineString", "coordinates": [[-68.81278099246761, 45.75630402411857], [-68.81270958410543, 45.756336148471036], [-68.81245906830993, 45.756444267530256], [-68.81234047064176, 45.75656056109508], [-68.81213663976943, 45.756734340741964], [-68.81209575375033, 45.756785177166556], [-68.81190224762982, 45.75700987702387], [-68.81181396638448, 45.75709625823008], [-68.81170549066469, 45.75723457118737], [-68.81150325012776, 45.757459255956796], [-68.8114912444885, 45.75747134124602], [-68.81130191277649, 45.757683941851155], [-68.81116862848444, 45.75781374606253], [-68.81104740813579, 45.757908539468474], [-68.81084637328888, 45.75804819560242], [-68.81052463145814, 45.758130169346515], [-68.81020336491041, 45.75807167659701], [-68.80988237668228, 45.75793142697952], [-68.80983002973117, 45.757906519732465], [-68.80956139157817, 45.757790731414524], [-68.80924024682093, 45.75769736297465], [-68.80913431814645, 45.757680341438274], [-68.80891895144798, 45.757648435711786], [-68.80859761277101, 45.757612338576656], [-68.80827634097237, 45.7575568339583], [-68.8079551880754, 45.757466853712366], [-68.8079174629214, 45.75745328396419], [-68.80763410145767, 45.75735788471664], [-68.80731296877487, 45.757262662504154], [-68.80712763228016, 45.757226935164596], [-68.80699171629252, 45.75720250600364], [-68.80667035322969, 45.75717457098087], [-68.80634891890689, 45.75716732967836], [-68.80602742711412, 45.75717669920051], [-68.80570585192426, 45.757210067701585], [-68.80563313979121, 45.75722440258652], [-68.80538415488793, 45.7572783766016], [-68.80506237320779, 45.75737076854457], [-68.80474067752229, 45.75743819998569], [-68.80441924472791, 45.75743015913318], [-68.804098081069, 45.75734523295059], [-68.80378694000572, 45.75722124701231], [-68.80377706917898, 45.75721728386159], [-68.80345610424011, 45.75707637871029], [-68.80326603653393, 45.75699533302111], [-68.8031351273238, 45.756939338780306], [-68.8028140765169, 45.75682372351424], [-68.80255612843314, 45.75676909018707], [-68.8024928584124, 45.756755905559245], [-68.80217138474517, 45.75676063115347], [-68.80214074520035, 45.75676837161679], [-68.80184964465681, 45.756840615051814], [-68.80152770681696, 45.756976120561696], [-68.80149668776421, 45.75699227274029], [-68.80120565259683, 45.75714396159197], [-68.80108116742065, 45.757216568333746], [-68.80088351620324, 45.75733436307038], [-68.80072435069042, 45.75744096480814], [-68.80056126651985, 45.75755594969841], [-68.80042013775275, 45.7576654520586], [-68.80023887600511, 45.7578162882759], [-68.80014657645766, 45.757889992109384], [-68.79991644357278, 45.75808751497159], [-68.79987345258274, 45.75811453226266], [-68.79959419823878, 45.758305603305104], [-68.79948126683725, 45.75833886286417], [-68.79927236239578, 45.75840878675947], [-68.79895101951824, 45.75837437515043], [-68.7988390171916, 45.758337733918204], [-68.79862998690727, 45.7582538179353], [-68.79830880297686, 45.7581756449034], [-68.79798690027037, 45.758296908071095], [-68.79794526725757, 45.758336156877604], [-68.79775902976218, 45.75856084557938], [-68.79766394504125, 45.75870899191565], [-68.79761111467226, 45.75878560185791], [-68.79747757165143, 45.75901038341193], [-68.79736571790649, 45.75923520326911], [-68.79734037569986, 45.75928939371328], [-68.79723371887617, 45.759459987258815], [-68.79712725146399, 45.75968481642374], [-68.79705315261756, 45.759909702979506], [-68.79701975788119, 45.760134661797686], [-68.79704375497393, 45.76035972255783], [-68.79714011293538, 45.76058491180186], [-68.79731190046354, 45.76081023479043], [-68.79733478587785, 45.76083338269063], [-68.79752471018372, 45.76103563021482], [-68.79765508240943, 45.7611608836276], [-68.79775473944848, 45.76126105571526], [-68.7979754215797, 45.761477607139966], [-68.7979837757024, 45.76148647898777], [-68.79819599590536, 45.76171187209229], [-68.7982956800066, 45.76181774193748], [-68.79838985100457, 45.76193723238918], [-68.79856541518858, 45.76216256010274], [-68.79861569071467, 45.76222780919276], [-68.79871020942993, 45.7623878333333], [-68.79884034847336, 45.7626130805705], [-68.79893519281126, 45.76278076791814], [-68.79896083337638, 45.76283831066407], [-68.7990614576057, 45.76306350569527], [-68.7991648008148, 45.76328870540819], [-68.799254202899, 45.76347266301128], [-68.79927387530645, 45.7635139150875], [-68.79939710176218, 45.76373914950138], [-68.7995546098656, 45.763964443920074], [-68.79957385624274, 45.76398711890317], [-68.7998495480971, 45.76418997893912], [-68.79989453848589, 45.76421542960421], [-68.80021573165564, 45.76430133575072], [-68.80053712344416, 45.764331785443154], [-68.80085857271862, 45.76434617659977], [-68.80117999605451, 45.76436791621836], [-68.80150133010166, 45.76441490253193], [-68.80151291529378, 45.764417898611825], [-68.80182253574435, 45.76449830534935], [-68.80214361874255, 45.764616672336025], [-68.80220640259303, 45.764644119190706], [-68.80246462265133, 45.76475783280822], [-68.80270644512852, 45.76487000168413], [-68.80278559771034, 45.76490763989576], [-68.80310657926336, 45.76505608901177], [-68.80320075212931, 45.76509587210096], [-68.803427562101, 45.765204656750804], [-68.80366927063562, 45.765321696059964], [-68.80374845925249, 45.76537814641549], [-68.80393533577069, 45.76554717085941], [-68.80398623039613, 45.76577227609777], [-68.80384576138954, 45.76599705293638], [-68.8037460322044, 45.76607028969492], [-68.8035184187237, 45.76622150839089], [-68.80342383240139, 45.766266548673556], [-68.80310182941618, 45.76640622173418], [-68.80300664215721, 45.76644564506184], [-68.802779891512, 45.76652697013547], [-68.80245797737619, 45.76664059088703], [-68.80237575757803, 45.76666957348006], [-68.80213607404649, 45.7667507851866], [-68.80181417163634, 45.766860361597246], [-68.80171228557728, 45.76689344185727], [-68.80149228237622, 45.76696587502477], [-68.80117043548546, 45.76705912087867], [-68.80090650782961, 45.767117058494534], [-68.8008486663907, 45.76713020335591], [-68.80052699541586, 45.76717352779008], [-68.80020540182365, 45.76719503707032], [-68.79988383450521, 45.76720912947505], [-68.79956221085882, 45.76723890393845], [-68.7992404018972, 45.76732024175435], [-68.7992035954173, 45.767339096336435], [-68.79891823851783, 45.76749995841245], [-68.79884530012129, 45.76756348395153], [-68.79861428935205, 45.76778809485187], [-68.79859561219612, 45.76780773508129], [-68.79842452429995, 45.76801277805041], [-68.79827261955062, 45.76821614974668], [-68.7982551913687, 45.76823749700389], [-68.79808238783954, 45.768462209564426], [-68.79794951008844, 45.76865561018146], [-68.79792267348259, 45.76868694500528], [-68.79774471538602, 45.76891164792109], [-68.79762645000753, 45.76908000901757], [-68.79757496174285, 45.76913636508672], [-68.79739133832763, 45.769361057397525], [-68.79730345252406, 45.769485770215745], [-68.79721905686205, 45.76958576953438], [-68.79705772412098, 45.76981050085014], [-68.79698025624353, 45.76994503249191], [-68.79692498570267, 45.77003528275475], [-68.79682793408043, 45.77026012795982], [-68.79679687315976, 45.77048509045459], [-68.79684040479843, 45.77071018558788], [-68.7969477914263, 45.7709353941927], [-68.79697650724087, 45.77097835203498], [-68.79707311823863, 45.771160634551514], [-68.79720146546795, 45.7713858801249], [-68.7972959537498, 45.77155589336043], [-68.79732319503445, 45.771611113806564], [-68.79743213033113, 45.7718363246673], [-68.79753477388536, 45.77206152426642], [-68.7976149960099, 45.77224701708648], [-68.79763223367036, 45.77228671458325], [-68.79772861985582, 45.77251190290738], [-68.79782172560986, 45.77273708533661], [-68.79791149822556, 45.772962261785715], [-68.7979337535462, 45.77301915617164], [-68.79800564598507, 45.77318744589011], [-68.79809983036229, 45.77341262997269], [-68.79819182269941, 45.77363781009696], [-68.79825252922856, 45.77378869237265], [-68.79828853119795, 45.77386299846423], [-68.79839797803989, 45.77408820921743], [-68.79850603698732, 45.774313417409275], [-68.79857169765077, 45.77445156433923], [-68.79863436049023, 45.7745386612054], [-68.79880099372211, 45.7747639723149], [-68.7988917030194, 45.77488369200013], [-68.79911282599103, 45.77498953855104], [-68.79921272238363, 45.775034648382864], [-68.79946301640217, 45.77499015371308], [-68.79953448732506, 45.77497800171393], [-68.79985662081178, 45.77481814761794], [-68.79994524004513, 45.77476598150267], [-68.80017883957052, 45.77463390157227], [-68.80038037317027, 45.774541724986896], [-68.8005009091304, 45.7744909029376], [-68.80082265544117, 45.77443824423622], [-68.80114404592665, 45.774485530087574], [-68.8012707713467, 45.77454327712297], [-68.8014650956082, 45.77462901216376], [-68.80164394155877, 45.77476894312755], [-68.80178576551856, 45.77488015559735], [-68.80188394509076, 45.77499437708013], [-68.80207258408248, 45.77521972155337], [-68.80210598139521, 45.775260476380986], [-68.80222545955326, 45.775445003807214], [-68.80236792588917, 45.77567026784338], [-68.80242576820942, 45.77576352630595], [-68.80249962497939, 45.7758955130818], [-68.8026215507838, 45.776120741276756], [-68.8027348716791, 45.776345954476746], [-68.80274519907562, 45.7763691587633], [-68.80283188314121, 45.77657113941246], [-68.80291401925602, 45.77679629859918], [-68.80298506663627, 45.77702143859825], [-68.80305017004049, 45.77724656829861], [-68.80306351217325, 45.77729428095193], [-68.80311404216226, 45.77747169583123], [-68.80317772675318, 45.77769682299616], [-68.80324129318285, 45.77792194991317], [-68.80330473436112, 45.77814707657028], [-68.80336794718664, 45.778372202790216], [-68.80338113366857, 45.778419160519135], [-68.80343482544401, 45.778597335272124], [-68.80350265560438, 45.778822469342984], [-68.80357028834706, 45.77904760302524], [-68.80363756904316, 45.77927273605349], [-68.80369899378731, 45.7794796576537], [-68.80370530835056, 45.77949786982107], [-68.80378358740889, 45.779723021639896], [-68.80386127663344, 45.779948172383605], [-68.80393814540756, 45.78017332165769], [-68.80401400499466, 45.78039846914009], [-68.80401732780867, 45.780408312110154], [-68.80411329442452, 45.78062365673387], [-68.80421218462274, 45.780848843548284], [-68.80431016231603, 45.78107402870531], [-68.80433638878556, 45.78113215005473], [-68.80445158880089, 45.78129928813785], [-68.80462468552541, 45.781524601544625], [-68.80465649514704, 45.781559002508786], [-68.80496193163616, 45.78175019499742], [-68.8049774000625, 45.781758215781544], [-68.80529864543514, 45.781860275676195], [-68.8056199861824, 45.78193522741453], [-68.80584015138264, 45.78197670799811], [-68.80594138537404, 45.78199358128573], [-68.80626286528282, 45.78202882426608], [-68.80658444751052, 45.78203459402778], [-68.80690610886735, 45.782017460932146], [-68.80722777250897, 45.781999607645204], [-68.80754938207733, 45.781997410892835], [-68.80787093010375, 45.78201312368032], [-68.80819243613705, 45.78204113519972], [-68.80851391309419, 45.78207773417872], [-68.80883534018218, 45.78212904797291], [-68.80913545287828, 45.7822072774197], [-68.8091566578146, 45.78221261522666], [-68.8094778255154, 45.78234048204291], [-68.80964248050842, 45.7824331405138], [-68.80979879067223, 45.782528344451904], [-68.80998571678262, 45.78265872907973], [-68.8101195896345, 45.78276579793575], [-68.81028063944343, 45.78288423639443], [-68.81044032475518, 45.78302289182353], [-68.81056966647348, 45.78310973316455], [-68.81076112535602, 45.78326150223163], [-68.81089159037978, 45.78333528364609], [-68.8110820647689, 45.78345982433092], [-68.81128080503409, 45.783560944373455], [-68.81140309939792, 45.783630582495526], [-68.81166666521067, 45.783786598236695], [-68.81172406135721, 45.78382351068301], [-68.81194831118793, 45.78401207931646], [-68.81204475034703, 45.784098326730444], [-68.81216475515598, 45.78423745252366], [-68.81235165558532, 45.784462776796325], [-68.81236508604708, 45.78447939013278], [-68.81251480327226, 45.784688061781544], [-68.81267946977009, 45.78491334901478], [-68.81268522627032, 45.78492012106855], [-68.81288132055377, 45.78513869690298], [-68.81300581521295, 45.785228148608], [-68.81324749936581, 45.78536431313057], [-68.81332689226052, 45.785390993187], [-68.81364829010784, 45.785458119145], [-68.81396986762167, 45.78547146168138], [-68.81429161348888, 45.78543414857663], [-68.81460748040104, 45.78536652786562], [-68.81461346537155, 45.78536472242758], [-68.81493545609541, 45.78525309509527], [-68.81525741858778, 45.78514962521404], [-68.81529009049886, 45.78514261626083], [-68.81557930667299, 45.7850683593065], [-68.8159009154515, 45.785071662577025], [-68.81611808804357, 45.78514395178432], [-68.81622221240077, 45.78516987657757], [-68.8165433498333, 45.78531706490496], [-68.81663378227499, 45.78536979768038], [-68.81686450670044, 45.78545883379495], [-68.8171857098464, 45.78558694235807], [-68.81720762986376, 45.78559573428794], [-68.81750702025862, 45.78568262800811], [-68.81782835998986, 45.78576964986064], [-68.81805340564487, 45.78582210134432], [-68.818149751472, 45.785841063181515], [-68.81847123128654, 45.78588551469419], [-68.81879280496823, 45.785901152785904], [-68.8191144845269, 45.785884110528634], [-68.8194362562972, 45.78583844591417], [-68.81950856205309, 45.785824409259604], [-68.81975811567219, 45.78576543499859], [-68.82008001305148, 45.78568034910142], [-68.82037706331397, 45.785600760776454], [-68.82040192221919, 45.78559128702502], [-68.82072389790393, 45.78548115372029], [-68.82104581465096, 45.78538904370393], [-68.82110374847143, 45.78537688373037], [-68.82136772511585, 45.78529856840703], [-68.82168954478526, 45.78523624523657], [-68.82201130390281, 45.78519272368383], [-68.82233304387508, 45.78515507130437], [-68.82234191850212, 45.78515379848708], [-68.82265487018816, 45.785090052988345], [-68.82297683049613, 45.78498246327651], [-68.82305867159741, 45.78492989354781], [-68.82327626211209, 45.78470521314723], [-68.82329943812913, 45.78466958804203], [-68.82337017634526, 45.78448034120388], [-68.8234338472711, 45.78425542244335], [-68.82348597416953, 45.78403048580531], [-68.82353050858, 45.78380553740856], [-68.82356927976555, 45.783580580086635], [-68.82360303175221, 45.78335561499401], [-68.8236257482298, 45.783181451400466], [-68.82363137035487, 45.78313064152669], [-68.82365407574035, 45.78290565934942], [-68.82367520480744, 45.7826806747262], [-68.82369533835355, 45.782455688554094], [-68.82371467330671, 45.78223070113746], [-68.82373322699567, 45.782005712503405], [-68.82375123930659, 45.78178072302239], [-68.8237693759207, 45.78155573372136], [-68.82378864510898, 45.78133074615525], [-68.82380999793784, 45.781105761790045], [-68.82383374056494, 45.78088078109661], [-68.82385935794743, 45.780655803279494], [-68.82388602569046, 45.78043082706674], [-68.82391317041807, 45.78020585157397], [-68.82394054869332, 45.77998087642575], [-68.82395787678342, 45.779838965391455], [-68.82396803976691, 45.7797559014359], [-68.82399545533274, 45.77953092631423], [-68.8240227816731, 45.779305951039696], [-68.82405005384409, 45.77908097566632], [-68.82407726679901, 45.778856000186394], [-68.82410437174568, 45.77863102452485], [-68.82413140333807, 45.7784060487351], [-68.8241585241627, 45.7781810730674], [-68.82418584585746, 45.777956097693476], [-68.82421328807831, 45.77773112248958], [-68.82424073306467, 45.77750614727447], [-68.82426822870536, 45.7772811721218], [-68.8242880092065, 45.77711920843703], [-68.82429563361137, 45.77705619681412], [-68.82432220427185, 45.77683122020829], [-68.82434807999958, 45.776606242519094], [-68.82437264574529, 45.776381262801586], [-68.82439377329203, 45.77615627778576], [-68.82440501137953, 45.775931277559245], [-68.82439264170274, 45.77570624104173], [-68.82433618880431, 45.775481136747906], [-68.82429343268504, 45.77539235013246], [-68.8242068105601, 45.77525592024081], [-68.82397300570113, 45.775030954404826], [-68.82397253423285, 45.77503054201969], [-68.82365838178218, 45.77480504005972], [-68.82365216770808, 45.77480127000443], [-68.82335617295463, 45.774579555692355], [-68.82333136059184, 45.77456264039786], [-68.82308239083173, 45.77435411453594], [-68.82301064158682, 45.77429702088078], [-68.82282357174928, 45.774128695918016], [-68.82268999085413, 45.774010817404765], [-68.822576006315, 45.7739032941803], [-68.82236939395258, 45.773708689603765], [-68.82233817145556, 45.77367790702772], [-68.82211124409694, 45.773452536353396], [-68.82204885281939, 45.773390113910885], [-68.82189131951665, 45.773227176135634], [-68.82172836604168, 45.7730556219155], [-68.82167643807524, 45.77300182335647], [-68.82146391200799, 45.77277647384458], [-68.82140789975915, 45.77271590727678], [-68.82124175456033, 45.772551108860334], [-68.82108738295155, 45.77239320911127], [-68.82100741379557, 45.77232572434979], [-68.82076672716342, 45.77211505153397], [-68.82074330256985, 45.77210029264735], [-68.82044585379354, 45.77190569198107], [-68.82036261939301, 45.77187467710957], [-68.82012469900074, 45.77178462338471], [-68.81980324261507, 45.77175763804241], [-68.81948154239468, 45.77180633031273], [-68.81925833203515, 45.77187293560548], [-68.81915969069554, 45.771901719448536], [-68.81883776981385, 45.7720181375998], [-68.81861422565333, 45.77209693255675], [-68.81851585957735, 45.772130860369195], [-68.8181940637452, 45.772207973445816], [-68.81787249999338, 45.77221351267204], [-68.81755126996393, 45.77211668426909], [-68.81752050137742, 45.772095191025585], [-68.81723046056604, 45.77189141960261], [-68.81721111936136, 45.77186967883791], [-68.81701398903296, 45.77164434563124], [-68.81691012127602, 45.771523269867885], [-68.81684102690996, 45.7714190508203], [-68.81669419145058, 45.77119379765688], [-68.81659019061482, 45.77103173497422], [-68.8165536817215, 45.770968554452146], [-68.81642600992467, 45.77074333169258], [-68.81630581481335, 45.770518120801974], [-68.8162705942538, 45.77044009114331], [-68.81620635814936, 45.77029294313738], [-68.81614216550098, 45.7700678221277], [-68.81611995968264, 45.76984276865193], [-68.81613303311732, 45.76961777194073], [-68.81616709390853, 45.7693928089883], [-68.81621014720585, 45.76916786048213], [-68.81625594006313, 45.76894291635654], [-68.81627583847036, 45.76884280715319], [-68.81629970261199, 45.76871796893948], [-68.81633887403413, 45.768493014117], [-68.81637405448699, 45.768268052858325], [-68.81640430704977, 45.76804308366163], [-68.81642782415203, 45.76781810362674], [-68.81644118324476, 45.76759310725937], [-68.81643847613117, 45.76736808507139], [-68.81640963147923, 45.767143020879324], [-68.81633636184706, 45.76691788526864], [-68.8162824647127, 45.76682439258476], [-68.8161010204922, 45.76669248886034], [-68.81596161566273, 45.766621944385115], [-68.81564033888257, 45.76655004549678], [-68.81531897126584, 45.76650592373075], [-68.81499758875471, 45.76646646092959], [-68.8149916605248, 45.766465680069956], [-68.81467621644326, 45.76642405473879], [-68.81435486719518, 45.766374842443604], [-68.81403354746608, 45.766316916496294], [-68.81371225455118, 45.76625113452411], [-68.8136546880869, 45.76623848950647], [-68.81339099145134, 45.766176637061946], [-68.81306975177054, 45.76609538392374], [-68.81277960470322, 45.76601204106628], [-68.81274855872951, 45.766000469492965], [-68.81242758868652, 45.765839342944105], [-68.81236301547372, 45.76578633978751], [-68.81220529728175, 45.76556106275735], [-68.81214456783755, 45.76533594500502], [-68.81213626584118, 45.765110913425595], [-68.81215005503142, 45.76488591815884], [-68.81217160814293, 45.76466093564498], [-68.81219625975112, 45.764435958211195], [-68.81222328675078, 45.7642109846671], [-68.81225296508275, 45.76398601546443], [-68.81228518784835, 45.763761050425494], [-68.81231889124945, 45.763536087800745], [-68.81235236868176, 45.763311124786064], [-68.81238395444844, 45.76308615864653], [-68.81241243646802, 45.762861187393675], [-68.81243713870805, 45.76263620992008], [-68.81243836722955, 45.762623018671704], [-68.81245762528906, 45.762411225512736], [-68.81247419309956, 45.76218623466116], [-68.81248750181093, 45.76196123844971], [-68.81249818476596, 45.76173623791882], [-68.81250679573054, 45.76151123397798], [-68.81251382734052, 45.76128622743603], [-68.812519735019, 45.76106121904054], [-68.81252492504017, 45.76083620945832], [-68.81252980420916, 45.76061119935693], [-68.81253510224235, 45.760386189933676], [-68.81254254220242, 45.76016118401553], [-68.81255526634388, 45.75993618675712], [-68.81257670737793, 45.75971120378769], [-68.81260806363227, 45.75948623706771], [-68.81264722151698, 45.759261283123294], [-68.81269061162581, 45.75903633609487], [-68.81273560791922, 45.75881139167363], [-68.81277322939555, 45.758625338125455], [-68.81278088282909, 45.75858644768235], [-68.81282389859909, 45.75836149996334], [-68.81286520992018, 45.758136549427675], [-68.81290421711323, 45.7579115950952], [-68.8129403221462, 45.757686635989195], [-68.812972756163, 45.75746167085385], [-68.81300019602529, 45.757236697526764], [-68.8130201076904, 45.757011711864614], [-68.81302650146851, 45.75678670406971], [-68.81300000283063, 45.75656164243622], [-68.81284919043021, 45.75633637723036], [-68.81278099246761, 45.75630402411857]]}}, {"type": "Feature", "properties": {"depth_ft": 40}, "geometry": {"type": "LineString", "coordinates": [[-68.78862296021863, 45.76926863745271], [-68.78830159442597, 45.76922553588886], [-68.78816812810948, 45.76934432998304], [-68.78797908211646, 45.769485173384645], [-68.78794328755012, 45.76956893068169], [-68.78784980278951, 45.76979377490202], [-68.7877584473585, 45.77001862299245], [-68.7876745348405, 45.77024348483245], [-68.78765440076668, 45.77031562351928], [-68.78763709584535, 45.7704684329885], [-68.78762706084422, 45.77069343206298], [-68.78763740644895, 45.77091846900942], [-68.78765172016001, 45.77102201417505], [-68.78770558139507, 45.7711436134092], [-68.78787607205342, 45.77136894775796], [-68.78797160278941, 45.771459127298655], [-68.78829320693752, 45.77144255127722], [-68.78849579060855, 45.77137009660693], [-68.78861519940581, 45.77132313191505], [-68.78893733691169, 45.77116489588105], [-68.78897372882284, 45.7711459626254], [-68.78925965673741, 45.77095776514593], [-68.7893187399967, 45.77092158160799], [-68.78954956524102, 45.770696989279294], [-68.78958260010958, 45.770584176180265], [-68.78963115213597, 45.77047212179891], [-68.78958338653467, 45.77037503609039], [-68.78953434089314, 45.77024692577699], [-68.78935431825215, 45.7700215762858], [-68.78926352908603, 45.76992953088812], [-68.78915503597361, 45.76979619096288], [-68.78895564178278, 45.76957080507659], [-68.78894339896131, 45.7695576701691], [-68.78871968648907, 45.76934535123192], [-68.78862296021863, 45.76926863745271]]}}, {"type": "Feature", "properties": {"depth_ft": 50}, "geometry": {"type": "LineString", "coordinates": [[-68.8063433254036, 45.75878432599417], [-68.80623366066166, 45.758800550097085], [-68.80602168573496, 45.75883369097455], [-68.80569969071846, 45.758985272960864], [-68.80564391719788, 45.759024566616674], [-68.80537736383093, 45.759231810260864], [-68.80535497814468, 45.75924909292371], [-68.80509236723282, 45.759473663407014], [-68.80505491387171, 45.75951287183517], [-68.80477917305652, 45.759698146861794], [-68.80473263276691, 45.759744596932144], [-68.80441086192788, 45.75982951698538], [-68.80408971076396, 45.75973709432996], [-68.80401634512566, 45.75969684093423], [-68.80376871888498, 45.75959953460383], [-68.80348144209582, 45.75947090401109], [-68.803447744574, 45.75945742033405], [-68.80312673042394, 45.75932709707103], [-68.80291260841886, 45.75924490605059], [-68.8028056888036, 45.75920499611341], [-68.80248456511995, 45.759106550316375], [-68.80216326942264, 45.75905709727408], [-68.80184170411493, 45.759083970244674], [-68.80151981732186, 45.75920142902215], [-68.80145528703528, 45.75924238294292], [-68.80119758625018, 45.75941545069107], [-68.80113997015994, 45.759466852743586], [-68.80091026490527, 45.759691470873975], [-68.8008749839651, 45.7597331363116], [-68.80073642384437, 45.75991618597469], [-68.80062444256195, 45.76014100876296], [-68.8005834611319, 45.760365955373494], [-68.80060411266379, 45.76059100953633], [-68.80066566985612, 45.760816135058555], [-68.80075290734351, 45.76104130532427], [-68.80086249926957, 45.761266514478024], [-68.8008694858252, 45.76127873486595], [-68.8010445050169, 45.76149184963487], [-68.80118974393407, 45.76162359097564], [-68.80137286504036, 45.761717439012685], [-68.80151068585509, 45.761776720597965], [-68.80183185219335, 45.76186695680701], [-68.80215310520134, 45.76193296531519], [-68.80231412444606, 45.76194408951279], [-68.80247451045705, 45.76195604467251], [-68.80253905137505, 45.76194447845729], [-68.80279623428227, 45.76188877604152], [-68.80308148450466, 45.76172039654678], [-68.80311840127324, 45.76169529215602], [-68.80334379491404, 45.76149583025523], [-68.80344090707622, 45.761404687467135], [-68.80358036148847, 45.76127121909927], [-68.80376348887783, 45.76109144755928], [-68.80381675009696, 45.76104660713922], [-68.8040730368246, 45.76082202880435], [-68.80408595748054, 45.760809517743304], [-68.80440803884414, 45.76063748252485], [-68.80472920580428, 45.76072700699325], [-68.80480115979287, 45.760823275066386], [-68.80497480566754, 45.761048589696244], [-68.80504922025837, 45.76114774783063], [-68.80510721370263, 45.76127383371943], [-68.8052095227119, 45.76149902626989], [-68.80531114210072, 45.76172421754467], [-68.80536825434847, 45.76185181730697], [-68.80540623025497, 45.76194939759678], [-68.80549353574123, 45.762174564312154], [-68.80558095322029, 45.762399731142416], [-68.80566818939208, 45.76262489758846], [-68.80568688756844, 45.76267366377822], [-68.80575889380687, 45.76285006985512], [-68.80584907527573, 45.76307524115221], [-68.80593764620156, 45.76330040963369], [-68.80600559487429, 45.76347682294399], [-68.8060296271758, 45.76352558382674], [-68.80613521725921, 45.763750781028726], [-68.80623455383643, 45.76397596751919], [-68.80632462334835, 45.76418980018982], [-68.8063321568382, 45.764201150975865], [-68.8064693868652, 45.764426401467965], [-68.80658558633462, 45.76465161618768], [-68.80664407540587, 45.764782510838664], [-68.80670398174172, 45.764876834495254], [-68.80680536428835, 45.765102023905825], [-68.806857022919, 45.765327129173905], [-68.80685253018004, 45.76555213950184], [-68.80676948650353, 45.765777017003394], [-68.80664014255824, 45.76592088315329], [-68.80657904911475, 45.76600171268447], [-68.80631767205263, 45.7661985463419], [-68.80628568461732, 45.76622623358104], [-68.8059954115417, 45.7664147066097], [-68.80594481661294, 45.766450673045455], [-68.80567317757294, 45.76662250504224], [-68.80559339474416, 45.76667509352765], [-68.80535094535068, 45.76682911254462], [-68.80524147565667, 45.76689951207281], [-68.80502871241316, 45.76703524164098], [-68.80488952769866, 45.76712392947616], [-68.80470647931062, 45.76724073702904], [-68.80453560588809, 45.76734834241003], [-68.80438425056776, 45.767444307371136], [-68.80417470667211, 45.767572742280684], [-68.80406203748484, 45.76764273463402], [-68.80379678546736, 45.76779711177387], [-68.80373985797968, 45.767830935024584], [-68.80341773321523, 45.76800293439569], [-68.80337761555582, 45.768021409032244], [-68.80309567790313, 45.768154631323995], [-68.80287500088303, 45.76824556081019], [-68.8027736844902, 45.768288268763804], [-68.80245172894664, 45.768410742500656], [-68.80229393524633, 45.76846957464774], [-68.8021297783205, 45.76853142662698], [-68.80180781018964, 45.76865666099502], [-68.80171630790534, 45.76869359148869], [-68.80148582196509, 45.768787153231614], [-68.80116797596243, 45.76891765638483], [-68.80116382610983, 45.768919370099184], [-68.80084184215009, 45.769047816616315], [-68.80058789658817, 45.76914166323716], [-68.80051988853498, 45.769167335529204], [-68.80019797521513, 45.7692751831559], [-68.79992842374304, 45.76936552814129], [-68.79987605641976, 45.76938421467236], [-68.79955399294124, 45.769533287821915], [-68.79947576959664, 45.76958975238805], [-68.799231557465, 45.769785567646444], [-68.79920610490473, 45.76981429656078], [-68.79902719202492, 45.77003899975154], [-68.79890842037895, 45.77023227727854], [-68.79889163148438, 45.770263778967276], [-68.7988196762689, 45.770488670024605], [-68.79880958719957, 45.770713669981205], [-68.79885867984034, 45.7709387741277], [-68.79890545936834, 45.7710562281494], [-68.79895815190689, 45.77116396690008], [-68.79910024915294, 45.77138923453264], [-68.79922518621902, 45.77156131031917], [-68.79928806803613, 45.77161458230579], [-68.79954586078503, 45.771803453613636], [-68.79965231257327, 45.77184023925389], [-68.79986703976128, 45.771905344616066], [-68.80018833395475, 45.771975297761095], [-68.8005054992648, 45.772066749770346], [-68.8005095484135, 45.77206784076937], [-68.80083065162917, 45.772191934665], [-68.80105067191123, 45.77229271799895], [-68.80115167709359, 45.7723383075767], [-68.8014726266958, 45.77250653482396], [-68.80149122731902, 45.77251850190589], [-68.80179342950906, 45.77271674472776], [-68.80182454077271, 45.77274409814903], [-68.80207159991274, 45.77296954402568], [-68.80211394167868, 45.77300981594892], [-68.80226235173609, 45.77319489192626], [-68.80243329608112, 45.77342020525147], [-68.80243403939502, 45.77342121303169], [-68.80257664027319, 45.773645470625766], [-68.80271477306124, 45.77387072681302], [-68.80275377947864, 45.77393538917469], [-68.80284780899854, 45.77409597402979], [-68.80297635836105, 45.77432121334624], [-68.80307336469885, 45.7744952296092], [-68.80310305331045, 45.77454644931343], [-68.80323104266212, 45.77477168736029], [-68.80335523752153, 45.77499691872434], [-68.8033929175691, 45.77506609054523], [-68.80348258436858, 45.77522215536566], [-68.80360711480186, 45.775447387015085], [-68.80371244607893, 45.77564574796891], [-68.80372727561397, 45.775672611013775], [-68.80384834759576, 45.775897836441345], [-68.80396316443604, 45.77612305099967], [-68.8040318458599, 45.77626404040164], [-68.80407497316143, 45.77634826027551], [-68.80418838456178, 45.77657347217955], [-68.8043037986093, 45.77679868739209], [-68.8043512243213, 45.77689044123995], [-68.80442972264215, 45.777023920468906], [-68.8045704827531, 45.77724917877471], [-68.80467101936932, 45.77739956925619], [-68.80472509361336, 45.77747446057069], [-68.80489801342524, 45.77769977341325], [-68.8049911601259, 45.777811187162385], [-68.8050830414512, 45.77792510664143], [-68.80528188429392, 45.778150463104765], [-68.8053114477031, 45.778181967711944], [-68.80547429719692, 45.778375808266205], [-68.8056317615572, 45.77854640495865], [-68.8056781145563, 45.778601172490895], [-68.80587562385799, 45.7788265256258], [-68.80595208682556, 45.778908752443314], [-68.80607924874185, 45.77905188878979], [-68.80627245733031, 45.7792592334799], [-68.80629005942956, 45.77927726376458], [-68.80651294817862, 45.77950265879507], [-68.80659293252366, 45.779580593925246], [-68.80676508828797, 45.77972810285534], [-68.80691358270927, 45.77985232198998], [-68.80706801879874, 45.77995363212344], [-68.80723445627464, 45.780060129765616], [-68.80750228174087, 45.78017938191672], [-68.80755555767762, 45.780202403135974], [-68.80787682643451, 45.7802964249567], [-68.80819818183365, 45.78036549259213], [-68.80841442978677, 45.7804059323501], [-68.80851956912981, 45.780425473657466], [-68.80884096488529, 45.78048318088399], [-68.80916236653074, 45.780539355915366], [-68.80948378307826, 45.7805913449475], [-68.80978430357274, 45.780633238418815], [-68.80980522470753, 45.780636132839426], [-68.81012669216263, 45.780673463850434], [-68.81044817788808, 45.78070552972734], [-68.81076967295452, 45.78073494323904], [-68.81109117307469, 45.78076296034627], [-68.81141267695834, 45.78078995662505], [-68.81173417035929, 45.78082015966576], [-68.81199419457624, 45.78086191333333], [-68.81205558641727, 45.78087348541791], [-68.81237674924726, 45.781002490307635], [-68.81249063372525, 45.78108774641888], [-68.81269743514464, 45.78127437067354], [-68.8127299705485, 45.78131315623876], [-68.81290685423018, 45.781538463301764], [-68.81301765259721, 45.781687318433114], [-68.8130709795418, 45.78176374920984], [-68.81322730211366, 45.781989022118736], [-68.81333771277896, 45.782148807671696], [-68.81338438364223, 45.782214296044344], [-68.81354801089924, 45.78243958042667], [-68.81365785778772, 45.78258641609213], [-68.81372984547725, 45.7826648942494], [-68.81395713407467, 45.78289028179322], [-68.81397838868644, 45.7829094972793], [-68.81429950932984, 45.78305606093621], [-68.81462107847462, 45.78306780897371], [-68.81494280460367, 45.78303214957686], [-68.81526442603814, 45.783028064816655], [-68.81558582836263, 45.78309042233973], [-68.81565366768298, 45.78311804880317], [-68.8159070215609, 45.78321653634895], [-68.81613382160745, 45.7833438396915], [-68.81622804087382, 45.783396014445415], [-68.81646445110292, 45.783569388468955], [-68.81654887552853, 45.783632420287525], [-68.81672429454704, 45.783794822759546], [-68.81686950022592, 45.78393377849524], [-68.81694915943241, 45.7840202004177], [-68.81715112831834, 45.78424554098623], [-68.81718995058228, 45.784289531975006], [-68.8173451808805, 45.78447086853399], [-68.8175103413993, 45.78466478046833], [-68.81753852719771, 45.784696194615336], [-68.81775414858737, 45.784921555891685], [-68.81783091221978, 45.784986081961335], [-68.81805752631489, 45.785147056525325], [-68.81815185740761, 45.78519337472471], [-68.81847314531495, 45.785295807337214], [-68.81879469068981, 45.78531913609082], [-68.8191165310041, 45.78525135306757], [-68.81934260683884, 45.785149095607466], [-68.81943871645223, 45.785076422580055], [-68.81959658071229, 45.78492447974209], [-68.81975920597968, 45.784699719240685], [-68.81976156223702, 45.78469595732078], [-68.81989785788818, 45.78447492071349], [-68.8200370064992, 45.784250122791576], [-68.82008485499004, 45.78417517353326], [-68.82019416413725, 45.78402535303293], [-68.82037113361305, 45.783800614197496], [-68.8204078121571, 45.78375702459056], [-68.8206069523839, 45.78357596749059], [-68.82073033847496, 45.78347179209019], [-68.82092064525382, 45.78335144236714], [-68.82105259263798, 45.78327059640287], [-68.82134325558607, 45.78312708672961], [-68.82137470997698, 45.78311151792246], [-68.82169675107858, 45.78297577972268], [-68.82187909729704, 45.78290290609466], [-68.82201877964106, 45.78284349058159], [-68.82229660761554, 45.782678538963246], [-68.82234100655354, 45.78264827322913], [-68.8224952713834, 45.782453830523934], [-68.82263393232482, 45.7822290286032], [-68.82266413227343, 45.78216884755858], [-68.82271555787, 45.78200413802372], [-68.82277359375848, 45.78177921078988], [-68.8228214911615, 45.78155426779671], [-68.82286212827128, 45.7813293135191], [-68.82289762504193, 45.781104351250754], [-68.82292956647717, 45.780879383452756], [-68.82295899744916, 45.780654411747136], [-68.82298645624303, 45.7804294369697], [-68.8229913764173, 45.78038620317796], [-68.82300969592937, 45.780204455641375], [-68.82303129514253, 45.779979471758644], [-68.82305205727681, 45.7797544865666], [-68.82307174269694, 45.77952949969465], [-68.8230900995803, 45.77930451075342], [-68.8231072279448, 45.77907951989841], [-68.82312329809652, 45.7788545273938], [-68.8231381687569, 45.77862953302139], [-68.82315159785246, 45.778404536406896], [-68.82316365458831, 45.778179537658], [-68.82317459761472, 45.77795453717539], [-68.82318445300001, 45.77772953499973], [-68.82319302353191, 45.77750453082612], [-68.82320027099388, 45.777279524595734], [-68.82320636483996, 45.77705451657099], [-68.82321112655742, 45.776829506475885], [-68.82321271695963, 45.77660449146491], [-68.82320481428191, 45.776379461756555], [-68.82317301548647, 45.77615439505956], [-68.82309594885818, 45.7759292582666], [-68.8230059450026, 45.77578166089702], [-68.8229565905217, 45.77570402490886], [-68.82276071902349, 45.775478703722264], [-68.82268557514585, 45.77540416259829], [-68.82253255798092, 45.775253332042965], [-68.82236499346061, 45.77509474220608], [-68.82229389374197, 45.775027943563884], [-68.82205528240513, 45.774802554659594], [-68.82204439356597, 45.774792160020446], [-68.82181529143915, 45.77457716309641], [-68.82172380029083, 45.774488587071446], [-68.82157168174122, 45.774351765369055], [-68.82140318384886, 45.77419336005277], [-68.82131826087495, 45.77412635177055], [-68.82108246402774, 45.7739315183646], [-68.82103262488423, 45.77390088714562], [-68.82076156378794, 45.77372693254961], [-68.82064343028797, 45.773675259283756], [-68.82044047075951, 45.77358315139497], [-68.8201192173561, 45.77348976792344], [-68.81986280190057, 45.7734490136315], [-68.81979782831789, 45.773438831343014], [-68.81947629401466, 45.77343310000352], [-68.81935911347159, 45.773448218417045], [-68.81915461053171, 45.77347354398413], [-68.81883283032388, 45.77354371691151], [-68.81851106669798, 45.77360852878369], [-68.81818944530426, 45.77362933962064], [-68.81786804028448, 45.77358360591878], [-68.81754688161362, 45.77346248676679], [-68.81752073251003, 45.77344529717171], [-68.81722602644908, 45.773248881046825], [-68.81719695806254, 45.773219762013035], [-68.81697757075864, 45.77299439318598], [-68.81690555635761, 45.772918346372805], [-68.81679639177989, 45.77276908519889], [-68.81663705185743, 45.77254381196514], [-68.81658547846298, 45.7724693183534], [-68.81649141202399, 45.77231856050452], [-68.8163549815854, 45.77209332365173], [-68.81626566214084, 45.771942191423804], [-68.81622127465616, 45.77186809100769], [-68.81609008664329, 45.77164286225267], [-68.81596315844219, 45.77141764019944], [-68.81594594463179, 45.77138685048258], [-68.81582813853288, 45.77119240495352], [-68.81569905248406, 45.77096717911068], [-68.81562622671076, 45.77083355528335], [-68.81556837249023, 45.7707419505401], [-68.815442369335, 45.77051672936555], [-68.81534425914799, 45.77029155312513], [-68.81530691047729, 45.77016046709904], [-68.81527076823859, 45.77006641659796], [-68.81522473934403, 45.76984132442883], [-68.81519960852967, 45.76961626603465], [-68.81517038042156, 45.769391200998086], [-68.81511034315935, 45.76916608609455], [-68.81498939982374, 45.7689435615384], [-68.814985590209, 45.768940866376546], [-68.81466841605788, 45.76877954201741], [-68.81434706837081, 45.76872578615133], [-68.81402551964116, 45.76873271147057], [-68.81370365328358, 45.76883502454935], [-68.81355627988887, 45.76893854299413], [-68.81338124212832, 45.76910035135681], [-68.81332088964417, 45.76916317642398], [-68.81311845781065, 45.76938786327214], [-68.81305853251322, 45.7694541042024], [-68.81273650956217, 45.7696014422264], [-68.8124154689934, 45.76945521374079], [-68.8123615860201, 45.76938662281603], [-68.81217010618622, 45.76916129043089], [-68.81209519420382, 45.76908142641014], [-68.81201042058804, 45.76893601003165], [-68.81186967788486, 45.76871076059211], [-68.81177538074745, 45.76857174887837], [-68.81173009281254, 45.768485512877696], [-68.81160833044402, 45.7682602943718], [-68.81148137293818, 45.76803506715558], [-68.81145581389886, 45.76799059917678], [-68.81136701681761, 45.76780986059419], [-68.81125626428049, 45.76758465986222], [-68.81114465087022, 45.767359457591], [-68.8111364777821, 45.76734304004545], [-68.81104048586332, 45.7671342675202], [-68.81093700675704, 45.76690907848043], [-68.81083345371094, 45.76668388921556], [-68.81081730775132, 45.76664852716463], [-68.81073154612699, 45.76645870257361], [-68.81063356622151, 45.76623352234144], [-68.81054412092737, 45.76600835616827], [-68.81049842946999, 45.76587018116455], [-68.81046741777291, 45.76578321105378], [-68.81040807204718, 45.76555809468205], [-68.81036742948314, 45.76533300931368], [-68.8103386005343, 45.76510794353255], [-68.81031475611861, 45.76488288601046], [-68.81029177669771, 45.76465782991072], [-68.81026771102832, 45.764432771993626], [-68.81024155985808, 45.764207710598974], [-68.81021283172966, 45.76398264490901], [-68.81018402376999, 45.76377565644857], [-68.81018080424454, 45.7637575737216], [-68.81013822064332, 45.76353248497563], [-68.81009199114973, 45.76330739014503], [-68.81004137698454, 45.76308228799713], [-68.80998517437136, 45.76285717652415], [-68.80992221824607, 45.76263205377966], [-68.80986701633367, 45.76245392942736], [-68.8098463754617, 45.76240690954548], [-68.80974303952395, 45.7621817194746], [-68.80963481335165, 45.76195652115369], [-68.80954781025967, 45.761782775037716], [-68.80951249480043, 45.76173129922753], [-68.80936183427846, 45.76150602987623], [-68.80922798391556, 45.76129585798945], [-68.80921467518114, 45.761280766163964], [-68.80903606748922, 45.76105544969564], [-68.8089079750534, 45.7608640319553], [-68.80888017932624, 45.7608301709448], [-68.80872571928059, 45.76060489436303], [-68.80860606922771, 45.760379675879726], [-68.80858825879804, 45.76034807488656], [-68.80849499014252, 45.760154471628226], [-68.80835728125595, 45.759929222596675], [-68.80826854270393, 45.7598337869019], [-68.8081618878364, 45.75970387655175], [-68.80794810587676, 45.75953128728067], [-68.80788719822635, 45.75947839686131], [-68.80762741818064, 45.759302795980176], [-68.80755450895737, 45.75925281882567], [-68.80730664075531, 45.75910113191013], [-68.80717123865587, 45.75902715445862], [-68.80698575186375, 45.75893246633158], [-68.80666466685956, 45.75882114508723], [-68.80649216942498, 45.75880098820676], [-68.8063433254036, 45.75878432599417]]}}, {"type": "Feature", "properties": {"depth_ft": 60}, "geometry": {"type": "LineString", "coordinates": [[-68.80727683041812, 45.767759477155245], [-68.80695547335785, 45.76771219301701], [-68.80663386658493, 45.76773733691152], [-68.80642505973469, 45.76780159481945], [-68.80631200435742, 45.76783620689944], [-68.80598995931467, 45.7679874822681], [-68.80592157805273, 45.76802575853785], [-68.80566781683451, 45.76816631516126], [-68.80552764212388, 45.768250106534126], [-68.80534562847708, 45.76835774500229], [-68.80515652719524, 45.768474492082525], [-68.80502341438176, 45.768555928724126], [-68.80479680888185, 45.768698895888], [-68.80470118147372, 45.76875884841236], [-68.80444468183173, 45.76892331154528], [-68.80437893375361, 45.768965336083426], [-68.80409703477937, 45.769147733790085], [-68.80405667645567, 45.76917387917494], [-68.80374965262111, 45.76937215542349], [-68.80373441786065, 45.76938210647669], [-68.80341216796865, 45.769587172957685], [-68.80339643744531, 45.76959656595542], [-68.80308993179976, 45.76978766754249], [-68.80303133213572, 45.76982095489003], [-68.80276769728103, 45.76998703808177], [-68.80266473235771, 45.77004534006828], [-68.80244538794939, 45.77020694866039], [-68.80235175384314, 45.77026981683066], [-68.80218492636301, 45.770494545852344], [-68.80220995669052, 45.770719606904734], [-68.80237140032553, 45.77094490397422], [-68.80244253109389, 45.77101615067722], [-68.80257206113788, 45.77117026857719], [-68.80276274365892, 45.77139242914455], [-68.80276531363583, 45.77139562003057], [-68.8029453520321, 45.771620948359136], [-68.80308282364808, 45.77180760118336], [-68.80311258937654, 45.77184625433714], [-68.80327989772435, 45.772071560183605], [-68.80340281768933, 45.772248584126345], [-68.80343901019967, 45.77229685167677], [-68.8036040138, 45.772522153065616], [-68.80372280901662, 45.772691775249], [-68.80376259404783, 45.772747443175305], [-68.80392038048336, 45.77297273169359], [-68.80404273682295, 45.77315454782669], [-68.80407002627427, 45.77319800602567], [-68.80420933975607, 45.77342326244797], [-68.80434430735154, 45.773648511249604], [-68.80436245284412, 45.77367940006623], [-68.8044652081886, 45.77387373581066], [-68.80458103863867, 45.774098951562905], [-68.80468183878197, 45.77430052088095], [-68.80469284947732, 45.7743241603179], [-68.80479675290876, 45.774549355445465], [-68.80489892137903, 45.77477454750705], [-68.8049993882773, 45.77499973656431], [-68.80500094733829, 45.77500325594297], [-68.80509837211436, 45.775224922994475], [-68.80519580719718, 45.77545010668937], [-68.80529316112937, 45.775675290153934], [-68.80531996341956, 45.77573486190901], [-68.80539777488742, 45.77590048589154], [-68.80551345110169, 45.77612570035503], [-68.80563942854141, 45.776339605135625], [-68.80564672931476, 45.77635094463466], [-68.80581182702379, 45.77657624283306], [-68.80595953099389, 45.776762579707], [-68.80599456387753, 45.77680157073561], [-68.80620328007086, 45.77702694240395], [-68.80627990098941, 45.7771096848108], [-68.80643483223992, 45.77725235237056], [-68.80660044635972, 45.77740720754246], [-68.8066892545721, 45.77747780055442], [-68.80692113229559, 45.77766498837485], [-68.80697562024531, 45.77770330213096], [-68.80724192984759, 45.777891231909024], [-68.80730376884134, 45.777928873454734], [-68.80756284564865, 45.778083852952804], [-68.80771118844707, 45.7781545772614], [-68.80788390872667, 45.778234231020356], [-68.80820511704106, 45.778342749840334], [-68.80835613857383, 45.7783806782576], [-68.80852642469131, 45.77842260985146], [-68.80884777726436, 45.77848959118235], [-68.80916914162212, 45.77855334330267], [-68.80944366076554, 45.7786075145646], [-68.80949050793828, 45.77861673531853], [-68.80981188039861, 45.77867853420595], [-68.81013327034933, 45.778735388885465], [-68.81045469071496, 45.77878345973956], [-68.81077615217492, 45.77881954483466], [-68.81104176822822, 45.778835186043054], [-68.81109767195778, 45.778838480954796], [-68.81119184973498, 45.77883543414507], [-68.81141929157619, 45.77882786591525], [-68.81174107184972, 45.77876947554274], [-68.81206303697209, 45.77865586257424], [-68.81216287766543, 45.77861201720621], [-68.81238511375564, 45.77850856481039], [-68.8126820025504, 45.77838785204293], [-68.81270713635722, 45.77837694361359], [-68.81302888879864, 45.778325701832735], [-68.81325291578256, 45.778388786581544], [-68.81335014983937, 45.77842156546566], [-68.81357552587754, 45.77861433081091], [-68.8136707762604, 45.77870829269896], [-68.81377582183845, 45.77883967483286], [-68.81394513235254, 45.77906496804333], [-68.8139909628511, 45.77912828331964], [-68.8141081060219, 45.779290250684454], [-68.81426693403272, 45.77951552634523], [-68.81431105142691, 45.77957924691493], [-68.81442898935752, 45.7797408070178], [-68.814588183552, 45.779966082808684], [-68.81463115103503, 45.78002843514455], [-68.81474713071583, 45.78019135796825], [-68.81490178881351, 45.78041662594953], [-68.81495121936825, 45.780488627950625], [-68.81505637935355, 45.78064189360311], [-68.8152237909808, 45.78086718177306], [-68.81527138860986, 45.78091985586542], [-68.81542755320218, 45.781092528414625], [-68.81559195570814, 45.78123189578319], [-68.81569203106142, 45.781317972638355], [-68.81591276575143, 45.78147120016863], [-68.8160146022368, 45.781543509799995], [-68.81623367323866, 45.78168167850586], [-68.81636802334552, 45.78176909562648], [-68.81655459919301, 45.781887261496884], [-68.81671599642446, 45.781994671611514], [-68.81687548399559, 45.78210613403725], [-68.81703487222444, 45.782220199937484], [-68.81719629567739, 45.78234814774752], [-68.81733303060456, 45.78244569424524], [-68.81751708995048, 45.78259634741535], [-68.81764483321543, 45.78267120954251], [-68.81783802009751, 45.78280369945518], [-68.81812616056136, 45.78289699394846], [-68.81815928304094, 45.78290941597973], [-68.81824362287745, 45.78289718086009], [-68.81848106479626, 45.78285563936731], [-68.81876011725801, 45.78267298406434], [-68.81880335870481, 45.7826435744751], [-68.81900487770928, 45.782448354802405], [-68.81912595258554, 45.782337987936835], [-68.81922919849866, 45.7822236926715], [-68.81944862933676, 45.78200563426369], [-68.81945490286665, 45.78199903227774], [-68.81968729745114, 45.78177438198742], [-68.81977121650132, 45.781699892731794], [-68.81995586040107, 45.781549788213745], [-68.82009366726194, 45.78143546381049], [-68.82024052511422, 45.781325219133514], [-68.82041612907204, 45.78116664233789], [-68.8204922331618, 45.78110059756335], [-68.82068122053867, 45.78087587701319], [-68.82073895673544, 45.78078268972735], [-68.82081903587395, 45.7806510759053], [-68.82092990238966, 45.780426232390646], [-68.82103208938398, 45.78020137516491], [-68.82106263072498, 45.78013277454371], [-68.82112675354416, 45.77997650606218], [-68.8212169586468, 45.77975162989515], [-68.82130514830813, 45.779526750496025], [-68.82138684127571, 45.779312449520994], [-68.82139004611147, 45.77930186587424], [-68.82145447887467, 45.77907694920291], [-68.82151274717882, 45.77885202285687], [-68.82156481281346, 45.77862708678592], [-68.82161150221884, 45.77840214228878], [-68.8216539240828, 45.778177191102614], [-68.82169290764256, 45.777952234526225], [-68.82171316379534, 45.77782643976624], [-68.82172460925676, 45.77772726656605], [-68.82174822134006, 45.77750228596827], [-68.821768377415, 45.77727729996579], [-68.8217845469315, 45.77705230773288], [-68.8217957033761, 45.77682730767027], [-68.82179709043032, 45.776602292361304], [-68.82177551381467, 45.776377241226264], [-68.8217184034179, 45.77618226056072], [-68.82170689581633, 45.776152116682944], [-68.82154416432068, 45.77592684513626], [-68.821398108029, 45.775783440254884], [-68.821283420591, 45.775701420085866], [-68.82107721290896, 45.77557357773984], [-68.82085196861068, 45.7754757269024], [-68.82075608964853, 45.77543567643585], [-68.8204348302446, 45.7753406872076], [-68.82011351475286, 45.77526348156696], [-68.82004739348318, 45.77524944503585], [-68.81979216575155, 45.7751969547285], [-68.81947077822788, 45.77514260328013], [-68.81914933080095, 45.775106976877744], [-68.81882783666174, 45.775085902335206], [-68.81850636377177, 45.775058351913984], [-68.81829795266101, 45.77502165880807], [-68.8181849817751, 45.775002928745906], [-68.81786371662193, 45.77491180876063], [-68.81757549301247, 45.774795490072044], [-68.81754257780284, 45.77478226993958], [-68.81722161855777, 45.77459821713854], [-68.81718579470548, 45.77456984966312], [-68.81691840708956, 45.77434440396542], [-68.81690094055607, 45.774328868480666], [-68.81671292693177, 45.77411905695822], [-68.81658060237353, 45.77395680070988], [-68.81653088355182, 45.7738937472082], [-68.81636623933048, 45.773668465124004], [-68.81626051029431, 45.773511085220164], [-68.8162069080692, 45.77344319133995], [-68.81604444552536, 45.77321791228338], [-68.81594045514126, 45.77305569126517], [-68.81588375863241, 45.77299263584811], [-68.815704709684, 45.77276732956183], [-68.81562025263801, 45.77264659106533], [-68.81549354811922, 45.772541971134345], [-68.81529970090551, 45.7723447043458], [-68.81521386234668, 45.77231650150606], [-68.81497856794931, 45.772219637448565], [-68.81472012454968, 45.77231570193271], [-68.81465660546881, 45.77234543441947], [-68.81446345448927, 45.772540303074884], [-68.81433394256216, 45.772681881039425], [-68.81426661296653, 45.77276500090221], [-68.81408469300382, 45.772989722662274], [-68.81401107110041, 45.77307989996854], [-68.81389065604412, 45.773214424387845], [-68.81368835780343, 45.77342903751883], [-68.81367449558495, 45.77343908969961], [-68.81336608629064, 45.77364452189149], [-68.81324392918819, 45.77366340434679], [-68.81304437506058, 45.773691583366855], [-68.81295501506581, 45.77366293174927], [-68.81272315347196, 45.77359219590939], [-68.81250764474034, 45.77343718091182], [-68.81240237638227, 45.77336057434585], [-68.81228059396753, 45.77321179049757], [-68.81210937637375, 45.77298649145089], [-68.81208220852407, 45.77294834312365], [-68.81198876396996, 45.77276127542039], [-68.8118848200226, 45.77253608669781], [-68.81178782111674, 45.772310909312154], [-68.81176300437123, 45.77225104717371], [-68.8117050173816, 45.77208575522941], [-68.81162819781377, 45.77186061094366], [-68.81155363983638, 45.771635470327396], [-68.81148117282407, 45.77141033310349], [-68.81144468002628, 45.771295011023206], [-68.81141101431805, 45.77118519963502], [-68.81134190385816, 45.770960067845024], [-68.81127036257135, 45.7707349319891], [-68.81119245091332, 45.770509785552775], [-68.81112636182418, 45.77034036185647], [-68.81110430399637, 45.770284622133495], [-68.8110046607048, 45.770059439621534], [-68.81089754186623, 45.769834244641544], [-68.8108071618733, 45.769649715148134], [-68.81078575523922, 45.769609041822264], [-68.81066753235577, 45.76938382821952], [-68.81055236255409, 45.76915861954774], [-68.81048773441468, 45.76902856724793], [-68.81043161755922, 45.76893340150105], [-68.81030356276065, 45.76870817118189], [-68.81018097848744, 45.76848294979868], [-68.81016813910787, 45.76845898429811], [-68.81001116640942, 45.768257649753835], [-68.80984805064026, 45.768036450636075], [-68.80984112491132, 45.76803234906576], [-68.80952721770855, 45.767834067229856], [-68.80920562732484, 45.76785453770099], [-68.80888367417637, 45.76798116445213], [-68.80868726831174, 45.768030422876954], [-68.80856190453727, 45.768053720212905], [-68.80824044639088, 45.76803512726794], [-68.8082199574555, 45.76802963945696], [-68.8079191999064, 45.767954928835266], [-68.80759803045034, 45.76785259319329], [-68.80743029364878, 45.767803293462386], [-68.80727683041812, 45.767759477155245]]}}, {"type": "Feature", "properties": {"depth_ft": 70}, "geometry": {"type": "LineString", "coordinates": [[-68.80727126930537, 45.76937425096269], [-68.80694991597498, 45.76932320031992], [-68.80662829117729, 45.76935087967433], [-68.80654405274208, 45.76937692094318], [-68.8063064142014, 45.76945132380631], [-68.80598437362723, 45.76959862086635], [-68.80597987871408, 45.76960098208007], [-68.80566223194639, 45.76977454284125], [-68.80557436589547, 45.7698253105171], [-68.80533998808212, 45.76997925663089], [-68.80523710386494, 45.7700497538664], [-68.80501748206657, 45.77025852828727], [-68.80500159206653, 45.770274369909096], [-68.80489745385792, 45.770499209861796], [-68.80490853726775, 45.77072424650581], [-68.80499184085824, 45.77094940642343], [-68.8050149157977, 45.770995010791395], [-68.80510648380532, 45.77117461973222], [-68.80522631132658, 45.771399841755155], [-68.8053343163191, 45.77160964574781], [-68.80534265574876, 45.77162505770947], [-68.805463715577, 45.77185028156489], [-68.80558113795016, 45.772075499093695], [-68.80565374291982, 45.772218785895014], [-68.80569853762165, 45.77230071645423], [-68.80582004199871, 45.77252594066112], [-68.80593840587228, 45.77275115939586], [-68.80597320971695, 45.77281833346724], [-68.80606322728534, 45.77297638895993], [-68.80619059862873, 45.773201622703965], [-68.80629279875633, 45.773384542845655], [-68.80631906799653, 45.77342685815829], [-68.80645841244034, 45.77365211188093], [-68.80659637640731, 45.77387736308793], [-68.80661255622171, 45.77390388888597], [-68.80674962022864, 45.774102639963864], [-68.80690184381298, 45.77432791490104], [-68.80693249081644, 45.774373619178526], [-68.80707152296735, 45.77455321910196], [-68.80723893463647, 45.774778519216476], [-68.80725259004831, 45.774797115328255], [-68.80744182387886, 45.77500387887206], [-68.80757290034889, 45.77516064862674], [-68.80766024709358, 45.77522926430884], [-68.80789345378271, 45.77545458316457], [-68.8078936435511, 45.77545467449495], [-68.8082135392411, 45.77568022941957], [-68.8082142424486, 45.77568087706589], [-68.80853512339009, 45.775880964823386], [-68.80856739570896, 45.775905840343476], [-68.80885496605416, 45.776131339290416], [-68.80885583326328, 45.77613179440172], [-68.80917679456303, 45.77630975170912], [-68.80924737485124, 45.776357012578366], [-68.80949790468155, 45.776444603419094], [-68.80981905345928, 45.77656853769286], [-68.80985539635553, 45.77658304352673], [-68.81014032619453, 45.776656364529465], [-68.81046163436429, 45.77673402980836], [-68.81078302439285, 45.77678775565315], [-68.81110462732188, 45.776778609168936], [-68.81142662134201, 45.77665340327618], [-68.8115145200478, 45.77658579252664], [-68.81159822406295, 45.77636091309225], [-68.8115143456396, 45.776135757259816], [-68.8114287741799, 45.77601469064796], [-68.81134956861034, 45.77591046781516], [-68.81118350115976, 45.7756851759914], [-68.8111087231376, 45.77556550433774], [-68.81102207917698, 45.7754598916007], [-68.81087274297829, 45.77523462697865], [-68.81078883051096, 45.77507099141857], [-68.81073032532606, 45.77500937361322], [-68.8105621662104, 45.77478407738544], [-68.81046881365191, 45.774614817131315], [-68.81036145764782, 45.774558726882354], [-68.81014793608206, 45.77441383369119], [-68.80982597503485, 45.774532293600075], [-68.80978661129993, 45.774557771344476], [-68.80950356494111, 45.774782239702944], [-68.8095031828358, 45.77478231670827], [-68.80918167927732, 45.774877574227396], [-68.80912990271383, 45.774781693749105], [-68.8090694641184, 45.774556575212515], [-68.80904788023484, 45.7743315215768], [-68.80904314796176, 45.77410649609298], [-68.80904562468406, 45.77388148264834], [-68.80905241424134, 45.77365647640239], [-68.80906384737085, 45.7734314779071], [-68.80908008267721, 45.77320648742611], [-68.80909959369598, 45.77298150240695], [-68.80912017770972, 45.77275651916813], [-68.80914077660084, 45.77253153594158], [-68.80916199196523, 45.772306553732115], [-68.80918493584052, 45.77208157439653], [-68.80919140794394, 45.772024847126936], [-68.8092137118455, 45.77185660478598], [-68.80924253941707, 45.77163163524542], [-68.80926842856906, 45.77140666078364], [-68.80928934331251, 45.771181678004325], [-68.80929848368419, 45.77095667556097], [-68.80927827517648, 45.77073162412203], [-68.8091984103105, 45.770506473064835], [-68.80919659355106, 45.770504100847404], [-68.80901673031434, 45.77028115180317], [-68.80887618040092, 45.770175367492676], [-68.80871316510193, 45.770055626252294], [-68.80855536060334, 45.76996659519975], [-68.80831271954304, 45.769829937393304], [-68.80823443117, 45.76979051355991], [-68.80791344887521, 45.769630419576835], [-68.80785658777194, 45.769604153489624], [-68.80759241461736, 45.769485972204016], [-68.80728258972934, 45.76937816901272], [-68.80727126930537, 45.76937425096269]]}}, {"type": "Feature", "properties": {"depth_ft": 70}, "geometry": {"type": "LineString", "coordinates": [[-68.81625370551242, 45.77558314846967], [-68.81593207721716, 45.77560235060298], [-68.8157934931928, 45.77569270117331], [-68.8156096364727, 45.775867998822115], [-68.81557263354152, 45.775917362402396], [-68.81547203478705, 45.776142217480775], [-68.8154625383107, 45.776367219636015], [-68.81554224118251, 45.776592365818665], [-68.81560691398505, 45.776694031908704], [-68.81568922511245, 45.77681762048768], [-68.81586840253044, 45.77704292684397], [-68.81592710355375, 45.777114045668505], [-68.8160700731944, 45.77726826912132], [-68.81624750135612, 45.77747212264172], [-68.81627498290267, 45.77749361624202], [-68.81653469036843, 45.77771905098803], [-68.81656816257589, 45.777751110551634], [-68.81688958499815, 45.77779851455878], [-68.81696761856979, 45.77771974532027], [-68.81716470645986, 45.77749504342892], [-68.81721235150387, 45.777434717580846], [-68.81728345145513, 45.77727021593394], [-68.81737403051838, 45.777045343291086], [-68.81745051367574, 45.77682044804765], [-68.81749246708938, 45.7765954975944], [-68.81745881534322, 45.77637042635409], [-68.81730098094488, 45.77614515659498], [-68.81721677426627, 45.77608103219863], [-68.81698550450058, 45.775919634213366], [-68.81689590395725, 45.77586786005353], [-68.81657490098254, 45.7756958981528], [-68.81656859453918, 45.77569394815463], [-68.81625370551242, 45.77558314846967]]}}]}