{"type": "FeatureCollection", "features": [{"type": "Feature", "properties": {"kind": "median_waterline"}, "geometry": {"type": "Polygon", "coordinates": [[[-68.72517298403203, 45.79223033327571], [-68.72517342641659, 45.792140327579766], [-68.72504476378678, 45.79214001803879], [-68.72504432119511, 45.792230023733765], [-68.72517298403203, 45.79223033327571]]]}}, {"type": "Feature", "properties": {"kind": "median_waterline"}, "geometry": {"type": "Polygon", "coordinates": [[[-68.77651536895448, 45.79090218225924], [-68.77651572867785, 45.79081217619099], [-68.77638706860168, 45.79081192446932], [-68.77638670867121, 45.79090193053678], [-68.77651536895448, 45.79090218225924]]]}}, {"type": "Feature", "properties": {"kind": "median_waterline"}, "geometry": {"type": "Polygon", "coordinates": [[[-68.79221227048752, 45.790841799251865], [-68.79221461165228, 45.79021175608686], [-68.79208595282462, 45.79021152204483], [-68.79208361021027, 45.79084156520472], [-68.79221227048752, 45.790841799251865]]]}}, {"type": "Feature", "properties": {"kind": "median_waterline"}, "geometry": {"type": "Polygon", "coordinates": [[[-68.77252983006835, 45.79017426310776], [-68.77253019619756, 45.790084257052676], [-68.77240153783148, 45.79008400084635], [-68.77240117149519, 45.790174006900635], [-68.77252983006835, 45.79017426310776]]]}}, {"type": "Feature", "properties": {"kind": "median_waterline"}, "geometry": {"type": "Polygon", "coordinates": [[[-68.7923436047202, 45.790121983811154], [-68.79234427319281, 45.789941971461154], [-68.79221561498478, 45.78994173756619], [-68.79221494609804, 45.79012174991473], [-68.7923436047202, 45.790121983811154]]]}}, {"type": "Feature", "properties": {"kind": "median_waterline"}, "geometry": {"type": "Polygon", "coordinates": [[[-68.77432160568723, 45.79251799201763], [-68.77432233223534, 45.792337979957914], [-68.77445099580473, 45.79233823401104], [-68.77445135886909, 45.79224822797824], [-68.77458002223307, 45.792248481885686], [-68.77458038508861, 45.79215847585068], [-68.77445172193173, 45.79215822194403], [-68.77445208499265, 45.79206821590837], [-68.77432342204459, 45.79206796185764], [-68.7743245118383, 45.79179794374453], [-68.77445317416506, 45.79179819779287], [-68.77445353721909, 45.791708191751525], [-68.77471086146356, 45.79170869941202], [-68.7747101361822, 45.79188871149647], [-68.77458147364489, 45.79188845773708], [-68.77458111079451, 45.791978463776374], [-68.77483843628504, 45.79197897115186], [-68.77483771140754, 45.792158983229335], [-68.77496637456959, 45.79215923670135], [-68.77496601233536, 45.792249242738734], [-68.77548066582914, 45.79225025518114], [-68.77548102723495, 45.7921602491406], [-68.77560969040559, 45.79216050188822], [-68.77561005160258, 45.79207049584545], [-68.77599604050346, 45.79207125321664], [-68.77599640107744, 45.791981247170085], [-68.77612506384072, 45.7919814993366], [-68.77612542420589, 45.79189149328785], [-68.77625408676379, 45.7918917453087], [-68.77625444692013, 45.791801739257714], [-68.77638310927264, 45.79180199113291], [-68.77638346922019, 45.791711985079715], [-68.77651213136731, 45.79171223680924], [-68.77651249110605, 45.79162223075384], [-68.77638382916604, 45.791621979025095], [-68.77638418911016, 45.79153197296904], [-68.77651285084308, 45.791532224697], [-68.77651357031202, 45.791352212579056], [-68.77625624767627, 45.79135170898141], [-68.77625732810942, 45.791081690798514], [-68.77638598880516, 45.79108194266741], [-68.77638670867121, 45.79090193053678], [-68.77625804838965, 45.79090167866945], [-68.7762576882504, 45.79099168473469], [-68.77612902776345, 45.7909914327217], [-68.77612866741539, 45.79108143878474], [-68.77587134603246, 45.79108093432256], [-68.7758717067947, 45.79099092826111], [-68.7757430463129, 45.7909906758135], [-68.7757434072805, 45.79090066975141], [-68.77548608673622, 45.79090016442315], [-68.7754864481163, 45.790810158361204], [-68.77535778805381, 45.79080990548055], [-68.77535923438532, 45.79044988122166], [-68.77548789361946, 45.79045013409916], [-68.77548825499096, 45.79036012803009], [-68.7753595959639, 45.790359875153385], [-68.77536031911593, 45.79017986301252], [-68.7751030018953, 45.790179356827664], [-68.77510336388289, 45.79008935075668], [-68.77497470548224, 45.79008909744774], [-68.7749750676752, 45.78999909137611], [-68.77484640948335, 45.7899988379231], [-68.77484713427826, 45.78981882577716], [-68.77458981872802, 45.789818318439664], [-68.77458691619377, 45.79053836697653], [-68.77445825676456, 45.79053811308414], [-68.77445789373296, 45.79062811914404], [-68.77420057446558, 45.790627610923075], [-68.77420021101806, 45.79071761697995], [-68.77368557167567, 45.79071659879637], [-68.77368593595153, 45.79062659274267], [-68.77317129746517, 45.79062557224434], [-68.77317166256765, 45.79053556619238], [-68.77330032197955, 45.79053582153349], [-68.7733006868732, 45.790445815479316], [-68.7731720276684, 45.79044556013902], [-68.77317239276739, 45.79035555408422], [-68.77304373377139, 45.790355298599856], [-68.77304409907575, 45.79026529254442], [-68.77291544028856, 45.790265036915976], [-68.77291580579826, 45.79017503085991], [-68.77252983006835, 45.79017426310776], [-68.7725290978047, 45.790354275213645], [-68.77278641578457, 45.79035478719649], [-68.77278568434232, 45.79053479929987], [-68.77265702493735, 45.79053454337928], [-68.77265665900653, 45.79062454942803], [-68.7725279993962, 45.79062429336178], [-68.77252763325657, 45.79071429940829], [-68.77175567438867, 45.79071275996367], [-68.77175493961911, 45.79089277204284], [-68.77201226006314, 45.79089328577374], [-68.77201115913826, 45.791163303886584], [-68.77291178509606, 45.79116509739806], [-68.77291141956725, 45.791255103438424], [-68.77342606383829, 45.79125612511808], [-68.77342569913613, 45.7913461311602], [-68.77355436041529, 45.79134638621873], [-68.7735550894037, 45.79116637413144], [-68.77381241113888, 45.79116688381068], [-68.77381204705972, 45.79125688985662], [-68.77368338598419, 45.79125663508865], [-68.77368302169621, 45.791346641132364], [-68.77381168297886, 45.79134689590114], [-68.77381095481192, 45.79152690798588], [-68.77393961651048, 45.79152716261137], [-68.7739385248684, 45.791797180730185], [-68.77406718718998, 45.79179743521318], [-68.77406500510179, 45.79233747141705], [-68.77419366866772, 45.79233772575992], [-68.77419294170538, 45.79251773781805], [-68.77432160568723, 45.79251799201763]], [[-68.77574124144911, 45.791440706102584], [-68.77535525690759, 45.79143994787868], [-68.77535561850506, 45.791349941826084], [-68.77522695720174, 45.79134968879582], [-68.77522768080571, 45.79116967668792], [-68.77548500258568, 45.79117018260042], [-68.77548536397092, 45.791080176542756], [-68.77574268534356, 45.79108068187416], [-68.77574196339975, 45.79126069399124], [-68.77587062450284, 45.791260946441206], [-68.77587026373547, 45.79135095249838], [-68.77574160242528, 45.79135070004762], [-68.77574124144911, 45.791440706102584]], [[-68.77497035903261, 45.791169170195936], [-68.77471303726638, 45.79116866312445], [-68.77471339989417, 45.79107865707152], [-68.77432741787901, 45.791077895380106], [-68.77432814437194, 45.790897883274745], [-68.77445680462775, 45.790898137315175], [-68.77445716766454, 45.790808131259546], [-68.77497180787667, 45.790809145969355], [-68.77497035903261, 45.791169170195936]], [[-68.77317056725502, 45.79080558434394], [-68.77291324719388, 45.790805073222344], [-68.772913612714, 45.79071506717485], [-68.77317093236096, 45.790715578294844], [-68.77317056725502, 45.79080558434394]]]}}, {"type": "Feature", "properties": {"kind": "median_waterline"}, "geometry": {"type": "Polygon", "coordinates": [[[-68.75194687668586, 45.78959139168099], [-68.75194767518518, 45.78941137981974], [-68.75181901855939, 45.78941110044053], [-68.75181821964591, 45.789591112300045], [-68.75194687668586, 45.78959139168099]]]}}, {"type": "Feature", "properties": {"kind": "median_waterline"}, "geometry": {"type": "Polygon", "coordinates": [[[-68.76866039213118, 45.79250667017823], [-68.76866113690458, 45.792326658189204], [-68.76891846389145, 45.79232717890003], [-68.7689188358613, 45.792237172901736], [-68.76879017257409, 45.792236912619586], [-68.7687909169227, 45.79205690062036], [-68.7689195797957, 45.7920571609009], [-68.76891920782938, 45.79214716690204], [-68.76904787091127, 45.79214742703849], [-68.76904861442792, 45.791967415033184], [-68.76930593976857, 45.79196793486823], [-68.76930631111006, 45.79187792886181], [-68.76982096098409, 45.79187896679013], [-68.76982133149541, 45.79178896077906], [-68.76994999376122, 45.79178921989813], [-68.76995036406369, 45.791699213884804], [-68.77007902612415, 45.791699472858184], [-68.77007939621777, 45.79160946684262], [-68.77020805807288, 45.791609725670334], [-68.77020842795766, 45.79151971965254], [-68.77033708960744, 45.79151997833457], [-68.77033745928335, 45.79142997231454], [-68.77046612072779, 45.79143023085088], [-68.77046649019485, 45.79134022482861], [-68.77059515143397, 45.791340483219265], [-68.77059552069218, 45.79125047719477], [-68.77072418172594, 45.791250735439746], [-68.7707245507753, 45.791160729413015], [-68.77085321160374, 45.7911609875123], [-68.77085358044425, 45.791070981483344], [-68.77098224106734, 45.79107123943696], [-68.77098260969902, 45.790981233405766], [-68.77111127011678, 45.79098149121371], [-68.77111163853961, 45.79089148518028], [-68.77124029875202, 45.79089174284255], [-68.77124177159754, 45.79053171869137], [-68.77085579345062, 45.790530945279635], [-68.7708565311054, 45.79035093320033], [-68.77072787214075, 45.790350675108286], [-68.77073045532688, 45.789720632791386], [-68.77085911284196, 45.78972089087779], [-68.77085985046523, 45.789540878772804], [-68.7709885075679, 45.78954113671272], [-68.77098998196514, 45.7891811124824], [-68.77086132569075, 45.7891808545457], [-68.770862063293, 45.78900084242358], [-68.77073340743449, 45.789000584343626], [-68.77073377644005, 45.78891057828124], [-68.77060512079036, 45.788910320057234], [-68.77060549000124, 45.78882031399421], [-68.77047683456038, 45.78882005562615], [-68.77047535687807, 45.789180079866405], [-68.7706040131472, 45.78918033823769], [-68.77060364392932, 45.789270344295], [-68.7704749874531, 45.7892700859229], [-68.77047387916768, 45.789540104083834], [-68.770345222072, 45.78953984556444], [-68.77034374350525, 45.789899869755814], [-68.77021508558303, 45.78989961108832], [-68.77021434587498, 45.79007962317384], [-68.77008568754034, 45.790079364359876], [-68.7700849474111, 45.790259376438065], [-68.7698276299188, 45.79025885837228], [-68.76982725943738, 45.79034886440763], [-68.76969860048678, 45.79034860515663], [-68.76969822979652, 45.79043861118972], [-68.76944091148643, 45.79043809225149], [-68.76944054038023, 45.79052809828154], [-68.76918322166303, 45.7905275787622], [-68.7691828501409, 45.790617584789196], [-68.76879687145707, 45.79061680442122], [-68.76879649931192, 45.790706810444355], [-68.76866783954708, 45.79070655003114], [-68.76866709483731, 45.790886562071535], [-68.76853843466007, 45.79088630151182], [-68.76853806209544, 45.79097630752905], [-68.76840940171289, 45.79097604682365], [-68.76840828338712, 45.79124606486437], [-68.76827962238507, 45.791245804011645], [-68.76827924939917, 45.79133581002156], [-68.76815058819179, 45.79133554902314], [-68.7681494686022, 45.79160556704185], [-68.76827813043087, 45.79160582804271], [-68.76827701144666, 45.79187584605102], [-68.7684056738984, 45.79187610690944], [-68.76840492831425, 45.792056118909485], [-68.76853359118196, 45.79205637962466], [-68.76853321859434, 45.792146385623354], [-68.76840455551954, 45.792146124907376], [-68.76840418272305, 45.792236130903824], [-68.76853284600496, 45.79223639162062], [-68.76853172822618, 45.79250640960386], [-68.76866039213118, 45.79250667017823]]]}}, {"type": "Feature", "properties": {"kind": "median_waterline"}, "geometry": {"type": "Polygon", "coordinates": [[[-68.7945354314301, 45.788865851142674], [-68.79453576212484, 45.78877584493608], [-68.79440710658194, 45.78877561351329], [-68.79440677568014, 45.788865619719154], [-68.7945354314301, 45.788865851142674]]]}}, {"type": "Feature", "properties": {"kind": "median_waterline"}, "geometry": {"type": "Polygon", "coordinates": [[[-68.77047683456038, 45.78882005562615], [-68.77047757339102, 45.788640043497466], [-68.77034891836604, 45.788639784986145], [-68.77034817912127, 45.78881979711322], [-68.77047683456038, 45.78882005562615]]]}}, {"type": "Feature", "properties": {"kind": "median_waterline"}, "geometry": {"type": "Polygon", "coordinates": [[[-68.7901628254776, 45.788407870551275], [-68.79016316320461, 45.78831786436237], [-68.79003450875099, 45.78831762801791], [-68.79003417081694, 45.78840763420608], [-68.7901628254776, 45.788407870551275]]]}}, {"type": "Feature", "properties": {"kind": "median_waterline"}, "geometry": {"type": "Polygon", "coordinates": [[[-68.72068866874712, 45.7884391740785], [-68.72068911829054, 45.7883491683567], [-68.72107507987852, 45.78835011119888], [-68.72107552879862, 45.7882601054727], [-68.72094687514088, 45.788259791337815], [-68.72094732426591, 45.788169785611196], [-68.7210759777166, 45.7881700997451], [-68.72107642663244, 45.788080094016074], [-68.72056181367074, 45.78807883661521], [-68.72056001468165, 45.788438859507075], [-68.72068866874712, 45.7884391740785]]]}}, {"type": "Feature", "properties": {"kind": "median_waterline"}, "geometry": {"type": "Polygon", "coordinates": [[[-68.7212050798782, 45.788080408004134], [-68.72120552858486, 45.7879904022727], [-68.72107687554615, 45.78799008828561], [-68.72107642663244, 45.788080094016074], [-68.7212050798782, 45.788080408004134]]]}}, {"type": "Feature", "properties": {"kind": "median_waterline"}, "geometry": {"type": "Polygon", "coordinates": [[[-68.80392856765995, 45.788522328742005], [-68.80392888323273, 45.78843232247818], [-68.80470081222406, 45.78843364450621], [-68.80470112655296, 45.78834363823683], [-68.80495843581454, 45.788344077752576], [-68.80495874972783, 45.78825407148041], [-68.80483009530334, 45.78825385179565], [-68.80483040942221, 45.788163845522746], [-68.80431579256744, 45.788162965337854], [-68.80431610751306, 45.78807295906627], [-68.80418745351017, 45.788072738658585], [-68.80418776866132, 45.78798273238625], [-68.80393046107415, 45.78798229113767], [-68.80393077663794, 45.78789228486531], [-68.80367346947088, 45.78789184303868], [-68.80367378544729, 45.78780183676626], [-68.8032878253291, 45.787801172941954], [-68.80328750873151, 45.7878911792123], [-68.80290154800569, 45.78789051408218], [-68.80290091356369, 45.78807052661445], [-68.80302956755156, 45.78807074847073], [-68.80302893351764, 45.78825076099868], [-68.80315758792115, 45.788250982711496], [-68.80315663748019, 45.7885210014948], [-68.80392856765995, 45.788522328742005]]]}}, {"type": "Feature", "properties": {"kind": "median_waterline"}, "geometry": {"type": "Polygon", "coordinates": [[[-68.79518233637066, 45.78787693769668], [-68.79518299565345, 45.78769692524347], [-68.79505434258745, 45.78769669455363], [-68.79505368289055, 45.787876707005395], [-68.79518233637066, 45.78787693769668]]]}}, {"type": "Feature", "properties": {"kind": "median_waterline"}, "geometry": {"type": "Polygon", "coordinates": [[[-68.85590763216827, 45.78769963407637], [-68.85590786407542, 45.787609627556755], [-68.85577921079418, 45.78760946524123], [-68.85577897867998, 45.78769947176034], [-68.85590763216827, 45.78769963407637]]]}}, {"type": "Feature", "properties": {"kind": "median_waterline"}, "geometry": {"type": "Polygon", "coordinates": [[[-68.85565102215325, 45.787429289739386], [-68.8556512544712, 45.78733928321651], [-68.85552260181335, 45.787339120612806], [-68.85552236928834, 45.78742912713517], [-68.85565102215325, 45.787429289739386]]]}}, {"type": "Feature", "properties": {"kind": "median_waterline"}, "geometry": {"type": "Polygon", "coordinates": [[[-68.81242312404306, 45.78754651479858], [-68.81242433159747, 45.787186489494], [-68.81216702754969, 45.78718606679933], [-68.81216642294714, 45.78736607945183], [-68.81229507538443, 45.78736629087292], [-68.81229447119026, 45.78754630352103], [-68.81242312404306, 45.78754651479858]]]}}, {"type": "Feature", "properties": {"kind": "median_waterline"}, "geometry": {"type": "Polygon", "coordinates": [[[-68.78000442340169, 45.78703866087592], [-68.78000477746139, 45.78694865472529], [-68.77987612624334, 45.78694840694847], [-68.7798757719766, 45.78703841309831], [-68.78000442340169, 45.78703866087592]]]}}, {"type": "Feature", "properties": {"kind": "median_waterline"}, "geometry": {"type": "Polygon", "coordinates": [[[-68.79505665147727, 45.787066650927535], [-68.79505764097799, 45.786796632209246], [-68.7951862919735, 45.78679686289189], [-68.79518695121871, 45.786616850404464], [-68.79492965005747, 45.78661638889721], [-68.7949279998622, 45.78706642009789], [-68.79505665147727, 45.787066650927535]]]}}, {"type": "Feature", "properties": {"kind": "median_waterline"}, "geometry": {"type": "Polygon", "coordinates": [[[-68.79492965005747, 45.78661638889721], [-68.79493031012461, 45.78643637640696], [-68.79480165996043, 45.7864361454375], [-68.79480232043538, 45.78625613294298], [-68.79467367068683, 45.78625590183011], [-68.79467267935092, 45.786525920567584], [-68.7948013297206, 45.78652615168261], [-68.79480099947921, 45.786616157926304], [-68.79492965005747, 45.78661638889721]]]}}, {"type": "Feature", "properties": {"kind": "median_waterline"}, "geometry": {"type": "Polygon", "coordinates": [[[-68.76457194806419, 45.7856578023384], [-68.76457232694244, 45.78556779626242], [-68.76444367903879, 45.78556753111562], [-68.7644432999535, 45.78565753719076], [-68.76457194806419, 45.7856578023384]]]}}, {"type": "Feature", "properties": {"kind": "median_waterline"}, "geometry": {"type": "Polygon", "coordinates": [[[-68.79596181008594, 45.78580817514696], [-68.79596279517322, 45.78553815635367], [-68.79583414706688, 45.785537926550205], [-68.79583348992954, 45.785717939079035], [-68.7957048414107, 45.78571770912929], [-68.79570451263265, 45.785807715390845], [-68.79596181008594, 45.78580817514696]]]}}, {"type": "Feature", "properties": {"kind": "median_waterline"}, "geometry": {"type": "Polygon", "coordinates": [[[-68.76495827066418, 45.78556859083377], [-68.76495864891955, 45.78547858475391], [-68.76483000121753, 45.785478320042465], [-68.76482962275513, 45.785568326121506], [-68.76495827066418, 45.78556859083377]]]}}, {"type": "Feature", "properties": {"kind": "median_waterline"}, "geometry": {"type": "Polygon", "coordinates": [[[-68.74386168712401, 45.78516321824965], [-68.7438620993243, 45.785073212305626], [-68.74373345275815, 45.78507292384316], [-68.74373304035083, 45.78516292978628], [-68.74386168712401, 45.78516321824965]]]}}, {"type": "Feature", "properties": {"kind": "median_waterline"}, "geometry": {"type": "Polygon", "coordinates": [[[-68.74322093266086, 45.784621738825955], [-68.74322134588452, 45.78453173287789], [-68.7430927005703, 45.78453144369663], [-68.74309228713963, 45.784621449643794], [-68.74322093266086, 45.784621738825955]]]}}, {"type": "Feature", "properties": {"kind": "median_waterline"}, "geometry": {"type": "Polygon", "coordinates": [[[-68.84433809202322, 45.784354205053546], [-68.84433859301862, 45.78417419200227], [-68.84420994770792, 45.784174016670285], [-68.84420944629849, 45.78435402972046], [-68.84433809202322, 45.784354205053546]]]}}, {"type": "Feature", "properties": {"kind": "median_waterline"}, "geometry": {"type": "Polygon", "coordinates": [[[-68.84678014188123, 45.785167567615055], [-68.84678063503092, 45.784987554568794], [-68.84690928222842, 45.78498772700878], [-68.84690977495939, 45.78480771395576], [-68.84678112817595, 45.78480754151683], [-68.84678162131627, 45.78462752845917], [-68.84665297494804, 45.78462735587648], [-68.84665346849775, 45.7844473428142], [-68.84652482254474, 45.78444717008774], [-68.84652506952484, 45.784357163554986], [-68.84639642378004, 45.78435699068422], [-68.84639691815077, 45.78417697761556], [-68.84626827282118, 45.78417680460103], [-68.84626852021181, 45.78408679806509], [-68.84601122997017, 45.784086451602604], [-68.8460109821655, 45.78417645813746], [-68.84549640086827, 45.784175763472234], [-68.845496649501, 45.78408575693955], [-68.8452393592735, 45.78408540873897], [-68.84523911022673, 45.784175415270575], [-68.84485317427327, 45.78417489188178], [-68.84485217559008, 45.78453491798738], [-68.8442089448843, 45.78453404276497], [-68.8442086941754, 45.78462404928508], [-68.84433734052122, 45.78462422461979], [-68.84433709001817, 45.78471423113901], [-68.84472302968378, 45.78471475627574], [-68.84472277980062, 45.78480476279519], [-68.84485142656521, 45.78480493755162], [-68.84485167624136, 45.78471493103164], [-68.84523761592119, 45.78471545443024], [-68.84523736686614, 45.784805460951866], [-68.84575195395057, 45.784806156791035], [-68.84575170572244, 45.784896163313405], [-68.8460089996858, 45.784896510365], [-68.84600875187053, 45.78498651688703], [-68.84626604625262, 45.784986863360324], [-68.84626579885025, 45.78507686988202], [-68.84665174105331, 45.785077388507254], [-68.84665149427084, 45.78516739502912], [-68.84678014188123, 45.785167567615055]]]}}, {"type": "Feature", "properties": {"kind": "median_waterline"}, "geometry": {"type": "Polygon", "coordinates": [[[-68.76188030140126, 45.78331204583588], [-68.76188068457986, 45.783222039740295], [-68.76175204209667, 45.78322177157348], [-68.76175165871105, 45.78331177766823], [-68.76188030140126, 45.78331204583588]]]}}, {"type": "Feature", "properties": {"kind": "median_waterline"}, "geometry": {"type": "Polygon", "coordinates": [[[-68.74682993404657, 45.78309967538355], [-68.74683034144084, 45.78300966938613], [-68.74670169959123, 45.78300938427553], [-68.74670129198996, 45.783099390272056], [-68.74682993404657, 45.78309967538355]]]}}, {"type": "Feature", "properties": {"kind": "median_waterline"}, "geometry": {"type": "Polygon", "coordinates": [[[-68.78129762525428, 45.78533101343283], [-68.78129797721176, 45.785241007247414], [-68.78142662451454, 45.785241253416245], [-68.7814269762633, 45.78515124722861], [-68.7816842704598, 45.785151739130235], [-68.78168462179286, 45.785061732939646], [-68.78181326868658, 45.785061978672424], [-68.78181361981093, 45.784971972479646], [-68.78207091318933, 45.78497246350913], [-68.78207126389798, 45.78488245731339], [-68.78219991038264, 45.78488270261009], [-68.78220026088262, 45.784792696412175], [-68.78232890716193, 45.78479294156326], [-68.78232925745318, 45.784702935363136], [-68.78245790352715, 45.78470318036863], [-68.78245825360973, 45.78461317416632], [-68.78258689947832, 45.7846134190262], [-68.78258724935222, 45.7845234128217], [-68.78271589501546, 45.78452365753598], [-68.78271659434424, 45.784343645121176], [-68.78284523959509, 45.78434388968908], [-68.78284558904997, 45.78425388347877], [-68.78297423409548, 45.78425412790107], [-68.78297493258623, 45.78407411547466], [-68.78310357721935, 45.7840743597506], [-68.78310636945999, 45.78335430998173], [-68.78297772648295, 45.78335406571189], [-68.78297842494055, 45.78317405325694], [-68.78284978237919, 45.783173808843785], [-68.78285013181251, 45.78308380261494], [-68.7827214894598, 45.783083558057704], [-68.78272183909847, 45.78299355182819], [-68.78233591267134, 45.782992817289816], [-68.78233626292935, 45.78290281106117], [-68.78220762099731, 45.782902565926136], [-68.78220797146066, 45.78281255969682], [-68.78143612114535, 45.782811085849744], [-68.78143576944, 45.78290109207446], [-68.78130712751961, 45.78290084592559], [-68.78130677560557, 45.78299085214812], [-68.78117813347986, 45.78299060585365], [-68.78117742923277, 45.78317061829285], [-68.78104878669471, 45.78317037185201], [-68.78104737735245, 45.78353039671025], [-68.78091873398805, 45.7835301501215], [-68.78091802889284, 45.7837101625405], [-68.78078938511611, 45.783709915805375], [-68.78078903235898, 45.78379992201199], [-68.78027445644068, 45.78379893362001], [-68.7802737492653, 45.783978946022756], [-68.7801451048759, 45.783978698561114], [-68.7801447510787, 45.78406870475959], [-68.78001610648396, 45.78406845715234], [-68.78001433643762, 45.78451848811939], [-68.77988569080945, 45.78451824036343], [-68.77988498236512, 45.784698252738714], [-68.77975633632461, 45.78469800483638], [-68.77975456414921, 45.78514803574577], [-68.78001185830216, 45.78514853141335], [-68.78001150427608, 45.785238537592505], [-68.7802687988498, 45.78523903268224], [-68.7802684452361, 45.785329038861505], [-68.78129762525428, 45.78533101343283]]]}}, {"type": "Feature", "properties": {"kind": "median_waterline"}, "geometry": {"type": "Polygon", "coordinates": [[[-68.76329803738626, 45.782684943357594], [-68.76329841827516, 45.782594937242855], [-68.763169777221, 45.782594670675046], [-68.76316939612511, 45.78268467678897], [-68.76329803738626, 45.782684943357594]]]}}, {"type": "Feature", "properties": {"kind": "median_waterline"}, "geometry": {"type": "Polygon", "coordinates": [[[-68.76239563687963, 45.78313310485883], [-68.76239601922659, 45.78304309875705], [-68.76252466130487, 45.78304336619802], [-68.762525043443, 45.782953360093984], [-68.76278232719099, 45.78295389453975], [-68.76278270891332, 45.782863888432615], [-68.76291135058304, 45.782864155437416], [-68.76291173209654, 45.78277414932801], [-68.7631690150274, 45.78277468290145], [-68.76316939612511, 45.78268467678897], [-68.76304075486577, 45.78268441007549], [-68.76304151746973, 45.782504397847916], [-68.76329879916223, 45.78250493112668], [-68.76329841827516, 45.782594937242855], [-68.7634270593311, 45.78259520366583], [-68.76342782068946, 45.782415191430395], [-68.7632991800475, 45.782414925009085], [-68.76329994181263, 45.7822349127696], [-68.76227082005403, 45.78223277619856], [-68.7622704375164, 45.78232278231234], [-68.76239907793688, 45.78232304989146], [-68.76239754859625, 45.782683074335665], [-68.76226890734779, 45.782682806753215], [-68.76226775970225, 45.78295282506889], [-68.76213911783461, 45.78295255733909], [-68.76213873507547, 45.783042563440624], [-68.76201009300263, 45.78304229556515], [-68.76200971003468, 45.78313230166442], [-68.76239563687963, 45.78313310485883]], [[-68.76291211360824, 45.7826841432172], [-68.76278347235254, 45.78268387621406], [-68.76278385406941, 45.78259387010264], [-68.76291249511813, 45.782594137104944], [-68.76291211360824, 45.7826841432172]]]}}, {"type": "Feature", "properties": {"kind": "median_waterline"}, "geometry": {"type": "Polygon", "coordinates": [[[-68.84524583407492, 45.78174523841713], [-68.84524608308979, 45.78165523184704], [-68.84511744356693, 45.781655057544185], [-68.84511719434508, 45.78174506411373], [-68.84524583407492, 45.78174523841713]]]}}, {"type": "Feature", "properties": {"kind": "median_waterline"}, "geometry": {"type": "Polygon", "coordinates": [[[-68.84511744356693, 45.781655057544185], [-68.84511769278761, 45.78156505097322], [-68.84498905347293, 45.781564876526076], [-68.84498880404527, 45.7816548830965], [-68.84511744356693, 45.781655057544185]]]}}, {"type": "Feature", "properties": {"kind": "median_waterline"}, "geometry": {"type": "Polygon", "coordinates": [[[-68.79160385178923, 45.78147997944617], [-68.79160452244109, 45.78129996683114], [-68.79147588411774, 45.781299732137306], [-68.79147521305191, 45.78147974475087], [-68.79160385178923, 45.78147997944617]]]}}, {"type": "Feature", "properties": {"kind": "median_waterline"}, "geometry": {"type": "Polygon", "coordinates": [[[-68.78786684349177, 45.78318323363418], [-68.78786718485189, 45.7830932273759], [-68.78812446969008, 45.78309370475878], [-68.78812481063457, 45.78300369849759], [-68.78838209506523, 45.783004175299624], [-68.7883824355941, 45.78291416903551], [-68.7886397196172, 45.78291464525673], [-68.78864005973045, 45.78282463898971], [-68.78889734334602, 45.78282511463011], [-68.78889768304364, 45.78273510836018], [-68.78915496625166, 45.782735583419765], [-68.78915530553368, 45.78264557714692], [-68.78966987114102, 45.78264652552513], [-68.78967020959341, 45.78255651924791], [-68.78979885079227, 45.78255675597964], [-68.78979918903607, 45.78246674970026], [-68.78941326606534, 45.78246603907277], [-68.78941360492853, 45.782376032794176], [-68.78928496414851, 45.78237579562943], [-68.78928598134941, 45.78210577678729], [-68.78915734119198, 45.78210553947994], [-68.78915768046272, 45.78201553319712], [-68.78902904051388, 45.78201529574567], [-68.78902971946454, 45.78183528317723], [-68.78890107993128, 45.78183504558244], [-68.78890175928947, 45.781655033009784], [-68.78877312017181, 45.78165479527164], [-68.78877346005548, 45.78156478898392], [-68.78864482114643, 45.78156455110171], [-68.78864516123546, 45.78147454481328], [-68.78851652253503, 45.78147430678698], [-68.78851686282943, 45.781384300497876], [-68.78825958584737, 45.78138382401229], [-68.78825992655413, 45.78129381772325], [-68.7880026499925, 45.78129334065984], [-68.78800299111163, 45.78120333437087], [-68.78774571497043, 45.78120285672965], [-68.78774605650189, 45.781112850440756], [-68.78761741864072, 45.78111261140365], [-68.78761776037754, 45.78102260511407], [-68.78748912272498, 45.78102236593289], [-68.78748878078117, 45.78111237222173], [-68.7869742293592, 45.78111141404578], [-68.78697457213094, 45.78102140775994], [-68.7868459344865, 45.78102116785463], [-68.78684627746358, 45.78093116156809], [-68.78671764002775, 45.78093092151873], [-68.7867179832102, 45.780840915231536], [-68.7863320715334, 45.78084019421672], [-68.78633172773002, 45.78093020050167], [-68.7862030903007, 45.780929959873], [-68.78620343431106, 45.780839953588796], [-68.78607479709036, 45.78083971281606], [-68.78607514130607, 45.78074970653119], [-68.78517468225583, 45.78074801707225], [-68.78517433659127, 45.78083802335184], [-68.78504569938366, 45.780837781420516], [-68.78504535351047, 45.78092778769794], [-68.78491671609753, 45.78092754562103], [-68.78491602393227, 45.78110755817008], [-68.784787386107, 45.781107315946834], [-68.78478565463016, 45.781557347290715], [-68.78491429349035, 45.781557589517725], [-68.78491394739703, 45.781647595782985], [-68.78504258646586, 45.78164783786593], [-68.78504154879703, 45.7819178566554], [-68.78517018848846, 45.78191809859578], [-68.78516949711502, 45.782098111116476], [-68.78529813722209, 45.78209835291355], [-68.78529779173991, 45.78218835917251], [-68.78516915142586, 45.78218811737468], [-68.78516742295534, 45.78263814864432], [-68.78529606430438, 45.78263839044591], [-68.78529571881235, 45.782728396696314], [-68.78542436037002, 45.78272863835384], [-68.78542401508335, 45.78281864460357], [-68.78568129861763, 45.78281912748562], [-68.78568095374332, 45.78290913373543], [-68.78606687967802, 45.78290985697452], [-68.7860665354231, 45.78299986322517], [-68.7861951776116, 45.783000104015954], [-68.78619552165952, 45.78291009776455], [-68.78632416364266, 45.78291033840975], [-68.78632381980174, 45.78300034466189], [-68.7864524619935, 45.78300058516301], [-68.78645280562743, 45.782910578910105], [-68.78658144761381, 45.78291081926563], [-68.78658110418691, 45.78300082551929], [-68.78683838857859, 45.783001305797335], [-68.78683804556405, 45.783091312051056], [-68.78735261519498, 45.78309227087217], [-68.78735227300683, 45.78318227712745], [-68.78786684349177, 45.78318323363418]], [[-68.78645452377255, 45.782460547624225], [-68.78581131904005, 45.78245934369288], [-68.78581166369916, 45.78236933743517], [-68.78555438223162, 45.782368854850326], [-68.78555472730308, 45.782278848592696], [-68.78542608677877, 45.78227860708378], [-68.78542712260435, 45.78200858830465], [-68.78555576250768, 45.782008829811296], [-68.78555645263589, 45.781828817283234], [-68.78594237111379, 45.7818295409297], [-68.78594271555447, 45.78173953466128], [-68.78619999413394, 45.78174001636661], [-68.78619965010724, 45.78183002263654], [-68.7863282896064, 45.78183026327274], [-68.78632794578508, 45.78192026954199], [-68.7865852252023, 45.78192075038136], [-68.78658385155659, 45.78228077545015], [-68.78645521101917, 45.78228053509988], [-68.78645452377255, 45.782460547624225]]]}}, {"type": "Feature", "properties": {"kind": "median_waterline"}, "geometry": {"type": "Polygon", "coordinates": [[[-68.74864143931973, 45.78076349501763], [-68.74864184376604, 45.780673488970706], [-68.74851320727115, 45.78067320591074], [-68.74851280261787, 45.78076321195679], [-68.74864143931973, 45.78076349501763]]]}}, {"type": "Feature", "properties": {"kind": "median_waterline"}, "geometry": {"type": "Polygon", "coordinates": [[[-68.75417440147675, 45.78041550528648], [-68.75417479701555, 45.780325499196266], [-68.75456070427276, 45.78032632881495], [-68.75456149410292, 45.78014631662507], [-68.75417558808753, 45.780145487011566], [-68.7541751925525, 45.78023549310463], [-68.7537892859331, 45.780234662185165], [-68.75378849361553, 45.780414674361815], [-68.75417440147675, 45.78041550528648]]]}}, {"type": "Feature", "properties": {"kind": "median_waterline"}, "geometry": {"type": "Polygon", "coordinates": [[[-68.74967335249698, 45.78013571188302], [-68.7496745608226, 45.77986569368683], [-68.74941729152957, 45.77986512975506], [-68.7494164851532, 45.78004514188376], [-68.7495451202127, 45.78004542392382], [-68.7495447172286, 45.78013542998691], [-68.74967335249698, 45.78013571188302]]]}}, {"type": "Feature", "properties": {"kind": "median_waterline"}, "geometry": {"type": "Polygon", "coordinates": [[[-68.78325035875955, 45.77939427871287], [-68.78325070750232, 45.77930427242183], [-68.78312207383794, 45.77930402833112], [-68.78312172488822, 45.77939403462139], [-68.78325035875955, 45.77939427871287]]]}}, {"type": "Feature", "properties": {"kind": "median_waterline"}, "geometry": {"type": "Polygon", "coordinates": [[[-68.78247960550515, 45.77912279312812], [-68.78247995548472, 45.77903278683738], [-68.7823513224512, 45.77903254188006], [-68.78235097226467, 45.779122548170044], [-68.78247960550515, 45.77912279312812]]]}}, {"type": "Feature", "properties": {"kind": "median_waterline"}, "geometry": {"type": "Polygon", "coordinates": [[[-68.84422423587588, 45.77904364234329], [-68.844224486511, 45.778953635734815], [-68.84409585320695, 45.778953460289756], [-68.84409560236487, 45.77904346689768], [-68.84422423587588, 45.77904364234329]]]}}, {"type": "Feature", "properties": {"kind": "median_waterline"}, "geometry": {"type": "Polygon", "coordinates": [[[-68.75366659564354, 45.778884293428526], [-68.75366699197825, 45.77879428731752], [-68.75353835975551, 45.77879400992376], [-68.75353796321384, 45.7788840160339], [-68.75366659564354, 45.778884293428526]]]}}, {"type": "Feature", "properties": {"kind": "median_waterline"}, "geometry": {"type": "Polygon", "coordinates": [[[-68.74981527157331, 45.7771657927408], [-68.74981567408041, 45.77707578662886], [-68.74968704584653, 45.777075504907465], [-68.74968664313249, 45.77716551101852], [-68.74981527157331, 45.7771657927408]]]}}, {"type": "Feature", "properties": {"kind": "median_waterline"}, "geometry": {"type": "Polygon", "coordinates": [[[-68.78337968970249, 45.7792145100745], [-68.78338108382255, 45.77885448488732], [-68.78325245119134, 45.77885424094523], [-68.78325419483897, 45.77840420943297], [-68.78299693165108, 45.778403721121975], [-68.78299762992636, 45.77822370851014], [-68.78312626110558, 45.77822395273651], [-68.78312730788522, 45.777953933805776], [-68.78299867732684, 45.777953689581686], [-68.78299902645703, 45.77786368326935], [-68.78274176575917, 45.77786319438827], [-68.78274211530159, 45.777773188076026], [-68.78261348516209, 45.77777294341903], [-68.78261383490978, 45.777682937106135], [-68.78235657504966, 45.77768244735926], [-68.7823569252096, 45.777592441046465], [-68.78222829548898, 45.77759219595658], [-68.7822286458542, 45.77750218964312], [-68.78197138683183, 45.77750169903046], [-68.78197173760927, 45.777411692717116], [-68.78184310830753, 45.77741144719435], [-68.78184381027128, 45.7772314345649], [-68.7817151813851, 45.77723118889885], [-68.78171588375606, 45.77705117626523], [-68.78145862681644, 45.77705068450181], [-68.78145757201584, 45.777320703445504], [-68.7817148301971, 45.77732119521353], [-68.78171412781612, 45.77750120783858], [-68.78158549831076, 45.77750096202544], [-68.78158409270102, 45.77786098725539], [-68.78171272303415, 45.77786123307162], [-68.7817113182255, 45.778221258281796], [-68.78158268706457, 45.77822101246251], [-68.7815823356513, 45.77831101876073], [-68.78171096701918, 45.778311264580786], [-68.78171061581119, 45.778401270878355], [-68.78158198423635, 45.778401025057526], [-68.78158163281974, 45.77849103135288], [-68.78196752817011, 45.77849176838321], [-68.78196717737269, 45.77858177467945], [-68.78209580936644, 45.778582020067375], [-68.7820961599569, 45.77849201377037], [-68.78235342353545, 45.77849250411025], [-68.7823530733589, 45.77858251040878], [-68.78248170535764, 45.77858275536227], [-68.78248065543887, 45.77885277425161], [-68.78235202281927, 45.778852529295825], [-68.78235167263607, 45.778942535588655], [-68.78248030546263, 45.77894278054521], [-68.78247995548472, 45.77903278683738], [-68.78286585459524, 45.779033520840414], [-68.78286550523656, 45.77912352713345], [-68.78312277173247, 45.77912401574627], [-68.78312242278604, 45.77921402203941], [-68.78337968970249, 45.7792145100745]]]}}, {"type": "Feature", "properties": {"kind": "median_waterline"}, "geometry": {"type": "Polygon", "coordinates": [[[-68.74942857999507, 45.77734495935388], [-68.74943019251053, 45.77698493491954], [-68.74930156448933, 45.776984652764625], [-68.74930075782156, 45.77716466498287], [-68.74917212938841, 45.77716438268139], [-68.74917132229909, 45.77734439489219], [-68.74942857999507, 45.77734495935388]]]}}, {"type": "Feature", "properties": {"kind": "median_waterline"}, "geometry": {"type": "Polygon", "coordinates": [[[-68.74930156448933, 45.776984652764625], [-68.74930196782034, 45.776894646653346], [-68.749173340008, 45.776894364354504], [-68.74917293647005, 45.77698437046489], [-68.74930156448933, 45.776984652764625]]]}}, {"type": "Feature", "properties": {"kind": "median_waterline"}, "geometry": {"type": "Polygon", "coordinates": [[[-68.78145897841331, 45.7769606781844], [-68.78145968160203, 45.77678066554528], [-68.78133105375552, 45.77678041944868], [-68.78133175735145, 45.77660040680539], [-68.78120312992048, 45.77660016056551], [-68.78120383392358, 45.776420147918074], [-68.78107520690816, 45.77641990153493], [-68.78107485470052, 45.776509907858596], [-68.78094622747982, 45.77650966132989], [-68.78094587506357, 45.776599667651354], [-68.7810745024912, 45.77659991418083], [-68.7810734458532, 45.776869933139004], [-68.7812020739033, 45.77687017952599], [-68.78120172189422, 45.7769601858433], [-68.78145897841331, 45.7769606781844]]]}}, {"type": "Feature", "properties": {"kind": "median_waterline"}, "geometry": {"type": "Polygon", "coordinates": [[[-68.74801852753191, 45.77626177439175], [-68.74801933829993, 45.77608176216262], [-68.74789071236917, 45.77608147842373], [-68.74788990118728, 45.77626149065109], [-68.74801852753191, 45.77626177439175]]]}}, {"type": "Feature", "properties": {"kind": "median_waterline"}, "geometry": {"type": "Polygon", "coordinates": [[[-68.74776330381947, 45.77581117619094], [-68.74776370960866, 45.77572117007171], [-68.74789233470982, 45.77572145395186], [-68.7478931458686, 45.77554144170738], [-68.74750727181242, 45.77554058963787], [-68.74750686561325, 45.77563059575816], [-68.74763549050363, 45.775630879927014], [-68.74763467851331, 45.77581089216511], [-68.74776330381947, 45.77581117619094]]]}}, {"type": "Feature", "properties": {"kind": "median_waterline"}, "geometry": {"type": "Polygon", "coordinates": [[[-68.77734932256337, 45.77533261771029], [-68.77734968074994, 45.775242611390595], [-68.77747830502646, 45.77524286196279], [-68.77747937895523, 45.77497284299275], [-68.77735075529945, 45.77497259242292], [-68.77735111347921, 45.7748825860975], [-68.77722249003206, 45.77488233538364], [-68.77722213164537, 45.77497234170827], [-68.77683626069336, 45.77497158869561], [-68.77683661970077, 45.774881582373325], [-68.77670799626044, 45.774881331080294], [-68.77670835547308, 45.77479132475737], [-68.77657973224133, 45.774791073320344], [-68.77657865397757, 45.77506109228247], [-68.77670727783004, 45.77506134372186], [-68.77670691861228, 45.7751513500405], [-68.77696416673619, 45.775151852486474], [-68.77696380793057, 45.775241858805245], [-68.77709243220198, 45.77524210981183], [-68.77709207360158, 45.77533211612996], [-68.77734932256337, 45.77533261771029]]]}}, {"type": "Feature", "properties": {"kind": "median_waterline"}, "geometry": {"type": "Polygon", "coordinates": [[[-68.7749050955823, 45.77541783561606], [-68.77490545770205, 45.77532782931273], [-68.77541995551624, 45.77532884174028], [-68.77542031680659, 45.77523883543237], [-68.77606343807834, 45.77524009770497], [-68.77606379833239, 45.77515009139169], [-68.77593517428154, 45.775149839227545], [-68.77593553474078, 45.77505983291362], [-68.77580691089857, 45.775059580605465], [-68.77580727156301, 45.7749695742909], [-68.77606451883535, 45.77497007876084], [-68.77606487908427, 45.77488007244327], [-68.7761935025161, 45.774880324460256], [-68.77619314247409, 45.77497033077861], [-68.77632176611452, 45.7749705826516], [-68.776322485783, 45.774790570011895], [-68.77593661610828, 45.77478981396328], [-68.77593625565416, 45.77487982028149], [-68.77580763222576, 45.77487956797491], [-68.7758079928868, 45.77478956165749], [-68.77555074644899, 45.77478905661154], [-68.77555038537412, 45.774879062927376], [-68.77529313852932, 45.77487855730068], [-68.77529277703891, 45.77496856361351], [-68.77503552978715, 45.77496805740606], [-68.77503516788119, 45.77505806371589], [-68.77490654405096, 45.77505781039419], [-68.77490581982008, 45.77523782300798], [-68.77477719557773, 45.7752375695399], [-68.77477647092613, 45.775417582146396], [-68.7749050955823, 45.77541783561606]]]}}, {"type": "Feature", "properties": {"kind": "median_waterline"}, "geometry": {"type": "Polygon", "coordinates": [[[-68.78107555911413, 45.77632989520982], [-68.78107591131844, 45.77623988888331], [-68.78094728471855, 45.77623964235691], [-68.78094834194222, 45.775969623371104], [-68.78081971596478, 45.775969376702214], [-68.78082042118604, 45.77578936403941], [-68.78069179562414, 45.775789117227255], [-68.78069214843919, 45.7756991108945], [-68.78082077379416, 45.775699357705875], [-68.78082112640062, 45.7756093513709], [-68.78069250125256, 45.77560910456031], [-68.78069461809763, 45.7750690665252], [-68.78056599419274, 45.775068819574415], [-68.78056846521754, 45.77443877514062], [-68.78043984276272, 45.774438528050446], [-68.78044054916855, 45.77425851534378], [-68.78031192712923, 45.77425826811035], [-68.78031228053653, 45.77416826175566], [-68.78018365870581, 45.774168014378226], [-68.78018295147571, 45.77434802708464], [-68.78005432923284, 45.77434777956088], [-68.78005397540836, 45.774437785911175], [-68.77992535296026, 45.774437538241834], [-68.7799249989272, 45.77452754458994], [-68.77979637627388, 45.774527296775034], [-68.77979354229355, 45.77524734750232], [-68.77992216660219, 45.775247595323414], [-68.77992110445258, 45.77551761432493], [-68.78004972938366, 45.77551786200355], [-68.78004937553736, 45.77560786833531], [-68.78017800067704, 45.7756081158699], [-68.78017764703597, 45.77569812220101], [-68.78030627238427, 45.77569836959157], [-68.78030556551094, 45.77587838225106], [-68.78043419127475, 45.77587862949837], [-68.78043383804251, 45.77596863582674], [-68.78056246401492, 45.77596888293003], [-68.78056211098793, 45.77605888925774], [-68.78069073716894, 45.776059136217], [-68.7806903843472, 45.77614914254407], [-68.78081901073682, 45.77614938935931], [-68.78081830550217, 45.77632940201068], [-68.78107555911413, 45.77632989520982]]]}}, {"type": "Feature", "properties": {"kind": "median_waterline"}, "geometry": {"type": "Polygon", "coordinates": [[[-68.75111757211276, 45.77356835605799], [-68.75111797247446, 45.77347834988021], [-68.75098935249824, 45.77347806964184], [-68.75098895192963, 45.77356807581875], [-68.75111757211276, 45.77356835605799]]]}}, {"type": "Feature", "properties": {"kind": "median_waterline"}, "geometry": {"type": "Polygon", "coordinates": [[[-68.78044090236894, 45.77416850898831], [-68.78044125556765, 45.77407850263142], [-68.78056987719484, 45.77407874971849], [-68.78057340702081, 45.77317868606337], [-68.78070202658064, 45.77317893299796], [-68.78070237934713, 45.77308892662383], [-68.78044514064293, 45.7730884326114], [-68.7804444342807, 45.77326844535515], [-68.78031581451731, 45.773268198130225], [-68.78031228053653, 45.77416826175566], [-68.78044090236894, 45.77416850898831]]]}}, {"type": "Feature", "properties": {"kind": "median_waterline"}, "geometry": {"type": "Polygon", "coordinates": [[[-68.78070273211195, 45.77299892024827], [-68.78070308487509, 45.77290891387129], [-68.78057446593593, 45.77290866693901], [-68.7805741129659, 45.772998673315236], [-68.78070273211195, 45.77299892024827]]]}}, {"type": "Feature", "properties": {"kind": "median_waterline"}, "geometry": {"type": "Polygon", "coordinates": [[[-68.85374311892585, 45.779056223454596], [-68.8537433542457, 45.778966216806836], [-68.8541292544207, 45.778966710124145], [-68.85412948911856, 45.778876703473436], [-68.85438675549354, 45.77887703162655], [-68.8543865212096, 45.778967038278275], [-68.8550296882013, 45.77896785612934], [-68.85502992145042, 45.77887784947506], [-68.85515855464512, 45.778878012610306], [-68.85515878768618, 45.778788005954084], [-68.85541605366497, 45.77878833178914], [-68.855416286291, 45.77869832513046], [-68.8558021846466, 45.77869881279541], [-68.85580241665065, 45.778608806133796], [-68.85593104923109, 45.77860896839865], [-68.85594171070765, 45.77446866040048], [-68.85516997235591, 45.7744676847793], [-68.85516973936795, 45.77455769150394], [-68.85426937655951, 45.77455654668759], [-68.85426961099587, 45.774466539966525], [-68.85375511881459, 45.77446588260235], [-68.85375488355058, 45.77455588932137], [-68.85272589758638, 45.774554567638866], [-68.85272566066591, 45.77464457435232], [-68.85208254344023, 45.774643743592385], [-68.85208230548407, 45.77473375030182], [-68.85182505818786, 45.774733416983246], [-68.85182529655785, 45.77464341027486], [-68.85156804968001, 45.77464307637816], [-68.85156828846269, 45.77455306966938], [-68.8513110420032, 45.774552735194554], [-68.85131128119859, 45.77446272848539], [-68.85105403515747, 45.77446239343242], [-68.85105427476553, 45.7743723867229], [-68.85079702914278, 45.774372051091824], [-68.85079726916355, 45.7742820443819], [-68.85041140135871, 45.774281539850925], [-68.85041164199907, 45.774191533141156], [-68.85028301960665, 45.7741913646751], [-68.85028326045278, 45.77410135796443], [-68.8500260160852, 45.77410102059901], [-68.85002625734398, 45.77401101388798], [-68.84989763536882, 45.774010844988595], [-68.84989932559665, 45.77338079797515], [-68.84977070507095, 45.77338062893468], [-68.8497709467344, 45.77329062221329], [-68.84951370610028, 45.77329028369905], [-68.84951394817637, 45.773200276977306], [-68.84938532806792, 45.77320010750353], [-68.84938557034977, 45.773110100780876], [-68.84899971065204, 45.77310959149244], [-68.84899995355343, 45.77301958476996], [-68.8487427141745, 45.773019244521464], [-68.84874295748853, 45.77292923779862], [-68.84861433800769, 45.772929067457724], [-68.84861458152746, 45.77283906073399], [-68.8482287237126, 45.772838548844206], [-68.84822774714382, 45.773198575724216], [-68.84835636724188, 45.77319874650106], [-68.84835612330369, 45.77328875321804], [-68.84822750299874, 45.773288582440664], [-68.84822677055652, 45.773558602581424], [-68.84809814963201, 45.77355843165766], [-68.84809766091759, 45.773738445076646], [-68.84796903958045, 45.77373827400702], [-68.84796855044758, 45.773918287419235], [-68.84783992869778, 45.77391811620376], [-68.8478396839227, 45.77400812290719], [-68.84758244001277, 45.7740077800408], [-68.8475821948227, 45.77409778674173], [-68.8468104618794, 45.77409675466434], [-68.84681070831091, 45.774006747966624], [-68.84642484247577, 45.77400622997487], [-68.84642459542354, 45.77409623667098], [-68.84616735112547, 45.77409589061811], [-68.84616685618984, 45.774275904003886], [-68.84565236595256, 45.77427521015634], [-68.84565286254347, 45.774095196774894], [-68.84526699611935, 45.77409467487218], [-68.845267493947, 45.773914661488305], [-68.84501025049778, 45.77391431283139], [-68.84501074914834, 45.77373429944398], [-68.84488212783931, 45.773734124899434], [-68.84488162877496, 45.77391413828574], [-68.8447530070533, 45.773913963595305], [-68.84475250757038, 45.774093976974825], [-68.84462388543609, 45.7740938021385], [-68.84462363548595, 45.77418380882558], [-68.84449501314594, 45.77418363384393], [-68.84449451282828, 45.77436364721272], [-68.8446231355821, 45.77436382219546], [-68.84462288562838, 45.774453828878265], [-68.8447515085903, 45.77445400371676], [-68.84475125884234, 45.774544010398685], [-68.84513712835596, 45.77454453404706], [-68.84513687922754, 45.774634540729195], [-68.84552274937255, 45.774635063076055], [-68.84552250086368, 45.77472506975839], [-68.84590837164006, 45.774725590803754], [-68.84590812375077, 45.77481559748628], [-68.84629399515848, 45.774816117230124], [-68.84629374788877, 45.77490612391286], [-68.8464223719006, 45.77490629687175], [-68.84642212483664, 45.77499630355359], [-68.84655074905656, 45.77499647636824], [-68.84655050219834, 45.7750864830492], [-68.84693637548591, 45.775087000625966], [-68.84693612924727, 45.775177007307136], [-68.84732200316611, 45.77517752358235], [-68.847322248784, 45.77508751689959], [-68.8475794976552, 45.77508786035801], [-68.84757974285807, 45.77499785367274], [-68.84770836708852, 45.77499802518423], [-68.8477086120833, 45.77490801849701], [-68.84783723610796, 45.77490818986316], [-68.84783748089468, 45.774818183173984], [-68.84822335235492, 45.77481869640207], [-68.84822359651973, 45.77472868970986], [-68.84835222013521, 45.774728860495784], [-68.84835197617733, 45.77481886718852], [-68.84860922382562, 45.774819208327024], [-68.84860898028042, 45.774909215019406], [-68.84873760431321, 45.774909385372], [-68.84873711763319, 45.77508939875356], [-68.84886574208099, 45.77508956896241], [-68.84886501267306, 45.775359589025655], [-68.84899363774275, 45.77535975909131], [-68.84899290894522, 45.77562977914332], [-68.84886428325474, 45.77562960907607], [-68.8488637969701, 45.77580962243589], [-68.84873517086692, 45.775809452222774], [-68.84873492751593, 45.77589945890001], [-68.84860630120697, 45.775899288541574], [-68.84860532696378, 45.77625931523415], [-68.84847669982825, 45.77625914472878], [-68.84847645605764, 45.77634915139783], [-68.84834782871634, 45.776348980747116], [-68.84834758473762, 45.77643898741422], [-68.84821895719054, 45.77643881661817], [-68.84821871300375, 45.77652882328331], [-68.8480900852509, 45.77652865234193], [-68.84808984085598, 45.7766186590051], [-68.84796121289736, 45.776618487918384], [-68.84796096829436, 45.77670849457961], [-68.84783234012997, 45.776708323347556], [-68.84783209531885, 45.77679833000681], [-68.84770346694867, 45.77679815862942], [-68.84770322192948, 45.77688816528672], [-68.84757459335353, 45.77688799376398], [-68.84757434812622, 45.77697800041933], [-68.84770297690912, 45.77697817194258], [-68.84770199681603, 45.7773381985518], [-68.84757336720536, 45.777338027026396], [-68.84757287673793, 45.77751804032139], [-68.84770150676249, 45.77751821184786], [-68.84770101670432, 45.77769822513824], [-68.84782964714394, 45.77769839652097], [-68.84782940232004, 45.777788403164536], [-68.84795803296777, 45.77778857440302], [-68.84795778834967, 45.7778785810457], [-68.8482150500625, 45.77787892308927], [-68.84821480585715, 45.7779689297316], [-68.84834343692226, 45.777969100536716], [-68.84834319292271, 45.778059107178144], [-68.84860045547029, 45.77805944835499], [-68.84860021188348, 45.778149454996075], [-68.84872884336596, 45.7781496253678], [-68.84872859998494, 45.77823963200799], [-68.84898586336728, 45.77823997231809], [-68.84898562039902, 45.77832997895791], [-68.84911425229888, 45.77833014889628], [-68.84911400953641, 45.778420155535215], [-68.84937127375349, 45.77842049497857], [-68.84937103140379, 45.778510501617134], [-68.84949966372102, 45.77851067112212], [-68.84949942157712, 45.77860067775978], [-68.84975668662892, 45.778601016336374], [-68.84975620316554, 45.77878102960955], [-68.85014210199361, 45.77878153639151], [-68.85014186088108, 45.778871543027535], [-68.85027049403301, 45.77887171166575], [-68.85027025312631, 45.778961718300884], [-68.85052751984755, 45.77896205514393], [-68.85052776034033, 45.77887204850775], [-68.85117092612857, 45.77887288807846], [-68.85117116558541, 45.77878288143824], [-68.85168569740863, 45.77878355048606], [-68.85168545877961, 45.77887355712838], [-68.8521999914488, 45.77887422386126], [-68.85219975364652, 45.77896423050422], [-68.8528429205432, 45.778965060664575], [-68.85284268377458, 45.779055067308725], [-68.85335721814002, 45.7790557288324], [-68.85335745408076, 45.77896572218619], [-68.85361472085627, 45.778966052078104], [-68.85361448532944, 45.779056058725345], [-68.85374311892585, 45.779056223454596]]]}}, {"type": "Feature", "properties": {"kind": "median_waterline"}, "geometry": {"type": "Polygon", "coordinates": [[[-68.7807044959109, 45.77254888834909], [-68.78070590691992, 45.772188862804086], [-68.78057728963589, 45.77218861587797], [-68.78057587779931, 45.77254864141992], [-68.7807044959109, 45.77254888834909]]]}}, {"type": "Feature", "properties": {"kind": "median_waterline"}, "geometry": {"type": "Polygon", "coordinates": [[[-68.78083452420564, 45.77218910958541], [-68.78083487674682, 45.77209910319482], [-68.780706259668, 45.77209885641427], [-68.78070590691992, 45.772188862804086], [-68.78083452420564, 45.77218910958541]]]}}, {"type": "Feature", "properties": {"kind": "median_waterline"}, "geometry": {"type": "Polygon", "coordinates": [[[-68.74340738144156, 45.77202118112281], [-68.74340779418381, 45.77193117497406], [-68.74327917784049, 45.771930886063934], [-68.74327876489134, 45.772020892211785], [-68.74340738144156, 45.77202118112281]]]}}, {"type": "Feature", "properties": {"kind": "median_waterline"}, "geometry": {"type": "Polygon", "coordinates": [[[-68.74574538172098, 45.766986009331724], [-68.74574579063069, 45.766896003086885], [-68.74561718583604, 45.76689571683279], [-68.7456167767195, 45.76698572307673], [-68.74574538172098, 45.766986009331724]]]}}, {"type": "Feature", "properties": {"kind": "median_waterline"}, "geometry": {"type": "Polygon", "coordinates": [[[-68.7484505373236, 45.76600191827178], [-68.74845094186885, 45.765911911992596], [-68.74832233930866, 45.765911628788025], [-68.7483219345566, 45.766001635066324], [-68.7484505373236, 45.76600191827178]]]}}, {"type": "Feature", "properties": {"kind": "median_waterline"}, "geometry": {"type": "Polygon", "coordinates": [[[-68.7483259819908, 45.765101572219116], [-68.74832638672366, 45.76501156592655], [-68.74819778623349, 45.76501128258608], [-68.74819738129383, 45.76510128887775], [-68.7483259819908, 45.765101572219116]]]}}, {"type": "Feature", "properties": {"kind": "median_waterline"}, "geometry": {"type": "Polygon", "coordinates": [[[-68.83669160654948, 45.75959158989427], [-68.83669186912604, 45.759501583011], [-68.83656328057474, 45.759501399145904], [-68.83656301779142, 45.7595914060286], [-68.83669160654948, 45.75959158989427]]]}}, {"type": "Feature", "properties": {"kind": "median_waterline"}, "geometry": {"type": "Polygon", "coordinates": [[[-68.7243322091965, 45.75397530678271], [-68.72433265234305, 45.75388530048784], [-68.72420407765864, 45.75388499019979], [-68.72420363430541, 45.75397499649371], [-68.7243322091965, 45.75397530678271]]]}}, {"type": "Feature", "properties": {"kind": "median_waterline"}, "geometry": {"type": "Polygon", "coordinates": [[[-68.72343262959645, 45.75388312543316], [-68.72343351877679, 45.75370311285269], [-68.72317637026632, 45.75370249011022], [-68.72317592526382, 45.75379249639922], [-68.72330449972469, 45.75379280784377], [-68.72330405492679, 45.75388281413233], [-68.72343262959645, 45.75388312543316]]]}}, {"type": "Feature", "properties": {"kind": "median_waterline"}, "geometry": {"type": "Polygon", "coordinates": [[[-68.73012068450096, 45.75344908198825], [-68.73012111833442, 45.75335907564168], [-68.72999254479645, 45.7533587718702], [-68.7299921107563, 45.75344877821582], [-68.73012068450096, 45.75344908198825]]]}}, {"type": "Feature", "properties": {"kind": "median_waterline"}, "geometry": {"type": "Polygon", "coordinates": [[[-68.7298635370137, 45.75344847429871], [-68.72986397126053, 45.75335846795403], [-68.72973539772667, 45.75335816389319], [-68.72973496327316, 45.75344817023691], [-68.7298635370137, 45.75344847429871]]]}}, {"type": "Feature", "properties": {"kind": "median_waterline"}, "geometry": {"type": "Polygon", "coordinates": [[[-68.72266385656634, 45.753341217734324], [-68.72266430238497, 45.75325121144207], [-68.72253572917474, 45.75325089927994], [-68.72253528314944, 45.753340905571214], [-68.72266385656634, 45.753341217734324]]]}}, {"type": "Feature", "properties": {"kind": "median_waterline"}, "geometry": {"type": "Polygon", "coordinates": [[[-68.72960769350904, 45.75317784699781], [-68.72960812816304, 45.75308784065074], [-68.72947955525332, 45.75308753630338], [-68.72947912039265, 45.753177542649496], [-68.72960769350904, 45.75317784699781]]]}}, {"type": "Feature", "properties": {"kind": "median_waterline"}, "geometry": {"type": "Polygon", "coordinates": [[[-68.72999428093645, 45.75299874647342], [-68.7299947149663, 45.75290874012066], [-68.72986614246375, 45.752908436209225], [-68.72986570822722, 45.75299844256105], [-68.72999428093645, 45.75299874647342]]]}}, {"type": "Feature", "properties": {"kind": "median_waterline"}, "geometry": {"type": "Polygon", "coordinates": [[[-68.75391121312013, 45.75251271886287], [-68.75391200427288, 45.75233270580157], [-68.75378343285082, 45.75233242880697], [-68.75378264128474, 45.75251244186654], [-68.75391121312013, 45.75251271886287]]]}}, {"type": "Feature", "properties": {"kind": "median_waterline"}, "geometry": {"type": "Polygon", "coordinates": [[[-68.72395890919857, 45.751454198766595], [-68.72395935290622, 45.75136419243465], [-68.72383078401485, 45.75136388173971], [-68.72383034010055, 45.75145388807068], [-68.72395890919857, 45.751454198766595]]]}}, {"type": "Feature", "properties": {"kind": "median_waterline"}, "geometry": {"type": "Polygon", "coordinates": [[[-68.72421782056568, 45.75109479438027], [-68.72421826385161, 45.75100478804067], [-68.72408969578264, 45.75100447763895], [-68.72408925229007, 45.75109448397758], [-68.72421782056568, 45.75109479438027]]]}}, {"type": "Feature", "properties": {"kind": "median_waterline"}, "geometry": {"type": "Polygon", "coordinates": [[[-68.75584842494561, 45.7505367121738], [-68.75584881738192, 45.75044670559956], [-68.75572025027161, 45.750446430793154], [-68.75571985762866, 45.750536437366556], [-68.75584842494561, 45.7505367121738]]]}}, {"type": "Feature", "properties": {"kind": "median_waterline"}, "geometry": {"type": "Polygon", "coordinates": [[[-68.76677815306635, 45.750199515430275], [-68.76677852793051, 45.75010950877905], [-68.766649961492, 45.75010924627287], [-68.76664958642122, 45.750199252923274], [-68.76677815306635, 45.750199515430275]]]}}, {"type": "Feature", "properties": {"kind": "median_waterline"}, "geometry": {"type": "Polygon", "coordinates": [[[-68.7670360352619, 45.75002002670315], [-68.7670364097092, 45.74993002004744], [-68.76690784368043, 45.74992975783221], [-68.76690746902649, 45.75001976448711], [-68.7670360352619, 45.75002002670315]]]}}, {"type": "Feature", "properties": {"kind": "median_waterline"}, "geometry": {"type": "Polygon", "coordinates": [[[-68.76793749095205, 45.749661831510394], [-68.76793786394576, 45.74957182484325], [-68.76768073351829, 45.74957130230003], [-68.76768036011129, 45.749661308965536], [-68.76793749095205, 45.749661831510394]]]}}, {"type": "Feature", "properties": {"kind": "median_waterline"}, "geometry": {"type": "Polygon", "coordinates": [[[-68.8403211015625, 45.74942589075436], [-68.8403213582124, 45.74933588369416], [-68.84019279298305, 45.74933570394455], [-68.84019304983838, 45.749245696883484], [-68.84006448481688, 45.74924551698977], [-68.84006474187763, 45.74915550992783], [-68.83993617706398, 45.74915532989002], [-68.83993566252799, 45.74933534401136], [-68.84006422775491, 45.749335524050295], [-68.84006397069173, 45.749425531109374], [-68.8403211015625, 45.74942589075436]]]}}, {"type": "Feature", "properties": {"kind": "median_waterline"}, "geometry": {"type": "Polygon", "coordinates": [[[-68.83813679011855, 45.74897278005965], [-68.83813705027515, 45.748882773001895], [-68.83800848609984, 45.748882590795816], [-68.83800822573659, 45.74897259785299], [-68.83813679011855, 45.74897278005965]]]}}, {"type": "Feature", "properties": {"kind": "median_waterline"}, "geometry": {"type": "Polygon", "coordinates": [[[-68.83903751695355, 45.74870403026619], [-68.8390380343653, 45.7485240161328], [-68.8389094710079, 45.74852383494162], [-68.838909212096, 45.74861384200847], [-68.83878064853319, 45.74861366067206], [-68.83878038941344, 45.748703667736926], [-68.83903751695355, 45.74870403026619]]]}}, {"type": "Feature", "properties": {"kind": "median_waterline"}, "geometry": {"type": "Polygon", "coordinates": [[[-68.85600817651327, 45.748636670660204], [-68.85600840794324, 45.748546663522106], [-68.85587984443227, 45.748546501426354], [-68.85587961279568, 45.74863650856396], [-68.85600817651327, 45.748636670660204]]]}}, {"type": "Feature", "properties": {"kind": "median_waterline"}, "geometry": {"type": "Polygon", "coordinates": [[[-68.77192815195681, 45.748409763138525], [-68.77192851852038, 45.74831975642636], [-68.77179995614419, 45.74831949972294], [-68.771799589374, 45.74840950643429], [-68.77192815195681, 45.748409763138525]]]}}, {"type": "Feature", "properties": {"kind": "median_waterline"}, "geometry": {"type": "Polygon", "coordinates": [[[-68.85588007606775, 45.74845649428734], [-68.85588030770214, 45.748366487146875], [-68.85575174460553, 45.74836632490749], [-68.85575151276451, 45.74845633204743], [-68.85588007606775, 45.74845649428734]]]}}, {"type": "Feature", "properties": {"kind": "median_waterline"}, "geometry": {"type": "Polygon", "coordinates": [[[-68.82965346013825, 45.7483303949514], [-68.8296537339236, 45.74824038792219], [-68.82952517127833, 45.74824019617248], [-68.82952489728635, 45.7483302032011], [-68.82965346013825, 45.7483303949514]]]}}, {"type": "Feature", "properties": {"kind": "median_waterline"}, "geometry": {"type": "Polygon", "coordinates": [[[-68.85575197644545, 45.748276317766106], [-68.85575220828427, 45.74818631062331], [-68.85562364560202, 45.748186148240265], [-68.85562341355657, 45.748276155382555], [-68.85575197644545, 45.748276317766106]]]}}, {"type": "Feature", "properties": {"kind": "median_waterline"}, "geometry": {"type": "Polygon", "coordinates": [[[-68.83338205119762, 45.74824588573614], [-68.83338231898952, 45.74815587868833], [-68.83325375651361, 45.74815569113438], [-68.83325348851507, 45.74824569818159], [-68.83338205119762, 45.74824588573614]]]}}, {"type": "Feature", "properties": {"kind": "median_waterline"}, "geometry": {"type": "Polygon", "coordinates": [[[-68.83003969503142, 45.74815095527089], [-68.83003996819431, 45.74806094823704], [-68.8299114059584, 45.74806075692252], [-68.82991113258888, 45.74815076395577], [-68.83003969503142, 45.74815095527089]]]}}, {"type": "Feature", "properties": {"kind": "median_waterline"}, "geometry": {"type": "Polygon", "coordinates": [[[-68.85562387764637, 45.74809614109655], [-68.85562410968961, 45.74800613395141], [-68.85549554742171, 45.74800597142472], [-68.85549531517184, 45.74809597856935], [-68.85562387764637, 45.74809614109655]]]}}, {"type": "Feature", "properties": {"kind": "median_waterline"}, "geometry": {"type": "Polygon", "coordinates": [[[-68.85549554742171, 45.74800597142472], [-68.85549601191815, 45.74782595713119], [-68.85536745006459, 45.74782579446085], [-68.8553669851549, 45.748005808753376], [-68.85549554742171, 45.74800597142472]]]}}, {"type": "Feature", "properties": {"kind": "median_waterline"}, "geometry": {"type": "Polygon", "coordinates": [[[-68.85536745006459, 45.74782579446085], [-68.85536791496986, 45.747645780162614], [-68.85523935353066, 45.747645617348645], [-68.85523888821214, 45.74782563164586], [-68.85536745006459, 45.74782579446085]]]}}, {"type": "Feature", "properties": {"kind": "median_waterline"}, "geometry": {"type": "Polygon", "coordinates": [[[-68.85523935353066, 45.747645617348645], [-68.85523981884475, 45.74746560304573], [-68.8551112578199, 45.74746544008811], [-68.85511079209256, 45.74764545439002], [-68.85523935353066, 45.747645617348645]]]}}, {"type": "Feature", "properties": {"kind": "median_waterline"}, "geometry": {"type": "Polygon", "coordinates": [[[-68.83544143461833, 45.747438803369754], [-68.83544169909293, 45.74734879629982], [-68.83531313845639, 45.74734861106563], [-68.83531287377518, 45.747438618134986], [-68.83544143461833, 45.747438803369754]]]}}, {"type": "Feature", "properties": {"kind": "median_waterline"}, "geometry": {"type": "Polygon", "coordinates": [[[-68.8551112578199, 45.74746544008811], [-68.85511172354282, 45.74728542578052], [-68.8549831629323, 45.74728526267926], [-68.85498269679614, 45.74746527698585], [-68.8551112578199, 45.74746544008811]]]}}, {"type": "Feature", "properties": {"kind": "median_waterline"}, "geometry": {"type": "Polygon", "coordinates": [[[-68.8549831629323, 45.74728526267926], [-68.85498362906404, 45.747105248366985], [-68.85485506886785, 45.74710508512209], [-68.85485530213867, 45.747015077964335], [-68.85472674215022, 45.747014914575296], [-68.85472627519424, 45.747194928888376], [-68.85485483559593, 45.74719509227843], [-68.85485460232289, 45.747285099433356], [-68.8549831629323, 45.74728526267926]]]}}, {"type": "Feature", "properties": {"kind": "median_waterline"}, "geometry": {"type": "Polygon", "coordinates": [[[-68.85472674215022, 45.747014914575296], [-68.85472720910177, 45.74683490025651], [-68.85459864952766, 45.74683473672384], [-68.85459818216286, 45.747014751041604], [-68.85472674215022, 45.747014914575296]]]}}, {"type": "Feature", "properties": {"kind": "median_waterline"}, "geometry": {"type": "Polygon", "coordinates": [[[-68.85459864952766, 45.74683473672384], [-68.85459911688798, 45.74665472240037], [-68.85447055772819, 45.746654558724074], [-68.85447079161331, 45.7465645515607], [-68.85434223266125, 45.74656438774026], [-68.85434176447669, 45.74674440206453], [-68.85447032384198, 45.746744565886], [-68.85447008995463, 45.74683457304651], [-68.85459864952766, 45.74683473672384]]]}}, {"type": "Feature", "properties": {"kind": "median_waterline"}, "geometry": {"type": "Polygon", "coordinates": [[[-68.85434246675187, 45.74647438057599], [-68.85434270084137, 45.746384373410294], [-68.85421414230363, 45.74638420944622], [-68.85421390800751, 45.746474216611404], [-68.85434246675187, 45.74647438057599]]]}}, {"type": "Feature", "properties": {"kind": "median_waterline"}, "geometry": {"type": "Polygon", "coordinates": [[[-68.85421437659863, 45.74629420227959], [-68.85421461089253, 45.74620419511156], [-68.85408605276909, 45.746204031003856], [-68.8540858182686, 45.746294038171385], [-68.85421437659863, 45.74629420227959]]]}}, {"type": "Feature", "properties": {"kind": "median_waterline"}, "geometry": {"type": "Polygon", "coordinates": [[[-68.83583081100778, 45.74617925907312], [-68.835831074845, 45.746089251981495], [-68.83570251709725, 45.74608906718935], [-68.83570225305343, 45.7461790742804], [-68.83583081100778, 45.74617925907312]]]}}, {"type": "Feature", "properties": {"kind": "median_waterline"}, "geometry": {"type": "Polygon", "coordinates": [[[-68.85408605276909, 45.746204031003856], [-68.85408652176676, 45.746024016664535], [-68.85395796405766, 45.74602385241321], [-68.85395749464679, 45.746203866751515], [-68.85408605276909, 45.746204031003856]]]}}, {"type": "Feature", "properties": {"kind": "median_waterline"}, "geometry": {"type": "Polygon", "coordinates": [[[-68.7325996910837, 45.745894286580324], [-68.73260012081899, 45.74580428009591], [-68.73247156459948, 45.74580397915235], [-68.7324711346576, 45.74589398563581], [-68.7325996910837, 45.745894286580324]]]}}, {"type": "Feature", "properties": {"kind": "median_waterline"}, "geometry": {"type": "Polygon", "coordinates": [[[-68.83518828611876, 45.74608832657428], [-68.83518855098774, 45.74599831948411], [-68.83531710852387, 45.74599850485428], [-68.835317373185, 45.74590849776212], [-68.83518881585546, 45.74590831239253], [-68.83518908072193, 45.74581830529952], [-68.83506052360025, 45.745818119785866], [-68.8350602585272, 45.7459081268783], [-68.83493170120016, 45.74590794121942], [-68.83493143591924, 45.745997948309835], [-68.83505999345287, 45.7459981339693], [-68.83505972837729, 45.74608814105888], [-68.83518828611876, 45.74608832657428]]]}}, {"type": "Feature", "properties": {"kind": "median_waterline"}, "geometry": {"type": "Polygon", "coordinates": [[[-68.83480340936067, 45.745817748324605], [-68.83480367484567, 45.74572774123192], [-68.83467511793438, 45.745727555284894], [-68.83467485224277, 45.745817562377], [-68.83480340936067, 45.745817748324605]]]}}, {"type": "Feature", "properties": {"kind": "median_waterline"}, "geometry": {"type": "Polygon", "coordinates": [[[-68.85395796405766, 45.74602385241321], [-68.85395843346406, 45.745843838069206], [-68.85382987616929, 45.74584367367425], [-68.85383034598445, 45.74566365932558], [-68.85370178910398, 45.74566349478702], [-68.85370225932787, 45.74548348043366], [-68.85357370286172, 45.745483315751464], [-68.85357417349435, 45.74530330139344], [-68.8534456174425, 45.745303136567635], [-68.85344608848386, 45.74512312220494], [-68.85331753284632, 45.745122957235516], [-68.85331776857193, 45.745032950052554], [-68.85318921314209, 45.745032784939], [-68.8531896850031, 45.74485277056981], [-68.85306112998758, 45.74485260531263], [-68.8530616022573, 45.744672590938784], [-68.85293304765607, 45.74467242553801], [-68.85293352033449, 45.744492411159484], [-68.85280496614754, 45.7444922456151], [-68.85280543923466, 45.7443122312319], [-68.85267688546202, 45.7443120655439], [-68.85267735895779, 45.74413205115606], [-68.85254880559945, 45.74413188532446], [-68.85254927950389, 45.74395187093194], [-68.85242072655984, 45.74395170495673], [-68.85242120087295, 45.74377169055954], [-68.85229264834318, 45.74377152444073], [-68.8522921736169, 45.74395153883688], [-68.85203506773443, 45.74395120616329], [-68.85203459217735, 45.74413122055166], [-68.85216314553118, 45.744131386961826], [-68.85216267038274, 45.74431140134553], [-68.85229122415087, 45.74431156761208], [-68.85229098678154, 45.74440157480232], [-68.85241954075738, 45.74440174092475], [-68.8524193035935, 45.744491748114086], [-68.85254785777707, 45.7444919140924], [-68.85254738385913, 45.744671928467824], [-68.852675938457, 45.74467209430253], [-68.85267546494774, 45.74485210867328], [-68.8528040199599, 45.74485227436437], [-68.85280378341018, 45.744942281548134], [-68.85293233863005, 45.744942447095106], [-68.8529321022858, 45.74503245427795], [-68.85306065771339, 45.7450326196808], [-68.8530599492937, 45.745302641222345], [-68.85318850534217, 45.74530280648209], [-68.85318803346998, 45.74548282083702], [-68.85331658993277, 45.74548298595315], [-68.85331635420158, 45.745572993128995], [-68.8534449108721, 45.74557315810099], [-68.85344443981958, 45.745753172449426], [-68.8535729969044, 45.74575333727781], [-68.85357276158308, 45.74584334445042], [-68.85370131887562, 45.74584350913466], [-68.85370108375976, 45.74593351630635], [-68.85382964126003, 45.74593368084646], [-68.85382940634967, 45.74602368801723], [-68.85395796405766, 45.74602385241321]]]}}, {"type": "Feature", "properties": {"kind": "median_waterline"}, "geometry": {"type": "Polygon", "coordinates": [[[-68.72052707342016, 45.743525198838555], [-68.72052752251993, 45.743435192407325], [-68.72039897186757, 45.74343487789264], [-68.72039852256121, 45.74352488432288], [-68.72052707342016, 45.743525198838555]]]}}, {"type": "Feature", "properties": {"kind": "median_waterline"}, "geometry": {"type": "Polygon", "coordinates": [[[-68.85229264834318, 45.74377152444073], [-68.85229312306494, 45.7435915100389], [-68.85216457094945, 45.74359134377649], [-68.85216409581454, 45.74377135817729], [-68.85229264834318, 45.74377152444073]]]}}, {"type": "Feature", "properties": {"kind": "median_waterline"}, "geometry": {"type": "Polygon", "coordinates": [[[-68.72065607317442, 45.74343550677739], [-68.72065652206551, 45.74334550034375], [-68.72052797161757, 45.74334518597466], [-68.72052752251993, 45.743435192407325], [-68.72065607317442, 45.74343550677739]]]}}, {"type": "Feature", "properties": {"kind": "median_waterline"}, "geometry": {"type": "Polygon", "coordinates": [[[-68.85216457094945, 45.74359134377649], [-68.85216480851521, 45.74350133657393], [-68.85203625660743, 45.74350117016741], [-68.8520360188351, 45.74359117736945], [-68.85216457094945, 45.74359134377649]]]}}, {"type": "Feature", "properties": {"kind": "median_waterline"}, "geometry": {"type": "Polygon", "coordinates": [[[-68.73891112638408, 45.743298665723955], [-68.73891196549083, 45.74311865257998], [-68.73878341536998, 45.74311835875156], [-68.7387825758501, 45.743298371893694], [-68.73891112638408, 45.743298665723955]]]}}, {"type": "Feature", "properties": {"kind": "median_waterline"}, "geometry": {"type": "Polygon", "coordinates": [[[-68.85190841863077, 45.74323098200319], [-68.85190865660518, 45.743140974795985], [-68.85178010552595, 45.74314080810227], [-68.85177986734497, 45.743230815308955], [-68.85190841863077, 45.74323098200319]]]}}, {"type": "Feature", "properties": {"kind": "median_waterline"}, "geometry": {"type": "Polygon", "coordinates": [[[-68.83442545453761, 45.74320698383158], [-68.83442572060581, 45.74311697669928], [-68.83429716968926, 45.743116790335186], [-68.8342969034145, 45.7432067974669], [-68.83442545453761, 45.74320698383158]]]}}, {"type": "Feature", "properties": {"kind": "median_waterline"}, "geometry": {"type": "Polygon", "coordinates": [[[-68.85178010552595, 45.74314080810227], [-68.85178058188451, 45.74296079368462], [-68.85165203121954, 45.74296062684731], [-68.85165155444784, 45.743140641263906], [-68.85178010552595, 45.74314080810227]]]}}, {"type": "Feature", "properties": {"kind": "median_waterline"}, "geometry": {"type": "Polygon", "coordinates": [[[-68.85165203121954, 45.74296062684731], [-68.85165250798673, 45.742780612425], [-68.85152395773603, 45.742780445444104], [-68.85152348055573, 45.742960459865365], [-68.85165203121954, 45.74296062684731]]]}}, {"type": "Feature", "properties": {"kind": "median_waterline"}, "geometry": {"type": "Polygon", "coordinates": [[[-68.83571202184044, 45.7428488109625], [-68.83571228583791, 45.74275880381872], [-68.83558373573506, 45.74275861890329], [-68.83558347153102, 45.74284862604649], [-68.83571202184044, 45.7428488109625]]]}}, {"type": "Feature", "properties": {"kind": "median_waterline"}, "geometry": {"type": "Polygon", "coordinates": [[[-68.83558373573506, 45.74275861890329], [-68.83558399993784, 45.74266861175865], [-68.83519835025652, 45.74266805614628], [-68.83519808543404, 45.74275806328918], [-68.83558373573506, 45.74275861890329]]]}}, {"type": "Feature", "properties": {"kind": "median_waterline"}, "geometry": {"type": "Polygon", "coordinates": [[[-68.8332701020201, 45.74266525855903], [-68.83327117369132, 45.742305230008114], [-68.83314262464528, 45.742305042347574], [-68.8331415521478, 45.74266507089615], [-68.8332701020201, 45.74266525855903]]]}}, {"type": "Feature", "properties": {"kind": "median_waterline"}, "geometry": {"type": "Polygon", "coordinates": [[[-68.85126781323764, 45.74242008219294], [-68.8512680522347, 45.74233007497551], [-68.85113950302025, 45.742329907563324], [-68.85113926381662, 45.742419914780236], [-68.85126781323764, 45.74242008219294]]]}}, {"type": "Feature", "properties": {"kind": "median_waterline"}, "geometry": {"type": "Polygon", "coordinates": [[[-68.73441783368106, 45.74202820393395], [-68.73441868719078, 45.74184819081475], [-68.73429014003206, 45.74184789193727], [-68.73428971307165, 45.74193789849665], [-68.73403261834714, 45.74193730030595], [-68.7340321909716, 45.742027306862035], [-68.73441783368106, 45.74202820393395]]]}}, {"type": "Feature", "properties": {"kind": "median_waterline"}, "geometry": {"type": "Polygon", "coordinates": [[[-68.73454723435155, 45.7418484895476], [-68.73454766089682, 45.74175848298494], [-68.73441911394261, 45.741758184253015], [-68.73441868719078, 45.74184819081475], [-68.73454723435155, 45.7418484895476]]]}}, {"type": "Feature", "properties": {"kind": "median_waterline"}, "geometry": {"type": "Polygon", "coordinates": [[[-68.73313407332734, 45.7416651824256], [-68.73313621737334, 45.74121514963512], [-68.73300767168074, 45.74121484931794], [-68.73300810069038, 45.741124842756506], [-68.73287955520637, 45.74112454229565], [-68.7328799844205, 45.74103453573372], [-68.73275143914508, 45.74103423512917], [-68.73275315680748, 45.74067420887093], [-68.73262461236024, 45.74067390812552], [-68.73262246424443, 45.74112394094007], [-68.73249391876652, 45.74112364004534], [-68.73249305909285, 45.74130365315928], [-68.73262160498385, 45.74130395405588], [-68.73262074571511, 45.741483967166], [-68.73274929202124, 45.74148426791985], [-68.73274886259034, 45.741574274473706], [-68.7330059556218, 45.74157487554943], [-68.733005526602, 45.74166488210374], [-68.73313407332734, 45.7416651824256]]]}}, {"type": "Feature", "properties": {"kind": "median_waterline"}, "geometry": {"type": "Polygon", "coordinates": [[[-68.78249825395777, 45.74122977399334], [-68.78249860344536, 45.7411397671029], [-68.7826271494357, 45.74114001173848], [-68.78262819726889, 45.74086999105631], [-68.78275674264124, 45.740870235544975], [-68.78275744077534, 45.7406902217482], [-68.78237180590256, 45.74068948785292], [-68.7823704071492, 45.74104951543159], [-68.78224186136873, 45.74104927050754], [-68.78224151146969, 45.741139277397885], [-68.78211296548436, 45.74113903232842], [-68.78211261537712, 45.741229039216584], [-68.78249825395777, 45.74122977399334]]]}}, {"type": "Feature", "properties": {"kind": "median_waterline"}, "geometry": {"type": "Polygon", "coordinates": [[[-68.73249649773862, 45.74058360066924], [-68.73249692756016, 45.740493594101565], [-68.73236838353007, 45.7404932930688], [-68.73236924358012, 45.74031327993104], [-68.73224069996515, 45.74031297875554], [-68.73224113019364, 45.74022297218546], [-68.73211258678724, 45.740222670866274], [-68.73211172591515, 45.74040268400312], [-68.73224026973462, 45.74040298532418], [-68.73223940926741, 45.740582998457214], [-68.73249649773862, 45.74058360066924]]]}}, {"type": "Feature", "properties": {"kind": "median_waterline"}, "geometry": {"type": "Polygon", "coordinates": [[[-68.85062722637178, 45.741609178698475], [-68.85062770640991, 45.74142916424178], [-68.85049915926672, 45.74142899611168], [-68.85049963971338, 45.74124898165034], [-68.85037109298443, 45.741248813376664], [-68.85037157383964, 45.741068798910675], [-68.85024302752494, 45.741068630493416], [-68.85024350878868, 45.74088861602278], [-68.85011496288821, 45.74088844746195], [-68.85011544456049, 45.74070843298666], [-68.84998689907425, 45.74070826428227], [-68.84998738115503, 45.74052824980233], [-68.84985883608303, 45.74052808095436], [-68.84985931857233, 45.74034806646978], [-68.84973077391456, 45.74034789747826], [-68.84973125681236, 45.74016788298901], [-68.84960271256881, 45.74016771385392], [-68.8496031958751, 45.73998769936005], [-68.8494746520458, 45.73998753008138], [-68.84947489390376, 45.739897522832834], [-68.84934635028212, 45.73989735341009], [-68.84934562408516, 45.740167375149866], [-68.84947416832641, 45.7401675445742], [-68.84947368460244, 45.74034755906132], [-68.84960222925793, 45.740347728342094], [-68.84960174594245, 45.740527742824575], [-68.84973029101216, 45.74052791196178], [-68.84972980810521, 45.74070792643961], [-68.84985835358916, 45.740708095433256], [-68.84985787109069, 45.740888109906436], [-68.84998641698887, 45.7408882787565], [-68.84998593489894, 45.741068293225055], [-68.85011448121136, 45.74106846193154], [-68.85011424037123, 45.7411584691642], [-68.85024278689134, 45.741158637726606], [-68.85024230562075, 45.74133865218871], [-68.85037085255512, 45.74133882060753], [-68.85037037169306, 45.741518835064966], [-68.85049891904167, 45.741519003340215], [-68.85049867881548, 45.74160901056732], [-68.85062722637178, 45.741609178698475]]]}}, {"type": "Feature", "properties": {"kind": "median_waterline"}, "geometry": {"type": "Polygon", "coordinates": [[[-68.73237096365573, 45.7399532536384], [-68.73237225369101, 45.73968323390392], [-68.73224371152176, 45.73968293273501], [-68.73224242086688, 45.73995295246665], [-68.73237096365573, 45.7399532536384]]]}}, {"type": "Feature", "properties": {"kind": "median_waterline"}, "geometry": {"type": "Polygon", "coordinates": [[[-68.84934635028212, 45.73989735341009], [-68.84934659234547, 45.73980734616063], [-68.84921804893152, 45.73980717659379], [-68.84921780666163, 45.73989718384273], [-68.84934635028212, 45.73989735341009]]]}}, {"type": "Feature", "properties": {"kind": "median_waterline"}, "geometry": {"type": "Polygon", "coordinates": [[[-68.84921804893152, 45.73980717659379], [-68.84921853346785, 45.73962716209169], [-68.84908999046812, 45.7396269923813], [-68.84908950551872, 45.739807006882344], [-68.84921804893152, 45.73980717659379]]]}}, {"type": "Feature", "properties": {"kind": "median_waterline"}, "geometry": {"type": "Polygon", "coordinates": [[[-68.84908999046812, 45.7396269923813], [-68.84909047541292, 45.73944697787456], [-68.8489619328274, 45.7394468080206], [-68.84896144746953, 45.7396268225263], [-68.84908999046812, 45.7396269923813]]]}}, {"type": "Feature", "properties": {"kind": "median_waterline"}, "geometry": {"type": "Polygon", "coordinates": [[[-68.84896217550461, 45.739356800765606], [-68.84896241818066, 45.73926679350921], [-68.84883387600935, 45.7392666235117], [-68.84883363312677, 45.739356630767574], [-68.84896217550461, 45.739356800765606]]]}}, {"type": "Feature", "properties": {"kind": "median_waterline"}, "geometry": {"type": "Polygon", "coordinates": [[[-68.73147547867977, 45.73905107663363], [-68.73147591011882, 45.73896107004921], [-68.73134736961606, 45.738960767875525], [-68.73134693797049, 45.739050774458995], [-68.73147547867977, 45.73905107663363]]]}}, {"type": "Feature", "properties": {"kind": "median_waterline"}, "geometry": {"type": "Polygon", "coordinates": [[[-68.84883411889079, 45.73917661625439], [-68.84883436177105, 45.73908660899568], [-68.84870582001396, 45.73908643885461], [-68.84870557692716, 45.7391764461128], [-68.84883411889079, 45.73917661625439]]]}}, {"type": "Feature", "properties": {"kind": "median_waterline"}, "geometry": {"type": "Polygon", "coordinates": [[[-68.84870582001396, 45.73908643885461], [-68.84870630618413, 45.73890642433393], [-68.84857776484122, 45.738906254049326], [-68.84857727825802, 45.73908626856894], [-68.84870582001396, 45.73908643885461]]]}}, {"type": "Feature", "properties": {"kind": "median_waterline"}, "geometry": {"type": "Polygon", "coordinates": [[[-68.8485780081311, 45.73881624678739], [-68.84857825141982, 45.73872623952403], [-68.84844971049114, 45.738726069095854], [-68.8484494669959, 45.73881607635869], [-68.8485780081311, 45.73881624678739]]]}}, {"type": "Feature", "properties": {"kind": "median_waterline"}, "geometry": {"type": "Polygon", "coordinates": [[[-68.84819360425884, 45.73836569874436], [-68.84819409206268, 45.73818568420515], [-68.84806555237658, 45.738185513346345], [-68.8480650641597, 45.7383655278845], [-68.84819360425884, 45.73836569874436]]]}}, {"type": "Feature", "properties": {"kind": "median_waterline"}, "geometry": {"type": "Polygon", "coordinates": [[[-68.73122617028737, 45.73743035343591], [-68.73122660210258, 45.737340346827686], [-68.73109806532113, 45.73734004438177], [-68.73109763329941, 45.737430050989055], [-68.73122617028737, 45.73743035343591]]]}}, {"type": "Feature", "properties": {"kind": "median_waterline"}, "geometry": {"type": "Polygon", "coordinates": [[[-68.84806555237658, 45.738185513346345], [-68.84806604058886, 45.7380054988025], [-68.84793750131696, 45.73800532780015], [-68.8479379899376, 45.737825313251676], [-68.84806652879648, 45.73782548425295], [-68.84806677289856, 45.737735476976034], [-68.84780969559502, 45.73773513482994], [-68.84780994010896, 45.737645127552675], [-68.84768140166543, 45.73764495626325], [-68.84768189110285, 45.737464941705504], [-68.84755335307351, 45.73746477027254], [-68.84755261829608, 45.73773479210541], [-68.84768115694496, 45.73773496353998], [-68.84768091222335, 45.737824970815296], [-68.8478094510799, 45.7378251421058], [-68.84780871752763, 45.738095163924775], [-68.84793725700489, 45.73809533507225], [-68.84793701269166, 45.73818534234293], [-68.84806555237658, 45.738185513346345]]]}}, {"type": "Feature", "properties": {"kind": "median_waterline"}, "geometry": {"type": "Polygon", "coordinates": [[[-68.73135729689889, 45.736890616061764], [-68.73135772849533, 45.73680060944404], [-68.73122919295082, 45.7368003071484], [-68.7312287611479, 45.73689031376519], [-68.73135729689889, 45.736890616061764]]]}}, {"type": "Feature", "properties": {"kind": "median_waterline"}, "geometry": {"type": "Polygon", "coordinates": [[[-68.84755335307351, 45.73746477027254], [-68.84755384291931, 45.73728475571017], [-68.84742530530416, 45.73728458413367], [-68.84742579555832, 45.73710456956666], [-68.84729725835734, 45.73710439784663], [-68.84729774901987, 45.73692438327499], [-68.84716921223306, 45.73692421141142], [-68.84716945776907, 45.73683420412401], [-68.84704092118993, 45.736834032116384], [-68.84704116693129, 45.73674402482808], [-68.84691263055981, 45.736743852676376], [-68.84691287650652, 45.73665384538719], [-68.84678434034271, 45.73665367309142], [-68.84678458649473, 45.73656366580133], [-68.8466560505386, 45.7365634933615], [-68.84665629689596, 45.73647348607054], [-68.84639922540019, 45.73647314075815], [-68.84639897862984, 45.73656314804805], [-68.84652751458363, 45.73656332077708], [-68.8465272680186, 45.736653328066076], [-68.84665580418007, 45.73665350065105], [-68.84665555782037, 45.736743507939174], [-68.8467840941895, 45.73674368038007], [-68.84678384803514, 45.7368336876673], [-68.84691238461195, 45.73683385996414], [-68.84691213866292, 45.73692386725048], [-68.8470406754474, 45.736924039403256], [-68.84704042970372, 45.73701404668872], [-68.84716896669588, 45.73701421869742], [-68.847168475618, 45.737194233265136], [-68.84729701302433, 45.7371944051303], [-68.84729652235481, 45.73737441969338], [-68.84742506017533, 45.73737459141503], [-68.84742481504533, 45.73746459869496], [-68.84755335307351, 45.73746477027254]]]}}, {"type": "Feature", "properties": {"kind": "median_waterline"}, "geometry": {"type": "Polygon", "coordinates": [[[-68.84639922540019, 45.73647314075815], [-68.84639947216938, 45.73638313346683], [-68.84627093662975, 45.736382960594284], [-68.84627118360427, 45.73629295330208], [-68.8461426482723, 45.73629278028546], [-68.84614289545215, 45.736202772992385], [-68.84601436032786, 45.73620259983171], [-68.84601460771302, 45.73611259253772], [-68.84575753788096, 45.73611224578365], [-68.84575778567793, 45.73602223848935], [-68.84562925097015, 45.73602206489595], [-68.84562875496202, 45.73620207948207], [-68.84588582520475, 45.73620242652643], [-68.8458855776119, 45.736292433818434], [-68.84601411294152, 45.73629260712425], [-68.846013865554, 45.736382614415376], [-68.84614240109129, 45.736382787577114], [-68.8461421539091, 45.73647279486736], [-68.84639922540019, 45.73647314075815]]]}}, {"type": "Feature", "properties": {"kind": "median_waterline"}, "geometry": {"type": "Polygon", "coordinates": [[[-68.84562925097015, 45.73602206489595], [-68.84562949897246, 45.735932057600756], [-68.84550096447234, 45.73593188386331], [-68.84550071626354, 45.73602189115796], [-68.84562925097015, 45.73602206489595]]]}}, {"type": "Feature", "properties": {"kind": "median_waterline"}, "geometry": {"type": "Polygon", "coordinates": [[[-68.84550096447234, 45.73593188386331], [-68.84550121267995, 45.73584187656723], [-68.84537267838752, 45.73584170268571], [-68.84537292680045, 45.73575169538875], [-68.8451158586321, 45.73575134719302], [-68.84511560980619, 45.735841354488905], [-68.84524414409626, 45.73584152865961], [-68.84524389547565, 45.735931535954606], [-68.84550096447234, 45.73593188386331]]]}}, {"type": "Feature", "properties": {"kind": "median_waterline"}, "geometry": {"type": "Polygon", "coordinates": [[[-68.8451158586321, 45.73575134719302], [-68.84511610745683, 45.73566133989573], [-68.84498757358091, 45.735661165581504], [-68.84498732454968, 45.73575117287827], [-68.8451158586321, 45.73575134719302]]]}}, {"type": "Feature", "properties": {"kind": "median_waterline"}, "geometry": {"type": "Polygon", "coordinates": [[[-68.84498757358091, 45.735661165581504], [-68.84498782261096, 45.73557115828333], [-68.84485928894271, 45.73557098382506], [-68.84485903970618, 45.73566099112271], [-68.84498757358091, 45.735661165581504]]]}}, {"type": "Feature", "properties": {"kind": "median_waterline"}, "geometry": {"type": "Polygon", "coordinates": [[[-68.84485928894271, 45.73557098382506], [-68.84485953817807, 45.735480976526], [-68.84473100471749, 45.73548080192367], [-68.84473075527563, 45.735570809222196], [-68.84485928894271, 45.73557098382506]]]}}, {"type": "Feature", "properties": {"kind": "median_waterline"}, "geometry": {"type": "Polygon", "coordinates": [[[-68.84473100471749, 45.73548080192367], [-68.84473125415813, 45.73539079462373], [-68.84460272090523, 45.735390619877364], [-68.84460247125809, 45.735480627176756], [-68.84473100471749, 45.73548080192367]]]}}, {"type": "Feature", "properties": {"kind": "median_waterline"}, "geometry": {"type": "Polygon", "coordinates": [[[-68.84460272090523, 45.735390619877364], [-68.8446029705512, 45.735300612576545], [-68.84447443750597, 45.73530043768612], [-68.84447418765352, 45.73539044498639], [-68.84460272090523, 45.735390619877364]]]}}, {"type": "Feature", "properties": {"kind": "median_waterline"}, "geometry": {"type": "Polygon", "coordinates": [[[-68.84447443750597, 45.73530043768612], [-68.84447468735723, 45.735210430384406], [-68.8442176216833, 45.73521008017087], [-68.84421737141906, 45.73530008747149], [-68.84447443750597, 45.73530043768612]]]}}, {"type": "Feature", "properties": {"kind": "median_waterline"}, "geometry": {"type": "Polygon", "coordinates": [[[-68.73663572666082, 45.73510275232875], [-68.73663614975071, 45.73501274564416], [-68.7365076182528, 45.735012449295645], [-68.73650719495645, 45.735102455979295], [-68.73663572666082, 45.73510275232875]]]}}, {"type": "Feature", "properties": {"kind": "median_waterline"}, "geometry": {"type": "Polygon", "coordinates": [[[-68.8442176216833, 45.73521008017087], [-68.84421787194633, 45.73512007286884], [-68.84408933931763, 45.73511989754572], [-68.8440890888481, 45.73520990484721], [-68.8442176216833, 45.73521008017087]]]}}, {"type": "Feature", "properties": {"kind": "median_waterline"}, "geometry": {"type": "Polygon", "coordinates": [[[-68.84408933931763, 45.73511989754572], [-68.84408958978597, 45.73502989024282], [-68.84396105736495, 45.73502971477565], [-68.84396080669012, 45.73511972207802], [-68.84408933931763, 45.73511989754572]]]}}, {"type": "Feature", "properties": {"kind": "median_waterline"}, "geometry": {"type": "Polygon", "coordinates": [[[-68.84396105736495, 45.73502971477565], [-68.84396130803859, 45.73493970747187], [-68.84383277582522, 45.734939531860654], [-68.84383302670415, 45.73484952455599], [-68.84370449469846, 45.73484934880073], [-68.84370474578267, 45.73475934149519], [-68.84357621398466, 45.73475916559588], [-68.84357646527418, 45.73466915828947], [-68.84331940209469, 45.73466880605819], [-68.84331915039222, 45.73475881336353], [-68.84344768218784, 45.734758989552], [-68.84344743069066, 45.734848996856456], [-68.84357596269398, 45.73484917290088], [-68.84357571140208, 45.734939180204464], [-68.84370424361306, 45.73493935610485], [-68.84370399252646, 45.73502936340754], [-68.84396105736495, 45.73502971477565]]]}}, {"type": "Feature", "properties": {"kind": "median_waterline"}, "geometry": {"type": "Polygon", "coordinates": [[[-68.84331940209469, 45.73466880605819], [-68.84331965379596, 45.73457879875145], [-68.8431911224145, 45.73457862241948], [-68.84319087050673, 45.73466862972566], [-68.84331940209469, 45.73466880605819]]]}}, {"type": "Feature", "properties": {"kind": "median_waterline"}, "geometry": {"type": "Polygon", "coordinates": [[[-68.8431911224145, 45.73457862241948], [-68.84319137432105, 45.734488615111864], [-68.84306284314724, 45.734488438635836], [-68.84306259103421, 45.7345784459429], [-68.8431911224145, 45.73457862241948]]]}}, {"type": "Feature", "properties": {"kind": "median_waterline"}, "geometry": {"type": "Polygon", "coordinates": [[[-68.84293456429295, 45.73439825470728], [-68.84293481661007, 45.73430824739791], [-68.84280628585161, 45.73430807063382], [-68.84280603332802, 45.73439807794263], [-68.84293456429295, 45.73439825470728]]]}}, {"type": "Feature", "properties": {"kind": "median_waterline"}, "geometry": {"type": "Polygon", "coordinates": [[[-68.84935942006005, 45.73503695990051], [-68.8493596620614, 45.73494695257409], [-68.849488194325, 45.73494712196776], [-68.84948843611873, 45.7348571146394], [-68.849616968177, 45.73485728388794], [-68.84961745134804, 45.73467726922588], [-68.84974598299449, 45.73467743832876], [-68.84974622437181, 45.73458743099507], [-68.849489161493, 45.73458709264575], [-68.84948964507012, 45.7344070779762], [-68.8492325830218, 45.73440673905064], [-68.84923306742024, 45.7342267243775], [-68.84897600620242, 45.73422638487569], [-68.84897576359083, 45.73431639221191], [-68.84884723277717, 45.73431622224359], [-68.84884698995796, 45.73440622957786], [-68.84871845893898, 45.73440605946442], [-68.84871772985497, 45.73467608145706], [-68.84884626149338, 45.7346762515721], [-68.84884577584458, 45.7348562662278], [-68.84897430789711, 45.7348564361993], [-68.84897406527747, 45.73494644352556], [-68.84910259753764, 45.734946613352996], [-68.8491023551233, 45.73503662067834], [-68.84935942006005, 45.73503695990051]]]}}, {"type": "Feature", "properties": {"kind": "median_waterline"}, "geometry": {"type": "Polygon", "coordinates": [[[-68.84254947727364, 45.73421770936271], [-68.84254973020779, 45.73412770205215], [-68.84242119986588, 45.73412752485538], [-68.84242094672526, 45.73421753216539], [-68.84254947727364, 45.73421770936271]]]}}, {"type": "Feature", "properties": {"kind": "median_waterline"}, "geometry": {"type": "Polygon", "coordinates": [[[-68.72982658730793, 45.73445680008598], [-68.72982745534345, 45.73427678679474], [-68.72969892560512, 45.734276482790456], [-68.7297010966902, 45.73382644954209], [-68.72957256798627, 45.73382614539798], [-68.72957213356689, 45.73391615204956], [-68.72944360465854, 45.73391584775991], [-68.7294423007687, 45.73418586770323], [-68.72957083029644, 45.734186171995724], [-68.72956996143917, 45.73436618528604], [-68.72969849138191, 45.73436648943585], [-68.72969805715665, 45.73445649607981], [-68.72982658730793, 45.73445680008598]]]}}, {"type": "Feature", "properties": {"kind": "median_waterline"}, "geometry": {"type": "Polygon", "coordinates": [[[-68.84242119986588, 45.73412752485538], [-68.8424214530053, 45.73403751754395], [-68.84229292287107, 45.734037340203145], [-68.84229266952516, 45.73412734751403], [-68.84242119986588, 45.73412752485538]]]}}, {"type": "Feature", "properties": {"kind": "median_waterline"}, "geometry": {"type": "Polygon", "coordinates": [[[-68.84229292287107, 45.734037340203145], [-68.84229317621576, 45.733947332890835], [-68.84216464628919, 45.73394715540601], [-68.84216439273803, 45.734037162717755], [-68.84229292287107, 45.734037340203145]]]}}, {"type": "Feature", "properties": {"kind": "median_waterline"}, "geometry": {"type": "Polygon", "coordinates": [[[-68.72982962539622, 45.733826753541614], [-68.72983005940058, 45.733736746886706], [-68.72970153090105, 45.73373644288814], [-68.7297010966902, 45.73382644954209], [-68.72982962539622, 45.733826753541614]]]}}, {"type": "Feature", "properties": {"kind": "median_waterline"}, "geometry": {"type": "Polygon", "coordinates": [[[-68.84216464628919, 45.73394715540601], [-68.84216489983915, 45.73385714809284], [-68.84203637012025, 45.73385697046396], [-68.8420366238755, 45.7337669631499], [-68.84190809436427, 45.73376678537699], [-68.84190834832478, 45.73367677806208], [-68.84177981902123, 45.73367660014514], [-68.84178007318698, 45.733586592829354], [-68.84165154409112, 45.733586414768396], [-68.84165179846214, 45.733496407451725], [-68.84152326957394, 45.73349622924673], [-68.84152352415022, 45.7334062219292], [-68.84126646679039, 45.73340586508656], [-68.84126621180117, 45.73349587240297], [-68.84139474068697, 45.73349605089715], [-68.84139448590301, 45.733586058212694], [-68.84152301499645, 45.73358623656283], [-68.84152276041776, 45.73367624387752], [-68.8416512897189, 45.733676422083626], [-68.84165103534546, 45.733766429397434], [-68.84177956485426, 45.7337666074595], [-68.8417793106861, 45.733856614772456], [-68.84190784040258, 45.7338567926905], [-68.84190758643967, 45.73394680000256], [-68.84216464628919, 45.73394715540601]]]}}, {"type": "Feature", "properties": {"kind": "median_waterline"}, "geometry": {"type": "Polygon", "coordinates": [[[-68.84126646679039, 45.73340586508656], [-68.84126672177838, 45.73331585776871], [-68.84113819330675, 45.73331567913107], [-68.84113793811228, 45.73340568644836], [-68.84126646679039, 45.73340586508656]]]}}, {"type": "Feature", "properties": {"kind": "median_waterline"}, "geometry": {"type": "Polygon", "coordinates": [[[-68.84113819330675, 45.73331567913107], [-68.8411384485, 45.73322567181236], [-68.84100992023605, 45.73322549303069], [-68.84100966483632, 45.73331550034884], [-68.84113819330675, 45.73331567913107]]]}}, {"type": "Feature", "properties": {"kind": "median_waterline"}, "geometry": {"type": "Polygon", "coordinates": [[[-68.72944751621678, 45.73310578785286], [-68.72944795082405, 45.73301578118937], [-68.72931942398237, 45.73301547676464], [-68.72931898916863, 45.73310548342718], [-68.72944751621678, 45.73310578785286]]]}}, {"type": "Feature", "properties": {"kind": "median_waterline"}, "geometry": {"type": "Polygon", "coordinates": [[[-68.84100992023605, 45.73322549303069], [-68.84101017563455, 45.73313548571112], [-68.84088164757826, 45.73313530678542], [-68.8408813919733, 45.73322531410443], [-68.84100992023605, 45.73322549303069]]]}}, {"type": "Feature", "properties": {"kind": "median_waterline"}, "geometry": {"type": "Polygon", "coordinates": [[[-68.73008798358258, 45.73355734113222], [-68.73008841716785, 45.733467334471136], [-68.73034547294257, 45.73346794145051], [-68.73034590611287, 45.733377934786105], [-68.73047443379684, 45.73337823805797], [-68.73047486675864, 45.7332882313912], [-68.73034633928113, 45.733287928120276], [-68.73034720561145, 45.73310791478432], [-68.73047573267606, 45.733108218053346], [-68.73047616563169, 45.73301821138228], [-68.73034763877352, 45.7330179081142], [-68.73034807193355, 45.732927901442665], [-68.73009101863633, 45.73292729447465], [-68.73009145220719, 45.73283728780358], [-68.72983439933111, 45.73283668025915], [-68.72983396534732, 45.73292668692832], [-68.72996249199079, 45.73292699077378], [-68.72996162442995, 45.73310700410975], [-68.72983309737357, 45.7331067002624], [-68.7298326633836, 45.73319670692731], [-68.72970413612283, 45.73319640293442], [-68.72970370192435, 45.73328640959694], [-68.72983222939159, 45.733286713590765], [-68.7298317953975, 45.73337672025282], [-68.72996032307326, 45.73337702410302], [-68.72995945549184, 45.73355703742472], [-68.73008798358258, 45.73355734113222]]]}}, {"type": "Feature", "properties": {"kind": "median_waterline"}, "geometry": {"type": "Polygon", "coordinates": [[[-68.72970587289615, 45.73283637627006], [-68.72970630708433, 45.73274636960039], [-68.72957778085788, 45.73274606546768], [-68.72957821525046, 45.73265605879754], [-68.72944968923252, 45.7326557545212], [-68.7294488200324, 45.73283576785814], [-68.72970587289615, 45.73283637627006]]]}}, {"type": "Feature", "properties": {"kind": "median_waterline"}, "geometry": {"type": "Polygon", "coordinates": [[[-68.84075363114242, 45.73295511307395], [-68.84075388695021, 45.732865105751216], [-68.84062535951573, 45.73286492653802], [-68.84062510350148, 45.732954933860206], [-68.84075363114242, 45.73295511307395]]]}}, {"type": "Feature", "properties": {"kind": "median_waterline"}, "geometry": {"type": "Polygon", "coordinates": [[[-68.84062535951573, 45.73286492653802], [-68.84062561552878, 45.73277491921443], [-68.84049708830197, 45.732774739857206], [-68.84049683208247, 45.73286474718025], [-68.84062535951573, 45.73286492653802]]]}}, {"type": "Feature", "properties": {"kind": "median_waterline"}, "geometry": {"type": "Polygon", "coordinates": [[[-68.73690546951121, 45.73240314338027], [-68.7369071599663, 45.73204311645473], [-68.7367786352776, 45.7320428204259], [-68.73677694399673, 45.732402847347736], [-68.73690546951121, 45.73240314338027]]]}}, {"type": "Feature", "properties": {"kind": "median_waterline"}, "geometry": {"type": "Polygon", "coordinates": [[[-68.83869952098985, 45.732142162429014], [-68.8387000391888, 45.731962147774475], [-68.8385715138384, 45.731961966253614], [-68.83857125453311, 45.73205197358102], [-68.8384427289775, 45.732051791915026], [-68.83844246946451, 45.73214179924045], [-68.83869952098985, 45.732142162429014]]]}}, {"type": "Feature", "properties": {"kind": "median_waterline"}, "geometry": {"type": "Polygon", "coordinates": [[[-68.83715825821443, 45.73177994533535], [-68.83715851978697, 45.731689938009936], [-68.83702999507076, 45.73168975475584], [-68.83702973329179, 45.73177976208069], [-68.83715825821443, 45.73177994533535]]]}}, {"type": "Feature", "properties": {"kind": "median_waterline"}, "geometry": {"type": "Polygon", "coordinates": [[[-68.7289377622746, 45.732204502621684], [-68.72893819768703, 45.73211449594774], [-68.72868114815124, 45.73211388581609], [-68.7286815839745, 45.732023879142616], [-68.72855305941616, 45.73202357386089], [-68.7285534954438, 45.73193356718694], [-68.72842497109397, 45.73193326176159], [-68.7284262797838, 45.73166324173405], [-68.72829775605535, 45.731662936166984], [-68.72829819248761, 45.73157292948924], [-68.72778409842033, 45.731571705779025], [-68.72778497293011, 45.73139169242689], [-68.72739940364006, 45.73139077313196], [-68.7273989657669, 45.731480779805864], [-68.72752748906794, 45.73148108638305], [-68.72752705139914, 45.73157109305648], [-68.7276555749087, 45.73157139949004], [-68.72765513744424, 45.73166140616301], [-68.72778366116232, 45.731661712452954], [-68.72778322390225, 45.73175171912545], [-68.72791174782883, 45.73175202527177], [-68.72791131077312, 45.731842031943806], [-68.72803983490823, 45.73184233794651], [-68.72803939805688, 45.731932344618066], [-68.7282964467462, 45.731932956191656], [-68.72829557386308, 45.7321129695343], [-68.72855262338645, 45.7321135805334], [-68.72855218735468, 45.73220358720449], [-68.7289377622746, 45.732204502621684]]]}}, {"type": "Feature", "properties": {"kind": "median_waterline"}, "geometry": {"type": "Polygon", "coordinates": [[[-68.72817054223884, 45.73139261042068], [-68.72817097887132, 45.73130260373959], [-68.72804245597277, 45.73130229788719], [-68.72804201913387, 45.73139230456732], [-68.72817054223884, 45.73139261042068]]]}}, {"type": "Feature", "properties": {"kind": "median_waterline"}, "geometry": {"type": "Polygon", "coordinates": [[[-68.72765732474572, 45.73121137278389], [-68.7276577621998, 45.73112136610378], [-68.72752923972243, 45.73112105967501], [-68.72752880206193, 45.731211066354156], [-68.72765732474572, 45.73121137278389]]]}}, {"type": "Feature", "properties": {"kind": "median_waterline"}, "geometry": {"type": "Polygon", "coordinates": [[[-68.72727175670052, 45.73121045306097], [-68.7272726328452, 45.73103043970507], [-68.72701558831785, 45.731029825837425], [-68.72701514983368, 45.73111983251418], [-68.72714367230274, 45.73112013952124], [-68.72714323402293, 45.73121014619752], [-68.72727175670052, 45.73121045306097]]]}}, {"type": "Feature", "properties": {"kind": "median_waterline"}, "geometry": {"type": "Polygon", "coordinates": [[[-68.73704202048128, 45.73069331115101], [-68.73704328759204, 45.73042329087488], [-68.73691476661719, 45.73042299500724], [-68.73691349888716, 45.7306930152806], [-68.73704202048128, 45.73069331115101]]]}}, {"type": "Feature", "properties": {"kind": "median_waterline"}, "geometry": {"type": "Polygon", "coordinates": [[[-68.8315085756856, 45.7299715990919], [-68.83150884631614, 45.729881591763565], [-68.83125180525361, 45.72988121241166], [-68.83125153421021, 45.729971219738815], [-68.8315085756856, 45.7299715990919]]]}}, {"type": "Feature", "properties": {"kind": "median_waterline"}, "geometry": {"type": "Polygon", "coordinates": [[[-68.83883451872694, 45.72989216020075], [-68.83883477758988, 45.72980215283798], [-68.83870625719278, 45.7298019714753], [-68.83870599812343, 45.729891978837486], [-68.83883451872694, 45.72989216020075]]]}}, {"type": "Feature", "properties": {"kind": "median_waterline"}, "geometry": {"type": "Polygon", "coordinates": [[[-68.73717434149775, 45.7298835460016], [-68.73717645221674, 45.72943351213206], [-68.73704793351055, 45.729433216419146], [-68.73704582175947, 45.72988325028406], [-68.73717434149775, 45.7298835460016]]]}}, {"type": "Feature", "properties": {"kind": "median_waterline"}, "geometry": {"type": "Polygon", "coordinates": [[[-68.83150938757336, 45.72970157710261], [-68.83150965820005, 45.72961156976999], [-68.83138113828743, 45.72961138016811], [-68.83138086745431, 45.72970138750013], [-68.83150938757336, 45.72970157710261]]]}}, {"type": "Feature", "properties": {"kind": "median_waterline"}, "geometry": {"type": "Polygon", "coordinates": [[[-68.83870651626093, 45.72971196411168], [-68.83870703439351, 45.72953194938017], [-68.83857851461691, 45.729531767874604], [-68.83857799607148, 45.72971178260499], [-68.83870651626093, 45.72971196411168]]]}}, {"type": "Feature", "properties": {"kind": "median_waterline"}, "geometry": {"type": "Polygon", "coordinates": [[[-68.83138113828743, 45.72961138016811], [-68.83138167994979, 45.72943136549978], [-68.83125316045128, 45.7294311757545], [-68.83125343148696, 45.729341168418806], [-68.83086787361843, 45.72934059831737], [-68.83086733030726, 45.72952061298379], [-68.83125288941432, 45.729521183088785], [-68.83125261837607, 45.72961119042165], [-68.83138113828743, 45.72961138016811]]]}}, {"type": "Feature", "properties": {"kind": "median_waterline"}, "geometry": {"type": "Polygon", "coordinates": [[[-68.83883244777921, 45.730612219051494], [-68.83883296552352, 45.730432204347366], [-68.83870444368142, 45.7304320229807], [-68.83870470275815, 45.730342015627066], [-68.83857618112371, 45.730341834116395], [-68.83857721824411, 45.72998180468986], [-68.83844869743662, 45.72998162303689], [-68.83844921640227, 45.7298016083162], [-68.83832069600888, 45.729801426519806], [-68.83832147506742, 45.729531404429785], [-68.83819295529452, 45.72953122249052], [-68.83819373496124, 45.729261200389374], [-68.83806521580884, 45.729261018307255], [-68.8380654759017, 45.729171010937925], [-68.83793695695695, 45.7291708287118], [-68.83793643635715, 45.72935084344791], [-68.83780791700079, 45.72935066107608], [-68.83780765649261, 45.72944066844143], [-68.83767913693109, 45.729440485924464], [-68.83767939764567, 45.729350478559695], [-68.83742235893915, 45.72935011309322], [-68.83742157555311, 45.729620135179836], [-68.83767861549818, 45.72962050064974], [-68.83767835477987, 45.729710508010236], [-68.83780687496069, 45.729710690528904], [-68.83780739598322, 45.72953067580533], [-68.83806443552285, 45.7295310404067], [-68.83806391532602, 45.72971105513254], [-68.83819243551054, 45.7297112372175], [-68.83819139592778, 45.73007126665433], [-68.83831991693923, 45.730071448597], [-68.83831887816248, 45.73043147801331], [-68.83857592184054, 45.73043184146948], [-68.83857566255614, 45.73052184882112], [-68.83870418460344, 45.730522030332914], [-68.83870392552426, 45.73061203768371], [-68.83883244777921, 45.730612219051494]]]}}, {"type": "Feature", "properties": {"kind": "median_waterline"}, "geometry": {"type": "Polygon", "coordinates": [[[-68.83857851461691, 45.729531767874604], [-68.83857929242585, 45.72926174576836], [-68.83845077326974, 45.72926156411993], [-68.83845129221571, 45.72908154937643], [-68.83832277347369, 45.72908136758457], [-68.83832329282758, 45.72890135283651], [-68.83819477449963, 45.728901170901224], [-68.83819503438113, 45.728811163525634], [-68.83806651626081, 45.728810981446344], [-68.83806625617288, 45.72890098882138], [-68.8379377378474, 45.72890080659696], [-68.837937217255, 45.729080821341626], [-68.8381942547329, 45.72908118564816], [-68.83819373496124, 45.729261200389374], [-68.83832225411489, 45.72926138232694], [-68.83832173475113, 45.729441397063596], [-68.83845025431884, 45.729441578857724], [-68.83844999484155, 45.72953158622448], [-68.83857851461691, 45.729531767874604]]]}}, {"type": "Feature", "properties": {"kind": "median_waterline"}, "geometry": {"type": "Polygon", "coordinates": [[[-68.79861119291992, 45.72883825564563], [-68.79861151637719, 45.72874824846643], [-68.79848299868317, 45.72874802186186], [-68.7984826750195, 45.728838029040354], [-68.79861119291992, 45.72883825564563]]]}}, {"type": "Feature", "properties": {"kind": "median_waterline"}, "geometry": {"type": "Polygon", "coordinates": [[[-68.79719749609981, 45.72883575503672], [-68.79719782182761, 45.72874574786534], [-68.79681226880103, 45.72874506284742], [-68.796811942454, 45.72883507001667], [-68.79719749609981, 45.72883575503672]]]}}, {"type": "Feature", "properties": {"kind": "median_waterline"}, "geometry": {"type": "Polygon", "coordinates": [[[-68.7259988530855, 45.72868719068728], [-68.72600105346096, 45.72823715713497], [-68.72587253761606, 45.72823684885756], [-68.72587033620856, 45.72868688240506], [-68.7259988530855, 45.72868719068728]]]}}, {"type": "Feature", "properties": {"kind": "median_waterline"}, "geometry": {"type": "Polygon", "coordinates": [[[-68.81660518645916, 45.72841851716735], [-68.81660548101146, 45.72832850988644], [-68.81647696414421, 45.72832830352381], [-68.81647666938551, 45.728418310804074], [-68.81660518645916, 45.72841851716735]]]}}, {"type": "Feature", "properties": {"kind": "median_waterline"}, "geometry": {"type": "Polygon", "coordinates": [[[-68.81583408403824, 45.72841727681931], [-68.815834379829, 45.728327269542284], [-68.81570586297015, 45.728327062312296], [-68.815705566973, 45.72841706958869], [-68.81583408403824, 45.72841727681931]]]}}, {"type": "Feature", "properties": {"kind": "median_waterline"}, "geometry": {"type": "Polygon", "coordinates": [[[-68.7260014935298, 45.72814715042023], [-68.72600237366119, 45.72796713698644], [-68.72587385843548, 45.72796682871193], [-68.72587297789129, 45.72814684214377], [-68.7260014935298, 45.72814715042023]]]}}, {"type": "Feature", "properties": {"kind": "median_waterline"}, "geometry": {"type": "Polygon", "coordinates": [[[-68.79630016112421, 45.72820410443802], [-68.79630048828605, 45.728114097261646], [-68.79617197206468, 45.72811386805998], [-68.79617164469644, 45.728203875235636], [-68.79630016112421, 45.72820410443802]]]}}, {"type": "Feature", "properties": {"kind": "median_waterline"}, "geometry": {"type": "Polygon", "coordinates": [[[-68.73435714769856, 45.727716844411916], [-68.73435757433906, 45.727626837627014], [-68.7342290598053, 45.72762653875236], [-68.73422863295839, 45.72771654553633], [-68.73435714769856, 45.727716844411916]]]}}, {"type": "Feature", "properties": {"kind": "median_waterline"}, "geometry": {"type": "Polygon", "coordinates": [[[-68.82740312041493, 45.727625269547666], [-68.82740339761695, 45.727535262201435], [-68.8272748824934, 45.72753506798734], [-68.82727460508497, 45.72762507533298], [-68.82740312041493, 45.727625269547666]]]}}, {"type": "Feature", "properties": {"kind": "median_waterline"}, "geometry": {"type": "Polygon", "coordinates": [[[-68.83678500512434, 45.72754904938235], [-68.83678526725778, 45.72745904199165], [-68.8366567522472, 45.727458858330785], [-68.83665648990737, 45.727548865720905], [-68.83678500512434, 45.72754904938235]]]}}, {"type": "Feature", "properties": {"kind": "median_waterline"}, "geometry": {"type": "Polygon", "coordinates": [[[-68.7374419237542, 45.727633967252345], [-68.73744487550684, 45.727003919562314], [-68.73731636236954, 45.727003624163416], [-68.73731340917215, 45.727633671846995], [-68.7374419237542, 45.727633967252345]]]}}, {"type": "Feature", "properties": {"kind": "median_waterline"}, "geometry": {"type": "Polygon", "coordinates": [[[-68.72587517923613, 45.72769680855344], [-68.72587605975943, 45.727516795107306], [-68.72613308814896, 45.72751741150218], [-68.72613484751939, 45.72715738458512], [-68.72600633414915, 45.727157076463804], [-68.72600677419294, 45.727067069731916], [-68.72587826103117, 45.727066761467], [-68.72587870127926, 45.72697675473467], [-68.72575018832599, 45.72697644632619], [-68.72574930741494, 45.72715645978752], [-68.72562079405098, 45.727156151232556], [-68.72561991271881, 45.72733616468624], [-68.72574842649556, 45.72733647324314], [-68.7257466646317, 45.727696500137256], [-68.72587517923613, 45.72769680855344]]]}}, {"type": "Feature", "properties": {"kind": "median_waterline"}, "geometry": {"type": "Polygon", "coordinates": [[[-68.83884202525364, 45.72728194610207], [-68.83884228408097, 45.72719193869798], [-68.83871376966982, 45.727191757351704], [-68.83871351063608, 45.72728176475523], [-68.83884202525364, 45.72728194610207]]]}}, {"type": "Feature", "properties": {"kind": "median_waterline"}, "geometry": {"type": "Polygon", "coordinates": [[[-68.82907491789098, 45.727267751759136], [-68.82907519240456, 45.72717774439935], [-68.82881816377592, 45.7271773595899], [-68.82881788884954, 45.72726736694848], [-68.82907491789098, 45.727267751759136]]]}}, {"type": "Feature", "properties": {"kind": "median_waterline"}, "geometry": {"type": "Polygon", "coordinates": [[[-68.8376851330539, 45.727370316174074], [-68.83768591510865, 45.72710029397712], [-68.83755740091499, 45.72710011133042], [-68.83755687913359, 45.72728012612867], [-68.83742836452839, 45.72727994333627], [-68.83742810342943, 45.727369950732694], [-68.8376851330539, 45.727370316174074]]]}}, {"type": "Feature", "properties": {"kind": "median_waterline"}, "geometry": {"type": "Polygon", "coordinates": [[[-68.81917930363026, 45.727252519145715], [-68.81917988444125, 45.727072504519825], [-68.81892285643191, 45.727072097450225], [-68.81892227479531, 45.72725211207356], [-68.81917930363026, 45.727252519145715]]]}}, {"type": "Feature", "properties": {"kind": "median_waterline"}, "geometry": {"type": "Polygon", "coordinates": [[[-68.82573410051998, 45.727082689429864], [-68.82573438039725, 45.72699268208301], [-68.82560586652927, 45.72699248599334], [-68.8256061466116, 45.726902478645655], [-68.82547763295136, 45.726902282412055], [-68.82547707237256, 45.727082297104786], [-68.82573410051998, 45.727082689429864]]]}}, {"type": "Feature", "properties": {"kind": "median_waterline"}, "geometry": {"type": "Polygon", "coordinates": [[[-68.81892314724814, 45.72698209013641], [-68.81892372887647, 45.72680207550451], [-68.81879521549304, 45.72680187175479], [-68.81879463345193, 45.72698188638542], [-68.81892314724814, 45.72698209013641]]]}}, {"type": "Feature", "properties": {"kind": "median_waterline"}, "geometry": {"type": "Polygon", "coordinates": [[[-68.82958924967745, 45.727178512283615], [-68.82958952336415, 45.72708850492002], [-68.82971803747924, 45.727088696529094], [-68.82971858443594, 45.72690868179641], [-68.82997561184439, 45.72690906457852], [-68.82997533877949, 45.72699907194677], [-68.83023236660591, 45.726999454151844], [-68.83023291190888, 45.726819439411535], [-68.8301043984078, 45.72681924838247], [-68.83010467126374, 45.726729241010766], [-68.82997615797034, 45.726729049837736], [-68.82997643103138, 45.72663904246521], [-68.82984791794567, 45.72663885114822], [-68.82984764467825, 45.726728858520154], [-68.82959061809795, 45.72672847545134], [-68.82959034441646, 45.72681848282064], [-68.82946183092186, 45.7268182910688], [-68.82946155703266, 45.726908298436086], [-68.8292045296346, 45.72690791449756], [-68.8292042553313, 45.72699792186222], [-68.82907574142783, 45.726997729675524], [-68.82907519240456, 45.72717774439935], [-68.82958924967745, 45.727178512283615]]]}}, {"type": "Feature", "properties": {"kind": "median_waterline"}, "geometry": {"type": "Polygon", "coordinates": [[[-68.83061899647927, 45.72663999688184], [-68.83061926850705, 45.72654998950493], [-68.83049075562128, 45.72654979891129], [-68.83049048338711, 45.72663980628762], [-68.83061899647927, 45.72663999688184]]]}}, {"type": "Feature", "properties": {"kind": "median_waterline"}, "geometry": {"type": "Polygon", "coordinates": [[[-68.81879521549304, 45.72680187175479], [-68.81879608854435, 45.72653184979816], [-68.8189246013086, 45.72653205354597], [-68.81892489211654, 45.72644204622362], [-68.81866786700222, 45.726441638584696], [-68.81866670211099, 45.7268016678605], [-68.81879521549304, 45.72680187175479]]]}}, {"type": "Feature", "properties": {"kind": "median_waterline"}, "geometry": {"type": "Polygon", "coordinates": [[[-68.83126264593503, 45.72628091815653], [-68.83126291692571, 45.72619091077093], [-68.83113440485906, 45.726190720902444], [-68.83113413366198, 45.726280728287435], [-68.83126264593503, 45.72628091815653]]]}}, {"type": "Feature", "properties": {"kind": "median_waterline"}, "geometry": {"type": "Polygon", "coordinates": [[[-68.81828232934105, 45.7264410260422], [-68.8182829130167, 45.72626101139956], [-68.81815440087853, 45.72626080693089], [-68.81815527700077, 45.725990784958164], [-68.81828378851978, 45.72599098942491], [-68.8182843721816, 45.725810974768], [-68.81802734997046, 45.72581056569252], [-68.81802705772749, 45.72590057302041], [-68.81789854641762, 45.725900368265194], [-68.81789796151476, 45.72608038291541], [-68.81764093807365, 45.72607997296881], [-68.81764064520736, 45.72616998029049], [-68.81776915713361, 45.72617018533672], [-68.81776886447231, 45.72626019265761], [-68.81789737660634, 45.726260397559926], [-68.81789679169236, 45.726440412198734], [-68.81828232934105, 45.7264410260422]]]}}, {"type": "Feature", "properties": {"kind": "median_waterline"}, "geometry": {"type": "Polygon", "coordinates": [[[-68.8189266369353, 45.72590200225948], [-68.8189269277336, 45.725811994927135], [-68.81879841662044, 45.725811791184405], [-68.81879812561576, 45.725901798516105], [-68.8189266369353, 45.72590200225948]]]}}, {"type": "Feature", "properties": {"kind": "median_waterline"}, "geometry": {"type": "Polygon", "coordinates": [[[-68.81764152380207, 45.72589995832116], [-68.81764210952491, 45.725719943667805], [-68.81738508774045, 45.72571953314812], [-68.81738538101254, 45.72562952582059], [-68.8171283596464, 45.725629114724015], [-68.81712777227527, 45.72580912937508], [-68.81738479446695, 45.72580954047423], [-68.81738450119205, 45.72589954779892], [-68.81764152380207, 45.72589995832116]]]}}, {"type": "Feature", "properties": {"kind": "median_waterline"}, "geometry": {"type": "Polygon", "coordinates": [[[-68.81571474223236, 45.7256268433577], [-68.81571533413825, 45.72544682871509], [-68.81545831363397, 45.72544641386289], [-68.81545801726897, 45.725536421183605], [-68.8155865277268, 45.72553662868263], [-68.81558623156675, 45.72562663600257], [-68.81571474223236, 45.7256268433577]]]}}, {"type": "Feature", "properties": {"kind": "median_waterline"}, "geometry": {"type": "Polygon", "coordinates": [[[-68.83743332517312, 45.72556980253354], [-68.83743384732024, 45.72538978768227], [-68.83730533705042, 45.7253896047573], [-68.83730481449055, 45.72556961960743], [-68.83743332517312, 45.72556980253354]]]}}, {"type": "Feature", "properties": {"kind": "median_waterline"}, "geometry": {"type": "Polygon", "coordinates": [[[-68.81957238090834, 45.72491293803897], [-68.81957267065961, 45.724822930687765], [-68.8194441618097, 45.724822727674756], [-68.81944387185204, 45.72491273502531], [-68.81957238090834, 45.72491293803897]]]}}, {"type": "Feature", "properties": {"kind": "median_waterline"}, "geometry": {"type": "Polygon", "coordinates": [[[-68.73578523742847, 45.724659890667624], [-68.73578608602982, 45.72447987697888], [-68.73565757869716, 45.724479579726804], [-68.73565672968307, 45.7246595934137], [-68.73578523742847, 45.724659890667624]]]}}, {"type": "Feature", "properties": {"kind": "median_waterline"}, "geometry": {"type": "Polygon", "coordinates": [[[-68.83692163950283, 45.7247590031068], [-68.83692190139135, 45.72466899567133], [-68.8367933927775, 45.724668812172766], [-68.83679313068261, 45.72475881960767], [-68.83692163950283, 45.7247590031068]]]}}, {"type": "Feature", "properties": {"kind": "median_waterline"}, "geometry": {"type": "Polygon", "coordinates": [[[-68.7273072339118, 45.72391990757964], [-68.72730767181689, 45.72382990078679], [-68.72717916606372, 45.72382959400188], [-68.72717872795229, 45.72391960079379], [-68.7273072339118, 45.72391990757964]]]}}, {"type": "Feature", "properties": {"kind": "median_waterline"}, "geometry": {"type": "Polygon", "coordinates": [[[-68.8202175246357, 45.7241038846985], [-68.82021810204849, 45.72392386996268], [-68.82008959525538, 45.723923667678704], [-68.82008901742985, 45.724103682413244], [-68.8202175246357, 45.7241038846985]]]}}, {"type": "Feature", "properties": {"kind": "median_waterline"}, "geometry": {"type": "Polygon", "coordinates": [[[-68.79438529376974, 45.724690370708586], [-68.79438595416185, 45.72451035626473], [-68.79451446210594, 45.72451058746135], [-68.79451611202698, 45.72406055132316], [-68.79438760511472, 45.72406032013015], [-68.7943879353006, 45.723970312898956], [-68.79425942859628, 45.723970081562115], [-68.79425975898694, 45.723880074330225], [-68.7940027459957, 45.723879611224405], [-68.79400307679752, 45.72378960399252], [-68.79336054537868, 45.72378844370219], [-68.79336021354506, 45.72387845093045], [-68.79323170705965, 45.723878218438045], [-68.7932313750181, 45.723968225664144], [-68.79310286832789, 45.72396799302648], [-68.79310220382735, 45.72414800747296], [-68.79297369672601, 45.72414777468931], [-68.79297236688052, 45.72450780356225], [-68.7932293827357, 45.724508268990846], [-68.79322905068312, 45.72459827620696], [-68.79348606695733, 45.72459874105884], [-68.79348573531593, 45.72468874827499], [-68.79361424366176, 45.72468898048485], [-68.7936145750968, 45.72459897326797], [-68.79387159138045, 45.7245994372526], [-68.79387126035815, 45.724689444470926], [-68.79438529376974, 45.724690370708586]]]}}, {"type": "Feature", "properties": {"kind": "median_waterline"}, "geometry": {"type": "Polygon", "coordinates": [[[-68.83640996861054, 45.72394820129315], [-68.83641023131332, 45.72385819384713], [-68.83628172456174, 45.723858009775576], [-68.83628146165259, 45.72394801722101], [-68.83640996861054, 45.72394820129315]]]}}, {"type": "Feature", "properties": {"kind": "median_waterline"}, "geometry": {"type": "Polygon", "coordinates": [[[-68.72743661526877, 45.723740200631916], [-68.72743705296335, 45.723650193835226], [-68.72730854762082, 45.72364988719678], [-68.72730810971989, 45.723739893992494], [-68.72743661526877, 45.723740200631916]]]}}, {"type": "Feature", "properties": {"kind": "median_waterline"}, "geometry": {"type": "Polygon", "coordinates": [[[-68.83641049401487, 45.72376818639971], [-68.83641075671517, 45.723678178950856], [-68.83615374403868, 45.7236778106655], [-68.83615348092566, 45.72376781811321], [-68.83641049401487, 45.72376818639971]]]}}, {"type": "Feature", "properties": {"kind": "median_waterline"}, "geometry": {"type": "Polygon", "coordinates": [[[-68.81148024876046, 45.72372977073972], [-68.81148055149447, 45.7236397634108], [-68.81135204541586, 45.723639551300195], [-68.8113517424755, 45.72372955862846], [-68.81148024876046, 45.72372977073972]]]}}, {"type": "Feature", "properties": {"kind": "median_waterline"}, "geometry": {"type": "Polygon", "coordinates": [[[-68.85106048727235, 45.723698215533666], [-68.8510607264464, 45.72360820802083], [-68.85080371391105, 45.723607872691105], [-68.85080347432425, 45.72369788020289], [-68.85106048727235, 45.723698215533666]]]}}, {"type": "Feature", "properties": {"kind": "median_waterline"}, "geometry": {"type": "Polygon", "coordinates": [[[-68.759921684737, 45.79005846027073], [-68.75992207115823, 45.789968454294744], [-68.76017938713153, 45.789968994665394], [-68.76017977313677, 45.78987898868631], [-68.7603084309191, 45.78987925865349], [-68.76030881671544, 45.789789252672136], [-68.7604374742925, 45.789789522493614], [-68.76043785987994, 45.78969951650998], [-68.76056651725176, 45.78969978618574], [-68.76056728800698, 45.78951977421252], [-68.7606959449665, 45.78952004374174], [-68.76069671530024, 45.78934003176113], [-68.76082537184745, 45.789340301143795], [-68.76082575680451, 45.7892502951505], [-68.76095441314646, 45.78925056438746], [-68.76095518264096, 45.789070552394925], [-68.7610838385706, 45.789070821485346], [-68.76108460764367, 45.78889080948544], [-68.761213263161, 45.7888910784293], [-68.76121441613572, 45.788621060416205], [-68.76134307103366, 45.78862132921269], [-68.76134383926022, 45.78844131719515], [-68.76147249374588, 45.7884415858451], [-68.76147287764937, 45.78835157983335], [-68.76160153192978, 45.788351848337605], [-68.76160191562438, 45.788261842323585], [-68.76185922377657, 45.78826237889584], [-68.76185960705523, 45.788172372878726], [-68.76198826092698, 45.78817264094672], [-68.76198787785539, 45.788262646964675], [-68.76211653193603, 45.788262914888655], [-68.76211691480057, 45.78817290886986], [-68.76263153031306, 45.788173979113836], [-68.76263191234754, 45.788083973090274], [-68.76340383442832, 45.78808557410546], [-68.76340345363619, 45.78817558013401], [-68.7639180692211, 45.78817664458361], [-68.76391844918501, 45.78808663855173], [-68.76469037137413, 45.78808823087538], [-68.76469075009388, 45.78799822483711], [-68.76533401759897, 45.78799954778574], [-68.76533439528166, 45.78790954174189], [-68.76559170188214, 45.78791006990569], [-68.76559207914892, 45.78782006385878], [-68.76584938534245, 45.787820591441495], [-68.76584976219333, 45.78773058539152], [-68.7661070679799, 45.78773111239316], [-68.76610744441489, 45.787641106340104], [-68.7663647497945, 45.78764163276067], [-68.76636437377363, 45.787731638815366], [-68.7666216795745, 45.787732164658145], [-68.76662130396595, 45.78782217071307], [-68.76674995707612, 45.787822433417986], [-68.76674883086095, 45.788092451576624], [-68.76687748459406, 45.78809271413916], [-68.7668771093925, 45.78818272019001], [-68.76700576333445, 45.78818298260849], [-68.76700538833816, 45.788272988658726], [-68.76726269664154, 45.78827351306276], [-68.7672630712237, 45.78818350701089], [-68.767391725171, 45.7881837689948], [-68.76739209954431, 45.78809376294068], [-68.76752075328633, 45.78809402477891], [-68.76752150161356, 45.78791401266474], [-68.76739284828565, 45.787913750828146], [-68.76739322265364, 45.78782374476976], [-68.76765052889711, 45.78782426829646], [-68.76765090284921, 45.787734262235], [-68.76790820868567, 45.787734785180646], [-68.7679085822219, 45.787644779116114], [-68.76803723493573, 45.78764504037083], [-68.76803760826314, 45.78755503430408], [-68.768294913282, 45.787555556377306], [-68.76829528619353, 45.787465550307495], [-68.7685525908054, 45.78746607179968], [-68.76855221830796, 45.78755607787112], [-68.76983874354367, 45.787558676648814], [-68.76983948439575, 45.78737866448826], [-68.77022544075848, 45.78737944129201], [-68.77022581056072, 45.78728943520718], [-68.7703544624781, 45.78728969385126], [-68.77035409288291, 45.78737969993689], [-68.77061139713702, 45.787380216792066], [-68.77060992039513, 45.787740241126855], [-68.770481267439, 45.78773998276846], [-68.7704808980421, 45.787829988847776], [-68.76996628540684, 45.78782895396242], [-68.76996665563196, 45.787738947886325], [-68.7698380026846, 45.78773868880364], [-68.76983726181848, 45.78791870095278], [-68.76996591517995, 45.787918960037075], [-68.76996517472092, 45.78809897218212], [-68.77009382849828, 45.78809923112318], [-68.7700927184177, 45.78836924933246], [-68.770221372818, 45.78836950813108], [-68.77022026334281, 45.78863952632997], [-68.77034891836604, 45.788639784986145], [-68.77035002722003, 45.78836976678484], [-68.77047868162383, 45.78837002529374], [-68.77047942043693, 45.788190013150796], [-68.77125134441178, 45.78819156115244], [-68.77125171257333, 45.78810155507399], [-68.77266690441283, 45.78810437952383], [-68.77266800205416, 45.787834361253466], [-68.77241069567366, 45.787833849025674], [-68.77241106196473, 45.7877438429343], [-68.77228240898414, 45.78774358660391], [-68.772282042486, 45.78783359269448], [-68.7716387765739, 45.78783230886566], [-68.77163914410731, 45.78774230277911], [-68.77151049113716, 45.78774204557957], [-68.77151012339671, 45.78783205166533], [-68.77125281704755, 45.78783153683009], [-68.77125355335495, 45.78765152466036], [-68.77112490059712, 45.78765126702706], [-68.77112526895526, 45.78756126094087], [-68.77099661640621, 45.78756100316352], [-68.77099698496964, 45.78747099707668], [-68.7708683326294, 45.78747073915528], [-68.77086870139814, 45.787380733067835], [-68.7707400492667, 45.78738047500238], [-68.77074152515235, 45.78702045064157], [-68.7708701764556, 45.7870207087038], [-68.77087054521559, 45.786930702609226], [-68.77099919631354, 45.78693096052579], [-68.77099956486472, 45.78684095442898], [-68.77112821575737, 45.786841212199896], [-68.77112858409976, 45.78675120610087], [-68.77125723478713, 45.78675146372613], [-68.77125797105259, 45.78657145152215], [-68.77138662132761, 45.786571709000945], [-68.77138698925067, 45.78648170289602], [-68.7715156393204, 45.78648196022916], [-68.77151600703469, 45.786391954122], [-68.77164465689911, 45.78639221130949], [-68.7716450244046, 45.7863022052001], [-68.77177367406374, 45.786302462241935], [-68.77177440865543, 45.78612245001729], [-68.77203170715077, 45.7861229636632], [-68.77203207402994, 45.78603295754713], [-68.77216072307318, 45.786033214152006], [-68.77216108974355, 45.78594320803371], [-68.77241838742121, 45.785943720807325], [-68.77241875367578, 45.785853714686], [-68.77254740231017, 45.78585397085473], [-68.77254776835598, 45.78576396473119], [-68.77267641678509, 45.785764220754274], [-68.7726767826221, 45.78567421462849], [-68.7728054308459, 45.785674470505946], [-68.77280616210068, 45.78549445824851], [-68.77293480991216, 45.78549471397951], [-68.77293554074595, 45.785314701714775], [-68.7730641881451, 45.78531495729933], [-68.77306455335237, 45.78522495116402], [-68.77319320054623, 45.78522520660294], [-68.7731939305415, 45.78504519432645], [-68.77332257732304, 45.78504544961892], [-68.77332403646469, 45.784685425045645], [-68.77319539051123, 45.78468516975636], [-68.77319612048571, 45.78450515746277], [-68.77306747494804, 45.78450490203023], [-68.77306784013969, 45.78441489588209], [-68.77281054948357, 45.78441438458409], [-68.77281128068975, 45.78423437228671], [-68.77229670105449, 45.78423334795903], [-68.77229743390986, 45.78405333566236], [-68.77178285595855, 45.784052309023636], [-68.77178359046306, 45.78387229672766], [-68.77126901419574, 45.78387126777796], [-68.77126827803512, 45.784051280067516], [-68.77101098908389, 45.78405076472042], [-68.77101025208823, 45.784230777001035], [-68.7708816072012, 45.784230519108625], [-68.77088123849373, 45.784320525245995], [-68.77075259340144, 45.78432026720794], [-68.77075148664747, 45.78459028560906], [-68.77062284093587, 45.78459002742375], [-68.77062173354507, 45.78486004580962], [-68.77049308721415, 45.784859787477046], [-68.77049197918652, 45.785129805847674], [-68.77036333223629, 45.78512954736782], [-68.7703629626832, 45.785219553487714], [-68.7702343155277, 45.78521929486221], [-68.77023394576584, 45.785309300979854], [-68.77010529840507, 45.7853090422087], [-68.77010455846202, 45.78548905443811], [-68.76997591068894, 45.7854887955205], [-68.76997554050774, 45.78557880163224], [-68.7698468925294, 45.78557854256897], [-68.76984652213943, 45.785668548678494], [-68.76971787395581, 45.785668289469584], [-68.76971713275651, 45.785848301682705], [-68.7695884841606, 45.78584804232732], [-68.76958811335126, 45.78593804843093], [-68.76933081575064, 45.78593752928399], [-68.76933118697401, 45.78584752318201], [-68.7692025383834, 45.78584726339207], [-68.76920439550906, 45.78539723286474], [-68.76907574795536, 45.78539697293403], [-68.76907611958222, 45.78530696682509], [-68.76881882489413, 45.78530644653074], [-68.7688191969333, 45.785216440422005], [-68.7684332555355, 45.78521565889658], [-68.76843362819397, 45.78512565278884], [-68.76817633435166, 45.785125131049305], [-68.76817670742241, 45.785035124941786], [-68.76791941400126, 45.7850346026245], [-68.76791978748429, 45.78494459651718], [-68.76740520149131, 45.78494355014775], [-68.76740445286727, 45.785123562354414], [-68.76714715905335, 45.785123038297364], [-68.76714640959408, 45.78530305049506], [-68.76688911495916, 45.78530252585536], [-68.76688836466468, 45.78548253804407], [-68.76675971693584, 45.78548227550532], [-68.76675934157888, 45.785572281596714], [-68.7666306936448, 45.78557201891228], [-68.76663031807904, 45.78566202500143], [-68.7665016699397, 45.78566176217135], [-68.76650091838876, 45.78584177434373], [-68.76637226983715, 45.78584151136715], [-68.76637189385197, 45.78593151745037], [-68.7662432450951, 45.785931254328126], [-68.76624249270532, 45.78611126648866], [-68.76611384353616, 45.78611100321992], [-68.76611346713156, 45.78620100929723], [-68.76598481775716, 45.786200745882816], [-68.76598406452851, 45.786380758031505], [-68.76585541474181, 45.7863804944706], [-68.76585503791776, 45.78647050054197], [-68.76572638792582, 45.7864702368354], [-68.7657256338583, 45.78665024897224], [-68.76559698345405, 45.786649985119155], [-68.76559660621055, 45.78673999118462], [-68.76546795560107, 45.78673972718586], [-68.76546757814873, 45.78682973324906], [-68.76443837168104, 45.78682761603775], [-68.76443875078972, 45.78673760998115], [-68.76379549784109, 45.78673628202053], [-68.76379587798318, 45.78664627596665], [-68.76366722760591, 45.7866460099408], [-68.76366684725677, 45.78673601599384], [-68.76302359436228, 45.786734683687655], [-68.76302206880679, 45.78709470786893], [-68.76276476600529, 45.78709417392582], [-68.76276323876444, 45.787454198077604], [-68.76147671658397, 45.78745151963739], [-68.7614771004674, 45.787361513609945], [-68.7613484484664, 45.78736124497006], [-68.76134883255507, 45.78727123894203], [-68.76122018076296, 45.787270970158126], [-68.76122056505685, 45.787180964129504], [-68.76109191347359, 45.787180695201585], [-68.76109229797271, 45.78709068917237], [-68.76122094934891, 45.78709095809947], [-68.76122133363914, 45.787000952068], [-68.76134998481012, 45.787001220849376], [-68.76135075297104, 45.786821208780474], [-68.76147940372975, 45.78682147741533], [-68.76148017146929, 45.78664146533905], [-68.76135152112467, 45.78664119670587], [-68.76135190519875, 45.78655119066642], [-68.7607086545382, 45.78654984533196], [-68.76070903964566, 45.78645983929528], [-68.76058038972606, 45.78645956979467], [-68.76058000441157, 45.786549575830506], [-68.75980810369025, 45.786547955779966], [-68.75980771713166, 45.786637961809305], [-68.75955041649182, 45.786637420631976], [-68.75955080346448, 45.786547414604314], [-68.75942215335434, 45.7865471437992], [-68.7594225405322, 45.78645713777097], [-68.75929389063094, 45.78645686682185], [-68.75929427801401, 45.786366860793045], [-68.75916562832164, 45.786366589699924], [-68.75916834140082, 45.78573654746418], [-68.75929698964396, 45.78573681855138], [-68.75929737701229, 45.785646812511146], [-68.75942602505023, 45.785647083452645], [-68.75942641220972, 45.785557077410125], [-68.75981235571345, 45.785557889363005], [-68.75981274225, 45.78546788331655], [-68.75994138988123, 45.785468153676966], [-68.75994370781986, 45.784928117363144], [-68.7598150614308, 45.78492784700779], [-68.75981544795451, 45.78483784095133], [-68.75968680177431, 45.78483757045197], [-68.75968718850321, 45.78474756439494], [-68.75955854253185, 45.78474729375159], [-68.75956163795308, 45.78402724525071], [-68.7594329936397, 45.784026974469285], [-68.7594333807661, 45.7839369684011], [-68.75956202487247, 45.78393723918168], [-68.75956241179001, 45.78384723311123], [-68.7596910556912, 45.78384750374613], [-68.7596914423999, 45.78375749767341], [-68.75994872979376, 45.78375803850702], [-68.7599491160866, 45.78366803243118], [-68.75982047259576, 45.78366776208763], [-68.75982201857687, 45.78330773777336], [-68.75995066123966, 45.78330800811354], [-68.75995297891424, 45.782767971594275], [-68.75982433749346, 45.78276770125917], [-68.75982472397314, 45.78267769516847], [-68.76008200640256, 45.782678235692174], [-68.76008239246639, 45.78258822959836], [-68.76021103347686, 45.78258849964211], [-68.76021257688593, 45.78222847524925], [-68.75944073581857, 45.78222685283452], [-68.7594403487271, 45.78231685892981], [-68.75931170834862, 45.78231658801961], [-68.7593113210483, 45.782406594112636], [-68.75918268046468, 45.78240632305675], [-68.75918190544454, 45.782586335236815], [-68.75905326444877, 45.782586064034405], [-68.75905132583121, 45.783036094455376], [-68.75917996786198, 45.78303636566202], [-68.75917841776283, 45.78339638997649], [-68.75904977490403, 45.78339611876646], [-68.7590489994294, 45.78357613091345], [-68.75892035615843, 45.7835758595569], [-68.75891996821134, 45.783665865627405], [-68.75840539431788, 45.78366477874945], [-68.75840617186628, 45.78348476661381], [-68.75827752881153, 45.78348449453392], [-68.75827713983125, 45.78357450060162], [-68.75814849657135, 45.78357422837604], [-68.75814771819122, 45.78375424050545], [-68.75801907451915, 45.78375396813335], [-68.75801829571762, 45.78393398025533], [-68.75788965163338, 45.78393370773669], [-68.75788926202281, 45.7840237137947], [-68.75776061773342, 45.78402344113037], [-68.75775983809272, 45.784203453240394], [-68.75788848279618, 45.78420372590642], [-68.75788809318007, 45.784293731960155], [-68.75827402792251, 45.78429454909177], [-68.75827363892562, 45.784384555146616], [-68.75840228405048, 45.784384827234994], [-68.75840072887249, 45.78474485144352], [-68.75827208291953, 45.784744579351745], [-68.75827169391341, 45.78483458539945], [-68.75788575544462, 45.78483376825253], [-68.75788614507181, 45.78474376220738], [-68.75775749912627, 45.78474348953623], [-68.75775788895864, 45.784653483490494], [-68.75762924322197, 45.78465321067536], [-68.7576296332595, 45.784563204629045], [-68.75724369668166, 45.78456238531716], [-68.75724330602306, 45.784652391360915], [-68.7571146602938, 45.78465211796643], [-68.75711231506114, 45.78519215419389], [-68.75698366809159, 45.785191880649435], [-68.75698327700596, 45.78528188668149], [-68.75685462983125, 45.785281612991334], [-68.75685423853673, 45.785371619021106], [-68.75633964902835, 45.7853705228086], [-68.75633925690387, 45.78546052883353], [-68.75608196174679, 45.7854599798565], [-68.75608156920637, 45.78554998587829], [-68.75543833031116, 45.78554861089662], [-68.75543793673374, 45.78563861691269], [-68.75505199279793, 45.785637790182946], [-68.75505159859755, 45.785727796195026], [-68.75492295041565, 45.78572752032788], [-68.75492255600638, 45.78581752633767], [-68.75466525923413, 45.78581697416713], [-68.75466486440892, 45.78590698017375], [-68.75453621581858, 45.78590670387035], [-68.75453424062917, 45.786356733877774], [-68.75427694138375, 45.7863561808278], [-68.75427615046671, 45.78653619281733], [-68.7537615503421, 45.78653508497227], [-68.75376075776123, 45.78671509694919], [-68.75350345688204, 45.78671454215408], [-68.75350266346547, 45.78689455412181], [-68.75298806007336, 45.78689344278646], [-68.75298726499288, 45.787073454741545], [-68.75285861373548, 45.78707317654384], [-68.75285742047947, 45.78734319446315], [-68.75298607235801, 45.787343472663466], [-68.75298527725866, 45.787523484604286], [-68.75285662496601, 45.787523206402234], [-68.75285622720645, 45.78761321236963], [-68.75298487970615, 45.787613490572554], [-68.75298408459548, 45.7877935025048], [-68.75285543168168, 45.787793224300145], [-68.75285503391646, 45.787883230263276], [-68.7527263807975, 45.78788295191289], [-68.75272598282332, 45.787972957873706], [-68.75246867617696, 45.787972400736635], [-68.75246907456523, 45.787882394777554], [-68.75208311523102, 45.78788155798813], [-68.75208351423856, 45.787791552030235], [-68.75144024975472, 45.7877901544884], [-68.75143984971189, 45.78788016044193], [-68.75092523733076, 45.787879039797545], [-68.7509256382018, 45.78778903384751], [-68.75079698531833, 45.787788753325145], [-68.75079738639452, 45.787698747374556], [-68.75066873372002, 45.78769846670821], [-68.75066993755831, 45.78742844885051], [-68.75054128550684, 45.78742816804195], [-68.75054409584551, 45.78679812633019], [-68.7504154452453, 45.78679784538291], [-68.75041624859614, 45.78661783345417], [-68.7502875984119, 45.78661755236379], [-68.75029041152904, 45.78598751057442], [-68.75041906026401, 45.78598779165866], [-68.75041946192322, 45.78589778568216], [-68.75054811045305, 45.78589806662068], [-68.75054851190333, 45.78580806064189], [-68.75080580855467, 45.78580862208263], [-68.75080620958897, 45.78571861610065], [-68.75093485771046, 45.78571889660287], [-68.75093525853583, 45.78562889061858], [-68.75119255437046, 45.78562945118674], [-68.75119295477987, 45.78553944519928], [-68.75145025020805, 45.7855400051863], [-68.7514506502015, 45.78544999919568], [-68.75170794522322, 45.78545055860156], [-68.7517083448007, 45.785360552607756], [-68.75183699210739, 45.785360832092564], [-68.75183739147595, 45.785270826096465], [-68.75196603857749, 45.78527110543555], [-68.75196723605076, 45.78500108743605], [-68.75209588253313, 45.78500136662769], [-68.75209668042511, 45.784821354619154], [-68.75222532649533, 45.7848216336642], [-68.7522261239657, 45.784641621648206], [-68.75248341528372, 45.78464217930029], [-68.75248421191844, 45.78446216727511], [-68.75261285716627, 45.78446244588215], [-68.75261325527377, 45.78437243986655], [-68.75274190031645, 45.78437271832789], [-68.75274269611177, 45.78419270629066], [-68.75261405148312, 45.784192427831066], [-68.75261444958495, 45.784102421811184], [-68.75248580516522, 45.784102143207626], [-68.75248620347217, 45.7840121371872], [-68.75235755926134, 45.78401185843966], [-68.75235835628362, 45.783831846396254], [-68.75222971248868, 45.78383156750562], [-68.752230111204, 45.78374156148265], [-68.75210146761798, 45.78374128244805], [-68.75210186653841, 45.78365127642452], [-68.75197322316127, 45.78365099724595], [-68.75197402141046, 45.78347098519635], [-68.75184537844926, 45.78347070587471], [-68.75184577777803, 45.78338069984864], [-68.75197442053224, 45.783380979169415], [-68.75197601700029, 45.78302095504737], [-68.75210465892839, 45.78302123421983], [-68.75210505783367, 45.78293122818489], [-68.75223369955664, 45.78293150721164], [-68.75223409825304, 45.782841501174396], [-68.75249138129067, 45.782842058791665], [-68.75249177957117, 45.78275205275125], [-68.75274906220235, 45.78275260978744], [-68.75274946006697, 45.782662603743866], [-68.75300674229172, 45.782663160199], [-68.75300713974045, 45.78257315415226], [-68.75326442155875, 45.782573710026334], [-68.7532648185916, 45.78248370397643], [-68.75352210000345, 45.78248425926945], [-68.75352249662042, 45.78239425321638], [-68.75390841813132, 45.78239508506709], [-68.75390802213535, 45.78248509112275], [-68.75403666284974, 45.78248536811753], [-68.75403705863873, 45.782395362060996], [-68.75635258809218, 45.78240032318543], [-68.75635298015338, 45.782310317111985], [-68.75648162048931, 45.782310591353266], [-68.75648201234165, 45.782220585277535], [-68.7567392926051, 45.7822211333239], [-68.7567396840416, 45.782131127245044], [-68.75712560382975, 45.78213194822581], [-68.75712599464342, 45.78204194214297], [-68.75725463436952, 45.78204221551272], [-68.75725502497434, 45.78195220942758], [-68.7573836644953, 45.78195248265164], [-68.75738405489128, 45.78186247656423], [-68.7575126942071, 45.7818627496426], [-68.75751308439423, 45.78177274355292], [-68.75764172350492, 45.78177301648562], [-68.75764406334693, 45.781232979912396], [-68.75751542547816, 45.78123270698481], [-68.75751854681967, 45.78051265814742], [-68.75764718303262, 45.7805129310682], [-68.757647572985, 45.780422924956255], [-68.75777620899282, 45.780423197731366], [-68.75777659873637, 45.78033319161714], [-68.75790523453907, 45.78033346424657], [-68.7579056240738, 45.780243458130066], [-68.75803425967139, 45.780243730613826], [-68.7580346489973, 45.78015372449506], [-68.75816328438974, 45.78015399683314], [-68.75816406262209, 45.779973984589596], [-68.75829269760244, 45.77997425678117], [-68.75829386431622, 45.77970423840262], [-68.7584224986775, 45.779704510446834], [-68.75842327606352, 45.77952449818562], [-68.75855191001274, 45.77952477008333], [-68.75855268697745, 45.77934475781472], [-68.75880995405356, 45.77934530117227], [-68.75881034211923, 45.77925529503413], [-68.75906760878878, 45.77925583781072], [-68.75906799643869, 45.77916583166946], [-68.75996842839132, 45.77916772681998], [-68.75996958698384, 45.77889770836989], [-68.76009821950639, 45.7788979785239], [-68.76009860549328, 45.77880797237017], [-68.76022723781071, 45.77880824237852], [-68.76022762358882, 45.778718236222524], [-68.76048488781525, 45.77871877580309], [-68.76048527317761, 45.77862876964398], [-68.76061390508661, 45.778629039216206], [-68.76061467539193, 45.778449026892034], [-68.76074330688887, 45.77844929631777], [-68.76074407677298, 45.77826928398619], [-68.76087270785784, 45.77826955326544], [-68.76087386204945, 45.77799953475486], [-68.76100249251529, 45.77799980388678], [-68.76100287703522, 45.77790979771289], [-68.76113150729593, 45.77791006669916], [-68.76113189160709, 45.777820060523005], [-68.76151778177933, 45.77782086661044], [-68.76151816546785, 45.77773086043034], [-68.76164679532195, 45.777731128835704], [-68.7616471788017, 45.77764112265334], [-68.76177580845068, 45.777641390913054], [-68.76177619172165, 45.77755138472844], [-68.76190482116553, 45.7775516528425], [-68.76190520422774, 45.77746164665561], [-68.76203383346648, 45.77746191462404], [-68.76203421631995, 45.77737190843489], [-68.76216284535356, 45.77737217625768], [-68.76216322799826, 45.777282170066265], [-68.76229185682675, 45.77728243774341], [-68.76229223926269, 45.77719243154973], [-68.76242086788606, 45.77719269908123], [-68.76242125011325, 45.77710269288531], [-68.76254987853149, 45.77710296027117], [-68.76255026054993, 45.77701295407297], [-68.76267888876305, 45.77701322131321], [-68.76267927057275, 45.77692321511275], [-68.76280789858073, 45.776923482207344], [-68.76280866178081, 45.77674346980047], [-68.76293728937675, 45.77674373674859], [-68.7629380521557, 45.77656372433435], [-68.76306667933959, 45.77656399113601], [-68.76306706051942, 45.77647398492592], [-68.76332431447874, 45.77647451809317], [-68.76332393371277, 45.77656452430492], [-68.76396706967735, 45.77656585469319], [-68.76396782913817, 45.77638584225994], [-68.7642250827089, 45.776386373398324], [-68.76422546202275, 45.7762963671779], [-68.7643540886039, 45.77629663252905], [-68.76435522591385, 45.77602661385674], [-68.76448385187601, 45.77602687906063], [-68.7644842307688, 45.775936872832844], [-68.76461285652583, 45.77593713789109], [-68.76461323520991, 45.77584713166105], [-68.7647418607618, 45.77584739657368], [-68.76474223923715, 45.77575739034139], [-68.76487086458393, 45.77575765510839], [-68.76487124285056, 45.77566764887385], [-68.76499986799219, 45.775667913495234], [-68.7650002460501, 45.77557790725843], [-68.76512887098664, 45.775578171734196], [-68.76512924883583, 45.77548816549513], [-68.76525787356722, 45.77548842982528], [-68.76525825120771, 45.775398423583965], [-68.76615862292913, 45.775400269834904], [-68.76615824673708, 45.775490276081975], [-68.76705861999443, 45.775492115243686], [-68.76705899473804, 45.775402108990875], [-68.76718761928929, 45.77540237114826], [-68.7671879938242, 45.77531236489321], [-68.76757386686785, 45.77531315049415], [-68.76757424078023, 45.77522314423521], [-68.76821736152057, 45.77522445067012], [-68.76821698864278, 45.775314456933145], [-68.76834561300308, 45.77531471778655], [-68.76834524033043, 45.775404724048954], [-68.76847386489942, 45.77540498475838], [-68.76847535475169, 45.77504495969698], [-68.76860397849477, 45.77504522025837], [-68.76860472299646, 45.77486520771747], [-68.76873334632748, 45.77486546813244], [-68.76873409040829, 45.77468545558422], [-68.76911995917045, 45.774686235955485], [-68.76912033058748, 45.774596229676796], [-68.76950619874479, 45.77459700874251], [-68.7695065695393, 45.77450700245996], [-68.76989243709173, 45.774507780220134], [-68.76989206691793, 45.7745977865051], [-68.77014931237548, 45.77459830428953], [-68.77014894261374, 45.774688310574696], [-68.77027756555208, 45.77468856925054], [-68.7702771959955, 45.77477857553509], [-68.7704058191425, 45.77477883406695], [-68.77040544979107, 45.77486884035086], [-68.77053407314673, 45.77486909873873], [-68.77053333485247, 45.77504911130393], [-68.77066195862372, 45.775049369548626], [-68.77066158968088, 45.77513937582987], [-68.77079021366079, 45.77513963393057], [-68.77078984492312, 45.775229640211215], [-68.77104709330199, 45.77523015597984], [-68.77104746162584, 45.775140149697606], [-68.77117608561097, 45.77514040736392], [-68.77117645372616, 45.77505040107944], [-68.77130507750614, 45.77505065860016], [-68.7713058133174, 45.774870646025306], [-68.7714344366853, 45.77487090339964], [-68.7714348043814, 45.774780897109274], [-68.77156342754414, 45.774781154337994], [-68.77156379503158, 45.774691148045406], [-68.77169241798914, 45.774691405128536], [-68.77169278526793, 45.77460139883371], [-68.77182140802032, 45.774601655771235], [-68.77182177509044, 45.7745116494742], [-68.77195039763768, 45.774511906266135], [-68.77195076449917, 45.77442189996685], [-68.77207938684121, 45.774422156613205], [-68.77207975349405, 45.77433215031169], [-68.77220837563094, 45.77433240681245], [-68.77220874207512, 45.77424240050872], [-68.77259460787549, 45.77424316913986], [-68.77259497369721, 45.7741531628323], [-68.77310946062771, 45.77415418564358], [-68.77310982562008, 45.7740641793314], [-68.77323844715012, 45.774064434671445], [-68.77323917671586, 45.773884422041206], [-68.77336779783384, 45.77388467723487], [-68.7733681624072, 45.77379467091682], [-68.77362540423454, 45.77379518086819], [-68.77362576839236, 45.77370517454713], [-68.77375438910171, 45.77370542930484], [-68.77375475305092, 45.77361542298155], [-68.7743978555891, 45.77361669459434], [-68.77439821850207, 45.773526688265655], [-68.77491269973603, 45.773527702946566], [-68.77491306181967, 45.77343769661328], [-68.77504168192557, 45.77343794992075], [-68.77504385315002, 45.77289791188633], [-68.77517247201627, 45.77289816504429], [-68.77517319533023, 45.772718152353164], [-68.77530181378438, 45.772718405364735], [-68.7753021752319, 45.77262839901624], [-68.7754307934809, 45.77262865188224], [-68.77543115471981, 45.77253864553154], [-68.77555977276363, 45.77253889825199], [-68.77556013379393, 45.77244889189906], [-68.77594598731498, 45.77244964918933], [-68.77594634772292, 45.77235964283261], [-68.7762035829984, 45.77236014696732], [-68.77620394299086, 45.772270140607596], [-68.77633256042428, 45.772270392457], [-68.77633292020813, 45.77218038609507], [-68.77659015466632, 45.77218088935794], [-68.77659051403471, 45.77209088299302], [-68.77671913105948, 45.77209113440651], [-68.77671949021926, 45.77200112803938], [-68.77684810703886, 45.7720013793073], [-68.77684846599007, 45.77191137293795], [-68.77710569922058, 45.7719118750379], [-68.77710605775631, 45.77182186866554], [-68.777749139828, 45.77182312137788], [-68.77774949732762, 45.77173311500021], [-68.77813534597036, 45.77173386488794], [-68.77813570284765, 45.77164385850649], [-68.7782643188584, 45.771644108178734], [-68.77826467552713, 45.77155410179508], [-68.77839329133269, 45.77155435132177], [-68.77839293487085, 45.7716443577062], [-68.778521550885, 45.771644607088895], [-68.77852190713996, 45.77155460070368], [-68.77877913875955, 45.77155509903317], [-68.77877949459906, 45.77146509264498], [-68.77890811020453, 45.771465341591785], [-68.77890846583547, 45.77137533520139], [-68.77916569663768, 45.771375832659125], [-68.7791660518532, 45.77128582626574], [-68.77942328224839, 45.771286323142824], [-68.77942363704848, 45.77119631674647], [-68.77968086703666, 45.7711968130429], [-68.77968122142131, 45.77110680664357], [-68.77980983621106, 45.77110705457385], [-68.77981019038715, 45.771017048172325], [-68.78006741955792, 45.77101754359701], [-68.78006706579558, 45.771107550000096], [-68.78019568059037, 45.77110779749604], [-68.7801949734744, 45.77128781029947], [-68.78032358868461, 45.7712880576522], [-68.78032323533097, 45.77137806405253], [-68.78045185074974, 45.771378311261266], [-68.7804514976013, 45.77146831766094], [-68.78058011322862, 45.771468564725666], [-68.78057976028539, 45.7715585711247], [-68.78070837612127, 45.77155881804542], [-68.78070802338323, 45.77164882444379], [-68.78135110362207, 45.771650056879565], [-68.78135004850117, 45.77192007607768], [-68.78122143182942, 45.77191982987777], [-68.78122072799337, 45.77209984266783], [-68.78109211090951, 45.77209959632161], [-68.78109070238982, 45.77245962188157], [-68.7809620844801, 45.77245937538749], [-68.78095961805805, 45.77308942005711], [-68.78083099870176, 45.773089173412856], [-68.78082853074946, 45.77371921800721], [-68.78069990994656, 45.77371897121278], [-68.78069955716836, 45.77380897757692], [-68.78082817817815, 45.77380922437213], [-68.7808271204542, 45.7740792434583], [-68.78069849882368, 45.77407899666079], [-68.78069708767401, 45.77443902208601], [-68.78082571013216, 45.774439268886596], [-68.78082429978336, 45.77479929429206], [-68.78069567649756, 45.774799047488386], [-68.78069497089928, 45.77497906018101], [-68.7808235945989, 45.77497930698623], [-68.78082288940777, 45.7751593196747], [-68.7809515135229, 45.77515956633666], [-68.78094939915083, 45.77569960437246], [-68.78107802450917, 45.77569985089425], [-68.78107661572204, 45.77605987622599], [-68.78120524190975, 45.77606012260607], [-68.78120418592263, 45.7763301415922], [-68.78133281273281, 45.77633038782977], [-68.7813321091469, 45.77651040048161], [-68.7814607363726, 45.77651064657593], [-68.7814600331939, 45.7766906592236], [-68.78158866083514, 45.77669090517463], [-68.7815883094502, 45.776780911497085], [-68.78171693730003, 45.77678115730411], [-68.78171623493907, 45.77696116994629], [-68.78184486320444, 45.77696141561003], [-68.78184416125067, 45.77714142824803], [-68.7819727899316, 45.7771416737685], [-68.78197243915915, 45.77723168008613], [-68.78210106804868, 45.77723192546256], [-68.78210071748151, 45.77732193177954], [-68.78222934657964, 45.77732217701194], [-68.78222899621775, 45.77741218332824], [-68.78235762552448, 45.777412428416596], [-68.78235727536787, 45.777502434732234], [-68.78261453440022, 45.77750292447605], [-68.78261418465583, 45.777592930791805], [-68.78287144410871, 45.77759341995793], [-68.78287109477655, 45.777683426273775], [-68.78312835464995, 45.777683914862195], [-68.78312800573002, 45.77777392117816], [-68.78325663587616, 45.777774165255906], [-68.78325628716152, 45.7778641715712], [-68.78338491751626, 45.77786441550491], [-68.78338456900691, 45.77795442181953], [-68.78351319957025, 45.7779546656092], [-68.78351215465315, 45.77822468454679], [-68.78338352346897, 45.77822444075483], [-68.78338282643541, 45.77840445337125], [-68.7835114580335, 45.778404697164724], [-68.7835104130916, 45.77867471608093], [-68.78363904531221, 45.77867495973187], [-68.78363730474412, 45.779124991234156], [-68.78376593800117, 45.77912523474408], [-68.78376559008956, 45.77921524104102], [-68.78389422355522, 45.7792154844069], [-68.78389457125986, 45.77912547810919], [-68.78402320452021, 45.7791257213295], [-68.78402355201625, 45.779035715029615], [-68.78428081812798, 45.779036201034266], [-68.78428116520845, 45.778946194731446], [-68.78440979805983, 45.77894643751579], [-68.7844101449317, 45.77885643121078], [-68.78453877757777, 45.778856673849546], [-68.78453947090264, 45.77867666123373], [-68.78466810313644, 45.778676903726186], [-68.78466844958945, 45.77858689741537], [-68.78479708161794, 45.77858713976225], [-68.78479742786236, 45.77849713344928], [-68.78492605968552, 45.77849737565058], [-68.78492640572135, 45.77840736933541], [-68.7850550373392, 45.77840761139116], [-68.78505538316644, 45.77831760507381], [-68.78531264599317, 45.778318088749344], [-68.78531299140484, 45.77822808242906], [-68.78557025382425, 45.77822856552385], [-68.78557059882037, 45.77813855920062], [-68.78634238487612, 45.77814000500506], [-68.7863420411217, 45.7782300113328], [-68.78685656601931, 45.77823097230922], [-68.78685622309105, 45.77832097863853], [-68.78711348596353, 45.778321458259384], [-68.78711314344756, 45.77841146458876], [-68.7872417750932, 45.77841170418272], [-68.78724143278254, 45.77850171051143], [-68.78749869649259, 45.77850218926641], [-68.78749835459423, 45.778592195595174], [-68.78788425079233, 45.778592912643795], [-68.78788390951321, 45.77868291897338], [-68.78865570319488, 45.77868434916517], [-68.78865536315588, 45.778774355497795], [-68.78891262814327, 45.778774831071374], [-68.78891296776834, 45.77868482473727], [-68.78929886464064, 45.77868553700932], [-68.78929852563644, 45.77877554334566], [-68.78942715813737, 45.77877578048079], [-68.78942681933852, 45.77886578681643], [-68.78955545204803, 45.7788660238075], [-68.7895547748594, 45.779046036475975], [-68.78968340798444, 45.77904627332371], [-68.78968273120331, 45.77922628598798], [-68.78981136474387, 45.77922652269236], [-68.78981068837024, 45.7794065353524], [-68.78993932232635, 45.77940677191346], [-68.78993898434409, 45.77949677824207], [-68.79006761850876, 45.77949701465905], [-68.79006694295336, 45.77967702731349], [-68.79019557753357, 45.779677263587125], [-68.79019523996044, 45.77976726991293], [-68.7903238747492, 45.77976750604248], [-68.79032353738144, 45.779857512367606], [-68.79045217237879, 45.77985774835308], [-68.79045149805238, 45.78003776100053], [-68.79070876887975, 45.78003823253996], [-68.79070809537484, 45.780218245184656], [-68.79083673120488, 45.78021848073862], [-68.79083639465699, 45.78030848705956], [-68.7909650306956, 45.78030872246943], [-68.79096200355562, 45.78111877930032], [-68.79083336565421, 45.78111854388384], [-68.79083370221646, 45.78102853757573], [-68.79057642683239, 45.78102806630976], [-68.79057676380702, 45.780938060001695], [-68.79044812632436, 45.7809378241522], [-68.79044880068278, 45.78075781153328], [-68.79057743775147, 45.7807580473813], [-68.79057777472129, 45.780668041068964], [-68.79070641158461, 45.78066827677142], [-68.79070742186354, 45.780398257823634], [-68.79032151314121, 45.78039755028842], [-68.79032252526852, 45.78012753133444], [-68.79019388965187, 45.780127295201936], [-68.79019422723142, 45.780037288881815], [-68.79006559182334, 45.78003705260523], [-68.79006660517327, 45.779767033638564], [-68.7899379703877, 45.779766797219374], [-68.78993830837477, 45.77967679089503], [-68.78980967379776, 45.77967655433177], [-68.78980899740809, 45.779856566977536], [-68.78968036241876, 45.77985633026798], [-68.78968002401454, 45.77994633658798], [-68.78980865921083, 45.77994657329829], [-68.78980730640579, 45.780306598567016], [-68.78993594243158, 45.78030683513546], [-68.78993459042876, 45.78066686038433], [-68.79006322728405, 45.78066709681091], [-68.79006255168697, 45.78084710942826], [-68.79019118895783, 45.78084734571147], [-68.79019017617114, 45.781117364629026], [-68.79031881406455, 45.78111760076963], [-68.79031780188437, 45.781387619676565], [-68.79044644040034, 45.781387855674566], [-68.79044610321073, 45.78147786197476], [-68.79057474193529, 45.78147809782865], [-68.79057440495107, 45.78156810412817], [-68.7907030438842, 45.78156833983799], [-68.79070270710538, 45.781658346136794], [-68.79083134624712, 45.78165858170252], [-68.79083100967367, 45.78174858800064], [-68.79095964902399, 45.781748823422284], [-68.79095931265594, 45.78183882971971], [-68.79108795221485, 45.78183906499724], [-68.7910876160522, 45.78192907129399], [-68.79121625581969, 45.78192930642743], [-68.79121591986244, 45.78201931272348], [-68.79147319981618, 45.782019782557356], [-68.79147353535946, 45.78192977625985], [-68.79160217513173, 45.781930010958796], [-68.7916028457995, 45.78174999835802], [-68.79147420644121, 45.78174976366053], [-68.79147521305191, 45.78147974475087], [-68.79134657431618, 45.781479509910746], [-68.7913462385739, 45.781569516214674], [-68.79108896069323, 45.78156904609847], [-68.79109030530873, 45.78120902088014], [-68.79121894342032, 45.781209256007706], [-68.79121927936322, 45.78111924969883], [-68.7916051930866, 45.781119954210396], [-68.79160485776464, 45.78120996052148], [-68.7917334958826, 45.781210195069754], [-68.79173282564788, 45.78139020768911], [-68.79186146418141, 45.781390442094015], [-68.7918584499094, 45.78220049881709], [-68.79172980951296, 45.78220026440559], [-68.79172813382677, 45.78265029586483], [-68.7918567752582, 45.78265053027999], [-68.79185510056725, 45.78310056170725], [-68.79198374303527, 45.783100795981234], [-68.79198307356178, 45.783280808543616], [-68.79211171644539, 45.78328104267421], [-68.79211138191329, 45.78337104895401], [-68.7922400250055, 45.78337128294051], [-68.79223935635049, 45.783551295497254], [-68.79249664336774, 45.78355176303868], [-68.79249630945188, 45.78364176931637], [-68.7926249531699, 45.78364200287055], [-68.79262395203385, 45.78391202169727], [-68.7930098850605, 45.783912721497344], [-68.79300955196635, 45.784002727772254], [-68.79313819651874, 45.784002960749994], [-68.79313786363004, 45.7840929670242], [-68.7933951531536, 45.784093432546626], [-68.79339482067734, 45.784183438820854], [-68.79365211062124, 45.78418390376537], [-68.79365177855743, 45.78427391003963], [-68.79416635929222, 45.78427483819347], [-68.79416602805492, 45.78436484446921], [-68.7950665458504, 45.784366463167146], [-68.79506720542517, 45.784186450604146], [-68.79519585041676, 45.7841866812659], [-68.79519650957126, 45.78400666869577], [-68.79532515415038, 45.784006899211235], [-68.79532778904962, 45.7832868488679], [-68.79545643197423, 45.78328707923278], [-68.7954561028243, 45.78337708553142], [-68.79558474595746, 45.78337731575218], [-68.79558408806695, 45.783557328346596], [-68.7957127316157, 45.78355755842397], [-68.79571207413294, 45.783737571014115], [-68.79584071809727, 45.783737800948074], [-68.79584038956057, 45.783827807241735], [-68.79596903373347, 45.78382803703158], [-68.79596870540222, 45.78391804332452], [-68.79609734978368, 45.783918272970254], [-68.79609702165789, 45.78400827926248], [-68.79622566624795, 45.78400850876408], [-68.7962253383276, 45.78409851505561], [-68.79635398312622, 45.78409874441309], [-68.79635365541135, 45.784188750703905], [-68.79648230041855, 45.78418897991726], [-68.79648197290913, 45.78427898620737], [-68.79635332769492, 45.784278756993295], [-68.79635234453629, 45.784548775852905], [-68.79622369870258, 45.78454854649185], [-68.7962227149089, 45.78481856533649], [-68.79609406845567, 45.78481833582843], [-68.79609374031429, 45.784908342106405], [-68.79596509365561, 45.78490811245279], [-68.79596410860107, 45.785178131276005], [-68.79570681404621, 45.785177671529944], [-68.79570648527753, 45.78526767780008], [-68.79557783779542, 45.78526744770907], [-68.79557750881814, 45.78535745397704], [-68.79596345189027, 45.7853581438177], [-68.79596279517322, 45.78553815635367], [-68.7960914432811, 45.7855383860123], [-68.79609177143337, 45.78544837974431], [-68.79647771514529, 45.78544906784898], [-68.7964780426749, 45.7853590615774], [-68.79660669037494, 45.785359290655215], [-68.79660636305236, 45.785449296927496], [-68.79686365887119, 45.785449754650024], [-68.79686333196109, 45.78553976092231], [-68.79699198007987, 45.78553998956701], [-68.79699165337526, 45.78562999583858], [-68.79712030170262, 45.785630224339144], [-68.79711964870282, 45.78581023687945], [-68.79724829744579, 45.785810465236594], [-68.79724797115061, 45.785900471505315], [-68.79737662010216, 45.78590069971832], [-68.79737629401247, 45.785990705986336], [-68.7975049431726, 45.7859909340552], [-68.79750429140263, 45.78617094658837], [-68.79763294097839, 45.78617117451383], [-68.7976332666571, 45.78608116824724], [-68.79801921477255, 45.78608185115235], [-68.79801888971495, 45.78617185742106], [-68.79814753929689, 45.78617208476712], [-68.79814656473594, 45.78644210356681], [-68.79801791453288, 45.786441876218646], [-68.79801758946911, 45.78653188248164], [-68.79788893906054, 45.78653165498791], [-68.79788926433136, 45.786441648725614], [-68.79724601334695, 45.786440509087704], [-68.79724568704093, 45.78653051534644], [-68.79711703664165, 45.78653028698359], [-68.79711736315473, 45.786440280725564], [-68.7968600627749, 45.78643982356674], [-68.7968603897005, 45.7863498173087], [-68.79673173971996, 45.786349588512735], [-68.79673075831735, 45.786619607280386], [-68.79660210771723, 45.78661937833742], [-68.79660178037288, 45.78670938458974], [-68.79673043118005, 45.78670961353343], [-68.79673010404119, 45.78679961978502], [-68.79685875505696, 45.78679984858458], [-68.79685842812358, 45.78688985483548], [-68.79711573057385, 45.78689031200144], [-68.79711540405303, 45.78698031825234], [-68.7975013583612, 45.78698100291702], [-68.79750103245998, 45.78707100916863], [-68.79762968410618, 45.7870712371012], [-68.79763000980036, 45.78698123084887], [-68.7978873126833, 45.78698168627801], [-68.79788763796182, 45.78689168002284], [-68.79814494043686, 45.786892134871145], [-68.79814526529975, 45.78680212861314], [-68.79840256736685, 45.78680258288061], [-68.79840289181412, 45.78671257661975], [-68.79853154264293, 45.786712803535494], [-68.79853186688162, 45.78662279727251], [-68.79866051750493, 45.78662302404269], [-68.79866084153504, 45.786533017777565], [-68.79878949195283, 45.786533244402186], [-68.79878981577436, 45.78644323813493], [-68.79904711620048, 45.78644369094822], [-68.7990474396064, 45.78635368467811], [-68.79917608961473, 45.786353910866765], [-68.79917576641586, 45.786443917137575], [-68.79956171707119, 45.78644459483657], [-68.79956203964892, 45.78635458856363], [-68.80007663971594, 45.78635549013155], [-68.80007728321048, 45.78617547757581], [-68.80020593281698, 45.78617570260425], [-68.80020754049147, 45.7857256711864], [-68.80033618906432, 45.78572589606649], [-68.80033779566548, 45.78527586460949], [-68.8004664432047, 45.78527608934122], [-68.80046676431333, 45.78518608304483], [-68.80033811698115, 45.78518585831381], [-68.80033940222853, 45.78482583311685], [-68.80021075572598, 45.78482560824378], [-68.80021172026657, 45.78455558933318], [-68.80008307438662, 45.784555364317384], [-68.80008339610413, 45.784465358011715], [-68.79995475043272, 45.78446513285177], [-68.7999544285082, 45.784555139156744], [-68.79982578263129, 45.78455491385126], [-68.79982513836363, 45.78473492645553], [-68.79956784578633, 45.78473447540722], [-68.79956816833499, 45.78464446910721], [-68.79943952225564, 45.78464424336649], [-68.79944016776238, 45.7844642307636], [-68.79956881342768, 45.7844644565029], [-68.79956913597172, 45.78437445019861], [-68.79982642689285, 45.78437490124129], [-68.79982674902134, 45.78428489493416], [-68.79995539427718, 45.78428512023753], [-68.7999557161971, 45.78419511392828], [-68.80008436124744, 45.78419533908611], [-68.80008468295885, 45.78410533277472], [-68.800470617498, 45.78410600737706], [-68.80047029640765, 45.784196013690554], [-68.80059894146412, 45.784196238269026], [-68.8005982996929, 45.78437625089313], [-68.8007269451649, 45.784376475328166], [-68.80072662448404, 45.78446648163878], [-68.800597978805, 45.78446625720304], [-68.80059733702466, 45.78464626981859], [-68.80072598311772, 45.78464649425572], [-68.80072566243228, 45.784736500562055], [-68.8008543087339, 45.78473672485505], [-68.80085398825398, 45.784826731160656], [-68.80098263476414, 45.784826955309505], [-68.8009823144897, 45.78491696161439], [-68.80111096120841, 45.78491718561909], [-68.80111064113947, 45.78500719192326], [-68.80123928806672, 45.78500741578381], [-68.80123896820332, 45.78509742208723], [-68.8013676153391, 45.785097645803646], [-68.80136665636081, 45.785367664707486], [-68.80149530411923, 45.785367888281144], [-68.80149306789934, 45.78599793234506], [-68.8013644186917, 45.785997708766516], [-68.80136409901863, 45.78608771505496], [-68.8014927484333, 45.78608793863421], [-68.80149210949665, 45.78626795120821], [-68.8017494091587, 45.78626839793494], [-68.80174909010219, 45.786358404221204], [-68.80187774014253, 45.786358627367974], [-68.80187742129154, 45.786448633653514], [-68.80200607154043, 45.78644885665615], [-68.80200511559951, 45.78671887550627], [-68.80213376647106, 45.786719098366135], [-68.80213312958362, 45.786899110927145], [-68.80226178087078, 45.78689933364354], [-68.80226146263185, 45.78698933992261], [-68.80239011412755, 45.78698956249485], [-68.80238979609416, 45.78707956877319], [-68.80251844779842, 45.78707979120127], [-68.80251812997057, 45.78716979747887], [-68.8027754337977, 45.787170241901855], [-68.80277575121146, 45.78708023562288], [-68.80316170634232, 45.78708090116887], [-68.80316138954971, 45.78717090744992], [-68.80329004147008, 45.78717112900957], [-68.80328972488302, 45.78726113528991], [-68.80354702914232, 45.78726157797601], [-68.8035463967919, 45.78744159053516], [-68.80367504933791, 45.787441811662305], [-68.8036744173956, 45.78762182421713], [-68.8038030703572, 45.78762204520081], [-68.80380275459086, 45.787712051476774], [-68.80418871410586, 45.78771271356072], [-68.80418839895918, 45.78780271983732], [-68.80470301249501, 45.78780360059065], [-68.80470269817508, 45.78789360686858], [-68.80663250225243, 45.787896889061464], [-68.80663219103687, 45.787986895348205], [-68.80676084486093, 45.78798711300288], [-68.80676053385096, 45.78807711928889], [-68.80688918788357, 45.78807733679937], [-68.80688887707917, 45.78816734308462], [-68.80701753132031, 45.78816756045093], [-68.8070172207215, 45.78825756673544], [-68.80714587517119, 45.78825778395756], [-68.80714556477797, 45.788347790241325], [-68.8072742194362, 45.78834800731926], [-68.80727390924855, 45.78843801360228], [-68.8074025641153, 45.78843823053603], [-68.80740225413327, 45.7885282368183], [-68.8080455295244, 45.788529319317526], [-68.80804583847112, 45.78843931303188], [-68.80843180310222, 45.78843996079105], [-68.80843211142627, 45.78834995450195], [-68.80868942077353, 45.788350385615736], [-68.808689728682, 45.78826037932388], [-68.80881838315076, 45.78826059466281], [-68.8088186908507, 45.78817058836885], [-68.80907599937849, 45.78817101861079], [-68.80907630666286, 45.788081012314045], [-68.80933361478233, 45.78808144197521], [-68.80933392165113, 45.7879914356757], [-68.80946257550599, 45.78799165028832], [-68.80946349548243, 45.78772163137927], [-68.80933484224873, 45.787721416768655], [-68.8093354559732, 45.787541404156826], [-68.80920680315508, 45.78754118940271], [-68.80920741728782, 45.78736117678652], [-68.80933606969184, 45.7873613915393], [-68.80933637654897, 45.7872713852284], [-68.8094650287474, 45.787271599835655], [-68.8094656420432, 45.78709158720823], [-68.80959429382897, 45.787091801669284], [-68.80959460026764, 45.787001795352765], [-68.80985190342948, 45.78700222383898], [-68.80985220945259, 45.78691221751969], [-68.80998086082863, 45.786912431544856], [-68.80998116664325, 45.786822425223484], [-68.8102384689856, 45.7868228528379], [-68.81023877438467, 45.786732846513765], [-68.81036742535098, 45.786733060103025], [-68.81036712015894, 45.786823066427836], [-68.81113902722944, 45.786824344925485], [-68.81113872327826, 45.786914351252854], [-68.81165332884899, 45.7869152006902], [-68.81165363197199, 45.786825194360176], [-68.81203958554401, 45.78682582991523], [-68.8120407955371, 45.78646580457294], [-68.81229809626927, 45.78646622754676], [-68.81229839834987, 45.7863762212063], [-68.81307029933849, 45.78637748664735], [-68.81306999850015, 45.78646749299177], [-68.81319864887698, 45.7864677033923], [-68.81319804761009, 45.78664771607814], [-68.81332669840242, 45.78664792633512], [-68.81332549667972, 45.787007951692345], [-68.81345414830167, 45.78700816180709], [-68.81345384807447, 45.7870981681435], [-68.81332519624547, 45.787097958028085], [-68.81332489580981, 45.787187964362396], [-68.81293893971024, 45.78718733314508], [-68.8129383375923, 45.78736734580548], [-68.81268103270486, 45.787366924267026], [-68.812680429753, 45.7875469369191], [-68.81242312404306, 45.78754651479858], [-68.81242252025726, 45.787726527442324], [-68.81255117352562, 45.787726738576325], [-68.8125505701482, 45.78790675121568], [-68.81267922383212, 45.78790696220614], [-68.81267862086308, 45.788086974841114], [-68.81280727496255, 45.788087185688035], [-68.81280697368294, 45.78817719200404], [-68.8129356279909, 45.788177402706765], [-68.81293532691693, 45.788267409022], [-68.813707254037, 45.78826867020018], [-68.8137075538686, 45.78817866388103], [-68.81383620818654, 45.78817887356971], [-68.81383650780965, 45.78808886724847], [-68.81435112426736, 45.78808970455203], [-68.8143514230608, 45.787999698226734], [-68.81473738479781, 45.78800032468142], [-68.81473768296866, 45.78791031835274], [-68.81512364409723, 45.787910943501736], [-68.8151239416455, 45.78782093716969], [-68.81563855567511, 45.787821768671066], [-68.81563825895509, 45.7879117750057], [-68.81589556639247, 45.78791218988853], [-68.81589527008514, 45.78800219622305], [-68.81615257794228, 45.78800261052774], [-68.81615228204767, 45.788092616862116], [-68.8169242068951, 45.7880938563034], [-68.81692450154735, 45.78800384996515], [-68.81731046336877, 45.78800446772825], [-68.81731075739845, 45.787914461386634], [-68.81756806487226, 45.787914872503116], [-68.81756835848643, 45.78782486615881], [-68.81782566555168, 45.78782527669457], [-68.81782595875035, 45.78773527034754], [-68.81808326540707, 45.787735680302596], [-68.81808355819021, 45.787645673952866], [-68.81821221131361, 45.78764587871246], [-68.8182125038883, 45.78755587236066], [-68.81834115680603, 45.78755607697477], [-68.81834144917228, 45.7874660706209], [-68.81859875459779, 45.787466479413254], [-68.81859904654856, 45.787376473056696], [-68.81924230910128, 45.78737749249939], [-68.81924201818579, 45.78746749885913], [-68.81949932363067, 45.78746790562348], [-68.81949903312791, 45.78755791198307], [-68.81975633899239, 45.78755831816927], [-68.81975604890236, 45.787648324528696], [-68.8201420083306, 45.78764893272344], [-68.82014171886036, 45.78773893908335], [-68.82052767892215, 45.78773954597626], [-68.8205273900717, 45.787829552336646], [-68.82065604363542, 45.787829754345196], [-68.82065633227882, 45.7877397479842], [-68.82091363899626, 45.78774015156546], [-68.82091335076699, 45.787830157927736], [-68.82142796504654, 45.78783096335448], [-68.82142882724555, 45.78756094425587], [-68.82168613315118, 45.78756134609633], [-68.82168642013401, 45.787471339726025], [-68.82220103113339, 45.78747214166614], [-68.82220131728664, 45.78738213529191], [-68.82271592747954, 45.78738293491182], [-68.82271621280323, 45.78729292853366], [-68.82310216984095, 45.787293526725726], [-68.82310245454214, 45.78720352034426], [-68.8241316717124, 45.78720510914447], [-68.82413195475581, 45.78711510275664], [-68.82528982231166, 45.787116879069835], [-68.82529010349029, 45.78702687267503], [-68.82541875524058, 45.78702706931826], [-68.82541903621083, 45.78693706292141], [-68.82580499084854, 45.78693765198016], [-68.82580527119632, 45.78684764558006], [-68.82606257388068, 45.7868480375604], [-68.82606285381301, 45.78675803115764], [-68.82619150495015, 45.78675822692992], [-68.82619178467412, 45.786668220525115], [-68.82606313374404, 45.78666802475345], [-68.82606369360208, 45.7864880119408], [-68.82619234411808, 45.786488207711244], [-68.8261945818408, 45.78576815639872], [-68.8263232307018, 45.785768352019424], [-68.82632378970511, 45.78558833917582], [-68.82645243815338, 45.78558853465046], [-68.82645271744603, 45.785498528225894], [-68.82658136568858, 45.78549872355508], [-68.82658192385583, 45.78531871070049], [-68.82671057168565, 45.78531890588359], [-68.82671112943353, 45.785138893022065], [-68.82696842426901, 45.785139282951306], [-68.82696870272692, 45.785049276517206], [-68.8276119388036, 45.78505024880249], [-68.82761221622503, 45.78496024236391], [-68.82877003938272, 45.784961983346754], [-68.82877031493959, 45.78487197690132], [-68.82902760857499, 45.7848723621919], [-68.8290278837165, 45.78478235574383], [-68.82928517694309, 45.784782740453835], [-68.82928545166925, 45.784692734003144], [-68.82954274448699, 45.78469311813256], [-68.8295430187978, 45.784603111679246], [-68.82980031120671, 45.7846034952281], [-68.82980058510218, 45.78451348877217], [-68.82992923110156, 45.784513680328736], [-68.82992950478871, 45.78442367387076], [-68.83005815058236, 45.784423865281894], [-68.83005869753873, 45.78424385236048], [-68.83018734291964, 45.78424404362558], [-68.83018788945677, 45.78406403069728], [-68.83031653442494, 45.78406422181634], [-68.83031680748455, 45.78397421534946], [-68.830445452247, 45.783974406323075], [-68.83044572509829, 45.78388439985417], [-68.83070301421304, 45.7838847813657], [-68.83070328664901, 45.78379477489417], [-68.8314751527822, 45.783795915949035], [-68.8314754239748, 45.78370590947253], [-68.83173271228213, 45.78370628866425], [-68.83173460769608, 45.783076243280505], [-68.83199189311041, 45.783076621884604], [-68.83199216346469, 45.78298661539432], [-68.83237809097481, 45.78298718221242], [-68.83237836070678, 45.78289717571896], [-68.8325070030057, 45.78289736436807], [-68.8325072725294, 45.782807357872585], [-68.8326359146226, 45.782807546376276], [-68.832636183938, 45.78271753987877], [-68.83276482582548, 45.78271772823703], [-68.83276697864666, 45.781997676201016], [-68.83289561887945, 45.78199786440975], [-68.83289830772105, 45.78109779923057], [-68.83302694588521, 45.781097987288604], [-68.83302748322424, 45.780917974234484], [-68.8331561209757, 45.78091816214651], [-68.83315638943633, 45.78082815561673], [-68.83328502698208, 45.780828343383355], [-68.83328529523443, 45.78073833685156], [-68.83341393257447, 45.78073852447278], [-68.83341420061859, 45.780648517938964], [-68.83354283775292, 45.78064870541476], [-68.83354310558879, 45.780558698878956], [-68.8338003794473, 45.78055907339491], [-68.83380064686793, 45.78046906685651], [-68.83418655704428, 45.78046962754253], [-68.8341868238427, 45.78037962100093], [-68.83405818732297, 45.780379434251], [-68.83405872132998, 45.78019942116473], [-68.83393008522546, 45.78019923427114], [-68.83393035243404, 45.78010922772643], [-68.83380171653778, 45.7801090406886], [-68.83380225136507, 45.77992902759612], [-68.83393088684741, 45.779929214632766], [-68.8339314212557, 45.7797492015334], [-68.83406005632534, 45.77974938842408], [-68.83406032332061, 45.77965938187167], [-68.83418895818457, 45.77965956861694], [-68.83418922497161, 45.77956956206252], [-68.83431785962985, 45.77956974866239], [-68.83431839278619, 45.77938973554813], [-68.83444702703176, 45.77938992200201], [-68.8344475597691, 45.77920990888087], [-68.83419029210708, 45.77920953583062], [-68.83419055888778, 45.779119529269074], [-68.83393329164474, 45.77911915564071], [-68.8339335588381, 45.779029149078916], [-68.83380492542544, 45.77902896204809], [-68.83380546022228, 45.77884894892137], [-68.83367682722482, 45.77884876174691], [-68.83367709482829, 45.778758755182], [-68.83354846203906, 45.77875856786329], [-68.83354899765612, 45.77857855473037], [-68.83342036528208, 45.77857836726804], [-68.83342063329567, 45.778488360700024], [-68.83329200112985, 45.77848817309346], [-68.8332925375671, 45.778308159954314], [-68.83316390581648, 45.778307972204104], [-68.83316417424015, 45.77821796563298], [-68.83303554269774, 45.778217777738554], [-68.8330358113271, 45.778127771166595], [-68.83290717999292, 45.77812758312793], [-68.83290771766171, 45.77794756998093], [-68.83303634858197, 45.77794775801841], [-68.8330366172075, 45.77785775144218], [-68.83316524792208, 45.77785793933427], [-68.83316551633939, 45.777767932756014], [-68.83303688583175, 45.77776774486451], [-68.83303715445473, 45.77767773828543], [-68.83277989385715, 45.77767736206918], [-68.83278016289275, 45.77758735548984], [-68.83265153280283, 45.77758716716509], [-68.8326518020441, 45.777497160584915], [-68.8325231721624, 45.77749697211595], [-68.83252344160933, 45.777406965534944], [-68.83239481193584, 45.777406776921765], [-68.83239508158846, 45.777316770339894], [-68.83226645212319, 45.77731658158249], [-68.83226672198145, 45.777226574999816], [-68.83213809272442, 45.777226386098185], [-68.83213836278836, 45.77713637951467], [-68.83200973373955, 45.77713619046883], [-68.83201000400913, 45.77704618388449], [-68.83175274632926, 45.77704580535958], [-68.83175328769234, 45.776865792188936], [-68.8316246592682, 45.776865602710465], [-68.83162493015476, 45.77677559612361], [-68.83149630193886, 45.77677540650091], [-68.83149684412197, 45.776595393324115], [-68.83136821632121, 45.7765952035578], [-68.83136848761778, 45.776505196967854], [-68.83123986002525, 45.77650500705732], [-68.83124013152747, 45.77641500046653], [-68.83098287676015, 45.776414620212265], [-68.83098314867495, 45.776324613621256], [-68.83085452150016, 45.776324423277515], [-68.83085479362057, 45.77623441668567], [-68.83072616665402, 45.776234226197715], [-68.83072643898008, 45.77614421960504], [-68.83059781222175, 45.77614402897288], [-68.83059808475345, 45.77605402237937], [-68.83046945820334, 45.776053831603015], [-68.83047000367672, 45.7758738184129], [-68.83034137754177, 45.77587362749293], [-68.83034219636292, 45.775603607698876], [-68.83021357085003, 45.77560341663588], [-68.83021439028029, 45.775333396830796], [-68.83034301517242, 45.77533358789197], [-68.83034328810632, 45.77524358128682], [-68.83021466342113, 45.77524339022623], [-68.83021493656067, 45.77515338362026], [-68.829957687608, 45.77515300106588], [-68.82995796116008, 45.77506299445967], [-68.82982933689262, 45.775062802965884], [-68.82982961065031, 45.774972796358846], [-68.82970098659106, 45.77497260472087], [-68.82970126055437, 45.77488259811301], [-68.82957263670335, 45.77488240633083], [-68.82957345920623, 45.77461238650048], [-68.82970208243651, 45.774612578280866], [-68.82970235639462, 45.77452257166729], [-68.82995960244526, 45.77452295479249], [-68.82995987598824, 45.77443294817629], [-68.83008849880859, 45.7744331395211], [-68.83008822547252, 45.77452314613788], [-68.83060271759454, 45.774523910071565], [-68.83060244508482, 45.77461391668932], [-68.83111693805519, 45.774614678308716], [-68.83111666637184, 45.77470468492739], [-68.83150253673391, 45.7747052546234], [-68.83150226567003, 45.774795261242446], [-68.83163088933352, 45.774795450852125], [-68.83163061847526, 45.77488545747034], [-68.83227373784666, 45.77488640334973], [-68.83227400767035, 45.77479639672857], [-68.83265987868782, 45.7747969625169], [-68.83266014788947, 45.77470695589255], [-68.8330460182977, 45.77470752037597], [-68.83304628687732, 45.774617513748424], [-68.83317491014236, 45.7746177016194], [-68.8331751785138, 45.77452769498984], [-68.83291793239881, 45.77452731910428], [-68.8329182011828, 45.77443731247447], [-68.83240370979581, 45.774436558968176], [-68.83240397940617, 45.774346552339296], [-68.83227535676953, 45.77434636360133], [-68.83227562658553, 45.77425635697162], [-68.83214700415708, 45.77425616808946], [-68.83214754419905, 45.7740761548269], [-68.8320189221857, 45.77407596580114], [-68.83202000308188, 45.773715939261315], [-68.8321486242676, 45.77371612828473], [-68.83214889428153, 45.77362612164563], [-68.83227751526164, 45.773626310523646], [-68.83227778506739, 45.77353630388252], [-68.83266364739467, 45.77353686964614], [-68.83266337820962, 45.773626876289036], [-68.83292062018133, 45.77362725274201], [-68.83292035140883, 45.773717259384654], [-68.8330489726035, 45.773717447394546], [-68.83304870403661, 45.77380745403635], [-68.83317732543946, 45.773807641902046], [-68.83317705707822, 45.773897648543006], [-68.83330567868926, 45.77389783626449], [-68.83330594684361, 45.773807829622946], [-68.83433491812235, 45.773809326177776], [-68.83433518462019, 45.77371931953013], [-68.83484966946234, 45.773720064330284], [-68.83484993513129, 45.773630057678886], [-68.83497855613807, 45.77363024351637], [-68.83497961797366, 45.773270216894204], [-68.83485099779448, 45.77327003105904], [-68.83485126345713, 45.77318002440052], [-68.8347226434861, 45.77317983842114], [-68.83472290935438, 45.77308983176177], [-68.83459428959154, 45.77308964563819], [-68.83459535387962, 45.772729618988784], [-68.8347239728149, 45.77272980511004], [-68.83472423867687, 45.77263979844354], [-68.83485285740652, 45.772639984419435], [-68.83485312306034, 45.77254997775093], [-68.83536759716395, 45.77255072020434], [-68.83536733233771, 45.77264072687515], [-68.83549595107365, 45.77264091212713], [-68.83549568645303, 45.7727309187971], [-68.83562430539712, 45.77273110390487], [-68.83562377656591, 45.772911117241705], [-68.83575239592506, 45.77291130220584], [-68.83575213171447, 45.77300130887269], [-68.83588075128175, 45.77300149369262], [-68.8358804872768, 45.773091500358625], [-68.83639496638605, 45.77309223819281], [-68.83639470320745, 45.77318224485969], [-68.8367805631732, 45.7731827967168], [-68.83678030061404, 45.77327280338399], [-68.83793788244058, 45.773274451142036], [-68.83793762174228, 45.77336445781294], [-68.83832348299414, 45.77336500446118], [-68.8383232229153, 45.773455011132356], [-68.83883770542933, 45.77345573797193], [-68.83883744617687, 45.77354574464394], [-68.83896606701536, 45.77354592599244], [-68.83896632606091, 45.77345591931985], [-68.83909494669373, 45.77345610052298], [-68.83909520553115, 45.7733660938484], [-68.8392238259583, 45.77336627490619], [-68.8392240845876, 45.773276268229615], [-68.83935270480906, 45.77327644914204], [-68.83935296323023, 45.773186442463484], [-68.83948158324603, 45.77318662323057], [-68.83948209967087, 45.77300660986804], [-68.8396107192741, 45.773006790489205], [-68.83961123528027, 45.77282677711986], [-68.83973985447093, 45.77282695759512], [-68.83974011226528, 45.77273695090773], [-68.83986873125028, 45.772737131237626], [-68.83986924642153, 45.77255711785748], [-68.83999786499393, 45.772557298041484], [-68.83999837974652, 45.77237728465449], [-68.84012699790638, 45.77237746469259], [-68.84012776940541, 45.77210744459972], [-68.84025638694582, 45.77210762449136], [-68.84025664390285, 45.77201761779033], [-68.8403852612376, 45.77201779753662], [-68.8403855179865, 45.77192779083359], [-68.84051413511558, 45.77192797043453], [-68.84051516127153, 45.77156794360597], [-68.84064377757427, 45.7715681230599], [-68.84064429023118, 45.77138810963594], [-68.8407729061214, 45.771388288943974], [-68.84077341835967, 45.77120827551319], [-68.84090203383735, 45.771208454675325], [-68.84090254565702, 45.771028441237725], [-68.84103116072215, 45.77102862025397], [-68.84103141642329, 45.77093861353248], [-68.84116003128277, 45.770938792403385], [-68.84116028677582, 45.770848785679895], [-68.84128890142964, 45.77084896440547], [-68.8412891567146, 45.77075895768], [-68.84141777116275, 45.77075913626025], [-68.84141802623962, 45.770669129532806], [-68.84154664048212, 45.77066930796771], [-68.84154689535092, 45.770579301238286], [-68.84167550938776, 45.77057947952787], [-68.84167576404847, 45.77048947279646], [-68.84180437787964, 45.77048965094071], [-68.84180514123392, 45.77021963073626], [-68.84167652802336, 45.77021945259368], [-68.84167678267923, 45.77012944585657], [-68.84154816967674, 45.77012926756977], [-68.84154842453829, 45.7700392608318], [-68.84116258615866, 45.77003872510446], [-68.84116284163957, 45.76994871836672], [-68.84090561647294, 45.769948360492435], [-68.84090587236638, 45.76985835375439], [-68.84077725999174, 45.76985817460065], [-68.84077751609082, 45.76976816786175], [-68.84064890392428, 45.76976798856379], [-68.840649160229, 45.769677981824024], [-68.84052054827053, 45.769677802381864], [-68.8405218308102, 45.76922776866443], [-68.84065044173438, 45.76922794810378], [-68.84065095432803, 45.76904793460571], [-68.8407795648397, 45.76904811389919], [-68.84078007701478, 45.76886810039429], [-68.8406514669168, 45.76886792110194], [-68.8406519795007, 45.76868790759247], [-68.84052336981765, 45.76868772815648], [-68.84052362631462, 45.76859772140016], [-68.84000918842194, 45.76859700221078], [-68.8400094457451, 45.768506995455276], [-68.83975222721978, 45.76850663499314], [-68.83975248495541, 45.76841662823735], [-68.83936665779714, 45.76841608646011], [-68.83936691615209, 45.76832607970458], [-68.83872387194708, 45.76832517385011], [-68.83872413133504, 45.76823516709598], [-68.83820969682057, 45.768234439808964], [-68.83820995703466, 45.76814443305568], [-68.83769552336734, 45.76814370345477], [-68.83769578440759, 45.76805369670234], [-68.83730995979062, 45.76805314798337], [-68.83731022145014, 45.767963141231235], [-68.83718161345381, 45.767962958035966], [-68.83718187531893, 45.767872951282975], [-68.83705326753068, 45.767872767943516], [-68.8370535296014, 45.76778276118968], [-68.83692492202124, 45.767782577706036], [-68.83692439746488, 45.76796259121116], [-68.83589553355905, 45.767961118121505], [-68.83589579749258, 45.76787111137425], [-68.83576718971682, 45.76787092658721], [-68.83576692557644, 45.76796093333388], [-68.83563831759508, 45.76796074840151], [-68.83563805324661, 45.76805075514617], [-68.83550944505969, 45.76805057006844], [-68.83550918050311, 45.76814057681112], [-68.83525196371932, 45.76814020622023], [-68.83525169874781, 45.768230212960326], [-68.83499448155536, 45.76822984178925], [-68.83499421616888, 45.76831984852674], [-68.83383673700371, 45.76831817108599], [-68.83383727149857, 45.76813815762004], [-68.83396587987596, 45.768138344580215], [-68.83396614691465, 45.76804833784451], [-68.83409475508645, 45.76804852465935], [-68.83409502191702, 45.76795851792165], [-68.83422362988325, 45.76795870459115], [-68.83422416312693, 45.76777869111029], [-68.83409555557438, 45.76777850444196], [-68.83409608922668, 45.76759849095656], [-68.83396748208907, 45.767598304144634], [-68.83396828317852, 45.76732828390761], [-68.83383967666269, 45.76732809695267], [-68.83384047836124, 45.76705807670456], [-68.83345466068288, 45.76705751497649], [-68.83345492853368, 45.766967508226024], [-68.8331977171681, 45.76696713301804], [-68.83319798543131, 45.76687712626733], [-68.83306937995727, 45.76687693844679], [-68.833069648426, 45.76678693169522], [-68.83319825369323, 45.76678711951518], [-68.83319852195388, 45.7666971127616], [-68.83332712701554, 45.76669730043621], [-68.83332739506808, 45.76660729368064], [-68.83345599992418, 45.7666074812099], [-68.83345760697182, 45.76606744064296], [-68.83358621058824, 45.76606762802398], [-68.83358674584697, 45.765887614489095], [-68.83345814264418, 45.76588742710925], [-68.83345841047846, 45.76579742034025], [-68.83332980748376, 45.76579723281625], [-68.83333007552359, 45.765707226046416], [-68.83307286995164, 45.76570685056533], [-68.83307313840383, 45.765616843795236], [-68.83217292038992, 45.76561552505599], [-68.83217319028856, 45.7655255182886], [-68.83204458792707, 45.765525329318876], [-68.83204485803122, 45.76543532255064], [-68.83191625587784, 45.76543513343677], [-68.83191679649593, 45.76525511989719], [-68.83178819475745, 45.76525493063975], [-68.83178873578404, 45.765074917095674], [-68.83166013446046, 45.76507472769466], [-68.83166067589553, 45.76489471414607], [-68.83153207498687, 45.76489452460149], [-68.83153234590927, 45.76480451782564], [-68.8314037452087, 45.76480432813692], [-68.83140428746329, 45.764624314582136], [-68.83179008832803, 45.764624883210516], [-68.83179035883298, 45.76453487642922], [-68.83217615908886, 45.76453544375313], [-68.83217642897212, 45.764445436968636], [-68.83230502885317, 45.764445625786536], [-68.83230529852834, 45.76435561900001], [-68.83243389820387, 45.76435580767257], [-68.83243416767097, 45.764265800884054], [-68.83359156294695, 45.76426749241853], [-68.83359183055155, 45.76417748562329], [-68.83307743346558, 45.76417673527993], [-68.83307850718005, 45.763816708094105], [-68.83294990873894, 45.76381652014876], [-68.83295017737117, 45.76372651334932], [-68.83269298090634, 45.7637261370256], [-68.83269271186052, 45.763816143823846], [-68.83217831811903, 45.76381538943719], [-68.83217804824474, 45.76390539623167], [-68.83179225233168, 45.76390482892014], [-68.83179252282635, 45.76381482212743], [-68.83153532597099, 45.763814443197234], [-68.83153559687797, 45.76372443640429], [-68.831406998659, 45.763724246722674], [-68.83140808310128, 45.763364219538964], [-68.83153668049306, 45.76336440921821], [-68.83153695139362, 45.76327440241813], [-68.83179414576746, 45.76327478134123], [-68.83179441625316, 45.76318477453855], [-68.83218020720318, 45.763185341835914], [-68.83217993733786, 45.76327534864036], [-68.83230853453055, 45.763275537450596], [-68.83230826487073, 45.76336554425421], [-68.83256545967355, 45.76336592144167], [-68.83256599816472, 45.763185907830646], [-68.83269459515448, 45.76318609620609], [-68.83269567129435, 45.762826068964564], [-68.83256707513175, 45.762825880591485], [-68.83256788284362, 45.76255586014714], [-68.83205350068745, 45.762555105214524], [-68.83205377074933, 45.76246509839925], [-68.831667984766, 45.762464530681854], [-68.83166825544693, 45.76237452386693], [-68.83153966032849, 45.762374334338936], [-68.83154074386646, 45.76201430706733], [-68.83166933815775, 45.76201449659297], [-68.83166960883224, 45.76192448977091], [-68.83218398518322, 45.761925246423786], [-68.83218371533583, 45.762015253248215], [-68.83256949823283, 45.76201581921998], [-68.83256922900449, 45.762105826044746], [-68.83269782351283, 45.762106014413135], [-68.83269809253439, 45.76201600758778], [-68.83295528114134, 45.76201638388918], [-68.83295608695772, 45.76174636340107], [-68.83282749327392, 45.7617461753245], [-68.83282964371568, 45.7610261206315], [-68.83270105168734, 45.76102593241489], [-68.83270158969854, 45.76084591872858], [-68.83257299808501, 45.76084573036842], [-68.83257353650464, 45.76066571667756], [-68.83270212770465, 45.76066590503655], [-68.83270266570565, 45.76048589133881], [-68.83257407491917, 45.76048570298101], [-68.83257434412451, 45.760395696130594], [-68.83244575354605, 45.76039550762866], [-68.83244602295689, 45.76030550077741], [-68.83231743258646, 45.76030531213135], [-68.83231770220277, 45.76021530527925], [-68.83206052187928, 45.76021492755414], [-68.83206079190782, 45.7601249207018], [-68.83180361200297, 45.76012454239899], [-68.83180388244375, 45.76003453554641], [-68.83141811321639, 45.76003396700855], [-68.83141838427613, 45.75994396015632], [-68.83116120521116, 45.759943580408674], [-68.83116147668314, 45.75985357355621], [-68.83103288735933, 45.759853383465895], [-68.83103315903676, 45.75976337661259], [-68.830904569921, 45.75976318637815], [-68.8309048418039, 45.75967317952402], [-68.83077625289619, 45.759672989145464], [-68.83077652498456, 45.759582982290496], [-68.83064793628488, 45.75958279176781], [-68.8306482085787, 45.75949278491203], [-68.8303910315967, 45.7594924034337], [-68.83039157700746, 45.75931238972021], [-68.83026298893192, 45.759312198765166], [-68.8302632618421, 45.759222191906886], [-68.83013467397458, 45.75922200080772], [-68.83013494709022, 45.7591319939486], [-68.83000635943075, 45.75913180270531], [-68.83000663275185, 45.75904179584537], [-68.82987804530042, 45.75904160445798], [-68.82987859235217, 45.758861590735016], [-68.82975000531553, 45.75886139920409], [-68.82975027904621, 45.75877139234107], [-68.82987886587611, 45.758771583871386], [-68.82987968644011, 45.75850156327197], [-68.82962251402205, 45.758501180070205], [-68.82962306188519, 45.75832116633253], [-68.82949447609158, 45.758320974515776], [-68.829495024363, 45.75814096077359], [-68.82936643898415, 45.75814076881333], [-68.82936671332463, 45.758050761940694], [-68.82949529849672, 45.75805095390035], [-68.82949557262918, 45.7579609470257], [-68.82936698766382, 45.757960755066634], [-68.82936753633828, 45.757780741314235], [-68.82911036723839, 45.75778035696438], [-68.829109817737, 45.757960370714365], [-68.82898123277555, 45.75796017832116], [-68.82898095781616, 45.75805018519343], [-68.82820944683446, 45.75804902779174], [-68.82820972303423, 45.7579590209231], [-68.82795255313096, 45.75795863396607], [-68.82795282974287, 45.7578686270972], [-68.8276956602583, 45.75786823956255], [-68.82769593728239, 45.757778232693475], [-68.82743876821652, 45.75777784458119], [-68.82743904565275, 45.75768783771189], [-68.82731046132852, 45.757687643439304], [-68.82731073897017, 45.75759763656919], [-68.82705357073914, 45.75759724759109], [-68.8270538487929, 45.75750724072078], [-68.82576800978431, 45.75750528715392], [-68.82576828990405, 45.75741528028827], [-68.82563970621722, 45.7574150841363], [-68.82564026686613, 45.75723507040196], [-68.82551168359407, 45.75723487410652], [-68.82551224465112, 45.757054860367695], [-68.82538366179385, 45.757054663928784], [-68.8253839425271, 45.75696465705784], [-68.82499819458342, 45.75696406687468], [-68.8249984759355, 45.75687406000418], [-68.8234554867619, 45.756871686255614], [-68.82345577059328, 45.756781679391075], [-68.82281285952837, 45.75678068418238], [-68.82281314439199, 45.75669067731953], [-68.82204165239902, 45.75668947829764], [-68.82204193850161, 45.756599471437106], [-68.82191335671425, 45.75659927109429], [-68.82191392932877, 45.75641925737018], [-68.82204251070272, 45.75641945771175], [-68.82204394118169, 45.755969423373436], [-68.82191536084133, 45.75596922303498], [-68.82191564713976, 45.755879216163684], [-68.82178706700745, 45.755879015681174], [-68.82178735351124, 45.75578900880905], [-68.82165877358702, 45.75578880818247], [-68.82165934700393, 45.755608794435226], [-68.82140218798637, 45.75560839275046], [-68.82140276222466, 45.755428379000016], [-68.82127418313135, 45.75542817794185], [-68.8212764816836, 45.75470812288806], [-68.82114790424525, 45.75470792169021], [-68.82114819176483, 45.75461791480271], [-68.82101961453453, 45.75461771346079], [-68.82101990225948, 45.754527706572475], [-68.82089132523724, 45.754527505086514], [-68.82089161316749, 45.75443749819742], [-68.82063445954051, 45.754437094792664], [-68.82063503622369, 45.7542570810127], [-68.82050645982565, 45.75425687909455], [-68.82050674837188, 45.75416687220305], [-68.82037817218189, 45.75416667014084], [-68.82037846093344, 45.754076663248554], [-68.82024988495152, 45.75407646104229], [-68.82025017390838, 45.75398645414921], [-68.82012159813452, 45.753986251798864], [-68.82012217645752, 45.75380623800971], [-68.81986502574064, 45.75380583287751], [-68.81986531531345, 45.75371582598204], [-68.81973674016376, 45.75371562319955], [-68.81973702994189, 45.753625616303296], [-68.81960845500028, 45.753625413376746], [-68.81960874498371, 45.7535354064797], [-68.81935159551794, 45.75353500019381], [-68.81935188591338, 45.753444993296604], [-68.81922331138925, 45.75344478993726], [-68.81922360198999, 45.75335478303926], [-68.81896645335922, 45.75335437588779], [-68.81896674437195, 45.75326436898964], [-68.81883817026531, 45.75326416519751], [-68.81883846148334, 45.75317415829857], [-68.81870988758476, 45.7531739543624], [-68.8187119275189, 45.75254390603436], [-68.81884049997073, 45.752544109966074], [-68.81884137358745, 45.75227408923077], [-68.81858422992522, 45.75227368122647], [-68.81858452154137, 45.75218367431312], [-68.818455949919, 45.752183470094586], [-68.81845624174044, 45.75209346318045], [-68.81858481315614, 45.752093667398356], [-68.81858510476951, 45.75200366048216], [-68.81871367597995, 45.75200386455474], [-68.81871396738528, 45.751913857636474], [-68.81935682242478, 45.75191487582601], [-68.81935740316464, 45.75173486197885], [-68.81922883256732, 45.75173465863157], [-68.81922912314184, 45.75164465170649], [-68.81910055275256, 45.75164444821517], [-68.81910084353237, 45.7515544412893], [-68.81897227335114, 45.751554237653934], [-68.81897256433622, 45.75146423072727], [-68.81884399436302, 45.75146402694788], [-68.8188442855534, 45.751374020020414], [-68.81871571578823, 45.75137381609696], [-68.8187160071839, 45.75128380916872], [-68.81858743762677, 45.75128360510125], [-68.81858802082726, 45.75110359124176], [-68.81845945168484, 45.751103387030874], [-68.81845974348967, 45.75101338009963], [-68.81858831242542, 45.75101358430988], [-68.8185888956176, 45.75083357044184], [-68.81871746414143, 45.75083377450613], [-68.81871833829936, 45.75056375369148], [-68.81884690620461, 45.7505639576092], [-68.81884719738117, 45.750473950667484], [-68.81871862968256, 45.7504737467504], [-68.81871979520159, 45.75011371897187], [-68.81859122833096, 45.75011351491267], [-68.8185915199139, 45.75002350796509], [-68.8184629532513, 45.75002330376186], [-68.81846324503951, 45.7499332968135], [-68.81820611213175, 45.7499328879743], [-68.81820669653058, 45.74975287407588], [-68.81833526257047, 45.74975307856654], [-68.81833584655048, 45.74957306466114], [-68.81846441217847, 45.74957326900586], [-68.81846470395976, 45.74948326205037], [-68.81859326938252, 45.74948346624978], [-68.81859356095576, 45.749393459292236], [-68.81885069139213, 45.749393867255776], [-68.81885098255073, 45.749303860295534], [-68.81923667759571, 45.749304471153955], [-68.81923696813301, 45.749214464190395], [-68.81949409775663, 45.74921487070473], [-68.81949438787929, 45.74912486373846], [-68.81988008170511, 45.749125472423096], [-68.81988037120647, 45.749035465453495], [-68.8203946288336, 45.749036275005174], [-68.82039434015876, 45.7491262819773], [-68.8207800340134, 45.74912688762397], [-68.8207797459571, 45.749216894596564], [-68.82103687561363, 45.74921729763895], [-68.82103658796925, 45.749307304611364], [-68.82129371804452, 45.74930770707635], [-68.82129343081203, 45.749397714048605], [-68.82155056130603, 45.74939811593617], [-68.82155084812523, 45.74930810896267], [-68.82180797821138, 45.749308510270325], [-68.82180855101915, 45.74912849631652], [-68.82193711565098, 45.74912869675211], [-68.8219374018462, 45.74903868977244], [-68.82206596627276, 45.74903889006273], [-68.82206625225997, 45.74894888308102], [-68.82219481648127, 45.74894908322602], [-68.82219510226048, 45.748859076242255], [-68.82283792235408, 45.74886007479417], [-68.82283763760803, 45.748950081781054], [-68.8230947660682, 45.748950480190416], [-68.82309448173406, 45.74904048717712], [-68.8232230461728, 45.749040686165415], [-68.82322247791376, 45.749220700135794], [-68.82335104276713, 45.74922089898068], [-68.82335047491596, 45.74940091294657], [-68.82360760545328, 45.74940131020483], [-68.82360732193895, 45.74949131718688], [-68.82347875646298, 45.749491118629464], [-68.82347847274067, 45.74958112560947], [-68.82360703842328, 45.74958132416751], [-68.82360675490627, 45.74967133114671], [-68.82373532079687, 45.7496715295607], [-68.82373503748515, 45.74976153653909], [-68.82424930188755, 45.74976232875084], [-68.82425014933898, 45.749492307803955], [-68.824378714823, 45.74949250549337], [-68.8243789970975, 45.74940249850761], [-68.82489325822044, 45.74940328781613], [-68.82489297677252, 45.74949329480437], [-68.82502154226323, 45.749493491770444], [-68.82502126102061, 45.749583498757865], [-68.82527839241932, 45.749583892257256], [-68.82527811158864, 45.74967389924448], [-68.82540667749664, 45.74967409577778], [-68.82540639687127, 45.74976410276419], [-68.82553496298726, 45.74976429915344], [-68.82553468256721, 45.74985430613903], [-68.82566324889115, 45.74985450238423], [-68.82566156758277, 45.75039454427153], [-68.82553300001894, 45.75039434802265], [-68.82553271958956, 45.75048435499827], [-68.82540415182042, 45.75048415860411], [-68.82540387118307, 45.75057416557769], [-68.82578957511446, 45.750574754327985], [-68.82578985513186, 45.75048474735257], [-68.82656126179059, 45.75048592094336], [-68.82656154056676, 45.75039591396286], [-68.82694724329403, 45.75039649880336], [-68.82694752144891, 45.75030649181961], [-68.82746179094384, 45.75030726957913], [-68.82746206827082, 45.75021726259151], [-68.8275906354412, 45.750217456669105], [-68.82759091256021, 45.75012744967947], [-68.82784804649161, 45.75012783739944], [-68.82784859989911, 45.749947823413464], [-68.82797716645348, 45.749948017055225], [-68.82797799593497, 45.74967799606376], [-68.82810656187073, 45.749678189559056], [-68.82810683815528, 45.74958818255845], [-68.82823540388571, 45.74958837590846], [-68.8282356799623, 45.749498368905826], [-68.8283642454874, 45.74949856211057], [-68.82836479722343, 45.7493185480998], [-68.82785053678403, 45.74931777441764], [-68.8278508134766, 45.74922776741254], [-68.82772224857668, 45.74922757363095], [-68.8277225254746, 45.749137566625016], [-68.82746539609194, 45.74913717862902], [-68.82746567340182, 45.74904717162288], [-68.8273371089191, 45.74904697740851], [-68.82733766394817, 45.748866963393155], [-68.82720909988004, 45.74886676903533], [-68.8272102107489, 45.74850674098995], [-68.8273387739905, 45.74850693534537], [-68.82733905149779, 45.74841692832985], [-68.8274676145341, 45.748417122540005], [-68.82746789183344, 45.74832711552246], [-68.82759645466442, 45.74832730958733], [-68.82759673175582, 45.748237302567745], [-68.82772529438148, 45.748237496487356], [-68.82772557126495, 45.748147489465744], [-68.8278541336853, 45.74814768324009], [-68.82785441036083, 45.74805767621645], [-68.82811153479223, 45.74805806332994], [-68.82811181105319, 45.74796805630367], [-68.82824037306423, 45.747968249642824], [-68.82824064911728, 45.747878242614526], [-68.82849777273003, 45.74787862885766], [-68.82849804836852, 45.74778862182672], [-68.82862660997023, 45.7477888147307], [-68.82862688540078, 45.747698807697724], [-68.82926969239588, 45.747699770044704], [-68.82926832039566, 45.74814980521028], [-68.82913975796092, 45.74814961302719], [-68.82913893412527, 45.74841963410762], [-68.82901037107196, 45.748419441778076], [-68.8290095466047, 45.74868946284389], [-68.82888098293279, 45.74868927036787], [-68.82888015783388, 45.74895929141905], [-68.82875159354339, 45.74895909879657], [-68.82875076781285, 45.7492291198331], [-68.82862220290374, 45.749228927064166], [-68.82862192745098, 45.74931893407289], [-68.82900762280212, 45.74931951194752], [-68.82900789763497, 45.74922950493699], [-68.82952215729485, 45.74923027340879], [-68.82952243129985, 45.74914026639443], [-68.82977956072432, 45.74914064976113], [-68.82977983431475, 45.74905064274416], [-68.83003696333114, 45.749051025530996], [-68.83003723650701, 45.74896101851141], [-68.83042292942142, 45.74896159160491], [-68.83042320197607, 45.7488715845821], [-68.83055176607684, 45.74887177532334], [-68.83055203842356, 45.748781768298514], [-68.83068060231898, 45.74878195889449], [-68.83068196300012, 45.74833192374599], [-68.83055340013786, 45.74833173315297], [-68.83055394481453, 45.748151719084774], [-68.83042538236681, 45.74815152834829], [-68.83042647253114, 45.74779150019719], [-68.83055503415237, 45.74779169093128], [-68.83055530648359, 45.74770168388934], [-68.8306838678995, 45.74770187447818], [-68.83068441214482, 45.747521860388844], [-68.83081297314878, 45.74752205083184], [-68.83081324506288, 45.74743204378444], [-68.8309418058615, 45.74743223408219], [-68.83094207756771, 45.74734222703276], [-68.83107063816101, 45.747342417185266], [-68.83107090965932, 45.74725241013382], [-68.83119947004727, 45.74725260014107], [-68.83119974133767, 45.747162593087594], [-68.8313283015203, 45.7471627829496], [-68.8313285726028, 45.747072775894125], [-68.83158569255869, 45.747073155182974], [-68.83158623389338, 45.74689314106537], [-68.83171479346002, 45.74689333049163], [-68.83171506391882, 45.7468033234301], [-68.83197218264276, 45.74680370184748], [-68.83197245268705, 45.746713694783345], [-68.83235813016272, 45.74671426132274], [-68.83235786073824, 45.74680426838864], [-68.83261497947497, 45.7468046453595], [-68.83261444144865, 45.74698465948938], [-68.83274300123215, 45.746984847759], [-68.83274165717708, 45.747434883061715], [-68.83287021799494, 45.747435071189614], [-68.8328691435544, 45.7477950994085], [-68.83312626684689, 45.74779547523501], [-68.83312599864682, 45.74788548228733], [-68.83338312235765, 45.7478858575364], [-68.83338258678017, 45.74806587163912], [-68.83351114905074, 45.74806605904783], [-68.83351168421495, 45.74788604494394], [-68.8337688079334, 45.74788641932505], [-68.83376854076516, 45.74797642637887], [-68.83428278904375, 45.74797717340751], [-68.83428332172596, 45.74779715929378], [-68.83415476006766, 45.74779697275478], [-68.83415502661349, 45.74770696569634], [-68.83402646516308, 45.74770677901326], [-68.8340269986642, 45.747526764893294], [-68.83389843762828, 45.747526578066726], [-68.83389923849029, 45.747256556877836], [-68.83402779890636, 45.74725674370266], [-68.83402859913713, 45.7469867224992], [-68.8341571589346, 45.74698690917762], [-68.83415795853415, 45.746716887959565], [-68.83428651771307, 45.74671707449159], [-68.83428598506119, 45.74689708863954], [-68.83467166384514, 45.74689764737117], [-68.83467192955187, 45.74680764029617], [-68.83505760772735, 45.74680819772417], [-68.83505734264044, 45.74689820480093], [-68.8351859022414, 45.746898390321526], [-68.83518563735986, 45.74698839739743], [-68.83531419716869, 45.746988582773966], [-68.83531340313634, 45.74725860399485], [-68.83557052399745, 45.74725897431741], [-68.83557078826291, 45.74716896724405], [-68.8358279087158, 45.74716933698685], [-68.83582738101006, 45.74734935113446], [-68.83608450229443, 45.74734972030093], [-68.83608423885292, 45.747439727373745], [-68.83621279970359, 45.74743991174058], [-68.83621253646746, 45.747529918812546], [-68.83634109752599, 45.74753010303529], [-68.83634030842994, 45.747800124244364], [-68.8364688701096, 45.74780030832419], [-68.8364686072817, 45.74789031539159], [-68.83659716916922, 45.74789049932732], [-68.83659690654672, 45.74798050639389], [-68.83685403073873, 45.74798087383252], [-68.83685376852821, 45.74807088089881], [-68.83736801775369, 45.748071614042445], [-68.83736723359421, 45.74834163523961], [-68.83749579652356, 45.74834181816559], [-68.83749422941091, 45.748881860524854], [-68.83800848609984, 45.748882590795816], [-68.83800874646184, 45.74879258373723], [-68.83813731043053, 45.74879276594274], [-68.83813705027515, 45.748882773001895], [-68.8382656144517, 45.748882955063316], [-68.83826613434795, 45.74870294094244], [-68.8380090068226, 45.74870257667721], [-68.83800926718214, 45.74861256961576], [-68.83788070362795, 45.74861238726672], [-68.83788122475659, 45.74843237314069], [-68.8380097878975, 45.7484325554886], [-68.83801004825334, 45.748342548422876], [-68.83813861118887, 45.74834273062554], [-68.83813965177332, 45.747982702346114], [-68.8380110896643, 45.74798252014572], [-68.8380121310555, 45.747622491845775], [-68.83775500849413, 45.74762212701557], [-68.83775474773493, 45.74771213409154], [-68.83762618624948, 45.74771195145888], [-68.83762644721529, 45.747621944383475], [-68.83749788593768, 45.74762176160672], [-68.83749814710889, 45.747531754530456], [-68.83736958603915, 45.74753157160963], [-68.83736932466134, 45.747621578685326], [-68.83698364083972, 45.74762102905316], [-68.83698468882294, 45.747261000748665], [-68.83685612837802, 45.747260817250925], [-68.83685639057734, 45.747170810171816], [-68.83659927010446, 45.7471704427435], [-68.83659953271577, 45.74708043566411], [-68.83672809274495, 45.74708061945002], [-68.83672887995154, 45.74681059820158], [-68.83660032054217, 45.74681041441739], [-68.83660005793462, 45.74690042150105], [-68.8364714983199, 45.74690023757164], [-68.83647176113406, 45.74681023048855], [-68.83621464232158, 45.7468098621969], [-68.83621411586554, 45.74698987635938], [-68.83647123550448, 45.746990244653304], [-68.8364709726878, 45.74708025173355], [-68.83608529261144, 45.74707969907393], [-68.83608608291722, 45.7468096778341], [-68.83557184531224, 45.74680893893637], [-68.8355723738294, 45.746628924773965], [-68.83544381484451, 45.746628739689065], [-68.8354440793078, 45.74653873260628], [-68.83582975564642, 45.746539287425335], [-68.83582949180294, 45.74662929450983], [-68.83595805079158, 45.74662947916079], [-68.83595831442844, 45.74653947207572], [-68.83608687321173, 45.74653965658144], [-68.83608713664074, 45.74644964949438], [-68.83595857806407, 45.746449464989226], [-68.8359593689634, 45.74617944372118], [-68.83583081100778, 45.74617925907312], [-68.83583054716932, 45.74626926616331], [-68.83570198900836, 45.74626908137], [-68.83570225305343, 45.7461790742804], [-68.83557369510032, 45.746178889343014], [-68.83557395935074, 45.74608888225256], [-68.83570251709725, 45.74608906718935], [-68.83570278113982, 45.74599906009689], [-68.83531710852387, 45.74599850485428], [-68.8353168438615, 45.74608851194501], [-68.8354454016055, 45.74608869717111], [-68.83544513714847, 45.746178704261], [-68.83531657919787, 45.74617851903432], [-68.83531631453299, 45.7462685261222], [-68.83518775637704, 45.74626834075031], [-68.83518749150429, 45.74635834783619], [-68.83505893314299, 45.74635816231906], [-68.83505919822234, 45.74626815523374], [-68.83493064006892, 45.74626796957255], [-68.83493037478294, 45.74635797665728], [-68.83480181642418, 45.746357790850844], [-68.83480155093035, 45.74644779793355], [-68.83467299236622, 45.746447611981885], [-68.83467325806666, 45.74635760489976], [-68.83454469971039, 45.74635741880401], [-68.83454496561617, 45.74626741172102], [-68.83467352376582, 45.746267597816185], [-68.83467378946374, 45.7461775907312], [-68.83454523152068, 45.746177404636626], [-68.83454549742393, 45.7460873975508], [-68.83467405516039, 45.746087583644794], [-68.83467485224277, 45.745817562377], [-68.83416062378379, 45.74581681714012], [-68.83416035726451, 45.74590682422848], [-68.83338901337439, 45.74590570203017], [-68.83338954889088, 45.74572568785903], [-68.83300387820255, 45.74572512481063], [-68.83300414657867, 45.74563511772468], [-68.83287558989171, 45.74563492975318], [-68.83287532130899, 45.745724936838535], [-68.8327467644167, 45.74572474872179], [-68.83274649562608, 45.745814755805156], [-68.83261793852849, 45.74581456754317], [-68.83261820752568, 45.74572456046041], [-68.83248965063595, 45.74572437205437], [-68.83248991983848, 45.745634364970776], [-68.8326184765216, 45.74563455337622], [-68.83261874551627, 45.74554454629061], [-68.83249018903973, 45.74554435788574], [-68.8324907274384, 45.745364343711415], [-68.83223361531553, 45.7453639664701], [-68.83223388492614, 45.74527395938199], [-68.83249099663583, 45.74527433662212], [-68.83249126583196, 45.745184329531384], [-68.83261982148211, 45.7451845179339], [-68.83261955249257, 45.745274525025216], [-68.83300522007049, 45.74527508936662], [-68.83300548844025, 45.74518508227355], [-68.83313404409552, 45.74518527009748], [-68.8331343122574, 45.74509526300238], [-68.83326286770735, 45.74509545068109], [-68.83326340361414, 45.74491543648546], [-68.83339195865216, 45.74491562401834], [-68.83339249414071, 45.74473560981584], [-68.83352104876681, 45.74473579720291], [-68.8335213163026, 45.744645790098936], [-68.83364987072339, 45.74464597734078], [-68.83365013805131, 45.74455597023479], [-68.83377869226679, 45.7445561573314], [-68.83378002785443, 45.74410612177719], [-68.83365147467187, 45.744105934683496], [-68.833652276629, 45.74383591333561], [-68.83352372406745, 45.74383572609903], [-68.83352399159052, 45.743745718980804], [-68.83339543923682, 45.74374553160016], [-68.83339624241819, 45.74347551023868], [-68.83313913895404, 45.74347513504702], [-68.83313967522824, 45.74329512080125], [-68.83301112391122, 45.74329493298963], [-68.83301139225298, 45.7432049258652], [-68.83288284114381, 45.74320473790954], [-68.83288310969087, 45.74311473078426], [-68.83275455878955, 45.743114542684545], [-68.83275563379131, 45.74275451417153], [-68.83262708371753, 45.74275432592954], [-68.83262654580606, 45.742934340187716], [-68.83236944483609, 45.74293396326747], [-68.83236890609324, 45.743113977517595], [-68.83185470251608, 45.743113221936795], [-68.83185443231645, 45.74320322905735], [-68.83172588121879, 45.74320303979998], [-68.8317256108113, 45.743293046918524], [-68.8314685082067, 45.74329266796867], [-68.83146823738478, 45.74338267508461], [-68.83082547986287, 45.743381725175894], [-68.8308252080068, 45.74347173228744], [-68.83056810459391, 45.74347135131031], [-68.83056783232341, 45.74356135841925], [-68.83031072850254, 45.74356097686238], [-68.8303104558176, 45.7436509839687], [-68.82992479947626, 45.743650410546834], [-68.82992452617027, 45.74374041764994], [-68.82979597385251, 45.743740226219444], [-68.82979570033866, 45.74383023332053], [-68.82966714781561, 45.74383004174479], [-68.82966632664655, 45.7441000630377], [-68.82979487978933, 45.744100254615226], [-68.82979405922832, 45.74437027589706], [-68.82992261299215, 45.74437046733175], [-68.8299223396758, 45.74446047442344], [-68.82979378570538, 45.744460282988165], [-68.82979296512879, 45.744730304252926], [-68.82966441053992, 45.74473011267121], [-68.82966413680519, 45.744820119756014], [-68.82953558201103, 45.74481992802906], [-68.82953530806844, 45.74490993511184], [-68.8290210880784, 45.7449091667552], [-68.82902136284736, 45.74481915967482], [-68.82876425327335, 45.74481877462982], [-68.82876480363372, 45.7446387604672], [-68.82863624926185, 45.74463856772895], [-68.8286379015511, 45.74409852521046], [-68.82850934842006, 45.74409833233118], [-68.82850962400362, 45.74400832524036], [-68.82838107108044, 45.74400813221704], [-68.82838134686926, 45.74391812512541], [-68.82825279415398, 45.74391793195807], [-68.82825307014808, 45.74382792486562], [-68.82812451764069, 45.74382773155423], [-68.8281250700381, 45.74364771736626], [-68.82799651794517, 45.74364752391144], [-68.82799789994866, 45.74319748841961], [-68.82812645100871, 45.7431976818714], [-68.8281267271989, 45.74310767476815], [-68.8282552780537, 45.74310786807471], [-68.828255554036, 45.74301786096944], [-68.82838410468554, 45.743018054130765], [-68.82838438045998, 45.742928047023454], [-68.82864148134985, 45.74292843291099], [-68.82864175670983, 45.74283842580106], [-68.82889885719177, 45.74283881110886], [-68.82889913213732, 45.742748803996314], [-68.82928478225033, 45.74274938087145], [-68.82928505657488, 45.74265937375567], [-68.82954215624358, 45.74265975761475], [-68.8295424301537, 45.74256975049632], [-68.82967097978343, 45.74256994220832], [-68.82967125348569, 45.742479935087886], [-68.82992835233593, 45.742480318076765], [-68.82992862562375, 45.7423903109537], [-68.83031427328915, 45.74239088435051], [-68.83031454595599, 45.74230087722424], [-68.8304430949738, 45.74230106806666], [-68.83044336743279, 45.74221106093835], [-68.83057191624535, 45.74221125163554], [-68.83057218849648, 45.74212124450522], [-68.83082928571234, 45.74212162546451], [-68.83082955754908, 45.742031618331566], [-68.8314722995785, 45.74203256819581], [-68.83147202877458, 45.74212257533171], [-68.83172912600847, 45.742122954266186], [-68.83172885561638, 45.74221296140185], [-68.83198595326853, 45.742213339758976], [-68.83198541330677, 45.74239335402837], [-68.83211396254788, 45.74239354299118], [-68.83211342299411, 45.74257355725605], [-68.83237052230645, 45.74257393475011], [-68.83237133039579, 45.74230391334713], [-68.83224278135867, 45.74230372467418], [-68.83224305092578, 45.74221371753759], [-68.83211450209652, 45.7422135287206], [-68.8321153114099, 45.74194350730404], [-68.83262950425593, 45.741944261697164], [-68.83262923531233, 45.74203426883978], [-68.83275778373358, 45.74203445707708], [-68.83275832120641, 45.741854442789226], [-68.8331439652385, 45.741855006629805], [-68.83314289276647, 45.74221503520689], [-68.83327144160594, 45.74221522286684], [-68.83327117369132, 45.742305230008114], [-68.83339972273863, 45.74230541752402], [-68.83340159666841, 45.74167536750095], [-68.8335301442711, 45.74167555486814], [-68.83353041176372, 45.741585547715694], [-68.83314476957916, 45.741584985182044], [-68.83314503769019, 45.741494978029934], [-68.83301649050443, 45.741494790230036], [-68.83301702713575, 45.74131477592273], [-68.8331455739084, 45.741314963721436], [-68.8331458420156, 45.74122495656504], [-68.83327438858296, 45.74122514421856], [-68.83327465648235, 45.741135137060155], [-68.83340320284442, 45.741135324568454], [-68.83340400591528, 45.74086530308296], [-68.83353255165898, 45.740865490444875], [-68.83353469147305, 45.74014543308282], [-68.83314905920274, 45.74014487057725], [-68.8331487911108, 45.740234877750744], [-68.83276315823232, 45.74023431394183], [-68.8327628895195, 45.74032432111214], [-68.8326343450227, 45.74032413288601], [-68.83263461394205, 45.74023412571629], [-68.83237752536533, 45.74023374883134], [-68.8323777946965, 45.740143741661385], [-68.8322492506166, 45.74014355300257], [-68.83225032875464, 45.7397835243108], [-68.83237887200839, 45.73978371296726], [-68.83237914133318, 45.73969370579017], [-68.83250768438168, 45.739693894301425], [-68.83250795349863, 45.73960388712233], [-68.83263649634189, 45.73960407548837], [-68.83263676525104, 45.73951406830725], [-68.83276530788903, 45.739514256528096], [-68.83276557659039, 45.73942424934495], [-68.83289411902312, 45.739424437420595], [-68.83289438751667, 45.739334430235445], [-68.8331514719729, 45.73933480595169], [-68.83315174005212, 45.739244798763956], [-68.83353736612641, 45.73924536125197], [-68.83353763358475, 45.73915535406103], [-68.83392325905089, 45.73915591524575], [-68.8339235258884, 45.73906590805165], [-68.83405206750645, 45.73906609482341], [-68.83405233413616, 45.7389760876273], [-68.834309416963, 45.738976460735806], [-68.83430968317839, 45.73888645353709], [-68.83443822438717, 45.73888663987385], [-68.83443849039479, 45.73879663267314], [-68.83456703139832, 45.7387968188647], [-68.83456729719813, 45.738706811661984], [-68.8346958379964, 45.73870699770835], [-68.83469610358846, 45.73861699050362], [-68.83482464418145, 45.738617176404794], [-68.83482490956571, 45.738527169198065], [-68.83495344995345, 45.738527354954044], [-68.83495424547912, 45.73825733332357], [-68.83508278524856, 45.73825751893319], [-68.83508305021473, 45.73816751171961], [-68.83495451065183, 45.738167326110556], [-68.83495689714957, 45.737357261129326], [-68.83508543485387, 45.73735744673315], [-68.83508622971095, 45.73708742504536], [-68.835214766797, 45.737087610502854], [-68.83521503154033, 45.736997603270154], [-68.83534356842112, 45.73699778858245], [-68.83534409749103, 45.73681777411162], [-68.83547263396007, 45.73681795927817], [-68.83547316261196, 45.73663794480048], [-68.83560169866925, 45.736638129821266], [-68.83560196278681, 45.7365481225797], [-68.83585903449216, 45.73654849218632], [-68.83585929819547, 45.73645848494219], [-68.83598783384352, 45.73645866952801], [-68.83598809733908, 45.73636866228187], [-68.83624516822593, 45.73636903101857], [-68.83624543130723, 45.73627902376986], [-68.83547421990069, 45.736277915828005], [-68.83547448421973, 45.73618790858132], [-68.83534594919618, 45.736187723418816], [-68.83534621372047, 45.73609771617128], [-68.83521767890467, 45.736097530864754], [-68.8352179436342, 45.73600752361638], [-68.83508940902615, 45.736007338165834], [-68.83508967396091, 45.73591733091662], [-68.83496113956062, 45.735917145322055], [-68.83496087441937, 45.7360071525707], [-68.83367552842081, 45.73600528866632], [-68.833675795627, 45.735915281423495], [-68.83354726124058, 45.73591509423835], [-68.83354806347103, 45.735645072503054], [-68.83367659723795, 45.735645259686464], [-68.83367686443907, 45.73555525243795], [-68.83380539800079, 45.73555543947615], [-68.83380566499414, 45.7354654322256], [-68.83393419835063, 45.73546561911864], [-68.83393446513624, 45.735375611866104], [-68.83419153144004, 45.7353759852172], [-68.83419179781141, 45.73528597796208], [-68.83457739665712, 45.73528653690253], [-68.83457766240778, 45.73519652964421], [-68.83470619515239, 45.73519671566793], [-68.83470646069529, 45.73510670840761], [-68.83496352577534, 45.7351070800201], [-68.834963790904, 45.735017072757195], [-68.83509232323942, 45.73501725834597], [-68.83509258816036, 45.73492725108107], [-68.83522112029057, 45.73492743652466], [-68.8352219144264, 45.734657414719656], [-68.8353504459384, 45.73465760001691], [-68.83535097494305, 45.734477585471964], [-68.83547950604337, 45.73447777062349], [-68.83547977033733, 45.73438776334829], [-68.83560830123241, 45.73438794835464], [-68.83560856531865, 45.73429794107745], [-68.83612268808561, 45.73429867965462], [-68.83612242482526, 45.734388686934125], [-68.83625095572661, 45.73438887121752], [-68.8362506926715, 45.734478878496176], [-68.83637922378057, 45.73447906263555], [-68.83637869807956, 45.73465907718971], [-68.83650722960283, 45.73465926118564], [-68.83650644166141, 45.73492928300796], [-68.83663497380536, 45.73492946686102], [-68.83663418647217, 45.73519948867221], [-68.83676271923683, 45.73519967238239], [-68.83676298147599, 45.73510966511285], [-68.8368915140354, 45.73510984867787], [-68.83689177606682, 45.73501984140633], [-68.83702030842099, 45.73502002482619], [-68.83702109388837, 45.73475000300128], [-68.83714962562433, 45.73475018627483], [-68.83715041046109, 45.73448016443539], [-68.83727894157887, 45.73448034756262], [-68.83727972578504, 45.73421032570863], [-68.8371511952867, 45.73421014258311], [-68.83715171849754, 45.734030128007795], [-68.83689465833046, 45.73402976132528], [-68.83689492034698, 45.733939754036626], [-68.8367663904718, 45.73393957047906], [-68.83676665269353, 45.73384956318956], [-68.83663812302603, 45.73384937948797], [-68.83663864787873, 45.733669364905836], [-68.83638158937337, 45.7336689970712], [-68.83638185221078, 45.73357898977915], [-68.83625332316643, 45.733578805645514], [-68.83625490140349, 45.7330387618667], [-68.83612637359919, 45.73303857759194], [-68.83612663684079, 45.73294857029105], [-68.83599810924419, 45.732948385872284], [-68.83599863613657, 45.73276837126738], [-68.83587010895414, 45.73276818670519], [-68.83587063625444, 45.732588172095745], [-68.83599916302394, 45.7325883566568], [-68.83599968990633, 45.73240834204051], [-68.83625674262328, 45.73240871072656], [-68.83625726867486, 45.73222869610226], [-68.836514320571, 45.732229064207694], [-68.83651458318201, 45.732139056892265], [-68.83664310892547, 45.732139240727534], [-68.83664363373086, 45.73195922609123], [-68.83651510840028, 45.73195904225711], [-68.83651563361357, 45.73177902761625], [-68.836130058868, 45.731778475249854], [-68.83613032209212, 45.73168846792902], [-68.83574474797712, 45.731687914263155], [-68.83574448413366, 45.731777921582264], [-68.83548743431703, 45.73177755174764], [-68.83548769857337, 45.73168754442968], [-68.83510212447717, 45.73168698859515], [-68.83510185960148, 45.73177699591137], [-68.8349733346988, 45.731776810343455], [-68.83497306961542, 45.73186681765767], [-68.83433044408869, 45.73186588764654], [-68.83433017797178, 45.73195589495642], [-68.83407312735703, 45.73195552193876], [-68.83407286082597, 45.73204552924606], [-68.83355875878584, 45.732044781473434], [-68.83355902614272, 45.731954774168464], [-68.83330197554316, 45.731954399415855], [-68.83330224331165, 45.731864392110644], [-68.83317371822024, 45.73186420451806], [-68.8331750580759, 45.7314141679735], [-68.83330358213509, 45.73141435556316], [-68.83330384989597, 45.731324348249395], [-68.83343237374999, 45.73132453569389], [-68.83343264130316, 45.73123452837812], [-68.83407525956007, 45.73123546342906], [-68.83407552607974, 45.73114545610894], [-68.83446109642976, 45.73114601540286], [-68.83446136232887, 45.73105600807956], [-68.83523250182427, 45.731057122760404], [-68.83523276648347, 45.73096711543219], [-68.83548981257911, 45.73096748583471], [-68.83549007682419, 45.730877478503935], [-68.83561859966744, 45.73087766348777], [-68.83561886370484, 45.73078765615497], [-68.83587590898225, 45.73078802568775], [-68.8358761726055, 45.73069801835238], [-68.83600469503963, 45.73069820290134], [-68.83600574869443, 45.7303381735433], [-68.8361342703041, 45.73033835794539], [-68.83613453350824, 45.73024835060175], [-68.8362630549127, 45.730248534858674], [-68.83626384389835, 45.72997851281745], [-68.83613532311317, 45.729978328562254], [-68.83613663909642, 45.729528291801266], [-68.83600811934461, 45.729528107404356], [-68.83600864614202, 45.72934809269115], [-68.8358801268043, 45.729347908150835], [-68.83588065400956, 45.72916789343306], [-68.83575213508593, 45.72916770874933], [-68.83575239889309, 45.72907770138889], [-68.83498128661617, 45.72907659025414], [-68.83498075652356, 45.72925660496668], [-68.83472371828229, 45.7292562334296], [-68.83472318735896, 45.729436248134114], [-68.83433762876797, 45.729435689740754], [-68.83433736268515, 45.72952569708913], [-68.83446588242063, 45.7295258833654], [-68.83446561654299, 45.729615890712935], [-68.83459413648616, 45.72961607684521], [-68.83459280811105, 45.730066113564384], [-68.8343357661617, 45.73006574114944], [-68.83433550007005, 45.730155748487846], [-68.83446402125051, 45.73015593476819], [-68.83446295769699, 45.730515964109834], [-68.83394886967976, 45.73051521811177], [-68.83394913639577, 45.730425210780815], [-68.83382061460105, 45.73042502392045], [-68.83382034767861, 45.73051503125081], [-68.83356330368011, 45.7305146570952], [-68.83356357101542, 45.73042464976601], [-68.83330652743487, 45.730424275033286], [-68.8333062596867, 45.7305142823613], [-68.83214956177926, 45.730512588902464], [-68.83214983138535, 45.73042258157974], [-68.83202130960845, 45.73042239269538], [-68.83202157941967, 45.730332385371796], [-68.83150749315062, 45.730331628391006], [-68.83150776378629, 45.73024162106837], [-68.83112219971727, 45.73024105181656], [-68.83112247097095, 45.73015104449428], [-68.83099394982361, 45.73015085445513], [-68.83099422128244, 45.730060847132], [-68.83086570034281, 45.73006065694887], [-68.83086542867757, 45.73015066427141], [-68.83060838638933, 45.730150283470266], [-68.83060865846744, 45.73006027614892], [-68.83048013753168, 45.73006008553208], [-68.83048122665693, 45.72970005623486], [-68.83009566633456, 45.72969948352411], [-68.83009593923191, 45.72960947619802], [-68.83022445913164, 45.729609667245576], [-68.83022500450963, 45.729429652587946], [-68.82996796553712, 45.72942927035065], [-68.82996823863701, 45.72933926302089], [-68.82958268080725, 45.72933868858249], [-68.82958295452511, 45.72924868125309], [-68.82932591639126, 45.729248297572525], [-68.82932564226056, 45.72933830490072], [-68.8289400844503, 45.729337728293835], [-68.82893980969904, 45.7294277356188], [-68.82881129022512, 45.72942754312677], [-68.8288115651828, 45.7293375358024], [-68.82855452665174, 45.72933715038585], [-68.82855507738888, 45.72915713573524], [-68.82842655853815, 45.729156942811315], [-68.8284273852533, 45.728886920826525], [-68.82855590348478, 45.72888711374865], [-68.82855645420885, 45.72870709908378], [-68.82881348985008, 45.72870748449191], [-68.82881376479732, 45.72861747715613], [-68.82894228241346, 45.72861766964276], [-68.82894310662816, 45.72834764762508], [-68.82881458963124, 45.72834745514027], [-68.82881486457327, 45.72825744779879], [-68.82894338136377, 45.72825764028301], [-68.82894420556283, 45.727987618248235], [-68.82881568939153, 45.72798742576582], [-68.82881513951399, 45.72816744045589], [-68.82855810634972, 45.728167055054975], [-68.82855865705288, 45.72798704036731], [-68.82830162471946, 45.72798665439057], [-68.82830190048189, 45.7278966470458], [-68.82804486856651, 45.72789626049203], [-68.82804459239125, 45.7279862678356], [-68.8275305277506, 45.72798549299093], [-68.82753108175102, 45.727805478307225], [-68.82675998730632, 45.72780431171075], [-68.82675943082903, 45.72798432638719], [-68.8265023985324, 45.72798393636279], [-68.82650295583531, 45.72780392168881], [-68.82624592436957, 45.72780353108862], [-68.82624648249282, 45.72762351641136], [-68.82598945185799, 45.72762312523539], [-68.82599029027132, 45.72735310321248], [-68.82586177557509, 45.72735290740949], [-68.82586205524996, 45.72726290006628], [-68.82547651178844, 45.727262311791804], [-68.82547707237256, 45.727082297104786], [-68.82522004423046, 45.727081904201484], [-68.82521976352626, 45.72717191154448], [-68.82509124925082, 45.727171714875396], [-68.82509012559517, 45.727531744230674], [-68.82496161049545, 45.72753154741457], [-68.82496132937182, 45.72762155474922], [-68.8244472681607, 45.727620766036765], [-68.82444755010994, 45.72753075870458], [-68.82393348974583, 45.72752996768168], [-68.82393377251935, 45.72743996035055], [-68.82354822787954, 45.72743936556739], [-68.82354851127093, 45.72734935823669], [-68.82341999660007, 45.727349159687144], [-68.8234202801965, 45.727259152355614], [-68.82329176573339, 45.727258953662144], [-68.82329204953488, 45.727168946329826], [-68.82316353527952, 45.727168747492414], [-68.82316438729507, 45.72689872548877], [-68.82290736002676, 45.72689832738401], [-68.82290764444204, 45.72680832004785], [-68.8227791310163, 45.72680812077927], [-68.8227797002556, 45.72662810610392], [-68.82200862220627, 45.72662690746425], [-68.82200890806223, 45.72653690012819], [-68.82188039526515, 45.726536699849596], [-68.82188068132615, 45.72644669251274], [-68.8217521687368, 45.726446492090226], [-68.82175188246941, 45.72653649942647], [-68.82162336967504, 45.726536298858775], [-68.82162365614882, 45.72644629152316], [-68.82136663097693, 45.726445889955386], [-68.82136691786212, 45.726355882619586], [-68.82110989310844, 45.72635548047487], [-68.8211104677003, 45.726175465801525], [-68.82085344377762, 45.726175063081115], [-68.82085401918955, 45.725995048404585], [-68.82072550764303, 45.72599484682881], [-68.82072579555334, 45.72590483948903], [-68.82059728421459, 45.72590463776934], [-68.82059786044385, 45.72572462308678], [-68.82034083859595, 45.72572421921627], [-68.82034112712131, 45.72563421187411], [-68.82021261640578, 45.72563400972266], [-68.82021203894095, 45.7258140244043], [-68.82008352781403, 45.72581382210705], [-68.82008323887318, 45.725903829445095], [-68.8198262162107, 45.72590342441569], [-68.81982592685571, 45.72599343175104], [-68.81995443839264, 45.72599363433866], [-68.81995328178449, 45.726353663668355], [-68.82008179414834, 45.72635386611395], [-68.82008121624882, 45.72653388077153], [-68.82020972902683, 45.72653408307382], [-68.82020944028139, 45.726624090401096], [-68.82033795326716, 45.72662429255948], [-68.82033766472676, 45.72671429988596], [-68.82046617792027, 45.726714501900425], [-68.82046588958488, 45.72680450922611], [-68.82059440298617, 45.72680471109665], [-68.82059353859101, 45.72707473306705], [-68.82085056663603, 45.72707513637825], [-68.82084884028556, 45.72761518028808], [-68.82072032502398, 45.727614978701], [-68.82072003708771, 45.72770498601368], [-68.8205915216211, 45.72770478428139], [-68.82059094533167, 45.727884798901236], [-68.82046242945361, 45.727884597023134], [-68.82046214110044, 45.727974604330285], [-68.82020510893561, 45.727974200139144], [-68.82020482016824, 45.7280642074436], [-68.81981927131204, 45.728063600070804], [-68.81981956069862, 45.727973592768244], [-68.81969104462236, 45.72797339002216], [-68.81969162380418, 45.72779337541401], [-68.8193060768221, 45.727792766312206], [-68.81930636703015, 45.72770275900789], [-68.81917785157862, 45.72770255568548], [-68.81917814199169, 45.72761254838038], [-68.81892111150556, 45.72761214130315], [-68.8189216931532, 45.72743212669121], [-68.818793178325, 45.72743192293703], [-68.81879259626456, 45.72761193754769], [-68.8185355657867, 45.727611529603124], [-68.81853498289513, 45.727791544205544], [-68.8182779515972, 45.7277911356802], [-68.81827736787449, 45.72797115027436], [-68.81814885181478, 45.727970945793565], [-68.81814855974493, 45.72806095308787], [-68.81789152721687, 45.72806054369134], [-68.81789123473284, 45.728150550982946], [-68.8176342017975, 45.72815014100689], [-68.81763361599964, 45.728330155583265], [-68.81750509912123, 45.72832995037712], [-68.81750480601382, 45.72841995766253], [-68.81737628893039, 45.728419752311176], [-68.81737570229853, 45.72859976687643], [-68.81724718480369, 45.728599561379234], [-68.81724659775344, 45.72877957593751], [-68.81698956194226, 45.72877916450688], [-68.81698926800223, 45.72886917178258], [-68.81673223178382, 45.72886875977241], [-68.81673193742954, 45.72895876704541], [-68.81647490080388, 45.7289583544557], [-68.81647460603538, 45.72904836172599], [-68.81621756900248, 45.729047948556726], [-68.81621786418381, 45.72895794128774], [-68.81596082756934, 45.72895752754153], [-68.81596053197518, 45.72904753480923], [-68.81570349495348, 45.729047120483465], [-68.81570290293527, 45.72922713501201], [-68.81493178942692, 45.729225888557416], [-68.81493238392214, 45.72904587403666], [-68.81467534692295, 45.72904545739787], [-68.81467594223821, 45.72886544287402], [-68.81377631567544, 45.72886398009365], [-68.8137760165736, 45.728953987351716], [-68.81339046173443, 45.72895335827544], [-68.81339076145552, 45.72886335101933], [-68.81326224338504, 45.72886314103877], [-68.81326254331111, 45.7287731337819], [-68.81313402544848, 45.728772923657424], [-68.81313492583737, 45.728502901880184], [-68.81326344308079, 45.72850311200269], [-68.8132640429201, 45.7283230974761], [-68.8133925597521, 45.728323307452726], [-68.8133928594632, 45.72823330018663], [-68.81364989271866, 45.728233719704896], [-68.81365019201553, 45.728143712436086], [-68.81377870843897, 45.728143921977725], [-68.81377900752803, 45.72805391470681], [-68.81403603996635, 45.72805433335511], [-68.81403633864119, 45.72796432608148], [-68.81442188669008, 45.727964952967774], [-68.81442218474427, 45.727874945690765], [-68.81480773218667, 45.72787557127408], [-68.81480802962024, 45.72778556399368], [-68.8149365452308, 45.72778577223169], [-68.81493684245656, 45.72769576494921], [-68.81506535786211, 45.72769597304201], [-68.81506713994867, 45.727155929313305], [-68.8149386257815, 45.727155721224406], [-68.81494011184684, 45.72670568474786], [-68.81506862498203, 45.72670589283352], [-68.81506892198448, 45.726615885533285], [-68.81494040905568, 45.72661567744828], [-68.81494130067372, 45.72634565554096], [-68.8148127883655, 45.726345447313356], [-68.81481338318328, 45.72616543270266], [-68.81429933561557, 45.72616459835193], [-68.8142996338479, 45.72607459104704], [-68.81404261048529, 45.72607417300569], [-68.81404290912896, 45.72598416570069], [-68.81391439765616, 45.72598395646384], [-68.81391499535201, 45.72580394185085], [-68.8137864842934, 45.725803732470766], [-68.81378708239632, 45.72562371785339], [-68.81391559304217, 45.72562392723217], [-68.81391648956678, 45.72535390529345], [-68.81404499959491, 45.725354114525715], [-68.81404589548764, 45.7250840925722], [-68.81417440489805, 45.72508430165798], [-68.81417500174004, 45.72490428701386], [-68.81430351073914, 45.72490449595378], [-68.81430410716273, 45.72472448130267], [-68.81443261575048, 45.72472469009675], [-68.81443321175567, 45.724544675438615], [-68.8145617199321, 45.724544884086846], [-68.81456261331019, 45.72427486208701], [-68.81430559819694, 45.72427444464992], [-68.81430619460072, 45.72409442997884], [-68.81404918031858, 45.724094011966194], [-68.81404947893108, 45.72400400462982], [-68.8139209719985, 45.72400379540735], [-68.81392127081594, 45.72391378807019], [-68.81379276409113, 45.723913578703836], [-68.81379246506734, 45.724003586040325], [-68.81340694428235, 45.724002957072045], [-68.81340664463805, 45.72409296440515], [-68.81302112324676, 45.724092334134056], [-68.81302142351016, 45.72400232680292], [-68.81289291658895, 45.724002116424145], [-68.81289321705727, 45.72391210909223], [-68.81276471034384, 45.72391189856957], [-68.81276531168896, 45.72373188390279], [-68.81289381798966, 45.72373209442414], [-68.81289441891636, 45.72355207975035], [-68.81276591302837, 45.72355186923031], [-68.81276621369592, 45.723461861891934], [-68.81263770801573, 45.72346165122802], [-68.81263800888821, 45.72337164388888], [-68.81212398700707, 45.723370799790494], [-68.81212368530916, 45.723460807127], [-68.81186667396447, 45.723460384209275], [-68.81186606973891, 45.723640398875375], [-68.81225158799624, 45.723641033039115], [-68.81225098500312, 45.723821047703474], [-68.81186546550762, 45.72382041353577], [-68.81186516338983, 45.72391042086383], [-68.81160814998728, 45.72390999736136], [-68.81160784745533, 45.72400000468666], [-68.81147934054984, 45.723999792717954], [-68.81147994602503, 45.723819778067224], [-68.81083741358277, 45.72381871606224], [-68.8108371098141, 45.723908723384994], [-68.8107086031236, 45.72390851054972], [-68.81070829914712, 45.723998517870385], [-68.81057979225172, 45.72399830488991], [-68.8105791838817, 45.724178319525656], [-68.81045067657502, 45.7241781063993], [-68.81045037218148, 45.724268113714366], [-68.81032186466986, 45.72426790044282], [-68.81032125546574, 45.72444791506732], [-68.81019274754283, 45.724447701649915], [-68.81019244273223, 45.72453770895936], [-68.8100639346044, 45.72453749539673], [-68.81006332456613, 45.724717510010024], [-68.80993481602701, 45.72471729630152], [-68.80993420557022, 45.724897310907764], [-68.8098056966198, 45.724897097053386], [-68.80980539118286, 45.72498710435371], [-68.80967688202753, 45.72498689035412], [-68.80967657638277, 45.72507689765235], [-68.80980508574447, 45.72507711165261], [-68.8098038639764, 45.72543714083393], [-68.80954684360343, 45.725436712683525], [-68.80954500843131, 45.725976756404734], [-68.80928798558759, 45.725976327668086], [-68.80928676045939, 45.72633635678169], [-68.80890122372809, 45.726335712584586], [-68.80890091682325, 45.72642571985741], [-68.80877240437599, 45.72642550483527], [-68.80877179014917, 45.726605519375305], [-68.80864327729059, 45.72660530420726], [-68.8086429699686, 45.72669531147447], [-68.8085144569051, 45.72669509616121], [-68.80851414937526, 45.72678510342631], [-68.80838563610682, 45.72678488796783], [-68.80838532836913, 45.72687489523084], [-68.80825681489576, 45.72687467962714], [-68.80825650695022, 45.726964686888046], [-68.80812799327191, 45.72696447113912], [-68.80812768511852, 45.72705447839792], [-68.80799917123528, 45.727054262503756], [-68.80799886287402, 45.727144269760466], [-68.80787034878585, 45.72714405372108], [-68.80787004021674, 45.72723406097568], [-68.80774152592365, 45.72723384479106], [-68.80774121714667, 45.727323852043575], [-68.80761270264863, 45.72732363571373], [-68.80761239366379, 45.72741364296414], [-68.80748387896082, 45.72741342648906], [-68.80748356976812, 45.72750343373736], [-68.80735505486022, 45.72750321711705], [-68.80735474545965, 45.727593224363254], [-68.80722623034681, 45.72759300759771], [-68.80722592073838, 45.72768301484181], [-68.80709740542062, 45.72768279793103], [-68.80709709560429, 45.72777280517303], [-68.80658303352234, 45.72777193608164], [-68.80658272287896, 45.727861943319496], [-68.80594014427766, 45.72786085369933], [-68.80593983260076, 45.72795086093236], [-68.80516873708959, 45.72794954861365], [-68.80516842417279, 45.72803955584115], [-68.80491139193478, 45.72803911724375], [-68.80491107860368, 45.72812912446847], [-68.80452552963861, 45.728128465486115], [-68.80452521568681, 45.728218472707354], [-68.80426818263805, 45.72821803266161], [-68.80426786827195, 45.72830803988004], [-68.80375380136671, 45.7283071580511], [-68.80375348617346, 45.72839716526535], [-68.80336793539102, 45.728396502373705], [-68.80336761957706, 45.72848650958446], [-68.80233948257188, 45.728484735507195], [-68.80233916510514, 45.72857474271098], [-68.80221064777984, 45.72857452030011], [-68.802210965453, 45.72848451309701], [-68.80079727724498, 45.728482057044005], [-68.80079695730132, 45.72857206423944], [-68.80053992268854, 45.72857161580365], [-68.80053960233053, 45.728661622996256], [-68.79976849729026, 45.72866027421525], [-68.79976721088906, 45.72902030295455], [-68.79925313759009, 45.72901940086471], [-68.79925410487026, 45.728749379320824], [-68.79874003407274, 45.72874847492644], [-68.79873971082188, 45.72883848210633], [-68.79899674663041, 45.72883893459406], [-68.79899610094978, 45.72901894895241], [-68.79693980804846, 45.72901531283689], [-68.79693915575638, 45.72919532716683], [-68.79616804354328, 45.72919395407377], [-68.79616738876797, 45.72937396838944], [-68.79501071683768, 45.72937189897884], [-68.79501038758993, 45.729461906128066], [-68.79488186828794, 45.729461675470006], [-68.79488120937486, 45.72964168976277], [-68.79475268966159, 45.7296414589587], [-68.79475235999631, 45.72973146610221], [-68.79462384007817, 45.72973123515287], [-68.79462252057564, 45.73009126370978], [-68.79449399983338, 45.73009103261299], [-68.79449300957076, 45.730361054013535], [-68.79436448821077, 45.730360822769995], [-68.79436382761502, 45.73054083702846], [-68.79410678407402, 45.730540374104784], [-68.79410645336093, 45.73063038123042], [-68.79397793138634, 45.73063014955101], [-68.79397760046524, 45.7307201566745], [-68.79384907828579, 45.730719924849794], [-68.79384874715669, 45.73080993197114], [-68.79359170238965, 45.73080946788655], [-68.7935913708461, 45.73089947500501], [-68.79346284825851, 45.73089924274513], [-68.79346251650695, 45.730989249861466], [-68.79333399371448, 45.7309890174563], [-68.79333366175491, 45.73107902457046], [-68.7932051387576, 45.731078792019986], [-68.79320447442086, 45.73125880624259], [-68.79307595101223, 45.73125857354609], [-68.79307561863506, 45.731348580654526], [-68.79294709502156, 45.73134834781273], [-68.79294676243636, 45.73143835491901], [-68.79281823861801, 45.7314381219319], [-68.7928179058248, 45.73152812903604], [-68.79256085777995, 45.73152766262666], [-68.79256052457227, 45.7316176697279], [-68.79243200034577, 45.73161743630562], [-68.79243166693007, 45.7317074434047], [-68.79230314249871, 45.73170720983711], [-68.79230247524967, 45.73188722402956], [-68.79217395040699, 45.731886990315935], [-68.79217361657365, 45.7319769974093], [-68.7920450915261, 45.73197676355036], [-68.79204475748475, 45.73206677064156], [-68.7916591817323, 45.7320660681951], [-68.79165884707, 45.732156075282674], [-68.79153032161591, 45.732155840843966], [-68.79153065648467, 45.73206583375712], [-68.79127360599416, 45.73206536444743], [-68.79127394127423, 45.73197535736061], [-68.79114541623781, 45.73197512248964], [-68.79114608720606, 45.73179510831319], [-68.79127461182958, 45.73179534318271], [-68.79127595292121, 45.73143531480979], [-68.79140447672057, 45.73143554953179], [-68.79140548190325, 45.731165528234946], [-68.79076286601908, 45.73116435319016], [-68.79076252992756, 45.731254360286876], [-68.79063400654907, 45.73125412484346], [-68.79063434284701, 45.73116411774748], [-68.79024877334042, 45.731163410552014], [-68.79024911025608, 45.73107340345681], [-68.79012058729685, 45.73107316743658], [-68.79012126153627, 45.73089315324338], [-68.79024978408262, 45.73089338926214], [-68.79025045790277, 45.73071337506178], [-68.79012193576928, 45.73071313904448], [-68.7901222728834, 45.73062313194289], [-68.79025079481045, 45.73062336795945], [-68.7902518055239, 45.730353346643916], [-68.79012328421612, 45.73035311062958], [-68.79012362132384, 45.73026310352228], [-68.7899951002241, 45.73026286736411], [-68.78999442559422, 45.7304428815758], [-68.78973738257383, 45.73044240882278], [-68.78973670711181, 45.730622423025814], [-68.78870853179153, 45.73062052621913], [-68.78870819240665, 45.73071053331259], [-68.78845114817979, 45.73071005766372], [-68.78845148797755, 45.73062005057175], [-68.78819444417, 45.73061957434608], [-68.78819512458638, 45.73043956016084], [-68.78678138830199, 45.73043693059926], [-68.78678104582386, 45.73052693768439], [-68.78665252414676, 45.730526697765164], [-68.78665183877276, 45.73070671192964], [-68.78678036086274, 45.73070695185036], [-68.7867796758951, 45.73088696601062], [-68.78665115339227, 45.7308867260884], [-68.78665081069958, 45.730976733165654], [-68.78703637883227, 45.730977452500845], [-68.78703603675727, 45.7310674595789], [-68.78677899092098, 45.73106698016519], [-68.78677864843148, 45.73115698724033], [-68.78690717155526, 45.73115722702022], [-68.78690614469632, 45.731427248239335], [-68.78703466844104, 45.7314274878769], [-68.78703432635793, 45.73151749494784], [-68.78741989822115, 45.73151821299531], [-68.78741955675574, 45.73160822006706], [-68.78754808091982, 45.73160845912781], [-68.78754739839704, 45.73178847326852], [-68.78741887382004, 45.73178823420628], [-68.78741784940439, 45.73205825540442], [-68.7872893242097, 45.732058016195346], [-68.78728693240461, 45.73268806560251], [-68.78741545904447, 45.73268830481681], [-68.78741477606992, 45.732868318921795], [-68.78767183018033, 45.73286879691962], [-68.78767148910353, 45.73295880397147], [-68.78805707090065, 45.73295951988608], [-68.78805638998095, 45.73313953398994], [-68.78818491766282, 45.73313977234047], [-68.78818389689057, 45.733409793487844], [-68.78831242519342, 45.73341003169601], [-68.78831208513924, 45.73350003874303], [-68.78844061365017, 45.73350027680737], [-68.78844027380083, 45.73359028385369], [-68.78856880251985, 45.73359052177417], [-68.78856846287536, 45.73368052881982], [-68.78882552073114, 45.733681004228515], [-68.78882518149798, 45.73377101127423], [-68.78908223977312, 45.73377148610606], [-68.78908257859335, 45.73368147905886], [-68.78921110752688, 45.73368171625716], [-68.78921144613903, 45.73359170920781], [-68.78959703232982, 45.733592419932954], [-68.78959737032096, 45.733502412879965], [-68.79024001297202, 45.733503594526475], [-68.7902396760132, 45.73359360158316], [-68.79036820475467, 45.73359383747945], [-68.79036685772925, 45.73395386569487], [-68.79023832816192, 45.73395362979564], [-68.79023765422669, 45.73413364389334], [-68.79010912424799, 45.73413340784805], [-68.79010844989342, 45.73431342193855], [-68.7899799195034, 45.734313185747204], [-68.78997958211723, 45.73440319278958], [-68.78985105152233, 45.734402956452904], [-68.78985071392809, 45.73449296349311], [-68.78972218312832, 45.7344927270111], [-68.78972150752209, 45.734672741085774], [-68.78959297631097, 45.734672504457706], [-68.78959263829898, 45.734762511492164], [-68.78946410688297, 45.734762274718754], [-68.78946275399305, 45.735122302839365], [-68.78920568951402, 45.735121828852854], [-68.7892050122335, 45.735301842901656], [-68.78907647958343, 45.73530160569003], [-68.78907478532157, 45.735751640783356], [-68.78894625164068, 45.735751403423414], [-68.7889455735117, 45.73593141744928], [-68.78881703941944, 45.73593117994327], [-68.78881636087105, 45.73611119396195], [-68.78868782636741, 45.73611095630986], [-68.7886871473996, 45.736290970321335], [-68.78855861248458, 45.73629073252317], [-68.78855827279176, 45.736380739526034], [-68.7881726674369, 45.73638002526171], [-68.78817232712298, 45.73647003226091], [-68.78791525648148, 45.736469555360195], [-68.78791491575296, 45.73655956235649], [-68.78765784470495, 45.736559084875886], [-68.78765818584647, 45.73646907788108], [-68.78752965053138, 45.73646883892462], [-68.78752896783374, 45.73664885291131], [-68.7876575035618, 45.73664909186926], [-68.78765613897306, 45.737009119828485], [-68.78778467552877, 45.73700935864482], [-68.78778331174014, 45.73736938658421], [-68.78765477435842, 45.737369147764895], [-68.78765375088045, 45.73763916870222], [-68.78752521288082, 45.73763892973607], [-68.78752453014107, 45.737818943685674], [-68.78739599173004, 45.737818704573414], [-68.78739565015123, 45.73790871154533], [-68.78726711153531, 45.73790847228772], [-68.78726676974836, 45.73799847925746], [-68.78713823092755, 45.7379982398545], [-68.78713754693575, 45.738178253788206], [-68.78700900770353, 45.73817801423913], [-68.78700798108412, 45.738448035126765], [-68.78687944123398, 45.738447795430844], [-68.78687875639987, 45.73862780934731], [-68.78675021613833, 45.73862756950527], [-68.7867498735123, 45.7387175764606], [-68.78662133304587, 45.73871733647321], [-68.78662030453852, 45.738987357328426], [-68.78649176345414, 45.73898711719418], [-68.78649107736139, 45.739167131089026], [-68.78636253586559, 45.73916689080866], [-68.78636150609468, 45.73943691163798], [-68.78623296398092, 45.73943667121075], [-68.78623193357576, 45.739706692024974], [-68.78610339084405, 45.73970645145088], [-68.78610304716587, 45.73979645838536], [-68.78597450422924, 45.7397962176659], [-68.78597381645494, 45.73997623152905], [-68.78558818641567, 45.73997550849844], [-68.78558853092323, 45.73988550156983], [-68.78545998778661, 45.739885260271144], [-68.78546171133262, 45.73943522561047], [-68.7853331692303, 45.739434984170934], [-68.78533420395785, 45.739164963359656], [-68.78520566247674, 45.73916472177777], [-68.78520600758918, 45.73907471483859], [-68.78494892504492, 45.73907423124248], [-68.78494927056877, 45.73898422430338], [-68.78482072950563, 45.738983982289156], [-68.78482107523435, 45.738893975349384], [-68.78469253437936, 45.73889373319132], [-68.78469322624495, 45.738713719309], [-68.78456468580465, 45.73871347700782], [-68.7845650319415, 45.738623470065285], [-68.78443649170937, 45.73862322762026], [-68.7844371843912, 45.7384432137324], [-68.78430864457373, 45.73844297114428], [-68.78430899111868, 45.73835296419897], [-68.78379483269137, 45.73835199240341], [-68.78379448532034, 45.73844199934568], [-68.7836659455111, 45.7384417560345], [-68.78366455518443, 45.738801783786286], [-68.78353601455076, 45.73880154032745], [-68.78353531896448, 45.73898155419328], [-68.78340677791942, 45.738981310588315], [-68.78340538590098, 45.73934133829979], [-68.78327684403146, 45.73934109454718], [-68.78327545116046, 45.73970112223277], [-68.78314690846649, 45.7397008783325], [-68.78314656003809, 45.73979088524959], [-68.78327510293859, 45.73979112915062], [-68.78327301357261, 45.740331170627684], [-68.78301592529483, 45.74033068267187], [-68.78301522800015, 45.74051069648308], [-68.78275813890282, 45.74051020794572], [-68.78275744077534, 45.7406902217482], [-68.78301453069882, 45.740690710288604], [-68.78301487935032, 45.74060070338657], [-68.78365760315523, 45.7406019222029], [-68.78365725553645, 45.74069192910876], [-68.78378580050894, 45.740692172438926], [-68.78378406342303, 45.741142206950606], [-68.78365551741784, 45.74114196361665], [-68.78365516978916, 45.74123197051394], [-68.78352662357906, 45.74123172703459], [-68.78352592790368, 45.74141174082339], [-68.78339738128213, 45.74141149719789], [-68.7833970332354, 45.741501504089385], [-68.78326848640896, 45.741501260318515], [-68.78326813815404, 45.741591267207816], [-68.78313959112269, 45.74159102329156], [-68.78313924265956, 45.74168103017867], [-68.7827536009558, 45.74168029755984], [-68.78275395003858, 45.741590290675], [-68.78262540301385, 45.74159004618023], [-68.78262575230154, 45.74150003929473], [-68.78249720548503, 45.74149979465611], [-68.78249685599079, 45.74158980154083], [-68.78223976194963, 45.741589311828164], [-68.78223906212997, 45.741769325590305], [-68.78236760956283, 45.741769570520475], [-68.78236691014965, 45.74194958427843], [-68.78249545799729, 45.741949829065504], [-68.78249510849476, 45.74203983594312], [-68.7826236565506, 45.74204008058633], [-68.78262330725296, 45.742130087463266], [-68.78275185551702, 45.742130331962635], [-68.78274941183318, 45.74276038006661], [-68.7826208621232, 45.74276013556192], [-68.78262051281231, 45.74285014242746], [-68.78249196289742, 45.742849897777354], [-68.78249161337831, 45.7429399046407], [-68.78236306325853, 45.74293965984522], [-68.78236271353119, 45.74302966670638], [-68.78223416320647, 45.74302942176549], [-68.78223381327092, 45.74311942862445], [-68.78210526274131, 45.74311918353817], [-68.78210491259752, 45.743209190394936], [-68.781976361863, 45.74320894516326], [-68.7819756611573, 45.74338895887098], [-68.7818471100113, 45.743388713493125], [-68.78184605832057, 45.74365873404172], [-68.7817175065565, 45.74365848851695], [-68.7817161034526, 45.74401851589204], [-68.7815875508639, 45.744018270219556], [-68.78158684888881, 45.744198283897], [-68.7813297428901, 45.74419779211505], [-68.78132939148688, 45.744287798950104], [-68.78068662548638, 45.7442865669602], [-68.7806862730486, 45.74437657378997], [-68.78055771964694, 45.74437632695731], [-68.7805573670009, 45.744466333784885], [-68.78068592060914, 45.74446658061833], [-68.78068521572521, 45.74464659427075], [-68.78042810768405, 45.74464610045615], [-68.78042740196707, 45.74482611409979], [-68.78017029310628, 45.74482561970353], [-68.78016887999955, 45.74518564696751], [-68.78029743525548, 45.745185894241054], [-68.78029637602761, 45.74545591467639], [-68.7801678201519, 45.74545566740054], [-68.78016711357843, 45.74563568101541], [-68.7800385572912, 45.745635433593364], [-68.78003820379536, 45.74572544039789], [-68.77990964730323, 45.74572519283043], [-68.7799089398933, 45.745905206433655], [-68.77965182608769, 45.7459047108617], [-68.779652534324, 45.745724697261565], [-68.7795239778369, 45.745724449260166], [-68.77952504079856, 45.74545442885159], [-68.77939648493293, 45.74545418070787], [-68.77939683945671, 45.745364173902935], [-68.77862550553785, 45.745362682007695], [-68.77862479400947, 45.74554269560682], [-68.77811056977791, 45.745541698110884], [-68.77811128295902, 45.745361684517974], [-68.77798272731856, 45.74536143478393], [-68.77798308411316, 45.74527142798611], [-68.77785452868096, 45.7452711781082], [-68.77785488568048, 45.74518117130975], [-68.77772633045657, 45.74518092128798], [-68.77772740206474, 45.74491090088639], [-68.77759884746229, 45.74491065072232], [-68.77759849005467, 45.7450006575235], [-68.7773413804417, 45.745000156759865], [-68.77733994914156, 45.74536018394405], [-68.77721139351125, 45.74535993334214], [-68.77721103547539, 45.745449940133845], [-68.77759670299118, 45.74545069150798], [-68.77759563073273, 45.74572071188155], [-68.77746707427266, 45.7457204615658], [-68.77746671664318, 45.74581046835336], [-68.7773381599782, 45.74581021789219], [-68.77733780214045, 45.74590022467755], [-68.77708068840238, 45.74589972331969], [-68.77708033014972, 45.74598973010204], [-68.77695177307665, 45.74598947920536], [-68.77695105615301, 45.74616949276422], [-68.77682249866844, 45.74616924172133], [-68.77682213999746, 45.74625924849785], [-68.77669358230798, 45.746258997309525], [-68.77669322342871, 45.74634900408382], [-68.77643610764164, 45.74634850127163], [-68.77643574834748, 45.74643850804294], [-68.7759215159674, 45.74643750067965], [-68.77592187608799, 45.746347493911486], [-68.77579331820385, 45.74634724170983], [-68.77579548013115, 45.745807201075635], [-68.77566692348832, 45.74580694873406], [-68.77566728401014, 45.74571694195748], [-68.77553872757562, 45.74571668947203], [-68.77553800611706, 45.74589670302217], [-68.77476666506672, 45.745895185062466], [-68.77476594112211, 45.74607519859742], [-68.77450882662599, 45.7460746914505], [-68.77450846423793, 45.74616469821425], [-68.77437990678584, 45.74616444442303], [-68.77437881899148, 45.746434464703356], [-68.77425026092132, 45.7464342107651], [-68.7742480840465, 45.746974251282495], [-68.77411952473841, 45.746973997194836], [-68.77411879868647, 45.74715401068763], [-68.77399023896689, 45.74715375645373], [-68.77398914925624, 45.74742377667985], [-68.77386058891852, 45.74742352229892], [-68.77385768129466, 45.7481435761661], [-68.77372911930571, 45.748143321634146], [-68.77372875563836, 45.74823332836035], [-68.77360019344452, 45.74823307368294], [-68.77359982956881, 45.74832308040689], [-68.77347126717008, 45.74832282558405], [-68.77347053900021, 45.748502839026095], [-68.77334197618997, 45.748502584056986], [-68.77334161189582, 45.7485925907751], [-68.77308448586724, 45.7485920804013], [-68.7730841211581, 45.74868208711637], [-68.77295555793978, 45.74868183171169], [-68.77295482810307, 45.74886184513596], [-68.77282626447322, 45.74886158958503], [-68.7728240736817, 45.74940162981881], [-68.77230981422045, 45.74940060614927], [-68.77231237592355, 45.748770559227225], [-68.772183812509, 45.74877030295377], [-68.77218454482181, 45.74859028953624], [-68.77167029283405, 45.74858926300225], [-68.77166955886823, 45.74876927641337], [-68.77089817845929, 45.74876773226291], [-68.77089781023399, 45.74885773896151], [-68.77076924663197, 45.74885748109598], [-68.77076887819828, 45.74894748779235], [-68.7706403143914, 45.74894722978135], [-68.77063994574934, 45.749037236475495], [-68.77051138173756, 45.749036978319026], [-68.77051101288711, 45.74912698501094], [-68.7701253202424, 45.74912620967114], [-68.7701249507703, 45.7492162163592], [-68.76999638635226, 45.74921595762246], [-68.76999601667178, 45.74930596430829], [-68.7696103228083, 45.74930518722768], [-68.76960884158918, 45.749665213947026], [-68.76922314526186, 45.749664435554706], [-68.76922240340191, 45.74984444890095], [-68.76935096925587, 45.74984470851135], [-68.76935059852991, 45.749934715183144], [-68.76986486278987, 45.749935752181266], [-68.76986449288871, 45.750025758854875], [-68.76999305916475, 45.750026017743544], [-68.76999268946847, 45.750116024416535], [-68.77012125595289, 45.750116283161354], [-68.77012014747349, 45.75038630317417], [-68.76999158036912, 45.75038604442693], [-68.76999084096079, 45.750566057760075], [-68.76986227344489, 45.75056579886656], [-68.76986153361624, 45.75074581219236], [-68.76960439776309, 45.750745293968066], [-68.76960402743283, 45.75083530062723], [-68.76947545930224, 45.750835041297265], [-68.76947508876357, 45.750925047954176], [-68.76921795209438, 45.75092452885862], [-68.76921758114064, 45.75101453551248], [-68.76883187553008, 45.75101375578166], [-68.76883150395462, 45.75110376243168], [-68.76844579773997, 45.751102981396365], [-68.76844616993539, 45.751012974748804], [-68.7680604643566, 45.75101219241387], [-68.76806083717021, 45.75092218576732], [-68.76793226885414, 45.75092192470048], [-68.76793301488937, 45.750741911404724], [-68.76806158279213, 45.750742172469934], [-68.76806195560044, 45.750652165819105], [-68.76819052329833, 45.75065242673883], [-68.7681916410927, 45.75038240677533], [-68.76832020817241, 45.75038266754794], [-68.76832095294652, 45.750202654230186], [-68.76844951961472, 45.7502029148565], [-68.76845100831517, 45.749842888200604], [-68.76755104746098, 45.749841060801195], [-68.7675503002213, 45.75002107412059], [-68.76729316773806, 45.75002055070121], [-68.76729241966471, 45.750200564011614], [-68.76703528636199, 45.75020004001029], [-68.76703453745495, 45.75038005331171], [-68.76677740333275, 45.75037952872844], [-68.76677515408923, 45.750919568588685], [-68.76651801749435, 45.75091904341688], [-68.76651726690567, 45.75109905668894], [-68.76626012949129, 45.75109853093518], [-68.76625937806885, 45.75127854419824], [-68.76600223983499, 45.7512780178625], [-68.7660014875788, 45.75145803111658], [-68.76523007044018, 45.75145644862727], [-68.76522969306946, 45.75154645524724], [-68.76458684446987, 45.75154513252347], [-68.76458722287389, 45.75145512590764], [-68.76368723635655, 45.7514532680238], [-68.7636868565059, 45.75154327463382], [-68.76330114740551, 45.751542476225275], [-68.7633007669331, 45.75163248283138], [-68.76252934754112, 45.751630882103065], [-68.76252896582692, 45.75172088870274], [-68.76214325553539, 45.75172008638296], [-68.76214363786957, 45.75163007978577], [-68.76201506798266, 45.75162981205733], [-68.76201468544184, 45.751719818653676], [-68.76175754526018, 45.75171928276108], [-68.76175716230422, 45.751809289354334], [-68.76162859200946, 45.75180902119018], [-68.76162820884501, 45.751899027781164], [-68.76149963834541, 45.75189875947151], [-68.76149695469672, 45.752528805562555], [-68.76136838275228, 45.75252853710236], [-68.76136723196983, 45.75279855683175], [-68.76123865940718, 45.752798288224355], [-68.76123789179643, 45.75297830136846], [-68.76110931882225, 45.752978032614706], [-68.76110624665299, 45.753698085127404], [-68.76084909740325, 45.75369754717239], [-68.76084871296054, 45.75378755372838], [-68.76033441365622, 45.75378647607878], [-68.7603351841933, 45.753606462972115], [-68.76020660978516, 45.75360619319968], [-68.76020699525765, 45.75351618664504], [-68.760078421058, 45.75351591672876], [-68.76007919241084, 45.753335903616914], [-68.75995061862639, 45.753335633557626], [-68.75995293388102, 45.75279559419286], [-68.76008150642542, 45.75279586424707], [-68.76008420602584, 45.752165818250674], [-68.76021277712536, 45.75216608815432], [-68.76021431888726, 45.751806061835914], [-68.76034288916198, 45.751806331591496], [-68.7603448152899, 45.75135629865718], [-68.76021624604849, 45.7513560289058], [-68.76021663147525, 45.75126602231549], [-68.75983092438194, 45.75126521219584], [-68.7598316964699, 45.751085199016025], [-68.75957455924349, 45.75108465821626], [-68.75957494569802, 45.75099465162589], [-68.75931780889223, 45.750994110249124], [-68.75931819575825, 45.750904103659025], [-68.75880392299534, 45.750903019172824], [-68.75880431068613, 45.75081301258467], [-68.75803290283687, 45.7508113815203], [-68.75803329176573, 45.75072137493582], [-68.75751902072972, 45.75072028466954], [-68.75751941048331, 45.75063027808704], [-68.75713370784567, 45.75062945887084], [-68.75713331747212, 45.75071946545078], [-68.75700474972331, 45.750719192088525], [-68.7570051403035, 45.750629185509446], [-68.75610516756021, 45.75062726792882], [-68.7561055595851, 45.75053726135429], [-68.75597699226441, 45.75053698683638], [-68.7559762077995, 45.750716999982295], [-68.75571907233716, 45.75071645050903], [-68.75571671641791, 45.75125648990226], [-68.75533100951861, 45.751255664591866], [-68.75533061623891, 45.75134567114985], [-68.75545918541013, 45.75134594639884], [-68.75545722001696, 45.75179597917157], [-68.75532864981244, 45.751795703918276], [-68.75532786322879, 45.75197571701566], [-68.75545643384663, 45.75197599227068], [-68.7554548614836, 45.752336018451764], [-68.7553262900391, 45.75233574319331], [-68.75532589673699, 45.75242574973415], [-68.75519732508769, 45.752425474330174], [-68.75519653806457, 45.752605487405866], [-68.75506796600379, 45.752605211855474], [-68.75506757228275, 45.75269521839032], [-68.75493900001717, 45.75269494269439], [-68.75493860608762, 45.75278494922695], [-68.7546814611487, 45.75278439739933], [-68.75468106680393, 45.752874403928736], [-68.75442392145915, 45.75287385152067], [-68.75442352669916, 45.75296385804692], [-68.75390923520541, 45.75296275149113], [-68.75390963079212, 45.75287274496835], [-68.75339534015511, 45.75287163610112], [-68.7533957365666, 45.75278162958035], [-68.75313859167274, 45.75278107428038], [-68.7531389884957, 45.75269106775992], [-68.75301041625826, 45.75269078989378], [-68.75301200435801, 45.75233076380113], [-68.75314057576878, 45.75233104166381], [-68.75314097258232, 45.752241035136215], [-68.7532695437883, 45.752241312853336], [-68.75327033699645, 45.752061299792125], [-68.7531417662038, 45.75206102207674], [-68.75314295662187, 45.751791002476836], [-68.75327152679453, 45.751791280189614], [-68.75327192339014, 45.7517012736526], [-68.75340049335803, 45.751701551219845], [-68.7534008897451, 45.75161154468052], [-68.75352945950819, 45.75161182210223], [-68.75352985568671, 45.751521815560615], [-68.75365842524505, 45.75152209283678], [-68.75365882121501, 45.75143208629288], [-68.75378739056856, 45.751432363423504], [-68.75378778633001, 45.751342356877316], [-68.75365921718313, 45.75134207974755], [-68.75365961314934, 45.751252073200796], [-68.75378818208958, 45.75125235032968], [-68.75379016085925, 45.75080231757018], [-68.7539187287681, 45.75080259455007], [-68.75391991538741, 45.75053257487465], [-68.75404848267819, 45.750532851707284], [-68.75405124994441, 45.749902805741975], [-68.75392268410015, 45.74990252891539], [-68.75392307962302, 45.74981252234408], [-68.75379451398727, 45.74981224537369], [-68.75379490971493, 45.749722238801816], [-68.75366634428768, 45.74972196168763], [-68.75366515647919, 45.749991981396384], [-68.75315089230938, 45.749990871482595], [-68.7531516858367, 45.74981085835176], [-68.75186602967688, 45.749808073457956], [-68.75186682732944, 45.749628060338836], [-68.7514811317582, 45.749627222054926], [-68.75148153120155, 45.74953721549584], [-68.75058157638145, 45.749535254442904], [-68.75058197726936, 45.74944524788851], [-68.75032484775114, 45.74944468628745], [-68.75032524905043, 45.749354679733365], [-68.7500681199531, 45.74935411755539], [-68.75006852166374, 45.74926411100165], [-68.7498113929873, 45.74926354824679], [-68.74981179510931, 45.749173541693374], [-68.7496832309806, 45.74917326009983], [-68.74968363330731, 45.74908325354586], [-68.74929794155248, 45.749082407899884], [-68.7492983444972, 45.74899240134713], [-68.74916978078939, 45.74899211917669], [-68.74917018393882, 45.74890211262339], [-68.74904162043954, 45.74890183030917], [-68.74904202379369, 45.74881182375534], [-68.74865633392723, 45.74881097594734], [-68.74865673789935, 45.748720969394725], [-68.74801392252674, 45.74871955349261], [-68.74801351752147, 45.74880956004082], [-68.74788495424609, 45.748809276425526], [-68.74788454903226, 45.74889928297141], [-68.74775598555217, 45.748898999210574], [-68.7477555801298, 45.74898900575415], [-68.74749845276213, 45.74898843779671], [-68.74749804692458, 45.7490784443371], [-68.74724091915134, 45.749077875799244], [-68.7472405128986, 45.749167882336415], [-68.74711194880824, 45.7491675978496], [-68.74711154234694, 45.749257604384454], [-68.74698297805188, 45.7492573197521], [-68.74698338471981, 45.74916731321813], [-68.7468548206333, 45.749167028442], [-68.74685441375873, 45.74925703497508], [-68.7460830280405, 45.74925532327501], [-68.74608343615486, 45.74916531674728], [-68.7459548720819, 45.7491650309585], [-68.74595528040095, 45.74907502443023], [-68.74582671653656, 45.74907473849768], [-68.7458271250603, 45.74898473196888], [-68.74569856140448, 45.748984445892575], [-68.74570101374604, 45.74844440669513], [-68.74582957616211, 45.748444692766085], [-68.74583080168685, 45.74817467314542], [-68.74570223989065, 45.74817438707716], [-68.74570305731069, 45.747994373991354], [-68.74557449592966, 45.74799408778021], [-68.7455749048434, 45.747904081236065], [-68.74544634367093, 45.747903794881154], [-68.74544879835226, 45.74736375559169], [-68.74557735828502, 45.74736404194124], [-68.74557817608337, 45.747184028831555], [-68.74570673560486, 45.74718431503466], [-68.74570877903376, 45.74673428223099], [-68.7455802205453, 45.74673399603235], [-68.74558062943188, 45.74664398946823], [-68.74545207115199, 45.746643703125834], [-68.74545248024322, 45.74655369656118], [-68.74532392217188, 45.74655341007502], [-68.74532433146776, 45.746463403509836], [-68.74468154217317, 45.74646196891381], [-68.74468113184427, 45.74655197547453], [-68.74442401572685, 45.74655140062178], [-68.74442319423677, 45.74673141373533], [-68.7439089603725, 45.74673026228685], [-68.74390813722177, 45.74691027538749], [-68.74365101947491, 45.74690969879176], [-68.74364937149714, 45.74726972496873], [-68.74352081180021, 45.74726943645028], [-68.74352039959426, 45.74735944299006], [-68.74339183969268, 45.747359154326055], [-68.74339142727817, 45.747449160863496], [-68.74326286717194, 45.74744887205395], [-68.74326245454886, 45.74753887858905], [-68.74313389423794, 45.74753858963393], [-68.74313265573711, 45.747808609228024], [-68.74300409480833, 45.74780832012554], [-68.74300326871807, 45.74798833317933], [-68.74313183006011, 45.74798862228361], [-68.74313100437524, 45.7481686353335], [-68.74325956613247, 45.74816892429493], [-68.74325915349374, 45.74825893081863], [-68.74338771545953, 45.7482592196363], [-68.74338689058942, 45.74843923268122], [-68.74351545297043, 45.74843952135603], [-68.74351380403323, 45.74879954743237], [-68.74338524082572, 45.74879925875395], [-68.74338441593213, 45.74897927178176], [-68.74325585231331, 45.748978982956864], [-68.74325543965695, 45.74906898946772], [-68.74312687583345, 45.749068700497276], [-68.7431264629685, 45.74915870700579], [-68.74274077088991, 45.749157839223756], [-68.74274118437475, 45.74906783271794], [-68.74261262055911, 45.74906754316884], [-68.74261303424863, 45.748977536662494], [-68.74248447064157, 45.74897724696964], [-68.74248488453576, 45.74888724046278], [-68.7423563211373, 45.74888695062615], [-68.74235673523614, 45.74879694411877], [-68.74222817204628, 45.748796654138395], [-68.74222858634978, 45.74870664763048], [-68.74235714933303, 45.748706937609946], [-68.74235797752091, 45.74852692458804], [-68.74248654009284, 45.74852721442104], [-68.74248778174005, 45.74825719487476], [-68.7426163436941, 45.74825748456038], [-68.74261675736595, 45.748167478041196], [-68.74248819561853, 45.748167188356476], [-68.74249067884813, 45.74762714921682], [-68.74236211834237, 45.74762685939286], [-68.74236253241371, 45.74753685286549], [-68.74249109271284, 45.74753714268854], [-68.74249274815212, 45.74717711656119], [-68.74236418867943, 45.74717682674176], [-68.7423658449137, 45.74681680059519], [-68.74249440355996, 45.746817090410985], [-68.74249605893638, 45.746457064237966], [-68.74262461675818, 45.7464573539055], [-68.7426262712768, 45.74609732770602], [-68.7424977142814, 45.746097038042095], [-68.74249812811274, 45.74600703148957], [-68.74236957132591, 45.7460067416819], [-68.7423699853619, 45.74591673512885], [-68.74224142878363, 45.74591644517745], [-68.74224184302423, 45.745826438623865], [-68.74211328665452, 45.74582614852872], [-68.74211411554303, 45.74564613541909], [-68.7418570036359, 45.745645554798486], [-68.74185824819347, 45.74537553512879], [-68.74121547155897, 45.745374081059616], [-68.74121505567545, 45.74546408761306], [-68.74082938909865, 45.7454632134331], [-68.74082855608614, 45.74564322653027], [-68.74031433235866, 45.74564205892469], [-68.7403134976855, 45.745822072008856], [-68.73902793437367, 45.74581914285147], [-68.73902877317872, 45.74563912978558], [-68.73877166136657, 45.74563854222201], [-68.73877250099002, 45.745458529154085], [-68.73851539001222, 45.745457941015616], [-68.73851581023415, 45.74536793448136], [-68.7382586996775, 45.745367345766155], [-68.73825912031062, 45.74527733923229], [-68.73800201017511, 45.74527674994036], [-68.73800285226172, 45.745096736872036], [-68.73787429761013, 45.74509644201095], [-68.73787471885701, 45.74500643547557], [-68.738003273302, 45.74500673033574], [-68.7380041153766, 45.74482671725886], [-68.7386468855656, 45.744828189380904], [-68.73864730556699, 45.74473818283574], [-68.73877585940419, 45.7447384768253], [-68.738776279197, 45.744648470277774], [-68.7390333864642, 45.74464905782116], [-68.73903380584186, 45.744559051270386], [-68.73929091270385, 45.74455963823338], [-68.73929300749647, 45.74410960544889], [-68.73942155989755, 45.74410989870886], [-68.73942197864355, 45.74401989214676], [-68.73929342644902, 45.74401959888772], [-68.73929426434819, 45.74383958576107], [-68.73916571256882, 45.74383929235923], [-68.73916613172199, 45.74374928579469], [-68.73903758015118, 45.74374899224912], [-68.73903799950892, 45.743658985684064], [-68.73890944814669, 45.743658691994774], [-68.73891070682771, 45.74338867229381], [-68.73878215608717, 45.74338837846264], [-68.7387825758501, 45.743298371893694], [-68.73788272216805, 45.743296311032196], [-68.73788230095914, 45.743386317594705], [-68.73749664879138, 45.743385432196085], [-68.73749622696076, 45.743475438754395], [-68.73698202327216, 45.74347425619435], [-68.73698244592904, 45.74338424963973], [-68.73659679380336, 45.74338336120381], [-68.73659721707794, 45.74329335465053], [-68.736340116084, 45.7432927616386], [-68.73634053976971, 45.74320275508577], [-68.73608343919693, 45.74320216149716], [-68.73608386329377, 45.74311215494474], [-68.7356982130694, 45.74311126347988], [-68.73569863778391, 45.74302125692882], [-68.73544153805754, 45.7430206618976], [-68.73544196318318, 45.74293065534696], [-68.73531341352958, 45.74293035761534], [-68.73531383885977, 45.74284035106421], [-68.73518528941474, 45.74284005318888], [-68.73518699154153, 45.74248002697382], [-68.73505844292477, 45.742479728957576], [-68.73505929438917, 45.74229971584334], [-68.73518784259281, 45.74230001385771], [-68.73518826811544, 45.742210007297516], [-68.73415988419535, 45.74220761914038], [-68.7341590298432, 45.742387632244416], [-68.73364483627931, 45.742386434687305], [-68.73364569228391, 45.74220642159075], [-68.73390278823558, 45.74220702065482], [-68.73390321582173, 45.742117014102526], [-68.73377466805144, 45.742116714643736], [-68.7337750958421, 45.742026708090954], [-68.73351800072074, 45.74202610874136], [-68.73351842892248, 45.74193610218902], [-68.73326133422233, 45.741935502262805], [-68.73326047699058, 45.74211551536232], [-68.73338902475274, 45.742115815399615], [-68.73338816792598, 45.7422958284953], [-68.7335167161033, 45.74229612838983], [-68.7335158596815, 45.742476141481674], [-68.73364440827397, 45.74247644123345], [-68.73364355225716, 45.74265645432145], [-68.73377210126478, 45.74265675393048], [-68.7337716734599, 45.74274676047328], [-68.7339002226761, 45.74274705993861], [-68.73389979507574, 45.7428370664809], [-68.73402834450053, 45.742837365802544], [-68.73402748970688, 45.743017378884744], [-68.73415603954682, 45.74301767806361], [-68.73415518515819, 45.74319769114196], [-68.73428373541327, 45.743197990178054], [-68.73428245443482, 45.743468009787684], [-68.73441100531166, 45.743468308681955], [-68.73441057852135, 45.743558315216575], [-68.73453912960679, 45.743558613967146], [-68.73453827643324, 45.74373862703398], [-68.73466682793384, 45.74373892564178], [-68.73466597516537, 45.74391893870476], [-68.7349230789989, 45.74391953549018], [-68.73492265302478, 45.744009542021395], [-68.73505120515115, 45.74400984019808], [-68.73505035361, 45.74418985325808], [-68.73517890615155, 45.74419015129199], [-68.7351776294444, 45.74446017087409], [-68.7353061826077, 45.74446046876615], [-68.73530575724119, 45.74455047529158], [-68.7354343106131, 45.74455077303994], [-68.73543473577303, 45.744460766513576], [-68.73556328894037, 45.74446106411636], [-68.73556243903165, 45.744641077169526], [-68.73569099261418, 45.74464137462953], [-68.73569014311056, 45.744821387678854], [-68.73581869710827, 45.744821684996076], [-68.73581742345749, 45.74509170456212], [-68.73594597807697, 45.74509200173748], [-68.73594258323902, 45.74581205385824], [-68.73607113951323, 45.74581235089639], [-68.73607071535602, 45.74590235740599], [-68.73619927183884, 45.74590265430041], [-68.73619884788621, 45.7459926608095], [-68.73632740457765, 45.745992957560205], [-68.73632655707956, 45.74617297057598], [-68.7364551141862, 45.746173267183885], [-68.73645469064074, 45.74626327369056], [-68.73658324795599, 45.746263570154746], [-68.73658240127223, 45.74644358316564], [-68.73671095900269, 45.74644387948704], [-68.73670757384019, 45.747163931480976], [-68.7365790144569, 45.74716363515218], [-68.73657732100101, 45.74752366111119], [-68.73670588121077, 45.74752395744368], [-68.73670376537879, 45.74797398986496], [-68.73683232662363, 45.74797428605743], [-68.73683105772022, 45.748244305495845], [-68.73695961958693, 45.748244601546425], [-68.73695835128531, 45.74851462097477], [-68.7370869137739, 45.74851491688345], [-68.73708606864272, 45.74869492983038], [-68.73721463154656, 45.748695225596265], [-68.73721378682062, 45.748875238539334], [-68.7373423501397, 45.748875534162394], [-68.73734192798035, 45.748965540632724], [-68.73772761856956, 45.748966426636706], [-68.73772804010902, 45.74887642016362], [-68.73824229342944, 45.748877599473325], [-68.73824061056567, 45.74923762537183], [-68.73836917472728, 45.749237919841285], [-68.73836833369668, 45.74941793278382], [-68.73862546285244, 45.74941852129241], [-68.73862504274742, 45.74950852776336], [-68.73888217232442, 45.749509115695126], [-68.73888175263068, 45.74959912216651], [-68.7390103176288, 45.7495994159163], [-68.7390098981397, 45.74968942238717], [-68.73913846334645, 45.74968971599321], [-68.73913678619672, 45.75004974186605], [-68.73900822016341, 45.75004944825632], [-68.73900612264826, 45.75049948056067], [-68.73913468971477, 45.750499774174976], [-68.73913217387081, 45.75103981289859], [-68.73926074217923, 45.75104010637372], [-68.73925990396195, 45.751220119272006], [-68.73938847268566, 45.7512204126043], [-68.73938763487375, 45.751400425498716], [-68.73951620401276, 45.75140071868817], [-68.73951494789995, 45.751670738021815], [-68.73964351766091, 45.751671031069336], [-68.7396422621502, 45.75194105039289], [-68.73938512139031, 45.75194046414769], [-68.73938679705388, 45.751580438387414], [-68.73925822750356, 45.751580145051456], [-68.73925864662114, 45.75149013860873], [-68.73913007727944, 45.751489845129015], [-68.73913091592196, 45.75130983224114], [-68.73900234699558, 45.751309538618585], [-68.73900318604345, 45.7511295257268], [-68.73874604902326, 45.751128938051345], [-68.73874688888976, 45.750948925157545], [-68.73861832079596, 45.75094863110464], [-68.73861916106782, 45.750768618206955], [-68.73849059338932, 45.750768324011226], [-68.73849101372889, 45.75067831756117], [-68.73836244625902, 45.75067802322167], [-68.73836370788574, 45.75040800386569], [-68.73849227473565, 45.750408298202416], [-68.73849353572447, 45.75013827883083], [-68.73836496949448, 45.750137984496845], [-68.73836539002673, 45.750047978037706], [-68.7382368240054, 45.75004768355999], [-68.7382372447423, 45.74995767710035], [-68.73810867892958, 45.749957382478875], [-68.73810909987112, 45.74986737601872], [-68.73798053426705, 45.749867081253505], [-68.73798095541325, 45.74977707479285], [-68.73785239001779, 45.74977677988389], [-68.73785281136863, 45.74968677342273], [-68.73772424618183, 45.74968647837002], [-68.7377246677373, 45.749596471908355], [-68.73759610275913, 45.749596176711904], [-68.73759652451922, 45.749506170249724], [-68.73721083021665, 45.74950528379515], [-68.73721209734465, 45.74923526440837], [-68.73708353320104, 45.74923496863694], [-68.73708437835629, 45.749054955707145], [-68.73695581462793, 45.749054659792904], [-68.73695750574088, 45.74869463391985], [-68.73682894284104, 45.74869433786465], [-68.73683021177457, 45.74842431844764], [-68.73670164949662, 45.74842402225056], [-68.73670291903194, 45.7481540028235], [-68.73657435737587, 45.74815370648452], [-68.73657562751299, 45.74788368704737], [-68.73644706647877, 45.747883390566535], [-68.73644833721767, 45.74761337111932], [-68.73631977680532, 45.747613074496584], [-68.73632147192214, 45.747253048550675], [-68.73619291233825, 45.747252751787016], [-68.73619418427457, 45.74698273231538], [-68.73593706635249, 45.746982138359634], [-68.73593791512641, 45.746802125375126], [-68.73568079803881, 45.74680153084448], [-68.73568122283596, 45.74671152435194], [-68.7355526645018, 45.74671122687057], [-68.73555351450325, 45.74653121388307], [-68.73542495658431, 45.74653091625891], [-68.73542538178862, 45.74644090976395], [-68.73529682407829, 45.746440611996064], [-68.73529724948718, 45.746350605500595], [-68.73516869198548, 45.746350307589005], [-68.73516911759896, 45.74626030109304], [-68.73504056030586, 45.746260003037726], [-68.7350409861239, 45.74616999654128], [-68.73414108657512, 45.74616790611046], [-68.73414065931087, 45.74625791260039], [-68.73362643021545, 45.746256714882506], [-68.7336268583061, 45.746166708396316], [-68.73324118712566, 45.74616580859191], [-68.73324161583406, 45.74607580210711], [-68.73311305898459, 45.746075501883944], [-68.73311348789757, 45.74598549539865], [-68.73247070471368, 45.74598399211786], [-68.73246984481972, 45.746164005077645], [-68.7325984018656, 45.74616430602498], [-68.73259797212218, 45.74625431250366], [-68.73234085761922, 45.74625371046248], [-68.73234171793045, 45.74607369750741], [-68.73221316109525, 45.746073396271726], [-68.73221359145441, 45.745983389793004], [-68.7318279215808, 45.74598248522089], [-68.73182533567645, 45.74652252405491], [-68.73169677781641, 45.74652222223593], [-68.73169591541873, 45.7467022351673], [-68.73156735714751, 45.74670193320178], [-68.73156649432845, 45.74688194612555], [-68.73143793564607, 45.74688164401349], [-68.73143750402686, 45.7469716504723], [-68.73130894513993, 45.74697134821465], [-68.73130851331206, 45.74706135467108], [-68.73117995422056, 45.74706105226783], [-68.73117952218405, 45.7471510587219], [-68.730922403594, 45.74715045347957], [-68.7309219711422, 45.74724045993032], [-68.73079341164365, 45.74724015709122], [-68.73079297898319, 45.747330163539594], [-68.73066441928009, 45.747329860554906], [-68.73066398641096, 45.7474198670009], [-68.73040686659768, 45.74741926059568], [-68.73040643331326, 45.74750926703834], [-68.7302778732031, 45.747508963617804], [-68.73027743971002, 45.74759897005812], [-68.73002031908263, 45.747598362781176], [-68.73001988517427, 45.747688369218146], [-68.72950564311773, 45.74768715292462], [-68.72950520838084, 45.747777159356374], [-68.72924808695173, 45.747776550339765], [-68.72924634633063, 45.74813657604493], [-68.72898922325682, 45.748135966442085], [-68.7289883521074, 45.74831597928229], [-68.72873122821537, 45.748315369097014], [-68.72873035623118, 45.7484953819277], [-68.72847323152094, 45.74849477115999], [-68.7284719222894, 45.748764790389586], [-68.72834335931752, 45.74876448478588], [-68.72834292269624, 45.74885449119193], [-68.72821435951978, 45.74885418544261], [-68.72821348585775, 45.74903419824854], [-68.72795635868455, 45.749033586312095], [-68.72795592143717, 45.74912359271099], [-68.72782735764706, 45.74912328652483], [-68.72782692019098, 45.74921329292135], [-68.7274412282132, 45.74921237349198], [-68.72744079013513, 45.74930237988422], [-68.72731222594005, 45.749302073117484], [-68.72731178765329, 45.74939207950733], [-68.72718322325366, 45.749391772594976], [-68.72718278475817, 45.749481778982435], [-68.727054220154, 45.749481471924454], [-68.7270537814498, 45.74957147830953], [-68.72692521664106, 45.74957117110593], [-68.7269256555519, 45.749481164721814], [-68.7267970909519, 45.749480857374515], [-68.72679753006729, 45.74939085098994], [-68.726668965676, 45.749390543498926], [-68.72666940499595, 45.749300537113875], [-68.72628371245446, 45.74929961377576], [-68.72628327251464, 45.74938962015792], [-68.72615470813167, 45.74938931208826], [-68.72615338767973, 45.74965933122331], [-68.72602482267897, 45.749659023006096], [-68.72602438231749, 45.749749029380624], [-68.72589581711219, 45.74974872101778], [-68.72589493596972, 45.74992873376065], [-68.72576637035323, 45.74992842525121], [-68.72576548878912, 45.75010843798643], [-68.72563692276142, 45.75010812933041], [-68.7256364817696, 45.75019813569491], [-68.72550791553735, 45.750197826893256], [-68.72550747433678, 45.75028783325536], [-68.7253789079, 45.75028752430808], [-68.7253784664907, 45.7503775306678], [-68.72524989984936, 45.75037722157489], [-68.72524901661116, 45.75055723428812], [-68.72512044955863, 45.750556925048606], [-68.72512000772976, 45.7506469314021], [-68.72499144047268, 45.75064662201696], [-68.72499055639531, 45.75082663471777], [-68.72486198872704, 45.750826325186004], [-68.724861104228, 45.75100633787916], [-68.72473253614852, 45.751006028200806], [-68.7247320936892, 45.751096034544275], [-68.72460352540517, 45.75109572472027], [-68.72460219739466, 45.75136574373923], [-68.72447362849276, 45.75136543376767], [-68.72447318561173, 45.751455440103484], [-68.72421604740096, 45.75145481972439], [-68.7242156041045, 45.75154482605685], [-68.72408703479562, 45.75154451564932], [-68.7240865912904, 45.75163452197938], [-68.72395802177697, 45.75163421142621], [-68.723957578063, 45.75172421775389], [-68.7237004386291, 45.75172359621158], [-68.72370088275639, 45.75163358988585], [-68.72382945226562, 45.75163390072837], [-68.72382989618414, 45.75154389440024], [-68.7235727575811, 45.75154327257247], [-68.72357186891531, 45.75172328522341], [-68.72331472949406, 45.75172266281306], [-68.72331295048394, 45.752082688090034], [-68.72305580941786, 45.7520820650932], [-68.72305669975378, 45.75190205246146], [-68.72292812963724, 45.75190174074798], [-68.72292590274824, 45.75235177231177], [-68.72279733160049, 45.752351460448736], [-68.72279688600969, 45.75244146675624], [-68.72305402872064, 45.75244209033957], [-68.72305313835936, 45.752622102954184], [-68.7226674230561, 45.75262116735633], [-68.72266653144635, 45.75280117995939], [-68.72253795926949, 45.75280086780214], [-68.72253662121898, 45.7530708866931], [-68.72266519401586, 45.75307119885328], [-68.72266430238497, 45.75325121144207], [-68.7227928755973, 45.75325152345952], [-68.72279242998536, 45.753341529752745], [-68.7229210034065, 45.75334184162648], [-68.72292011258962, 45.7535218542106], [-68.72304868642622, 45.7535221659416], [-68.72304824122129, 45.7536121722325], [-68.72317681526667, 45.753612483819786], [-68.72317726026493, 45.753522477527916], [-68.72330583410576, 45.753522788969555], [-68.72330538931418, 45.75361279526239], [-68.72343396336379, 45.75361310656031], [-68.7234361862672, 45.75316307507699], [-68.72330761325095, 45.75316276378393], [-68.72330716846783, 45.75325277008248], [-68.72317859524702, 45.753252458643765], [-68.72317948522453, 45.753072446047184], [-68.72330805803199, 45.753072757483956], [-68.7233085028109, 45.75298275118256], [-68.72317993021011, 45.75298243974676], [-68.72318037519359, 45.752892433444906], [-68.72305180280159, 45.75289212186539], [-68.72305269317555, 45.75271210925935], [-68.7231812651542, 45.75271242083692], [-68.72318171013134, 45.75262241453077], [-68.72331028190543, 45.75262272596269], [-68.72331072667379, 45.75253271965414], [-68.72343929824333, 45.7525330309404], [-68.72343840911783, 45.752713043558], [-68.7238241250791, 45.75271397655453], [-68.7238236811332, 45.7528039828641], [-68.72395225333118, 45.75280429357456], [-68.72395092210085, 45.753074312497596], [-68.72407949492094, 45.75307462306629], [-68.72407993845982, 45.75298461675907], [-68.72420851107535, 45.7529849271821], [-68.72420762440885, 45.75316493979705], [-68.72446477047289, 45.753165560212956], [-68.72446521339386, 45.753075553904246], [-68.72459378622236, 45.75307586389421], [-68.72459334350808, 45.75316587020388], [-68.72472191654536, 45.753166180050115], [-68.72472103152384, 45.75334619266712], [-68.7245924580732, 45.753345882818934], [-68.72459157262992, 45.75352589542828], [-68.72433442490825, 45.75352527529401], [-68.72433531117824, 45.75334526268853], [-68.72407816429168, 45.753344641979396], [-68.72407772074439, 45.7534346482809], [-68.7239491470976, 45.75343433770835], [-68.72394870334152, 45.753524344007474], [-68.72382012949015, 45.753524033289246], [-68.72382057345291, 45.7534340269911], [-68.72369199981031, 45.75343371612917], [-68.72369111146935, 45.75361372872211], [-68.72356253741552, 45.75361341771355], [-68.72356120426821, 45.75388343658933], [-68.72394692829616, 45.75388436918966], [-68.72394737206066, 45.75379436289626], [-68.72433309548751, 45.75379529419151], [-68.72433265234305, 45.75388530048784], [-68.72446122702956, 45.753885610631194], [-68.72446078408969, 45.753975616927036], [-68.72458935898497, 45.75397592692667], [-68.72459024444926, 45.7537959143316], [-68.72471881893328, 45.75379622418461], [-68.7247192614556, 45.75370621788397], [-68.72484783573505, 45.75370652759133], [-68.72484827804858, 45.75361652128829], [-68.72497685212345, 45.75361683085], [-68.72497773633084, 45.753436818237695], [-68.72484916266933, 45.75343650867792], [-68.72484960497657, 45.75334650237061], [-68.72523532534736, 45.75334743061298], [-68.72523576703246, 45.75325742430135], [-68.72536434028692, 45.753257733425144], [-68.72536478176325, 45.753167727111105], [-68.72562192786508, 45.75316834492271], [-68.72562236892597, 45.75307833860533], [-68.72600808747438, 45.753079264234735], [-68.72600852791317, 45.75298925791303], [-68.72613710056014, 45.752989566165844], [-68.72613622009384, 45.75316957880977], [-68.72626479315625, 45.75316988691983], [-68.72626391309494, 45.75334989955995], [-68.72639248657279, 45.753350207527255], [-68.72639204674567, 45.75344021384614], [-68.726649194121, 45.7534408293486], [-68.726650512356, 45.753170810381896], [-68.72677908542677, 45.75317111791323], [-68.7267777678118, 45.75344113688282], [-68.72716348889666, 45.75344205861733], [-68.72716305030752, 45.75353206494056], [-68.72806306769176, 45.75353421059721], [-68.72806350483414, 45.75344420426729], [-68.72832065226353, 45.753444816007985], [-68.72832239915891, 45.75308479066639], [-68.72857954494319, 45.75308540182072], [-68.72857867232635, 45.75326541449819], [-68.72870724563494, 45.75326571986023], [-68.7287068095301, 45.753355726197775], [-68.72883538304743, 45.75335603141609], [-68.7288358189456, 45.75326602507761], [-68.72896439225835, 45.75326633015028], [-68.72896308517763, 45.75353634916434], [-68.72922023304936, 45.75353695888137], [-68.72922153889, 45.7532669398616], [-68.72935011220893, 45.753267244500236], [-68.72935054727833, 45.753177238156496], [-68.72922197416608, 45.753176933518816], [-68.72922371524976, 45.752816908133404], [-68.72935228753532, 45.75281721276729], [-68.72935272259441, 45.75272720641643], [-68.7296098667584, 45.75272781524824], [-68.72961030140206, 45.75263780889404], [-68.72986744516096, 45.75263841714523], [-68.72986701093062, 45.75272842350133], [-68.72999558301983, 45.752728727410855], [-68.72999514899409, 45.752818733766475], [-68.73012372129203, 45.75281903753226], [-68.73012285364773, 45.752999050241115], [-68.72999428093645, 45.75299874647342], [-68.72999297883455, 45.75326876552315], [-68.73012155216584, 45.753269069293694], [-68.73012111833442, 45.75335907564168], [-68.73076398605518, 45.75336059232885], [-68.73076441885321, 45.753270585976125], [-68.73089299219684, 45.75327088887856], [-68.73089342478615, 45.75318088252345], [-68.7307648516492, 45.753180579621954], [-68.73076658281256, 45.752820554191025], [-68.73063801050435, 45.75282025114863], [-68.73063974246155, 45.752460225698655], [-68.73076831394309, 45.75246052873727], [-68.73076917949602, 45.75228051600182], [-68.73089775056629, 45.75228081889385], [-68.73089861569768, 45.7521008061508], [-68.7311557570177, 45.75210141149705], [-68.731156189167, 45.75201140512151], [-68.73128475962342, 45.75201170757668], [-68.731285191564, 45.75192170119875], [-68.73141376181582, 45.751922003508305], [-68.73141419354769, 45.751831997128015], [-68.73154276359489, 45.75183229929195], [-68.73154319511805, 45.75174229290927], [-68.73180033480529, 45.75174289680122], [-68.73180076591308, 45.75165289041524], [-68.73205790519516, 45.75165349372659], [-68.7320583358876, 45.75156348733731], [-68.73231547476456, 45.7515640900681], [-68.73231590504163, 45.7514740836755], [-68.73295875123644, 45.751475587965956], [-68.73295832199264, 45.75156559436325], [-68.73360116927165, 45.75156709504155], [-68.7336007410591, 45.751657101442106], [-68.7342435894222, 45.751658598508214], [-68.73424316224094, 45.75174860491202], [-68.7343717321263, 45.75174890389215], [-68.73437130514966, 45.75183891029546], [-68.7344998752437, 45.751839209131845], [-68.7344985949216, 45.75210922833599], [-68.73462716563766, 45.75210952703049], [-68.73462673906626, 45.752199533429966], [-68.73449816814352, 45.752199234734526], [-68.73449688779712, 45.752469253921554], [-68.73436831625642, 45.75246895507863], [-68.73436788926358, 45.75255896147051], [-68.73423931751825, 45.75255866248199], [-68.7342376086999, 45.752918688031535], [-68.73410903612991, 45.75291838889459], [-68.73410775387484, 45.75318840803896], [-68.73397918068684, 45.75318810875453], [-68.73397832542663, 45.753368121508444], [-68.73384975182734, 45.75336782207744], [-68.73384889614566, 45.753547834823785], [-68.73372032213501, 45.75354753524624], [-68.73371989408446, 45.753637541616335], [-68.73359131986918, 45.75363724189318], [-68.7335908916099, 45.7537272482609], [-68.73371946603186, 45.753727547984994], [-68.73371860992057, 45.753907560718034], [-68.73359003508524, 45.75390726099207], [-68.73358960681988, 45.753997267355516], [-68.73333245674195, 45.75399666746765], [-68.73333288542068, 45.753906661106086], [-68.73307573576426, 45.753906060641356], [-68.73307487757802, 45.75408607335932], [-68.732817727103, 45.75408547231209], [-68.73281729759344, 45.754175478667065], [-68.73268872215232, 45.754175177925475], [-68.73268786271372, 45.75435519062925], [-68.73255928686125, 45.754354889741094], [-68.73255498747903, 45.75525495316493], [-68.73268356539843, 45.75525525406247], [-68.73268270591092, 45.75543526673198], [-68.73281128424574, 45.75543556748671], [-68.73281042516346, 45.75561558015239], [-68.73293900391374, 45.755615880764296], [-68.73293857457625, 45.755705887095935], [-68.7333243114594, 45.75570678806631], [-68.73332388273997, 45.75579679439933], [-68.73370962026155, 45.75579769407026], [-68.73371004836086, 45.75570768773442], [-68.73422436425793, 45.75570888526619], [-68.73422222787514, 45.75615891694978], [-68.73409364786431, 45.75615861777921], [-68.73409193789475, 45.75651864309664], [-68.73422051873241, 45.756518942270944], [-68.73421880955725, 45.756878967569286], [-68.73434739122379, 45.756879266602624], [-68.73434525574281, 45.7573292981981], [-68.73447383844498, 45.757329597091406], [-68.73447341154943, 45.75741960340715], [-68.73460199446035, 45.75741990215667], [-68.73460156776947, 45.75750990847194], [-68.7353730665178, 45.75751169793592], [-68.73537349196833, 45.757421691615086], [-68.7355020748934, 45.75742198935169], [-68.73550250013518, 45.7573319830285], [-68.73575966557794, 45.757332578065736], [-68.73576009040428, 45.75724257173925], [-68.73588867292194, 45.757242869039885], [-68.73588909753956, 45.75715286271105], [-68.73601767985254, 45.75715315986605], [-68.73601725544164, 45.75724316619582], [-68.73627442048708, 45.757243760073585], [-68.73627399648763, 45.757333766403775], [-68.73640257922008, 45.75733406312652], [-68.73640173162859, 45.757514075784464], [-68.73665889792642, 45.75751466879955], [-68.73665805115377, 45.75769468145549], [-68.73678663471914, 45.75769497774784], [-68.73678621153653, 45.7577849840746], [-68.73691479531064, 45.75778528022315], [-68.73691437233275, 45.75787528654942], [-68.73704295631559, 45.75787558255419], [-68.73704168799004, 45.758145601527154], [-68.73717027259508, 45.75814589738999], [-68.73716985002261, 45.75823590371239], [-68.73729843483638, 45.75823619943144], [-68.7372967453534, 45.75859622471043], [-68.7374253309961, 45.75859652028847], [-68.73742406448304, 45.7588665392355], [-68.73755265074796, 45.75886683467159], [-68.73755180680936, 45.759046847297654], [-68.73768039348977, 45.75904714259088], [-68.73767786286639, 45.759587180440334], [-68.73780645078924, 45.75958747559438], [-68.7378056076456, 45.75976748820129], [-68.73793419598394, 45.75976778321246], [-68.73793208912359, 45.76021781470937], [-68.73806067849766, 45.76021810958043], [-68.73805688788384, 45.76102816619322], [-68.73818547912074, 45.761028460927854], [-68.73818337418804, 45.76147849233405], [-68.73844055873546, 45.76147908137831], [-68.73843845582049, 45.76192911275803], [-68.73856704913102, 45.761929407067676], [-68.73856620836462, 45.76210941961141], [-68.73882339581877, 45.762110007800196], [-68.73882297584612, 45.762200014071745], [-68.73895156978296, 45.76220030794997], [-68.7389511500151, 45.76229031422102], [-68.7392083383083, 45.7622909015451], [-68.73920791895199, 45.762380907816556], [-68.73933651330836, 45.76238120126243], [-68.73933609415683, 45.76247120753338], [-68.73959328328908, 45.76247179399275], [-68.73959286454912, 45.7625618002641], [-68.7402358384484, 45.76256326388434], [-68.74023625615447, 45.76247325760842], [-68.74036485073351, 45.762473549897365], [-68.74036526823082, 45.7623835436191], [-68.74049386260505, 45.76238383576241], [-68.74049427989361, 45.762293829481806], [-68.74062287406305, 45.76229412147947], [-68.74062329114285, 45.76220411519654], [-68.74075188510751, 45.762204407048564], [-68.74075230197856, 45.76211440076329], [-68.74100948950023, 45.762114984031335], [-68.74100990595576, 45.76202497774281], [-68.7412670930718, 45.762025560430125], [-68.74126750911181, 45.761935554138354], [-68.74152469582219, 45.761936136244934], [-68.74152511144669, 45.76184612994992], [-68.74203948406405, 45.76184729242276], [-68.74203989885949, 45.76175728612267], [-68.74216849181198, 45.76175757637817], [-68.74216890639869, 45.761667570075765], [-68.74255468464766, 45.76166843997115], [-68.74255509861209, 45.76157843366461], [-68.74268369115892, 45.761578723339376], [-68.74268410491462, 45.76148871703049], [-68.74294128960062, 45.76148929594405], [-68.74294170294083, 45.76139928963194], [-68.74319888722114, 45.7613998679648], [-68.74319930014586, 45.76130986164946], [-68.74345648402047, 45.76131043940162], [-68.74345730903698, 45.761130426763046], [-68.74371449209238, 45.761131003932704], [-68.743715316274, 45.76095099128481], [-68.74384390739111, 45.76095127965076], [-68.74384431927224, 45.76086127332376], [-68.744230092015, 45.760862137550575], [-68.74422968075417, 45.76095214388026], [-68.74435827187908, 45.76095243166732], [-68.74435786082306, 45.76104243799648], [-68.74448645215669, 45.76104272563971], [-68.74448480874011, 45.76140275094565], [-68.74461340090275, 45.76140303844775], [-68.7446125795963, 45.761583051093965], [-68.74474117217443, 45.76158333845313], [-68.74473994082044, 45.76185335741443], [-68.74499712722313, 45.761853931703975], [-68.74499671718145, 45.76194393802335], [-68.7453824974204, 45.76194479837491], [-68.74538208799707, 45.762034804695524], [-68.74576786887383, 45.762035663747234], [-68.74576746006889, 45.76212567006912], [-68.74602464774331, 45.7621262420484], [-68.74602423934998, 45.76221624837064], [-68.74615283339686, 45.76221653414408], [-68.74615038423684, 45.76275657205292], [-68.74627897952634, 45.76275685768698], [-68.74627775554052, 45.763026876624814], [-68.7464063514523, 45.76302716211682], [-68.74640594365994, 45.76311716842746], [-68.7467917320272, 45.763118024037766], [-68.74679458219069, 45.762487979814566], [-68.74692317686952, 45.76248826472231], [-68.74692521160873, 45.76203823308704], [-68.74679661796378, 45.76203794818376], [-68.7467974322595, 45.76185793552144], [-68.74666883903002, 45.76185765047521], [-68.74666965373154, 45.761677637808965], [-68.74654106091754, 45.761677352619785], [-68.74654146847216, 45.76158734628541], [-68.74641287586687, 45.761587060952394], [-68.74641328362634, 45.76149705461748], [-68.74615609883507, 45.761496483519046], [-68.74615650700613, 45.761406477184494], [-68.74589932263616, 45.761405905508944], [-68.74589973121881, 45.761315899174754], [-68.7457711392435, 45.761315613120786], [-68.7457723656001, 45.76104559411233], [-68.74590095695514, 45.76104588016362], [-68.74590259124308, 45.76068585479545], [-68.7457740007151, 45.76068556874774], [-68.74577481826095, 45.760505556056856], [-68.74564622814842, 45.76050526986622], [-68.74564704610003, 45.76032525717143], [-68.74551845640295, 45.76032497083786], [-68.74551886558258, 45.76023496448922], [-68.7453902760942, 45.76023467801181], [-68.74539068547865, 45.76014467166265], [-68.74526209619896, 45.760144385041414], [-68.74526373454437, 45.75978435963403], [-68.74513514609362, 45.759784072871675], [-68.74513555588184, 45.759694066517156], [-68.7450069676398, 45.75969377961097], [-68.74500819761307, 45.759423760541544], [-68.74487960999319, 45.759423473493335], [-68.74488002018714, 45.75933346713491], [-68.74475143277596, 45.75933317994287], [-68.7447518431747, 45.759243173583904], [-68.7446232559722, 45.75924288624805], [-68.74462366657573, 45.759152879888575], [-68.74449507958192, 45.7591525924089], [-68.74449549039025, 45.759062586048884], [-68.74436690360514, 45.7590622984254], [-68.74436731461826, 45.758972292064854], [-68.74423872804184, 45.758972004297554], [-68.74423913925973, 45.75888199793647], [-68.744110552892, 45.75888171002536], [-68.74411096431469, 45.75879170366377], [-68.74398237815565, 45.75879141560884], [-68.74398320140864, 45.75861140288314], [-68.74385461566501, 45.758611114685316], [-68.74385502749533, 45.758521108321226], [-68.74372644196039, 45.75852081997958], [-68.7437272660286, 45.75834080724893], [-68.74359868090909, 45.75834051876438], [-68.74359950538295, 45.758160506029796], [-68.74347092067885, 45.75816021740235], [-68.74347215799513, 45.75789019829249], [-68.7433435739132, 45.757889909523044], [-68.74334398655476, 45.75779990315113], [-68.7432154026815, 45.757799614237875], [-68.74321622837223, 45.75761960149158], [-68.74308764491437, 45.757619312435416], [-68.74308805796352, 45.75752930606103], [-68.74295947471434, 45.75752901686106], [-68.74295988796827, 45.75743901048617], [-68.74283130492778, 45.7574387211424], [-68.74283254529792, 45.75716870201182], [-68.74270396287955, 45.75716841252606], [-68.74270520385217, 45.75689839338536], [-68.74257662205592, 45.75689810375761], [-68.74257786363103, 45.75662808460678], [-68.74270644480714, 45.75662837423182], [-68.74270603115744, 45.75671838061777], [-68.74283461254223, 45.756718670099005], [-68.74283419909729, 45.756808676484425], [-68.74296278069075, 45.756808965821875], [-68.7429619542084, 45.756988978590236], [-68.74309053621727, 45.75698926778479], [-68.74309012317987, 45.75707927416772], [-68.7432187053974, 45.75707956321848], [-68.74321787973018, 45.75725957598189], [-68.7433464623631, 45.75725986488974], [-68.7433456371015, 45.75743987764925], [-68.74347422014982, 45.757440166414206], [-68.7434738077228, 45.757530172792706], [-68.7436023909798, 45.75753046141386], [-68.74360156653334, 45.7577104741684], [-68.74373015020575, 45.75771076264665], [-68.7437297381863, 45.757800769022694], [-68.7438583220674, 45.75780105735712], [-68.74385791025274, 45.757891063732636], [-68.74398649434251, 45.75789135192327], [-68.7439860827326, 45.757981358298245], [-68.74411466703106, 45.75798164634507], [-68.74411384421887, 45.75816165909255], [-68.74424242893272, 45.758161946996466], [-68.74424201773044, 45.75825195336896], [-68.74437060265298, 45.75825224112908], [-68.74437019165546, 45.75834224750104], [-68.7444987767867, 45.758342535117336], [-68.74449836599398, 45.75843254148877], [-68.74475553667574, 45.758433116289034], [-68.74475512629452, 45.75852312266083], [-68.74514088295199, 45.758523983778595], [-68.74514047318902, 45.75861399015166], [-68.74526905895213, 45.75861427690239], [-68.74526864939396, 45.75870428327493], [-68.74539723536576, 45.75870456988185], [-68.74539682601238, 45.758794576253855], [-68.74552541219285, 45.75879486271695], [-68.74552500304428, 45.75888486908841], [-68.74565358943342, 45.7588851554077], [-68.74565318048963, 45.75897516177863], [-68.74578176708746, 45.75897544795409], [-68.74578135834848, 45.7590654543245], [-68.74590994515499, 45.759065740356135], [-68.74590953662081, 45.75915574672601], [-68.746038123636, 45.759156032613824], [-68.7460373069753, 45.75933604535108], [-68.7461658944059, 45.759336331095966], [-68.74616467002056, 45.75960635019379], [-68.74642184612806, 45.7596069212548], [-68.74642021524113, 45.75996694670574], [-68.74654880412479, 45.75996723202271], [-68.74654758155953, 45.76023725109861], [-68.74667617106536, 45.76023753627355], [-68.74667576374648, 45.76032754263021], [-68.746804353461, 45.76032782766133], [-68.74680353923098, 45.760507840372156], [-68.74693212936094, 45.76050812526034], [-68.74693172244979, 45.7605981316145], [-68.74706031278843, 45.76059841635883], [-68.7470599060821, 45.76068842271247], [-68.74718849662943, 45.76068870731298], [-68.74718809012793, 45.760778713666056], [-68.74731668088396, 45.76077899812274], [-68.74731627458729, 45.76086900447528], [-68.747444865552, 45.76086928878813], [-68.74744445946017, 45.76095929514013], [-68.74770164180887, 45.76095986333343], [-68.74770123612865, 45.761049869685785], [-68.74782982751265, 45.761050153566245], [-68.74782942203726, 45.761140159918064], [-68.74872956322646, 45.76114214303517], [-68.74872996725452, 45.76105213667718], [-68.7491157414584, 45.761052984411016], [-68.74911614486427, 45.76096297804894], [-68.74924473606262, 45.76096326033656], [-68.74924513925981, 45.760873253972164], [-68.74937373025332, 45.76087353611419], [-68.74937453622844, 45.76069352337937], [-68.74950312681035, 45.76069380537491], [-68.7495039323643, 45.760513792632615], [-68.74963252253461, 45.76051407448168], [-68.74963292510195, 45.76042406810752], [-68.74989010503478, 45.760424631369716], [-68.74989090933676, 45.760244618613584], [-68.75014808845017, 45.76024518129339], [-68.7501484901848, 45.76015517491143], [-68.75066284760754, 45.76015629853091], [-68.75066244669995, 45.76024630491638], [-68.75079103626713, 45.76024658546032], [-68.75079063556439, 45.760336591845245], [-68.75091922534023, 45.76033687224535], [-68.75091882484234, 45.76042687862971], [-68.75104741482686, 45.760427158885975], [-68.7510450130401, 45.760967197167446], [-68.75091642181503, 45.760966916905936], [-68.75091562079074, 45.76114692965326], [-68.75078702915407, 45.76114664924527], [-68.7507866284323, 45.76123665561591], [-68.75065803659075, 45.76123637506233], [-68.75065763566032, 45.76132638143068], [-68.75040045156942, 45.76132581988759], [-68.75039964887577, 45.76150583261649], [-68.75027105641965, 45.7615055516261], [-68.75027025330486, 45.76168556434754], [-68.7501416604371, 45.76168528321067], [-68.75014085690114, 45.76186529592466], [-68.75001226362174, 45.76186501464131], [-68.75001145966463, 45.76204502734781], [-68.74988286597359, 45.762044745917976], [-68.7498820615953, 45.76222475861704], [-68.74962487339187, 45.76222419531966], [-68.7496244707863, 45.76231420166528], [-68.74949587648068, 45.762313919798636], [-68.74949507085026, 45.76249393248384], [-68.749366476133, 45.7624936504707], [-68.74936526705271, 45.76276366948517], [-68.74923667171703, 45.762763387324654], [-68.74923546199915, 45.763033406323636], [-68.74910686604504, 45.76303312401575], [-68.74910646259514, 45.76312313034501], [-68.74872067412392, 45.76312228255029], [-68.74871986597768, 45.76330229519923], [-68.74846267284596, 45.76330172927556], [-68.74846186386489, 45.76348174191526], [-68.74820466991372, 45.76348117540911], [-68.7482038600978, 45.76366118803956], [-68.74781806794472, 45.76366033718953], [-68.7478156347286, 45.76420037503071], [-68.7479442333518, 45.76420065879745], [-68.74794382801585, 45.764290665100205], [-68.74807242684776, 45.76429094872309], [-68.74807202171667, 45.7643809550253], [-68.74820062075732, 45.76438123850433], [-68.74819981090297, 45.76456125110624], [-68.7484570098172, 45.76456181763362], [-68.74845620078239, 45.76474183023337], [-68.74832760091071, 45.76474154704029], [-68.74832679145459, 45.764921559632555], [-68.74845539173988, 45.7649218428274], [-68.74845215549308, 45.765641893146494], [-68.74870935937835, 45.7656424591161], [-68.74870774286337, 45.76600248424847], [-68.7484505373236, 45.76600191827178], [-68.7484481100118, 45.766541955916914], [-68.74831950600388, 45.76654167270615], [-68.74831829170157, 45.7668116915068], [-68.74844689632997, 45.76681197472022], [-68.74844568263086, 45.76708199351068], [-68.74857428788164, 45.767082276582], [-68.74857388351826, 45.76717228284351], [-68.74870248897781, 45.76717256577096], [-68.7487000639982, 45.767712603315395], [-68.74857145729769, 45.76771232038265], [-68.74857064854213, 45.76789233288427], [-68.74869925565632, 45.767892615818795], [-68.74869683058466, 45.76843265329473], [-68.74882543894181, 45.76843293608979], [-68.74882463098294, 45.76861294857212], [-68.74895323975569, 45.76861323122418], [-68.74895041328713, 45.76924327487355], [-68.74907902350974, 45.76924355738703], [-68.74907539120247, 45.770053613412855], [-68.74894677911817, 45.770053330891436], [-68.74894637531203, 45.770143337108514], [-68.74881776302279, 45.770143054441455], [-68.74881735900786, 45.77023306065623], [-68.74868874651366, 45.77023277784351], [-68.74868834228997, 45.77032278405597], [-68.74855972959084, 45.77032250109761], [-68.74855932515835, 45.77041250730775], [-68.74843071225426, 45.77041222420373], [-68.74842949832474, 45.770682242822964], [-68.74830088480198, 45.77068195957152], [-68.74829845564983, 45.77122199676614], [-68.74816984088777, 45.771221713364625], [-68.74816943581548, 45.77131171955784], [-68.74804082084846, 45.77131143601067], [-68.74804041556737, 45.77140144220158], [-68.74778318522537, 45.77140087467113], [-68.7477835909202, 45.77131086848199], [-68.74765497595898, 45.77131058450049], [-68.74765659954656, 45.7709505597332], [-68.7477852136803, 45.77095084371117], [-68.7477860250488, 45.77077083131719], [-68.74791463877072, 45.7707711151486], [-68.74791504424523, 45.77068110894857], [-68.74804365776221, 45.77068139263433], [-68.74804487355354, 45.77041137402308], [-68.74817348645188, 45.770411657561404], [-68.74817672682255, 45.76969160786149], [-68.74804811557912, 45.769691324330246], [-68.74804852082367, 45.76960131811223], [-68.747919909789, 45.7696010344371], [-68.74792072068603, 45.76942102199855], [-68.747792110067, 45.76942073818043], [-68.74779251571947, 45.76933073195988], [-68.74766390530922, 45.769330447997895], [-68.74766349944989, 45.769420454217546], [-68.74740627822146, 45.76941988585748], [-68.7474054656696, 45.76959989828895], [-68.74714824362148, 45.76959932934627], [-68.74714783692895, 45.769689335558084], [-68.74701922570092, 45.76968905086872], [-68.74701800499118, 45.769959069492934], [-68.74714661683977, 45.769959354184984], [-68.74714743023449, 45.76977934176848], [-68.7472760416713, 45.76977962631397], [-68.7472764481589, 45.76968962010269], [-68.7475336706246, 45.76969018875761], [-68.74753407669657, 45.76960018254314], [-68.74766268772545, 45.76960046665256], [-68.74766228186034, 45.76969047286792], [-68.74779089309801, 45.76969075683347], [-68.74779008177572, 45.769870769261686], [-68.74791869342903, 45.76987105308424], [-68.74791666612394, 45.77032108413425], [-68.74778805343632, 45.770320800307275], [-68.7477872420871, 45.770500812715525], [-68.74765862898768, 45.770500528742005], [-68.7476582231033, 45.77059053494308], [-68.74727238319603, 45.77058968215125], [-68.747272789701, 45.77049967595282], [-68.74701556351954, 45.77049910670285], [-68.74701637735114, 45.77031909430525], [-68.74688776467703, 45.77031880946489], [-68.7468881717968, 45.77022880326484], [-68.74701678426405, 45.7702290881043], [-68.74701759808406, 45.770049075698154], [-68.74676037397894, 45.770048505878], [-68.74675955933148, 45.77022851828059], [-68.7466309468681, 45.77022823315159], [-68.74662972426182, 45.77049825174211], [-68.74650111117978, 45.77049796646567], [-68.74650029568552, 45.77067797885043], [-68.7463716821917, 45.77067769342743], [-68.74637127423479, 45.77076769961678], [-68.74624266053601, 45.77076741404812], [-68.74624225237032, 45.770857420235146], [-68.74598502456486, 45.77085684866174], [-68.74598461598349, 45.77094685484555], [-68.74547015956837, 45.770945709957864], [-68.74547056897723, 45.770855703777606], [-68.74457027177372, 45.7708536946567], [-68.7445694500579, 45.77103370700323], [-68.74418360718725, 45.77103284377445], [-68.7441831957058, 45.77112284994287], [-68.74405458121262, 45.77112256190951], [-68.74405416952234, 45.771212568075605], [-68.7437969401281, 45.77121199157275], [-68.74379611591421, 45.77139200389706], [-68.74366750080627, 45.77139171542666], [-68.7436670884895, 45.77148172158579], [-68.74353847317666, 45.77148143296972], [-68.74353723559399, 45.77175145143582], [-68.74379446746292, 45.771752028528574], [-68.7437940553452, 45.7718420346829], [-68.74392267148947, 45.771842323013004], [-68.74392184766195, 45.77202233531914], [-68.74405046422194, 45.77202262350629], [-68.74404881737094, 45.77238264810505], [-68.74417743476042, 45.77238293615101], [-68.74417702324968, 45.77247294229803], [-68.74456287605047, 45.77247380556992], [-68.74456246515844, 45.772563811718214], [-68.74469108296948, 45.772564099186845], [-68.74469067228239, 45.77265410533461], [-68.74481929030227, 45.772654392659376], [-68.74481805884993, 45.772924411096774], [-68.74494667749245, 45.772924698279446], [-68.74494626721133, 45.773014704423275], [-68.74481764836193, 45.773014417239715], [-68.74481559589267, 45.77346444793306], [-68.74468697601075, 45.773464160600234], [-68.74468615459561, 45.77364417286579], [-68.74455753430183, 45.77364388538638], [-68.7445567124651, 45.77382389764442], [-68.74468533317267, 45.773824185125626], [-68.74468451174194, 45.77400419737975], [-68.74481313286526, 45.77400448471796], [-68.7448135433747, 45.77391447859072], [-68.74507078521339, 45.77391505283098], [-68.7450716053988, 45.77373504056861], [-68.74520022590728, 45.77373532746977], [-68.7452022753023, 45.77328529678441], [-68.74507365582834, 45.77328500988772], [-68.74507488606267, 45.773014991462055], [-68.74520350491596, 45.77301527835606], [-68.7452039147833, 45.77292527221042], [-68.74533253343165, 45.77292555895874], [-68.74533294309015, 45.772835552810776], [-68.74623327223473, 45.77283755598886], [-68.74623408864944, 45.772657543676154], [-68.74661994278486, 45.77265840000397], [-68.74662035036864, 45.772568393842796], [-68.74674896821078, 45.772568678994936], [-68.74674937558574, 45.77247867283146], [-68.74687799322291, 45.772478957837954], [-68.74687840038905, 45.772388951672156], [-68.74700701782126, 45.772389236532966], [-68.74700742477859, 45.77229923036485], [-68.74713604200586, 45.77229951507999], [-68.74713644875438, 45.77220950890956], [-68.74739368280093, 45.77221007790374], [-68.74739408913373, 45.7721200717301], [-68.74777993959738, 45.772120924132885], [-68.74777709957178, 45.77275096733698], [-68.74790571784504, 45.77275125118789], [-68.74790490680562, 45.77293126352085], [-68.74803352549459, 45.77293154722875], [-68.74803271486122, 45.77311155955777], [-68.74816133396591, 45.773111843122656], [-68.74816052373866, 45.773291855447745], [-68.74828914325906, 45.77329213886961], [-68.74828873834943, 45.773382145030894], [-68.74841735807865, 45.773382428308864], [-68.748416953374, 45.7734724344696], [-68.74867419325197, 45.77347300059296], [-68.74867378895921, 45.773563006754046], [-68.74893102925867, 45.77356357230003], [-68.74893062537778, 45.77365357846145], [-68.7491878660987, 45.77365414343005], [-68.74918665568593, 45.77392416191105], [-68.74931527666996, 45.773924444180814], [-68.74931447013235, 45.77410445649612], [-68.74944309153211, 45.77410473862285], [-68.74944228540066, 45.7742847509342], [-68.74957090721612, 45.774285032917916], [-68.74957010149085, 45.77446504522533], [-68.74969872372205, 45.774465327066004], [-68.74969832106345, 45.77455533321845], [-68.75008418838924, 45.77455617787438], [-68.75008378634946, 45.77464618402804], [-68.75021240900212, 45.77464646529132], [-68.750212810835, 45.77455645913679], [-68.75162765786392, 45.77455954346702], [-68.75162805741888, 45.77446953730144], [-68.75149943515912, 45.77446925763261], [-68.7514998349191, 45.77437925146647], [-68.75137121286814, 45.77437897165372], [-68.75137161283313, 45.77428896548703], [-68.75124299099097, 45.77428868553036], [-68.75124379132907, 45.77410867319445], [-68.75098654847808, 45.77410811285025], [-68.75098694905809, 45.774018106681886], [-68.75060108541658, 45.774017265082314], [-68.75060068421585, 45.774107271248035], [-68.75034344138389, 45.774106709455964], [-68.75034303976746, 45.774196715618494], [-68.75021441814742, 45.774196434504404], [-68.75021481997076, 45.77410642834274], [-68.75008619855956, 45.77410614708472], [-68.75008740463885, 45.77383612859381], [-68.75034464622176, 45.773836690959776], [-68.75034504783056, 45.77374668479152], [-68.750473668418, 45.77374696575644], [-68.750474069818, 45.7736569595859], [-68.75085993097099, 45.773657801609325], [-68.7508603317484, 45.77356779543473], [-68.75021723087076, 45.77356639134279], [-68.75021682905887, 45.77365639751301], [-68.74983096793447, 45.7736555533178], [-68.74983056549996, 45.773745559483956], [-68.74957332434612, 45.77374499596146], [-68.74957413004081, 45.773564983631225], [-68.74970275020299, 45.77356526546312], [-68.74970315284057, 45.77347525929497], [-68.74983177279775, 45.77347554098119], [-68.74983217522653, 45.773385534810735], [-68.75008941473283, 45.77338609774707], [-68.75009021875707, 45.77320608539839], [-68.75021883809929, 45.77320636664762], [-68.75021923990164, 45.77311636047026], [-68.75086233560687, 45.773117764540274], [-68.75086273637285, 45.7730277583571], [-68.75099135531272, 45.77302803873588], [-68.75099175586992, 45.7729380325504], [-68.7511203746048, 45.77293831278352], [-68.7511207749532, 45.77284830659575], [-68.75124939348308, 45.77284858668321], [-68.75124979362268, 45.77275858049313], [-68.75137841194757, 45.77275886043494], [-68.75137961173435, 45.77248884185353], [-68.75176546485841, 45.77248968080241], [-68.75176346830763, 45.77293971177739], [-68.75163484956326, 45.772939432268174], [-68.75163445004053, 45.77302943845802], [-68.75150583109117, 45.77302915880316], [-68.75150503162622, 45.773209171176816], [-68.75137641226497, 45.77320889137543], [-68.75137601232277, 45.773298897559236], [-68.75124739275653, 45.77329861761219], [-68.7512469926055, 45.7733886237937], [-68.75111837283427, 45.773388343700994], [-68.75111797247446, 45.77347834988021], [-68.75150383241458, 45.7734791897266], [-68.75150343267357, 45.77356919590701], [-68.75176067305694, 45.773569755082434], [-68.75176027372783, 45.77365976126316], [-68.75188889412925, 45.77366004063455], [-68.75188809587914, 45.77384005299348], [-68.75201671669626, 45.77384033222184], [-68.75201551992761, 45.774110350752125], [-68.75214414136732, 45.77411062983831], [-68.75214374264758, 45.7742006360131], [-68.75201512100094, 45.77420035692603], [-68.75201472207237, 45.7742903630985], [-68.75214334392591, 45.774290642186436], [-68.75214294520235, 45.774380648358374], [-68.7520143231419, 45.77438036926957], [-68.75201192951941, 45.77492040626593], [-68.7521405528213, 45.774920685359966], [-68.7521401540845, 45.775010691521906], [-68.7522687775952, 45.77501097047201], [-68.75226837906344, 45.7751009766334], [-68.75252562650437, 45.77510153410097], [-68.75252522838451, 45.77519154026267], [-68.75278247624684, 45.77519209715282], [-68.75278287395284, 45.77510209098937], [-68.75342599260705, 45.775103480676506], [-68.7534263892766, 45.77501347450731], [-68.75368363633764, 45.77501402936688], [-68.75368324008193, 45.77510403553781], [-68.7538118638222, 45.77510431275126], [-68.75381225987098, 45.775014306579465], [-68.75432675402315, 45.77501541398192], [-68.75432714924241, 45.774925407805235], [-68.75458439591591, 45.774925960635976], [-68.75458479071948, 45.77483595445614], [-68.75471341385213, 45.774836230653456], [-68.75471301925548, 45.77492623683416], [-68.75484164259692, 45.77492651288755], [-68.75483888181637, 45.77555655611851], [-68.75471025702652, 45.77555628005908], [-68.75470986241488, 45.77564628622836], [-68.75419536244651, 45.77564518053926], [-68.75419457156225, 45.775825192866634], [-68.754065946161, 45.77582491608066], [-68.75406475919976, 45.77609493455844], [-68.75419338522178, 45.77609521134701], [-68.75419219886443, 45.77636522981454], [-68.75406357222163, 45.77636495302337], [-68.75406278089348, 45.77654496532618], [-68.75393415383869, 45.77654468838848], [-68.75393257033211, 45.77690471297354], [-68.75406119821464, 45.77690498991471], [-68.75405921982384, 45.77735502061825], [-68.7538019619913, 45.77735446658248], [-68.75380116979407, 45.777534478850455], [-68.75354391114128, 45.77753392423199], [-68.75354311810875, 45.7777139364908], [-68.75328585863572, 45.77771338128965], [-68.75328506476788, 45.77789339353928], [-68.75302780447461, 45.77789283775543], [-68.75302859917024, 45.777712825509276], [-68.75277133971227, 45.77771226914967], [-68.75277054418888, 45.77789228139236], [-68.7521273935076, 45.77789088795055], [-68.7521265959072, 45.77807090017883], [-68.75186933482014, 45.77807034178496], [-68.75187013324835, 45.77789032956018], [-68.75174150312155, 45.77789005014778], [-68.75174070427947, 45.77807006237083], [-68.7510975516045, 45.778068663127996], [-68.75109715114587, 45.77815866923301], [-68.75083988967529, 45.778158108520465], [-68.75084029054781, 45.778068102417194], [-68.75045439897706, 45.778067260264955], [-68.7504560049315, 45.77770723584815], [-68.75019874554941, 45.7777066736963], [-68.75020035312889, 45.777346649263684], [-68.75007172426847, 45.77734636797406], [-68.75007212636551, 45.77725636186322], [-68.74994349771394, 45.77725608042967], [-68.74994108386144, 45.77779611706806], [-68.75006971375466, 45.77779639850688], [-68.75006931164616, 45.77788640460916], [-68.75019794174824, 45.77788668590405], [-68.75019633412298, 45.778246710302426], [-68.75006770319312, 45.778246429004014], [-68.75006730107508, 45.77833643509917], [-68.7501959322119, 45.77833671639846], [-68.7501955302989, 45.778426722493045], [-68.75045279299215, 45.77842728465893], [-68.75045239149115, 45.778517290753854], [-68.75058102304757, 45.77851757162047], [-68.75058062175162, 45.77860757771485], [-68.75096651705321, 45.77860841944843], [-68.75096611637622, 45.778698425544015], [-68.75109474835418, 45.77869870583313], [-68.75109434788223, 45.77878871192815], [-68.75122298006904, 45.778788992073345], [-68.75122257980216, 45.77887899816781], [-68.75186574179945, 45.778880396725896], [-68.75186614103156, 45.77879039062705], [-68.75212340542983, 45.778790949034864], [-68.75212380424614, 45.77870094293286], [-68.75302422825101, 45.77870289279252], [-68.7530238308834, 45.77879289890061], [-68.75328109531569, 45.77879345470181], [-68.75328149226938, 45.77870344859198], [-68.75315286025925, 45.77870317076466], [-68.753153257418, 45.77861316465426], [-68.75302462561673, 45.77861288668299], [-68.75302502298057, 45.77852288057204], [-68.7528963913881, 45.77852260245683], [-68.75289718652402, 45.778342590232384], [-68.75276855534737, 45.7783423119741], [-68.75276974865794, 45.77807229362934], [-68.75289837921375, 45.77807257188501], [-68.75289877677322, 45.77798256576637], [-68.75315603747663, 45.77798312184156], [-68.75315564033104, 45.778073127961946], [-68.75328427089252, 45.778073405783196], [-68.75328308006534, 45.77834342413838], [-68.75341171124954, 45.778343701817434], [-68.75341131451033, 45.77843370793383], [-68.75353994590337, 45.778433985468936], [-68.75353954936924, 45.77852399158477], [-68.7536681809711, 45.778524268975936], [-68.75366699197825, 45.77879428731752], [-68.75379562420287, 45.778794564566454], [-68.75379602032875, 45.778704558453164], [-68.7539246523483, 45.778704835556425], [-68.75392504826533, 45.77861482944083], [-68.75418231189616, 45.77861538321121], [-68.7541827073974, 45.77852537709246], [-68.75508312871568, 45.77852731072118], [-68.7550827346631, 45.77861731684597], [-68.75521136649444, 45.778617592500254], [-68.75521018494634, 45.77888761086863], [-68.75508155249412, 45.77888733521175], [-68.75508115843405, 45.77897734133083], [-68.75495252577677, 45.77897706552828], [-68.75495213150786, 45.77906707164506], [-68.75469486578498, 45.7790665196038], [-68.75469407641374, 45.77924653182965], [-68.75495134296446, 45.77924708387435], [-68.75495094868995, 45.77933708998685], [-68.75507958217509, 45.77933736579285], [-68.75507918810567, 45.779427371904795], [-68.75533645549547, 45.77942792308405], [-68.75533606183811, 45.779517929196295], [-68.75546469574276, 45.779518204569555], [-68.75546390883638, 45.779698216791466], [-68.75559254315684, 45.77969849202164], [-68.7555921499078, 45.7797884981313], [-68.75572078443709, 45.779788773217525], [-68.75572117747916, 45.779698767106986], [-68.75610708045733, 45.77969959149416], [-68.75610629561312, 45.77987960371893], [-68.75584902613129, 45.77987905426887], [-68.75584863329244, 45.779969060377404], [-68.75571999834736, 45.7799687854343], [-68.75572039139315, 45.77987877932662], [-68.7555917566569, 45.77987850423955], [-68.755590576893, 45.78014852255573], [-68.75610511833285, 45.78014962204541], [-68.75610472590238, 45.78023962815138], [-68.75623336147397, 45.78023990266261], [-68.75623061585725, 45.780869945370455], [-68.75610197883682, 45.78086967085323], [-68.75610119394419, 45.78104968304092], [-68.75597255651168, 45.78104940837715], [-68.75597216385559, 45.781139414467994], [-68.75584352621794, 45.78113913965854], [-68.7558427404862, 45.781319151834246], [-68.75571410243647, 45.78131887687825], [-68.75571331628329, 45.78149888904653], [-68.75558467782145, 45.781498613944], [-68.75558389124684, 45.78167862610485], [-68.7554552523729, 45.78167835085577], [-68.75545485887581, 45.7817683569332], [-68.75494030257076, 45.78176725448519], [-68.7549406968958, 45.78167724841121], [-68.75455478030763, 45.7816764200571], [-68.75455557019403, 45.78149640791004], [-68.75442693174901, 45.781496131504085], [-68.75442772204187, 45.78131611935302], [-68.75429908401271, 45.78131584280396], [-68.75429987471203, 45.781135830648935], [-68.75417123709872, 45.781135553956766], [-68.7541720282045, 45.780955541797766], [-68.754043391007, 45.780955264962515], [-68.75404378676406, 45.78086525888173], [-68.75365787580382, 45.78086442750963], [-68.75365708304598, 45.78104443966458], [-68.7537857204448, 45.78104471693517], [-68.75378492809338, 45.78122472908614], [-68.7536562902806, 45.78122445181383], [-68.75365589389509, 45.78131445788631], [-68.75378453191486, 45.781314735159484], [-68.75378294718192, 45.78167475943861], [-68.7535256694884, 45.78167420474049], [-68.75352527288648, 45.78176421080497], [-68.75339663383556, 45.78176393323781], [-68.75339623702477, 45.7818539393], [-68.7531389585146, 45.781853383729455], [-68.75313856128794, 45.78194338978848], [-68.75300992182869, 45.78194311178511], [-68.75300952439318, 45.78203311784184], [-68.75275224506635, 45.782032561398864], [-68.75275264291584, 45.78194255534386], [-68.75249536401054, 45.781941998323326], [-68.75249576227213, 45.781851992268635], [-68.75223848378837, 45.781851434670514], [-68.75223928113384, 45.78167142256035], [-68.75172472584495, 45.78167030563317], [-68.75172552483873, 45.78149029352428], [-68.75159688643522, 45.781490013932164], [-68.75159728613625, 45.781400007876435], [-68.75146864794162, 45.78139972814037], [-68.75146944775196, 45.78121971602642], [-68.75121217219633, 45.781219156123285], [-68.75121257251261, 45.78112915006592], [-68.75108393494463, 45.781128869898], [-68.75108433546599, 45.781038863840074], [-68.75082706074969, 45.78103830307152], [-68.75082786261463, 45.78085829095488], [-68.75044195179632, 45.780857448721136], [-68.7504411486895, 45.78103746083251], [-68.750569786041, 45.781037741723665], [-68.75056898334051, 45.781217753831086], [-68.75069762110788, 45.781218034579176], [-68.75069681881374, 45.78139804668264], [-68.75056818063241, 45.781397765932795], [-68.75056777927551, 45.78148777198152], [-68.75018186412203, 45.78148692886041], [-68.75018266807585, 45.78130691676681], [-68.74992539214433, 45.78130635396546], [-68.74992579453233, 45.78121634791828], [-68.74979715677644, 45.781216066301255], [-68.74979755936951, 45.78112606025352], [-68.74966892182249, 45.781125778492544], [-68.74966972741687, 45.780945766394574], [-68.74954109028573, 45.78094548449053], [-68.74954310527313, 45.780495454225004], [-68.74941446917877, 45.78049517218056], [-68.74941406597814, 45.780585178235626], [-68.74915679338125, 45.78058461371049], [-68.74915598614633, 45.78076462581283], [-68.74889871272919, 45.780764060704875], [-68.74889790465872, 45.78094407279799], [-68.74864063042133, 45.780943507107224], [-68.74863901260152, 45.781303531269245], [-68.74838173671596, 45.781302964992115], [-68.74838133184225, 45.781392971027294], [-68.74850996999105, 45.78139325423915], [-68.7485095653224, 45.781483260273795], [-68.7486382036801, 45.781483543341714], [-68.7486365858142, 45.7818435674695], [-68.74850794662855, 45.78184328439805], [-68.74850754195029, 45.78193329042555], [-68.74825026317077, 45.78193272384638], [-68.74824985807662, 45.7820227298707], [-68.7483784976724, 45.78202301323357], [-68.74837768789229, 45.78220302527964], [-68.74812040787467, 45.78220245840552], [-68.7481195972589, 45.78238247044238], [-68.74863415895778, 45.782383603618385], [-68.74863375447498, 45.7824736096382], [-68.74876239511151, 45.78247389257102], [-68.74876199083378, 45.78256389859028], [-68.74889063167922, 45.78256418137916], [-68.74889022760657, 45.78265418739788], [-68.74901886866093, 45.78265447004281], [-68.74901806092389, 45.782834482077746], [-68.74914670239416, 45.7828347645796], [-68.74914629872976, 45.78292477059582], [-68.74927494040894, 45.78292505295372], [-68.74927453694964, 45.783015058969376], [-68.74940317883774, 45.78301534118333], [-68.74940116254749, 45.78346537124468], [-68.74952980547252, 45.7834656533182], [-68.74952859629643, 45.78373567134052], [-68.74965723984438, 45.78373595327185], [-68.749657642698, 45.78364594726495], [-68.74978628604086, 45.78364622905055], [-68.74978709132832, 45.78346621703073], [-68.74991573425908, 45.783466498669746], [-68.74991774640924, 45.78301646859079], [-68.75017503020646, 45.78301703142552], [-68.75017462819426, 45.78310703744593], [-68.75030327030274, 45.78310731864692], [-68.75030206487567, 45.783377336702195], [-68.75043070760707, 45.78337761776099], [-68.7504282979435, 45.78391765383827], [-68.75055694191884, 45.7839179347575], [-68.75055493484852, 45.784367964787045], [-68.7504262898381, 45.78436768386344], [-68.75042588821131, 45.78445768986419], [-68.7493967265405, 45.78445543725408], [-68.74939632325565, 45.78454544324636], [-68.74913903244304, 45.78454487864367], [-68.74913862874224, 45.78463488463277], [-68.74900998313178, 45.78463460211329], [-68.74900957922205, 45.78472460810009], [-68.74913822503952, 45.78472489062046], [-68.74913580278297, 45.785264926516554], [-68.74900715572338, 45.785264643990885], [-68.74900675180021, 45.785354649967694], [-68.74862081001181, 45.78535380151899], [-68.74862121455605, 45.78526379554483], [-68.74849256750412, 45.7852635124398], [-68.74849297225346, 45.7851735064651], [-68.74836432541046, 45.78517322321609], [-68.74836473036491, 45.78508321724084], [-68.74797879046857, 45.78508236662744], [-68.74797919604217, 45.784992360653426], [-68.7477219032016, 45.78499179285538], [-68.74772230918731, 45.784901786881726], [-68.74720772435742, 45.78490064955106], [-68.74720853797923, 45.78472063760655], [-68.74707989219063, 45.78472035291355], [-68.74708070621875, 45.78454034096511], [-68.74695206084611, 45.784540056129046], [-68.74695287528056, 45.78436004417667], [-68.74708152023915, 45.784360329010944], [-68.74708274125528, 45.78409031106901], [-68.74721138559477, 45.784090595755785], [-68.74721219918182, 45.78391058378558], [-68.74734084310923, 45.78391086832574], [-68.74734490885858, 45.78301080838023], [-68.74747355071784, 45.783011092766664], [-68.7474763951786, 45.782381050713695], [-68.74721911435996, 45.7823804818084], [-68.74721870760023, 45.78247048781848], [-68.74709006698681, 45.78247020314771], [-68.74708721816559, 45.78310024517204], [-68.74682993404657, 45.78309967538355], [-68.7468283044502, 45.78345969935896], [-68.74657101868289, 45.78345912898401], [-68.74657020304507, 45.78363914095958], [-68.74644155975031, 45.78363885555308], [-68.74644074369073, 45.78381886752116], [-68.74618345627896, 45.78381829627008], [-68.74618304783225, 45.78390830225019], [-68.74605440392226, 45.7839080164065], [-68.74605399526659, 45.7839980223843], [-68.74592535115154, 45.78399773639489], [-68.74592494228692, 45.78408774237036], [-68.74566765364861, 45.784087169955214], [-68.74566724436801, 45.78417717592748], [-68.74489537725765, 45.784175455200575], [-68.74489496673304, 45.784265461166044], [-68.74463767729782, 45.7842648864299], [-68.74463808823646, 45.784174880466225], [-68.74412351021746, 45.784173729259464], [-68.74412392198221, 45.78408372329797], [-68.74386663339847, 45.784083146827356], [-68.74386622121968, 45.78417315278706], [-68.74373757672373, 45.78417286433359], [-68.74373798910952, 45.784082858374795], [-68.74360934482254, 45.7840825697774], [-68.74360810703826, 45.78435258764683], [-68.74335081722808, 45.78435201001211], [-68.74335040421538, 45.784442015963926], [-68.7434790493265, 45.78444230485461], [-68.74347863651883, 45.7845323108059], [-68.743735927161, 45.78453288815455], [-68.74373551476542, 45.78462289410622], [-68.74386416029645, 45.78462318256418], [-68.74386457248501, 45.78453317661161], [-68.74399321781098, 45.78453346492384], [-68.74399280582944, 45.78462347087731], [-68.7442500969013, 45.78462404706903], [-68.74424968533184, 45.784714053022874], [-68.74437833107771, 45.78471434090238], [-68.74437791971332, 45.7848043468557], [-68.74450656566816, 45.784804634591254], [-68.74450697682553, 45.78471462863704], [-68.74476426832705, 45.78471520367182], [-68.7447638575837, 45.78480520962784], [-68.7452784414382, 45.784806357962914], [-68.74527885135343, 45.78471635200333], [-68.74617937172454, 45.784718356007055], [-68.74617896325843, 45.78480836197291], [-68.7463076092405, 45.78480864768068], [-68.74630720097949, 45.78489865364599], [-68.74643584717052, 45.78489893920981], [-68.7464301342111, 45.78615902258685], [-68.74655878330246, 45.78615930801831], [-68.74655755966859, 45.78642932585111], [-68.74668620938303, 45.78642961114038], [-68.74668335561884, 45.78705965270653], [-68.74655470445511, 45.78705936741102], [-68.74655429655971, 45.78714937334244], [-68.74642564519088, 45.787149087901184], [-68.74642523708653, 45.78723909383028], [-68.74616793394057, 45.78723852251142], [-68.74616752542016, 45.78732852843732], [-68.74578157009464, 45.78732767036994], [-68.74578116095115, 45.78741767629173], [-68.74565250897281, 45.78741738997867], [-68.74565291832334, 45.78732738405777], [-68.745524266554, 45.78732709760075], [-68.74552385699641, 45.78741710352076], [-68.74500924911027, 45.787415956240544], [-68.7450100698799, 45.787235944406284], [-68.74475276677671, 45.78723536990064], [-68.74475194517889, 45.78741538173132], [-68.74449464125532, 45.78741480664266], [-68.74449381882151, 45.78759481846404], [-68.74372190461304, 45.787593089710775], [-68.74372025475272, 45.78795311331481], [-68.74346294837578, 45.78795253589768], [-68.74346212260565, 45.78813254768753], [-68.7437194298108, 45.78813312510828], [-68.74371901733691, 45.788223131002866], [-68.74384767114947, 45.788223419496845], [-68.74384684660993, 45.78840343128355], [-68.74371819238324, 45.78840314278777], [-68.74371695493807, 45.7886731604544], [-68.74358830009216, 45.78867287181104], [-68.74358788739944, 45.788762877696165], [-68.74371654245243, 45.78876316634043], [-68.74371612996482, 45.78885317222504], [-68.7441020957567, 45.78885403729132], [-68.74410168388835, 45.788944043177196], [-68.74435899484017, 45.78894461916555], [-68.74435858338398, 45.78903462505178], [-68.7444872390699, 45.789034912829564], [-68.74448765031902, 45.78894490694242], [-68.74474496128255, 45.7889454820616], [-68.74474455044758, 45.78903548795054], [-68.74513051752872, 45.78903634954552], [-68.7451309277425, 45.78894634365389], [-68.74525958323304, 45.788946630561604], [-68.74525999323781, 45.78885662466765], [-68.7455173038106, 45.788857198046685], [-68.7455177133993, 45.78876719214951], [-68.74564636848154, 45.78876747862085], [-68.74564759661479, 45.788497460918094], [-68.74577625107779, 45.788497747241884], [-68.74577706940944, 45.788317735431136], [-68.74603437751303, 45.78831830764055], [-68.74603478626182, 45.78822830173124], [-68.74629209395906, 45.788228873359444], [-68.7462925022918, 45.78813886744692], [-68.7468071168813, 45.788140008961435], [-68.74680752438387, 45.788050003043935], [-68.74693617782901, 45.788050288059544], [-68.74693577053351, 45.78814029397793], [-68.74732173150174, 45.78814114815824], [-68.74732132482546, 45.78823115407786], [-68.74770728643225, 45.788232006957095], [-68.74770688037522, 45.78832201287797], [-68.74796418853683, 45.78832258074161], [-68.74796378289199, 45.78841258666284], [-68.74809243718275, 45.78841287037825], [-68.74809203174306, 45.78850287629893], [-68.7482206862428, 45.788503159870366], [-68.74822028100823, 45.7885931657905], [-68.74860624514018, 45.78859401563831], [-68.74860584052487, 45.78868402155967], [-68.74873449544643, 45.788684304553435], [-68.7487336866242, 45.78886431639365], [-68.74886234196181, 45.78886459924431], [-68.74885951247299, 45.789494640646275], [-68.7487308556859, 45.78949435778942], [-68.74872964239785, 45.78976437550907], [-68.74885829980614, 45.78976465836857], [-68.74885789558003, 45.78985466427316], [-68.74898655319733, 45.78985494698867], [-68.74898614917637, 45.7899449528927], [-68.74911480700267, 45.789945235464224], [-68.74911601843857, 45.789675217745206], [-68.74937333285446, 45.78967578244837], [-68.74937373624844, 45.789585776537415], [-68.74963105025785, 45.789586340659355], [-68.74963145323578, 45.78949633474521], [-68.74988876683868, 45.78949689828593], [-68.74988916940055, 45.78940689236861], [-68.750403795801, 45.78940801770814], [-68.75040419753266, 45.789318011785866], [-68.7506615103302, 45.7893185735847], [-68.75066110901268, 45.78940857950873], [-68.75091842223198, 45.78940914072986], [-68.75091802132667, 45.78949914665421], [-68.75143264861639, 45.78950026736156], [-68.75143304869339, 45.78941026143371], [-68.75156170531348, 45.78941054124752], [-68.75156130544354, 45.789500547176246], [-68.75168996227264, 45.78950082684606], [-68.75169196056797, 45.78905079718379], [-68.75143464898241, 45.78905023770804], [-68.75143544911553, 45.788870225836654], [-68.75130679373973, 45.78886994588322], [-68.75130839481143, 45.7885099221268], [-68.7511797402658, 45.78850964203201], [-68.75118054120436, 45.78832963014699], [-68.75130919533589, 45.78832991024002], [-68.75130959559526, 45.7882399042945], [-68.75156690344987, 45.78824046404424], [-68.75156650360462, 45.78833046999153], [-68.75182381188095, 45.788331029163594], [-68.7518234124479, 45.78842103511119], [-68.75195206679598, 45.7884213144808], [-68.75195166756811, 45.78851132042784], [-68.75208032212514, 45.78851159965346], [-68.75207992310244, 45.78860160559995], [-68.75220857786842, 45.78860188468159], [-68.75220817905088, 45.78869189062751], [-68.75246548900265, 45.78869244835794], [-68.75246588740606, 45.78860244241027], [-68.75259454217772, 45.78860272105733], [-68.75259494037218, 45.78851271510736], [-68.75272359493866, 45.78851299360869], [-68.75272399292416, 45.78842298765642], [-68.75285264728548, 45.78842326601202], [-68.75285304506203, 45.78833326005746], [-68.75298169921817, 45.78833353826731], [-68.75298209678577, 45.78824353231046], [-68.75311075073675, 45.7882438103746], [-68.7531111480954, 45.788153804415465], [-68.7532398018412, 45.78815408233387], [-68.75324019899092, 45.78806407637243], [-68.75336885253155, 45.788064354145114], [-68.75336924947231, 45.78797434818137], [-68.75349790280777, 45.78797462580833], [-68.7534982995396, 45.7878846198423], [-68.75362695266988, 45.787884897323536], [-68.75362734919278, 45.78779489135521], [-68.75388465504489, 45.787795445881386], [-68.75388505115178, 45.7877054399099], [-68.75439966205033, 45.78770654722049], [-68.75440045260208, 45.787526535266345], [-68.75414314797726, 45.78752598190421], [-68.75414275228822, 45.78761598788028], [-68.7538854472568, 45.78761543393699], [-68.7538866355606, 45.78734541600971], [-68.7541439393497, 45.7873459699478], [-68.75414512639429, 45.787075952002496], [-68.75427377767052, 45.787076228751665], [-68.75427417314124, 45.78698622276618], [-68.75453147528523, 45.78698677582824], [-68.75453187034, 45.786896769839586], [-68.7547891720774, 45.78689732232051], [-68.7547895667162, 45.78680731632872], [-68.75491821738068, 45.78680759235103], [-68.75491861181055, 45.78671758635695], [-68.75581916506492, 45.78671951445131], [-68.75581955804363, 45.78662950844979], [-68.75646280938896, 45.7866308813102], [-68.75646241744545, 45.786720887316015], [-68.7567197184107, 45.78672143544794], [-68.75671932687942, 45.786811441454034], [-68.75684797757188, 45.786811715303564], [-68.75684758624578, 45.7869017213091], [-68.75710488805034, 45.786902268575325], [-68.75710527896234, 45.78681226256809], [-68.75736258036025, 45.7868128092532], [-68.75736375184287, 45.78654279121781], [-68.75749240192349, 45.78654306434053], [-68.75749396304622, 45.78618304026997], [-68.75775126155668, 45.78618358607403], [-68.75775165141866, 45.78609358005112], [-68.75800894952245, 45.7860941252741], [-68.7580093389685, 45.786004119248055], [-68.75865258322514, 45.78600547976638], [-68.75865219481425, 45.78609548579667], [-68.75878084387814, 45.78609575746664], [-68.75877967925555, 45.78636577555149], [-68.75890832894241, 45.786366047079156], [-68.75890716492434, 45.7866360651537], [-68.75903581523417, 45.78663633653907], [-68.75903465182066, 45.78690635460331], [-68.75916330275344, 45.78690662584636], [-68.75916252754932, 45.78708663788375], [-68.75929117889804, 45.78708690898363], [-68.75928885448381, 45.78762694506666], [-68.7591602018928, 45.787626673961704], [-68.75915942665924, 45.787806685976264], [-68.75890212065451, 45.78780614332839], [-68.75890173262087, 45.78789614933183], [-68.75864442620941, 45.78789560610283], [-68.75864403775981, 45.78798561210316], [-68.75851538434978, 45.787985340270524], [-68.75851460703092, 45.7881653522652], [-68.75838595320863, 45.78816508028601], [-68.75838478659534, 45.78843509826476], [-68.75864209548412, 45.78843564208339], [-68.75864170702346, 45.78852564807516], [-68.75902767099164, 45.78852646271919], [-68.75902805883112, 45.78843645672488], [-68.75928536773833, 45.7884369990949], [-68.75928575516187, 45.78834699309746], [-68.75941440941116, 45.788347264064335], [-68.75941479662579, 45.788257258064625], [-68.75967210471579, 45.7882577995621], [-68.75967249151446, 45.78816779355929], [-68.76031576073629, 45.78816914476372], [-68.76031537497292, 45.78825915077076], [-68.76044402902984, 45.7882594205779], [-68.7604436434717, 45.78834942658437], [-68.76057229773751, 45.788349696247494], [-68.76057075631489, 45.78870972026242], [-68.76044210122082, 45.788709450595924], [-68.76044171565354, 45.78879945659523], [-68.76031306035424, 45.788799186783024], [-68.76031267457805, 45.78888919278008], [-68.76044133008442, 45.78888946259313], [-68.76044055894067, 45.789069474584636], [-68.76018324710151, 45.78906893481031], [-68.7601817031355, 45.78942895876947], [-68.75992438964711, 45.789428418408946], [-68.75992361682482, 45.78960843037658], [-68.75966630251547, 45.789607889433206], [-68.75966436835688, 45.79005791931891], [-68.759921684737, 45.79005846027073]], [[-68.74898695721637, 45.789764941083206], [-68.74885829980614, 45.78976465836857], [-68.74885870403034, 45.789674652462566], [-68.74898736123349, 45.789674935176315], [-68.74898695721637, 45.789764941083206]], [[-68.76070287770698, 45.78789993571081], [-68.76057422447462, 45.78789966619675], [-68.76057460981656, 45.78780966018232], [-68.76018865075164, 45.7878088507735], [-68.76019058053966, 45.787358820692596], [-68.76031923252421, 45.78735909063617], [-68.76031961826926, 45.78726908461487], [-68.7604482700486, 45.78726935441275], [-68.76044865558477, 45.787179348389195], [-68.76070595873482, 45.7871798875487], [-68.76070634385508, 45.78708988152202], [-68.76096364659833, 45.78709042010045], [-68.76096326189217, 45.78718042612882], [-68.76109191347359, 45.787180695201585], [-68.7610896064406, 45.78772073134686], [-68.76096095361687, 45.78772046226905], [-68.76096056889793, 45.78781046828743], [-68.76070326284186, 45.78780992969554], [-68.76070287770698, 45.78789993571081]], [[-68.74886800065734, 45.78760451623063], [-68.74861069578171, 45.787603950409164], [-68.74861150496427, 45.78742393853077], [-68.74874015698704, 45.78742422151216], [-68.74874056136841, 45.78733421556994], [-68.74886921318604, 45.787334498405606], [-68.74886800065734, 45.78760451623063]], [[-68.80972631408403, 45.78610194641798], [-68.80921171605375, 45.7861010883135], [-68.80921202309753, 45.7860110819833], [-68.80908337380063, 45.78601086709573], [-68.8090839882979, 45.785830854432405], [-68.80921263718072, 45.78583106931864], [-68.80921294422012, 45.785741062984165], [-68.80934159289735, 45.78574127772489], [-68.80934128606499, 45.78583128406002], [-68.80959858383791, 45.78583171310825], [-68.80959827741815, 45.78592171944331], [-68.80972692651383, 45.785921933750814], [-68.80972631408403, 45.78610194641798]], [[-68.7509356593593, 45.78553888463288], [-68.75080701165187, 45.785538604132405], [-68.75080741268046, 45.785448598146154], [-68.75093606018086, 45.785448878645745], [-68.7509356593593, 45.78553888463288]], [[-68.75982201857687, 45.78330773777336], [-68.7596933759159, 45.783307467288374], [-68.75969376261358, 45.78321746120707], [-68.75982240506755, 45.78321773169124], [-68.75982201857687, 45.78330773777336]], [[-68.79057608985617, 45.781118072616394], [-68.79044745195957, 45.781117836765425], [-68.79044778914276, 45.78102783045953], [-68.79057642683239, 45.78102806630976], [-68.79057608985617, 45.781118072616394]], [[-68.75662553361846, 45.77880062740584], [-68.75611100456659, 45.77879953028463], [-68.75611139696727, 45.77870952415583], [-68.75598276491591, 45.77870924951436], [-68.75598394272764, 45.778439231121965], [-68.75611257415814, 45.77843950576088], [-68.75611296655137, 45.778349499626366], [-68.75688475393173, 45.778351144413634], [-68.7568851450814, 45.778261138272555], [-68.75701377611101, 45.77826141189608], [-68.75701416705186, 45.77817140575274], [-68.75740005953098, 45.77817222575188], [-68.75740044984914, 45.77808221960454], [-68.75765771109725, 45.778082765544895], [-68.75765810099966, 45.77799275939444], [-68.7584298835467, 45.77799439373498], [-68.75842949488597, 45.77808439989056], [-68.75855812552389, 45.77808467177468], [-68.75855773706827, 45.77817467792966], [-68.7584291062234, 45.7781744060447], [-68.75842832889273, 45.778354418348705], [-68.75829969763582, 45.77835414631724], [-68.75829930876077, 45.77844415246624], [-68.75817067729874, 45.778443880289124], [-68.7581702882149, 45.77853388643585], [-68.75804165654776, 45.77853361411306], [-68.7580412672551, 45.77862362025752], [-68.75765537164393, 45.778622802417736], [-68.75765498172856, 45.778712808558225], [-68.75662592519132, 45.77871062127362], [-68.75662553361846, 45.77880062740584]], [[-68.75971309515792, 45.77871715532363], [-68.75958446305478, 45.77871688473687], [-68.75958484986582, 45.778626878583665], [-68.759713481762, 45.77862714916958], [-68.75971309515792, 45.77871715532363]], [[-68.78557335873052, 45.777418508563514], [-68.78531610003617, 45.7774180254823], [-68.78531644543145, 45.77732801914775], [-68.78518781629367, 45.77732777739068], [-68.7851888530905, 45.77705775838074], [-68.78531748160745, 45.77705800013555], [-68.78531782699619, 45.776967993795296], [-68.78557508362113, 45.77696847686897], [-68.78557473864629, 45.77705848321074], [-68.78570336716814, 45.77705872453112], [-68.7857023328546, 45.77732874355011], [-68.7855737037119, 45.77732850222746], [-68.78557335873052, 45.777418508563514]], [[-68.76165561489552, 45.77566098628047], [-68.76139836470806, 45.77566044936349], [-68.76140028394845, 45.77521041828175], [-68.76152890800668, 45.77521068680845], [-68.76152967527625, 45.775030674364075], [-68.76165829892246, 45.77503094274431], [-68.7616586823476, 45.77494093651914], [-68.76204455267641, 45.774941740788535], [-68.7620437870658, 45.77512175324245], [-68.76217241092621, 45.77512202104434], [-68.76217126311742, 45.77539203971702], [-68.76204263863626, 45.77539177191262], [-68.76204225582278, 45.77548177813316], [-68.76191363113652, 45.775481510183134], [-68.76191324811431, 45.77557151640141], [-68.76165599833341, 45.77557098006531], [-68.76165561489552, 45.77566098628047]], [[-68.75792977161669, 45.774663076120575], [-68.75767252608783, 45.774662530824145], [-68.75767330575015, 45.77448251841335], [-68.75754468340232, 45.774482245549656], [-68.75754507343761, 45.77439223934297], [-68.75728782916131, 45.77439169318291], [-68.75728821960857, 45.7743016869765], [-68.7571595976801, 45.77430141368015], [-68.75716272284672, 45.773581363984356], [-68.75703410257532, 45.77358109055003], [-68.7570352751029, 45.773311071893126], [-68.75690665545406, 45.77331079831658], [-68.75690782858562, 45.7730407796494], [-68.75665059053487, 45.77304023206708], [-68.75665137344087, 45.77286021961858], [-68.75613689901684, 45.772859122723396], [-68.7561372912946, 45.77276911650044], [-68.75600867290014, 45.77276884191555], [-68.7560122051783, 45.77195878585235], [-68.75588358864768, 45.7719585111304], [-68.75588476666083, 45.77168849241956], [-68.75562753484644, 45.771687942546464], [-68.75562792792752, 45.77159793630839], [-68.75549931223, 45.771597661155525], [-68.7554997055161, 45.771507654916874], [-68.75537109002732, 45.77150737962012], [-68.75537305746415, 45.77105734840974], [-68.75524444301162, 45.771057072972496], [-68.75524562407193, 45.77078705423175], [-68.75511701024186, 45.77078677865231], [-68.75511779801978, 45.77060676615306], [-68.75524641143612, 45.77060704173076], [-68.75524798614208, 45.7702470167117], [-68.75447631063693, 45.770245361094524], [-68.7544751258867, 45.77051537984546], [-68.75434651268847, 45.77051510339999], [-68.75434611756111, 45.77060510964659], [-68.7542175041579, 45.770604833055465], [-68.75421710882179, 45.77069483929978], [-68.7540884952136, 45.77069456256304], [-68.75408770412203, 45.77087457504563], [-68.753573248053, 45.770873466644034], [-68.7535736444272, 45.770783460406896], [-68.75305918921578, 45.77078234969241], [-68.75305958641556, 45.77069234345732], [-68.75254513206175, 45.77069123042996], [-68.75254553008712, 45.770601224196916], [-68.75241691671026, 45.77060094557902], [-68.75241970428299, 45.76997090191388], [-68.7525483162118, 45.769971180525694], [-68.7525499082415, 45.769611155539316], [-68.75267851934477, 45.76961143400288], [-68.75267891714063, 45.769521427751855], [-68.75332197165106, 45.76952281789386], [-68.75332236841075, 45.76943281163705], [-68.75357958981441, 45.76943336667876], [-68.75358038250072, 45.76925335415742], [-68.75370899279166, 45.7692536314594], [-68.75370938892515, 45.76916362519572], [-68.75383799901111, 45.76916390235206], [-68.75383839493587, 45.769073896086105], [-68.75396700481687, 45.76907417309682], [-68.7539674005329, 45.76898416682857], [-68.75409601020893, 45.768984443693654], [-68.75409640571623, 45.76889443742311], [-68.75422501518729, 45.76889471414257], [-68.75422541048586, 45.76880470786973], [-68.75435401975194, 45.76880498444357], [-68.7543544148418, 45.76871497816843], [-68.7544830239029, 45.76871525459665], [-68.75448341878405, 45.768625248319225], [-68.75474063649821, 45.76862580073965], [-68.75474024203078, 45.7687158070188], [-68.75525467830894, 45.76871691012596], [-68.75525428466702, 45.76880691640712], [-68.755511503231, 45.76880746709386], [-68.75551111000091, 45.76889747337531], [-68.75589693848143, 45.76889829832227], [-68.75589654587, 45.76898830460488], [-68.75615376528003, 45.768988853847425], [-68.75615337308045, 45.76907886013032], [-68.75666781275024, 45.769079956881676], [-68.75666742137619, 45.76916996316657], [-68.75692464163593, 45.76917051067538], [-68.75692425067373, 45.76926051696055], [-68.75705286101325, 45.76926079049866], [-68.75705129797329, 45.76962081562851], [-68.75717990914208, 45.769621089025264], [-68.75717912802469, 45.76980110158333], [-68.75692190486156, 45.76980055464161], [-68.75692151388638, 45.76989056091681], [-68.75679290210073, 45.76989028722795], [-68.75679251091684, 45.76998029350086], [-68.75666389892618, 45.76998001966637], [-68.75666350753356, 45.77007002593698], [-68.75614905876215, 45.77006892914795], [-68.75614866654021, 45.77015893541374], [-68.75589144175194, 45.7701583861489], [-68.75589104911444, 45.77024839241153], [-68.75576243651624, 45.770248117561096], [-68.75576204367, 45.77033812382144], [-68.75589065647506, 45.770338398672735], [-68.75589026383383, 45.77042840493251], [-68.75614748986327, 45.770428954202494], [-68.75614709763391, 45.77051896046255], [-68.75627571085829, 45.77051923488124], [-68.75627531883393, 45.77060924114074], [-68.75691838601806, 45.77061061106691], [-68.75691877700808, 45.770520604803146], [-68.75704739024361, 45.77052087835321], [-68.7570481718044, 45.77034086581969], [-68.75717678462804, 45.770341139223284], [-68.75717756576768, 45.77016112668234], [-68.75730617817946, 45.770161399939454], [-68.75730656853963, 45.77007139366599], [-68.75794962959202, 45.770072757775786], [-68.75794924026616, 45.77016276405351], [-68.75807785268904, 45.770163036442014], [-68.75807629619455, 45.770523061542036], [-68.75820490944675, 45.77052333378917], [-68.75820452052537, 45.77061334006146], [-68.75871897438003, 45.77061442760571], [-68.75871858628429, 45.77070443387996], [-68.75884719995942, 45.77070470540494], [-68.75884642417614, 45.77088471795088], [-68.75897503826685, 45.77088498933278], [-68.75897426288994, 45.77106500187469], [-68.75910287739624, 45.77106527311352], [-68.7591024899119, 45.77115527938319], [-68.75935971934376, 45.771155821428195], [-68.75936010641436, 45.77106581515685], [-68.75987456447264, 45.77106689750623], [-68.75987495071392, 45.77097689123006], [-68.7600035650262, 45.77097716145463], [-68.76000395105876, 45.77088715517619], [-68.76013256516602, 45.77088742525515], [-68.76013295098988, 45.770797418974446], [-68.76039017879613, 45.77079795869635], [-68.76039056420443, 45.770707952412536], [-68.76064779160426, 45.77070849155367], [-68.76064740660969, 45.77079849783916], [-68.7607760205192, 45.770798767193426], [-68.76077563572969, 45.77088877347833], [-68.7609042498479, 45.770889042688644], [-68.76090271149904, 45.7712490678174], [-68.76077409655332, 45.77124879860372], [-68.7607733269542, 45.77142881115785], [-68.76064471159657, 45.77142854179771], [-68.76064394157638, 45.77160855434445], [-68.76051532580682, 45.77160828483786], [-68.76051185876355, 45.772418341220025], [-68.76038324113388, 45.77241807156108], [-68.76038092844809, 45.77295810907992], [-68.76025230957892, 45.77295783927115], [-68.76025115259063, 45.77322785800878], [-68.76012253310262, 45.77322758805269], [-68.76012176135416, 45.773407600535634], [-68.75999314145416, 45.77340733043306], [-68.75999275537028, 45.77349733667155], [-68.75986413526523, 45.77349706642336], [-68.75986374897262, 45.77358707265958], [-68.7597351286625, 45.77358680226577], [-68.75973435565798, 45.77376681473223], [-68.75960573493592, 45.773766544191936], [-68.75960496151023, 45.77394655665099], [-68.7594763403762, 45.77394628596423], [-68.75947517960321, 45.77421630463959], [-68.7592179360992, 45.77421576282661], [-68.75921754875739, 45.77430576904719], [-68.75908892680124, 45.77430549792267], [-68.75908853925067, 45.774395504140976], [-68.75883129493006, 45.77439496145587], [-68.75883090696385, 45.77448496767106], [-68.75870228459938, 45.774484696110484], [-68.75870189642443, 45.774574702323385], [-68.75793016103496, 45.774573069914176], [-68.75792977161669, 45.774663076120575]], [[-68.77118307950046, 45.77343028771487], [-68.77079721934399, 45.77342951432741], [-68.77079795674759, 45.77324950170765], [-68.77066933711272, 45.77324924362387], [-68.77067044382565, 45.77297922468594], [-68.77079906283984, 45.772979482767305], [-68.77079943153376, 45.772889476451], [-68.77105666915358, 45.77288999217777], [-68.77105703743196, 45.77279998585844], [-68.771571511865, 45.77280101557137], [-68.7715711444142, 45.77289102189392], [-68.77169976323371, 45.772891278961], [-68.77169866149147, 45.773161297922506], [-68.77157004205127, 45.77316104085302], [-68.77156967459348, 45.773251047169865], [-68.77144105494814, 45.77325078995479], [-68.7714406872817, 45.77334079626941], [-68.77118344758244, 45.7733402814033], [-68.77118307950046, 45.77343028771487]], [[-68.75240496892098, 45.77330113192341], [-68.75214772976007, 45.77330057420107], [-68.7521481284609, 45.773210568012026], [-68.75201950909019, 45.773210288934564], [-68.75202070580204, 45.77294027036145], [-68.75214932455208, 45.77294054943632], [-68.75215012193674, 45.77276053704538], [-68.75227874027489, 45.77276081597371], [-68.75227993571701, 45.77249079737399], [-68.7524085534364, 45.772491076154935], [-68.75240895170643, 45.772401069951314], [-68.75266618673709, 45.772401627077116], [-68.75266539102267, 45.772581639486425], [-68.75279400895461, 45.772581917833904], [-68.75279321364641, 45.77276193023925], [-68.7526645953007, 45.77276165189004], [-68.75266300383409, 45.77312167668014], [-68.7525343846627, 45.77312139818266], [-68.75253398658444, 45.77321140437575], [-68.75240536720803, 45.77321112573263], [-68.75240496892098, 45.77330113192341]], [[-68.76359830215091, 45.772514775878335], [-68.7630838306411, 45.772513710269436], [-68.76308421173951, 45.77242370399514], [-68.76295559407347, 45.772423437231794], [-68.76295597537698, 45.7723334309569], [-68.76282735791963, 45.77233316404961], [-68.76282888394309, 45.77197313893914], [-68.76295750057291, 45.7719734058431], [-68.76295788186735, 45.77188339956108], [-68.76308649829211, 45.771883666319425], [-68.76308687937788, 45.771793660035144], [-68.76321549559754, 45.77179392664789], [-68.76321587647463, 45.77170392036135], [-68.76347310850564, 45.77170445315083], [-68.76347348896715, 45.7716144468612], [-68.76385933640655, 45.77161524495712], [-68.76385895656568, 45.771705251249244], [-68.7639875725893, 45.771705516992476], [-68.76398719295351, 45.771795523284005], [-68.76411580918581, 45.7717957888833], [-68.76411505032257, 45.771975801463725], [-68.76398643367651, 45.771975535862765], [-68.76398567439229, 45.772155548435826], [-68.76385705733425, 45.77215528268843], [-68.76385629762906, 45.77233529525413], [-68.76372768015906, 45.772335029360285], [-68.76372730009687, 45.77242503564016], [-68.76359868242179, 45.77242476960072], [-68.76359830215091, 45.772514775878335]], [[-68.74430769734776, 45.77202319944624], [-68.74405046422194, 45.77202262350629], [-68.74405087592979, 45.77193261735302], [-68.74430810864187, 45.77193319329118], [-68.74430769734776, 45.77202319944624]], [[-68.78225071551059, 45.77183178901993], [-68.78199348255917, 45.77183129850376], [-68.78199383323174, 45.771741292100565], [-68.78186521696543, 45.77174104662607], [-68.7818655678432, 45.7716510402222], [-68.78173695178542, 45.77165079460371], [-68.78173765394973, 45.77147078179323], [-68.78199488523946, 45.77147127288237], [-68.78199523590537, 45.771381266473476], [-68.78238108223178, 45.771382002019074], [-68.78238073218651, 45.77147200843029], [-68.78250934783885, 45.77147225332336], [-68.78250864815706, 45.77165226614303], [-68.78238003209096, 45.771652021248414], [-68.7823796820407, 45.77174202765536], [-68.7822510657694, 45.7717417826152], [-68.78225071551059, 45.77183178901993]], [[-68.74379529169246, 45.771572016215664], [-68.74366667617079, 45.77157172774348], [-68.7436670884895, 45.77148172158579], [-68.74379570380431, 45.77148201005709], [-68.74379529169246, 45.771572016215664]], [[-68.7592388498271, 45.76935542479676], [-68.75872440752713, 45.76935433961628], [-68.75872518366153, 45.769174327023535], [-68.75859657350483, 45.769174055368204], [-68.75859735004558, 45.768994042771446], [-68.75846874030442, 45.768993770973054], [-68.75846951725148, 45.768813758372275], [-68.75859812657893, 45.76881403016898], [-68.75859851484284, 45.76872402386561], [-68.75911295134367, 45.76872510960143], [-68.75911256390714, 45.768815115908176], [-68.7592411732438, 45.76881538698107], [-68.75924039877891, 45.768995399592], [-68.7593690085311, 45.768995670521825], [-68.75936862150276, 45.769085676826], [-68.75924001154371, 45.76908540589533], [-68.7592388498271, 45.76935542479676]], [[-68.77107360815035, 45.76874970001185], [-68.77043056169397, 45.768748409794355], [-68.77043093092618, 45.768658403413426], [-68.76991649462, 45.768657368636944], [-68.76991686467785, 45.768567362257826], [-68.76978825581254, 45.76856710320261], [-68.7697886260755, 45.76847709682286], [-68.76966001741879, 45.7684768376237], [-68.76966038788682, 45.76838683124333], [-68.76953177943871, 45.768386571900216], [-68.76953437411356, 45.76775652720344], [-68.7696629811138, 45.767756786540886], [-68.76966335156776, 45.76766678014911], [-68.7697919583629, 45.767667039341006], [-68.76979232860828, 45.767577032946996], [-68.76992093519834, 45.76757729199331], [-68.76992130523513, 45.767487285597056], [-68.77017851800687, 45.76748780325382], [-68.77017814838375, 45.76757780965169], [-68.77030675497909, 45.76757806826374], [-68.77030638556106, 45.76766807466096], [-68.77043499236498, 45.76766833312907], [-68.77043462315204, 45.767758339525685], [-68.77056323016457, 45.76775859784984], [-68.77056212313572, 45.768028617033565], [-68.7706907307705, 45.76802887521537], [-68.77069036196421, 45.768118881607904], [-68.77081896980758, 45.76811913964577], [-68.7708186012064, 45.76820914603768], [-68.77094720925837, 45.768209403931586], [-68.77094684086225, 45.76829941032286], [-68.7712040573851, 45.76829992567801], [-68.771202585438, 45.76865995123531], [-68.77107397634832, 45.76865969362689], [-68.77107360815035, 45.76874970001185]], [[-68.7600228644106, 45.766476845785185], [-68.7597656564725, 45.76647630527565], [-68.75976604282712, 45.76638629892757], [-68.75938023155419, 45.766385487080186], [-68.75938061852743, 45.766295480733206], [-68.75925201498028, 45.766295209828755], [-68.7592527893349, 45.766115197132216], [-68.75938139246841, 45.76611546803498], [-68.75938216640205, 45.76593545533105], [-68.75951076912378, 45.765935726087356], [-68.75951115588101, 45.76584571973241], [-68.75963975839777, 45.76584599034314], [-68.75964053149313, 45.76566597762725], [-68.75976913359807, 45.76566624809154], [-68.75976990627247, 45.76548623536827], [-68.75989850796563, 45.76548650568613], [-68.75989889409325, 45.76539649932151], [-68.76002749558144, 45.765396769493776], [-68.76002788150043, 45.765306763126894], [-68.76015648278364, 45.765307033153576], [-68.76015802561409, 45.76494700766837], [-68.76028662607187, 45.76494727754694], [-68.76028855353475, 45.76449724565413], [-68.76041715296036, 45.76449751538374], [-68.7604179235191, 45.764317502614944], [-68.76054652253293, 45.76431777219813], [-68.76054690760277, 45.76422776581076], [-68.76080410522235, 45.76422830454124], [-68.76080372056612, 45.76431831093031], [-68.76093231958545, 45.764318580079276], [-68.7609315506811, 45.76449859285481], [-68.76106015011585, 45.76449886186071], [-68.76105938161781, 45.76467887463221], [-68.76118798146798, 45.764679143495066], [-68.76118721337626, 45.76485915626253], [-68.76131581364186, 45.764859424982326], [-68.76131427826375, 45.765219450503494], [-68.76118567717091, 45.76521918178035], [-68.76118529311503, 45.76530918815624], [-68.76105669181722, 45.76530891928752], [-68.7610563075527, 45.76539892566113], [-68.7609277060499, 45.76539865664682], [-68.76092693710176, 45.76557866938811], [-68.76079833518716, 45.765578400227376], [-68.76079795050354, 45.765668406595026], [-68.76066934838396, 45.765668137288706], [-68.76066780880397, 45.76602816274172], [-68.76053920585895, 45.76602789328729], [-68.76053882075259, 45.76611789964613], [-68.76041021760257, 45.766117630046104], [-68.76040983228754, 45.76620763640269], [-68.76028122893256, 45.76620736665708], [-68.76028084340886, 45.76629737301138], [-68.76015223984889, 45.76629710312018], [-68.76015185411656, 45.76638710947222], [-68.76002325035158, 45.76638683943543], [-68.7600228644106, 45.766476845785185]], [[-68.7740414346989, 45.766325415008204], [-68.77352701970847, 45.76632439652767], [-68.7735273839297, 45.76623439008901], [-68.77339878039324, 45.766234135107794], [-68.77339914481955, 45.7661441286685], [-68.77327054149164, 45.766143873543335], [-68.77327090612305, 45.7660538671034], [-68.77314230300368, 45.76605361183429], [-68.77314412716883, 45.765603579617206], [-68.77327272925412, 45.76560383488234], [-68.77327345849443, 45.76542382198394], [-68.77340206016783, 45.76542407710272], [-68.77340351780045, 45.7650640512856], [-68.77353211864835, 45.76506430625646], [-68.77353284704067, 45.76488429333775], [-68.77366144747667, 45.76488454816228], [-68.77366217544848, 45.76470453523627], [-68.7737907754726, 45.76470478991446], [-68.7737915030239, 45.76452477698117], [-68.77392010263614, 45.76452503151303], [-68.7739204662024, 45.76443502504345], [-68.77404906560956, 45.76443527942977], [-68.77404942896729, 45.76434527295796], [-68.77417802816939, 45.764345527198756], [-68.7741783913186, 45.76425552072473], [-68.77443558931435, 45.76425602877052], [-68.77443595204825, 45.76416602229349], [-68.77456455084192, 45.76416627609847], [-68.77456491336729, 45.7640762696192], [-68.77469351195586, 45.76407652327867], [-68.77469387427271, 45.763986516797196], [-68.77507966942842, 45.76398727690477], [-68.77508003112317, 45.7638972704195], [-68.77520862930504, 45.763897523498414], [-68.77520899079127, 45.76380751701091], [-68.77546618674657, 45.76380802273298], [-68.7754665478175, 45.763718016242485], [-68.77636673226743, 45.763719781704964], [-68.77636637264405, 45.76380978820096], [-68.77662356863011, 45.76381029131775], [-68.7766239278399, 45.76372028482018], [-68.77675252562872, 45.76372053616068], [-68.77675324362961, 45.763540523159676], [-68.77701043838518, 45.763541025403335], [-68.77701079696948, 45.763451018899126], [-68.77713939414302, 45.76345126980307], [-68.77713975251883, 45.763361263296645], [-68.7772683494873, 45.76336151405508], [-68.77726942398418, 45.76309149452491], [-68.77739802033398, 45.763091745136244], [-68.77739837828942, 45.763001738622556], [-68.77765557058054, 45.763002239409474], [-68.7776559281207, 45.762912232892795], [-68.77778452406201, 45.762912483068376], [-68.77778416672862, 45.76300248958584], [-68.7780413590299, 45.763002989504365], [-68.77804100210838, 45.76309299602195], [-68.77816959846834, 45.76309324576489], [-68.77816924175193, 45.763183252281856], [-68.77829783832037, 45.76318350188084], [-68.778297125296, 45.76336351491201], [-68.77842572227972, 45.763363764367824], [-68.77842465335087, 45.763633783906236], [-68.77855325095665, 45.763634033219645], [-68.77855253874255, 45.76381404623966], [-68.77868113676358, 45.763814295409894], [-68.77868006905014, 45.76408431493157], [-68.77880866769327, 45.76408456395941], [-68.77880795628946, 45.76426457696828], [-68.77893655534787, 45.76426482585292], [-68.77893548884988, 45.76453484535787], [-68.77906408853036, 45.7645350941001], [-68.77906373323447, 45.76462510059967], [-68.77893513334718, 45.76462485185667], [-68.77893406682894, 45.764894871344495], [-68.77880546632292, 45.76489462245443], [-68.77880511060667, 45.76498462894674], [-68.77867650989552, 45.76498437991114], [-68.77867615397076, 45.765074386401245], [-68.77854755305451, 45.76507413722014], [-68.77854719692125, 45.765164143708034], [-68.7782899946802, 45.765163644910004], [-68.7782892815814, 45.765343657878425], [-68.77751767241712, 45.765342158001125], [-68.77751838799763, 45.765162145042076], [-68.77674678137622, 45.76516063996335], [-68.77674606331396, 45.76534065291301], [-68.77597445427217, 45.76533914261406], [-68.77597517481612, 45.76515912967383], [-68.7757179726431, 45.76515862508604], [-68.7757172512719, 45.76533863802313], [-68.77520284529193, 45.7653376271043], [-68.77520248377652, 45.76542763356755], [-68.775073882079, 45.76542738047519], [-68.77507315862944, 45.76560739339582], [-68.77494455652, 45.76560714015713], [-68.77494419458583, 45.76569714661452], [-68.77481559227131, 45.765696893230285], [-68.7748152301286, 45.76578689968546], [-68.77468662760897, 45.7657866461557], [-68.77468626525773, 45.76587665260866], [-68.77455766253301, 45.76587639893335], [-68.77455729997324, 45.76596640538407], [-68.77442869704343, 45.76596615156325], [-68.77442797150506, 45.76614616445884], [-68.77429936816334, 45.76614591049166], [-68.77429900518476, 45.76623591693653], [-68.77404179809284, 45.76623540856636], [-68.7740414346989, 45.766325415008204]], [[-68.77031525110993, 45.76550792073353], [-68.76992944559997, 45.765507144518836], [-68.76992981559637, 45.76541713808979], [-68.76980121397004, 45.765416879062876], [-68.7698023245691, 45.765146859769594], [-68.769930925575, 45.765147118794076], [-68.76993129556436, 45.765057112359315], [-68.7704456987783, 45.7650581470066], [-68.77044532961617, 45.765148153444585], [-68.77057393063083, 45.76514841174534], [-68.77057282375434, 45.76541843105317], [-68.77031562048589, 45.76541791430205], [-68.77031525110993, 45.76550792073353]], [[-68.75617141233506, 45.76493856964052], [-68.75565701075128, 45.76493747073077], [-68.75565740369248, 45.76484746438569], [-68.755528803508, 45.76484718929725], [-68.75553273488534, 45.76394712577641], [-68.75566133300181, 45.763947400856274], [-68.7556617259225, 45.763857394495474], [-68.75579032383406, 45.763857669429726], [-68.75579071654607, 45.76376766306664], [-68.7560479119612, 45.76376821249923], [-68.75604751966279, 45.76385821886403], [-68.75617611757993, 45.76385849336406], [-68.75617533339106, 45.76403850609107], [-68.75630393172366, 45.76403878044808], [-68.75630314794094, 45.76421879317111], [-68.75643174668899, 45.76421906738509], [-68.75643017992842, 45.76457909281744], [-68.75655877950554, 45.7645793668901], [-68.75655838801754, 45.76466937324548], [-68.75642978823363, 45.76466909917195], [-68.75642939653699, 45.76475910552505], [-68.75630079654813, 45.76475883130592], [-68.75630040464283, 45.764848837656736], [-68.75617180444902, 45.76484856329201], [-68.75617141233506, 45.76493856964052]], [[-68.82948021920848, 45.763001329811146], [-68.82935162266455, 45.76300113781852], [-68.82935244589304, 45.762731117427286], [-68.82960963774147, 45.76273150126421], [-68.82960908975093, 45.762911514862196], [-68.82948049341249, 45.7629113230149], [-68.82948021920848, 45.763001329811146]], [[-68.76325319366072, 45.762883297359984], [-68.76273881069811, 45.76288223037018], [-68.7627391922234, 45.76279222394574], [-68.76261059669405, 45.7627919568373], [-68.76261212360424, 45.76243193112858], [-68.76274071830647, 45.76243219823369], [-68.76274224436058, 45.76207217249882], [-68.76287083823752, 45.762072439455864], [-68.76287121953973, 45.76198243301775], [-68.7629998132117, 45.76198269982924], [-68.76300019430535, 45.76189269338886], [-68.76312878777236, 45.76189296005479], [-68.76312916865743, 45.76180295361215], [-68.76325776191948, 45.76180322013251], [-68.76325814259594, 45.761713213687614], [-68.76351532871192, 45.761713746292514], [-68.76351570897306, 45.76162373984453], [-68.76390148754024, 45.76162453766393], [-68.76389883001657, 45.7622545827873], [-68.76377023571163, 45.762254316986414], [-68.76376985585142, 45.76234432342607], [-68.76364126134152, 45.76234405747962], [-68.7636408812727, 45.76243406391703], [-68.76351228655783, 45.76243379782504], [-68.76351190628044, 45.762523804260184], [-68.7633833113606, 45.76252353802262], [-68.76338216989728, 45.762793557316996], [-68.76325357435888, 45.76279329093221], [-68.76325319366072, 45.762883297359984]], [[-68.74308351431507, 45.758519376100736], [-68.74282634327066, 45.758518797536226], [-68.74282675675288, 45.75842879117793], [-68.74256958612979, 45.758428212036385], [-68.7425700000235, 45.758338205678456], [-68.74231282982173, 45.758337625959896], [-68.74231324412695, 45.758247619602365], [-68.74218465923575, 45.758247329526924], [-68.74218507374573, 45.75815732316886], [-68.74205648906322, 45.75815703294962], [-68.7420581479104, 45.75779700750672], [-68.74218673176598, 45.75779729772234], [-68.74218714626613, 45.75770729135714], [-68.74231572991697, 45.757707581427155], [-68.74231655849792, 45.75752756869066], [-68.74257372497861, 45.757528148392936], [-68.74257331110256, 45.757618154763705], [-68.74270189455257, 45.757618444398695], [-68.74270148088128, 45.757708450768924], [-68.74283006453999, 45.757708740260114], [-68.74282965107346, 45.757798746629845], [-68.74295823494084, 45.75779903597722], [-68.74295740841536, 45.75797904871419], [-68.74308599269817, 45.75797933791866], [-68.74308351431507, 45.758519376100736]], [[-68.7524758342472, 45.75728000748521], [-68.75209008594433, 45.75727917114939], [-68.75209048451524, 45.75718916470722], [-68.75196190195811, 45.757188885640076], [-68.75196549087154, 45.75637882760424], [-68.75209407156822, 45.75637910666353], [-68.7520948686703, 45.75619909374925], [-68.75222344895546, 45.75619937266211], [-68.75222384729695, 45.756109366201954], [-68.75235242737728, 45.756109644969236], [-68.75235282551019, 45.75601963850679], [-68.75299572490661, 45.756021030168434], [-68.75299612200409, 45.755931023700214], [-68.75325328136245, 45.75593157935025], [-68.75325407472492, 45.75575156640604], [-68.75338265399351, 45.75575184401229], [-68.75338305046523, 45.75566183753719], [-68.753511629529, 45.75566211499787], [-68.75351202579212, 45.75557210852046], [-68.75364060465107, 45.755572385835585], [-68.75364020859465, 45.755662392313845], [-68.75389736673158, 45.755662946511734], [-68.75389697108669, 45.7557529529903], [-68.75402555036469, 45.75575322987306], [-68.75402475948268, 45.75593324282765], [-68.75415333917594, 45.75593351956745], [-68.75415254869986, 45.75611353251804], [-68.75428112880843, 45.75611380911487], [-68.75428033873824, 45.7562938220615], [-68.75415175821625, 45.75629354546295], [-68.75415136297164, 45.75638355193326], [-68.75389420151987, 45.75638299830033], [-68.75389380585996, 45.75647300476749], [-68.75376522493018, 45.75647272773311], [-68.75376482906168, 45.75656273419797], [-68.75363624792706, 45.756562457018035], [-68.75363585184996, 45.756652463480606], [-68.75350727051051, 45.756652186155094], [-68.75350687422483, 45.75674219261538], [-68.75337829268054, 45.756741915144296], [-68.75337749969009, 45.756921928058844], [-68.75312033578031, 45.75692137267912], [-68.75311993886882, 45.757011379132535], [-68.75299135671004, 45.75701110122474], [-68.75299095958995, 45.75710110767585], [-68.75260521250475, 45.75710027308169], [-68.75260481476262, 45.75719027952876], [-68.75247623219794, 45.75719000104043], [-68.7524758342472, 45.75728000748521]], [[-68.7401419236834, 45.755092445767524], [-68.73975619082137, 45.75509156782289], [-68.73975702755611, 45.75491155504001], [-68.73962845035281, 45.754911262104244], [-68.739629287493, 45.75473124931751], [-68.73950071070506, 45.75473095623888], [-68.73950280455425, 45.7542809242516], [-68.73963138030875, 45.754281217325655], [-68.73963179886593, 45.754191210923004], [-68.74001752552125, 45.75419208927429], [-68.74001710758414, 45.754282095679685], [-68.74027425911098, 45.7542826805256], [-68.74027384158524, 45.75437268693138], [-68.74040241755833, 45.75437297913821], [-68.74039991360246, 45.754913017548475], [-68.74027133638923, 45.754912725336155], [-68.74027091884963, 45.75500273173197], [-68.74014234143168, 45.75500243937406], [-68.7401419236834, 45.755092445767524]], [[-68.72420585105057, 45.75352496500985], [-68.724077277195, 45.753524654581], [-68.72407772074439, 45.7534346482809], [-68.72420629439328, 45.75343495870879], [-68.72420585105057, 45.75352496500985]], [[-68.72742107447067, 45.75335266605704], [-68.72703535399334, 45.75335174519349], [-68.72703579278499, 45.753261738868375], [-68.72742151264228, 45.75326265972905], [-68.72742107447067, 45.75335266605704]], [[-68.72806481624885, 45.75317418526897], [-68.72793624315729, 45.753173879184466], [-68.72793668049805, 45.75308387284979], [-68.72806525338292, 45.75308417893334], [-68.72806481624885, 45.75317418526897]], [[-68.72497906262622, 45.753166799308566], [-68.72472191654536, 45.753166180050115], [-68.72472235905296, 45.75307617373948], [-68.72497950472048, 45.75307679299598], [-68.72497906262622, 45.753166799308566]], [[-68.72793668049805, 45.75308387284979], [-68.72780810761523, 45.753083566621555], [-68.7278085451606, 45.75299356028642], [-68.72793711783673, 45.7529938665137], [-68.72793668049805, 45.75308387284979]], [[-68.72716524323236, 45.75308203331018], [-68.72703667036204, 45.753081726213864], [-68.72703710914743, 45.75299171988446], [-68.72716568181109, 45.752992026979825], [-68.72716524323236, 45.75308203331018]], [[-68.72677996382635, 45.75299110525969], [-68.72665139116893, 45.752990797730284], [-68.72665183057227, 45.752900791402325], [-68.7265232581236, 45.752900483729206], [-68.72652281851362, 45.7529904900562], [-68.72639424586036, 45.75299018223742], [-68.72639468567704, 45.75290017591139], [-68.72626611323255, 45.752899867948905], [-68.72626655325382, 45.75280986162242], [-68.72613798101808, 45.7528095535162], [-68.72613842124393, 45.75271954718925], [-68.72626699327299, 45.7527198552945], [-68.72626743329006, 45.75262984896515], [-68.7265245769411, 45.75263046473968], [-68.72652369773152, 45.752810477400786], [-68.72742370346917, 45.75281262806768], [-68.72742326530795, 45.7529026344028], [-68.72678040302301, 45.752901098930785], [-68.72677996382635, 45.75299110525969]], [[-68.72626567320921, 45.75298987427397], [-68.72613710056014, 45.752989566165844], [-68.72613754079016, 45.75289955984174], [-68.72626611323255, 45.752899867948905], [-68.72626567320921, 45.75298987427397]], [[-68.72845184507193, 45.75290508363462], [-68.72832327259418, 45.75290477798704], [-68.7283237093087, 45.75281477164522], [-68.72845228157978, 45.752815077291864], [-68.72845184507193, 45.75290508363462]], [[-68.74632384697522, 45.752856154430916], [-68.74568098424665, 45.75285472530414], [-68.74568139305849, 45.75276471883616], [-68.74555282072527, 45.75276443257766], [-68.74555322974184, 45.75267442610915], [-68.74542465761724, 45.75267413970685], [-68.74542588527532, 45.752404120295445], [-68.74555445677993, 45.75240440669505], [-68.74555486578873, 45.75231440022084], [-68.74568343708862, 45.75231468647488], [-68.74568384588883, 45.75222467999835], [-68.745812416984, 45.752224966106816], [-68.74581282557558, 45.75213495962794], [-68.74606996735838, 45.75213553140906], [-68.74606955918011, 45.752225537889714], [-68.74632670138398, 45.75222610909388], [-68.7463262936171, 45.75231611557489], [-68.74645486492861, 45.75231640096085], [-68.74645282709854, 45.75276643334891], [-68.74632425475369, 45.75276614795848], [-68.74632384697522, 45.752856154430916]], [[-68.72935272259441, 45.75272720641643], [-68.72909557843869, 45.75272659700589], [-68.72909644937734, 45.75254658430367], [-68.72922502104083, 45.752546889079376], [-68.72922545630038, 45.75245688272518], [-68.72948259922023, 45.75245749184065], [-68.729482164374, 45.75254749819675], [-68.72935359270639, 45.7525471937104], [-68.72935272259441, 45.75272720641643]], [[-68.72755358957691, 45.75254291571025], [-68.72742501794036, 45.75254260905372], [-68.72742589424408, 45.75236259637062], [-68.7275544654673, 45.75236290302524], [-68.72755358957691, 45.75254291571025]], [[-68.72331072667379, 45.75253271965414], [-68.72318215510637, 45.752532408223196], [-68.72318304505009, 45.75235239560379], [-68.72356875851871, 45.75235332945673], [-68.72356831416789, 45.752443335770074], [-68.72331117144005, 45.75244271334418], [-68.72331072667379, 45.75253271965414]], [[-68.73038259950462, 45.752459619187405], [-68.73012545655592, 45.75245901209745], [-68.73012589036675, 45.75236900573516], [-68.72999731910217, 45.7523687019741], [-68.72999818713097, 45.75218868924718], [-68.73051247054838, 45.75218990341574], [-68.73051160417289, 45.75236991615024], [-68.73038303290211, 45.75236961282324], [-68.73038259950462, 45.752459619187405]], [[-68.72832545614605, 45.752454746263666], [-68.72819688470372, 45.752454440476164], [-68.72819732161454, 45.752364434128154], [-68.72806875038094, 45.75236412819692], [-68.72806918749636, 45.75227412184846], [-68.7283263295523, 45.75227473356431], [-68.72832545614605, 45.752454746263666]], [[-68.80919756998726, 45.75252841359521], [-68.80804041893123, 45.75252647534105], [-68.80804072749865, 45.75243646848577], [-68.80791215537307, 45.752436252401466], [-68.80791369922156, 45.75198621810699], [-68.80804227031379, 45.75198643418792], [-68.80804257887243, 45.75189642732408], [-68.80829972064797, 45.751896859050554], [-68.8083000287918, 45.75180685218393], [-68.80907145291347, 45.75180814388706], [-68.80907114600961, 45.75189815075772], [-68.80919971690832, 45.75189836553587], [-68.8091994102097, 45.75198837240577], [-68.80932798131653, 45.75198858703992], [-68.80932736832821, 45.75216860077676], [-68.80945593984983, 45.75216881526757], [-68.80945502097646, 45.752438835864176], [-68.80919787669464, 45.752438406733866], [-68.80919756998726, 45.75252841359521]], [[-68.73745909802773, 45.75139601029611], [-68.73681625251234, 45.751394531328216], [-68.7368166755524, 45.751304524900135], [-68.73655953777362, 45.75130393230211], [-68.73655996122498, 45.75121392587443], [-68.73643139254524, 45.75121362935934], [-68.73643181620125, 45.751123622931175], [-68.73630324773018, 45.751123326272335], [-68.73630579086391, 45.7505832876789], [-68.73617722363475, 45.75058299088095], [-68.73617764768998, 45.75049298444465], [-68.73604908066949, 45.75049268750295], [-68.73604992918719, 45.7503126746279], [-68.735921362582, 45.75031237754339], [-68.73592178704448, 45.750222371104655], [-68.73579322064795, 45.7502220738764], [-68.73579619327539, 45.7495920287718], [-68.73592475822545, 45.74959232599355], [-68.73592518267182, 45.74950231954339], [-68.73605374741724, 45.74950261661956], [-68.73605417165497, 45.749412610167056], [-68.7365684298303, 45.74941379702136], [-68.73656800641912, 45.749503803477566], [-68.7366965711746, 45.749504099830425], [-68.73669614796806, 45.74959410628613], [-68.73682471293219, 45.74959440249524], [-68.73682428993028, 45.749684408950436], [-68.73695285510306, 45.7496847050158], [-68.73695200950645, 45.74986471792378], [-68.73708057509452, 45.74986501384633], [-68.73708015249986, 45.74995502029911], [-68.73720871829656, 45.74995531607791], [-68.73720829590653, 45.750045322530184], [-68.73733686191188, 45.750045618165245], [-68.73733643972649, 45.750135624617016], [-68.73746500594049, 45.75013592010831], [-68.73746416197699, 45.75031593300942], [-68.73759272860627, 45.7503162283579], [-68.73759230682815, 45.750406234807244], [-68.73772087366609, 45.750406530011986], [-68.73772045209262, 45.750496536460815], [-68.73784901913919, 45.750496831521815], [-68.73784564813263, 45.75121688306838], [-68.73771707943284, 45.751216588000005], [-68.73771665784137, 45.751306594436], [-68.7374595200345, 45.751306003863405], [-68.73745909802773, 45.75139601029611]], [[-68.80689164901843, 45.75009433993871], [-68.80547741496802, 45.750091940925216], [-68.80547772762883, 45.75000193404501], [-68.8050920280843, 45.75000127673258], [-68.80509234136355, 45.749911269852994], [-68.80496377505831, 45.749911050460206], [-68.80496408854272, 45.74982104357989], [-68.80483552244563, 45.74982082404313], [-68.80483583613518, 45.74973081716205], [-68.80470727024621, 45.749730597481296], [-68.80470758414093, 45.749640590599476], [-68.80457901846009, 45.74964037077474], [-68.80457964665833, 45.74946035700822], [-68.80445108139226, 45.749460137040195], [-68.80445139569578, 45.74937013015548], [-68.80432283063784, 45.74936991004347], [-68.80432314514651, 45.749279903158026], [-68.80419458029671, 45.749279682902035], [-68.80419615385082, 45.74882964845683], [-68.80432471766746, 45.74882986870937], [-68.80432566116211, 45.74855984802307], [-68.80445422436034, 45.74856006812888], [-68.80445485293606, 45.74838005432952], [-68.8047119785105, 45.74838049410444], [-68.80471229238287, 45.748290487201245], [-68.80496941755, 45.74829092639615], [-68.80496973100763, 45.74820091949016], [-68.8050982933868, 45.74820113886994], [-68.80509860663632, 45.74811113196183], [-68.80535573098588, 45.74811157028603], [-68.80535604382067, 45.74802156337513], [-68.80612741566517, 45.74802287487183], [-68.80612710407014, 45.748112881786824], [-68.80625566625602, 45.748113099863986], [-68.80625504347475, 45.748293113691055], [-68.80612648087562, 45.748292895612536], [-68.80612585767518, 45.748472909432536], [-68.80599729466427, 45.74847269120799], [-68.8059969828552, 45.74856269811517], [-68.80586841963913, 45.74856247974529], [-68.8058677956033, 45.74874249355401], [-68.80573923197547, 45.748742275038104], [-68.80573860752045, 45.748922288839765], [-68.80586717156156, 45.748922507357044], [-68.80586654751389, 45.74910252115435], [-68.80612367642708, 45.74910295775765], [-68.8061233648143, 45.749192964655535], [-68.80638049414668, 45.74919340068152], [-68.80638018294569, 45.74928340757934], [-68.80650874782073, 45.74928362537602], [-68.80650812582759, 45.74946363916874], [-68.80663669111739, 45.749463856822096], [-68.80663606953162, 45.749643870610484], [-68.80676463523616, 45.74964408812055], [-68.8067637034664, 45.74991410879445], [-68.80689226979234, 45.74991432616188], [-68.80689164901843, 45.75009433993871]], [[-68.80804936679203, 45.7499162759587], [-68.80779223411517, 45.749915843683205], [-68.80779254305342, 45.749825836787906], [-68.8075354107957, 45.749825403935084], [-68.80753664818717, 45.749465376345064], [-68.80766521348873, 45.74946559284111], [-68.8076655226263, 45.74937558593936], [-68.80779408772268, 45.74937580229007], [-68.80779439665214, 45.749285795386214], [-68.80792296154335, 45.74928601159157], [-68.80792327026471, 45.74919600468564], [-68.80805183495075, 45.74919622074565], [-68.8080524519758, 45.74901620692813], [-68.80818101625005, 45.74901642284213], [-68.80818163285596, 45.74883640901757], [-68.80831019671841, 45.74883662478557], [-68.80831050481252, 45.74874661787047], [-68.80843906846981, 45.74874683349313], [-68.80843937635584, 45.74865682657594], [-68.80882506671652, 45.74865747257393], [-68.80882475945036, 45.74874747949314], [-68.80895332311347, 45.74874769453716], [-68.8089530160525, 45.748837701455614], [-68.80908157992369, 45.74883791635563], [-68.80908096621064, 45.74901793018961], [-68.80920953049656, 45.74901814494632], [-68.80920769056226, 45.74955818641807], [-68.80907912503653, 45.74955797165736], [-68.80907881816908, 45.749647978563644], [-68.80882168670868, 45.749647548606866], [-68.8088213794265, 45.74973755551039], [-68.80856424755865, 45.7497371249736], [-68.80856393986171, 45.74982713187436], [-68.808049675317, 45.74982626906207], [-68.80804936679203, 45.7499162759587]], [[-68.73618358425192, 45.74923289418648], [-68.73605502012437, 45.74923259725775], [-68.73605544435605, 45.749142590800965], [-68.73579831652025, 45.7491419965114], [-68.73579874116318, 45.74905199005503], [-68.73567017745494, 45.74905169269419], [-68.73567102714802, 45.74887167977903], [-68.735799590443, 45.74887197713803], [-68.73580001507989, 45.748781970677385], [-68.73631426745345, 45.748783158663045], [-68.73631384364309, 45.7488731651274], [-68.73644240694813, 45.74887346176308], [-68.73644113612484, 45.74914348115036], [-68.73618400827698, 45.74914288772875], [-68.73618358425192, 45.74923289418648]], [[-68.80226610772937, 45.74927636170245], [-68.80200897807929, 45.74927591641652], [-68.80200929630593, 45.7491859095421], [-68.80188073168978, 45.74918568668283], [-68.80188200540772, 45.74882565917363], [-68.80213913298843, 45.74882610474191], [-68.80213881497448, 45.748916111622755], [-68.80226737897372, 45.74891633419059], [-68.80226706116491, 45.74900634107069], [-68.8023956253723, 45.749006563494575], [-68.80239499016338, 45.7491865772519], [-68.80226642554273, 45.74918635482663], [-68.80226610772937, 45.74927636170245]], [[-68.83003832919749, 45.748600990418765], [-68.8299097657218, 45.74860079910066], [-68.82991003909781, 45.748510792074526], [-68.82978147583006, 45.74851060061236], [-68.82978202299144, 45.74833058655703], [-68.82965346013825, 45.7483303949514], [-68.8296529125636, 45.74851040900553], [-68.82952434929844, 45.74851021725404], [-68.82952462329304, 45.74842021022828], [-68.82939606023582, 45.74842001833272], [-68.82939715702773, 45.748059990217826], [-68.82952571925844, 45.748060182111], [-68.82952626723333, 45.7478801680438], [-68.82978339087218, 45.74788055139375], [-68.82978448515343, 45.74752052323747], [-68.8299130461483, 45.74752071469306], [-68.8299135928679, 45.74734070060517], [-68.83004215345085, 45.74734089191491], [-68.83004242660206, 45.74725088486823], [-68.83017098697971, 45.747251076032725], [-68.83017125992303, 45.74716106898402], [-68.83055694044383, 45.747161641607775], [-68.83055585114217, 45.747521669801195], [-68.8304272901408, 45.74752147906888], [-68.83042701760554, 45.747611486113065], [-68.83029845639886, 45.7476112952355], [-68.83029791091121, 45.74779130931843], [-68.83004078767523, 45.747790927126935], [-68.83003996819431, 45.74806094823704], [-68.83016853043152, 45.74806113940691], [-68.83016825747525, 45.74815114644135], [-68.83003969503142, 45.74815095527089], [-68.83003832919749, 45.748600990418765]], [[-68.8129403006431, 45.74830425443226], [-68.81255461262337, 45.74830362232972], [-68.81255491389008, 45.7482136153841], [-68.81242635142631, 45.74821340439459], [-68.81242725583773, 45.747943383551124], [-68.81255581768163, 45.74794359453866], [-68.81255611894262, 45.74785358758733], [-68.81332748879619, 45.74785485047073], [-68.81332778881603, 45.74776484351404], [-68.8135849116987, 45.7477652633166], [-68.81358521130387, 45.747675256357155], [-68.81371377254074, 45.7476754660408], [-68.81371407193787, 45.747585459079296], [-68.81384263296951, 45.74758566861762], [-68.81384293215861, 45.74749566165403], [-68.81397149298506, 45.747495871047036], [-68.81397179196611, 45.74740586408136], [-68.81410035258737, 45.74740607332907], [-68.81410065136038, 45.74731606636132], [-68.81422921177645, 45.747316275463724], [-68.81422891321004, 45.74740628243213], [-68.81435747383414, 45.74740649139052], [-68.81435687711031, 45.747586505324364], [-68.81422831607298, 45.747586296364666], [-68.81422771893027, 45.747766310291496], [-68.81409915748111, 45.74776610118584], [-68.81409885870102, 45.74785610814645], [-68.81384173539372, 45.74785568949986], [-68.81384143619896, 45.74794569645775], [-68.8135843124841, 45.747945277231196], [-68.81358401287466, 45.74803528418636], [-68.81332688875226, 45.74803486437987], [-68.81332658872815, 45.74812487133228], [-68.81306946419818, 45.748124450945824], [-68.8130691637594, 45.74821445789553], [-68.81294060128994, 45.748214247484654], [-68.8129403006431, 45.74830425443226]], [[-68.77899980705982, 45.748243645582264], [-68.77835699575782, 45.7482424004038], [-68.77835735198674, 45.74815239364927], [-68.77822878993803, 45.74815214418039], [-68.77822914637188, 45.74806213742524], [-68.7781005845315, 45.74806188781246], [-68.77810094117028, 45.747971881056664], [-68.77822950280405, 45.74797213066866], [-68.77822985923453, 45.74788212391064], [-68.77835842066337, 45.7478823733772], [-68.77835913310601, 45.74770235985536], [-68.7784876941233, 45.7477026091757], [-68.77848805013546, 45.74761260241184], [-68.77874517176188, 45.74761310061701], [-68.77874552735913, 45.74752309385019], [-68.77887408796825, 45.747523342735015], [-68.7788744433572, 45.747433335965994], [-68.77900300376139, 45.74743358470538], [-68.77900371412099, 45.747253571161494], [-68.77913227411364, 45.74725381975467], [-68.77913298405325, 45.74707380620352], [-68.77926154363436, 45.74707405465049], [-68.77926225315403, 45.74689404109209], [-68.7793908123236, 45.74689428939287], [-68.77939364868209, 45.746174235096], [-68.77952220620051, 45.74617448324593], [-68.77952291486011, 45.745994469655905], [-68.77990858618583, 45.74599521323314], [-68.77990787876583, 45.746175226827795], [-68.78003643629096, 45.74617547439913], [-68.78003290115635, 45.74707554229462], [-68.77990434156514, 45.74707529471557], [-68.77990328037222, 45.7473453150541], [-68.77977472016286, 45.747345067328055], [-68.77977401227929, 45.7475250808784], [-68.77964545165838, 45.74752483300617], [-68.77964509750745, 45.747614839778414], [-68.77951653668161, 45.74761459176075], [-68.77951582796149, 45.74779460529944], [-68.77938726672409, 45.747794357135575], [-68.77938655758399, 45.747974370666995], [-68.77925799593504, 45.74797412235692], [-68.77925764115584, 45.748064129119705], [-68.77912907930195, 45.74806388066421], [-68.77912872431446, 45.748153887424806], [-68.77900016225561, 45.748153638823865], [-68.77899980705982, 45.748243645582264]], [[-68.83338472905956, 45.74734581519404], [-68.83325616844323, 45.747345627645345], [-68.83325643642905, 45.74725562058388], [-68.83312787602061, 45.747255432891116], [-68.83312841240166, 45.747075418765085], [-68.83325697239688, 45.74707560645667], [-68.83325724037888, 45.746985599390925], [-68.83351435995989, 45.74698597433897], [-68.8335146275274, 45.74689596727063], [-68.8336431871132, 45.746896154527086], [-68.83364345447282, 45.746806147456745], [-68.833900573235, 45.74680652153452], [-68.83389923849029, 45.747256556877836], [-68.83338499683876, 45.74725580813198], [-68.83338472905956, 45.74734581519404]], [[-68.83145794520004, 45.746802944434116], [-68.83132938584258, 45.746802754719134], [-68.83132965691992, 45.74671274765796], [-68.83145821607079, 45.74671293737233], [-68.83145794520004, 45.746802944434116]], [[-68.73246769504912, 45.74661403745214], [-68.73233913697226, 45.74661373635546], [-68.73233999729983, 45.74643372341182], [-68.73259711262916, 45.746434325456775], [-68.73259668287962, 45.74652433193118], [-68.73246812500732, 45.74652403098009], [-68.73246769504912, 45.74661403745214]], [[-68.83441507689322, 45.74671726087896], [-68.83428651771307, 45.74671707449159], [-68.8342867840371, 45.746627067415474], [-68.83441534301066, 45.74662725380227], [-68.83441507689322, 45.74671726087896]], [[-68.83377228100503, 45.74671632749559], [-68.8336437218312, 45.74671614038496], [-68.83364398918827, 45.74662613331177], [-68.83377254815552, 45.74662632042182], [-68.83377228100503, 45.74671632749559]], [[-68.83338660348731, 45.746715765729746], [-68.83312948514852, 45.746715390495915], [-68.83312975333205, 45.74662538342505], [-68.83338687125763, 45.746625758657714], [-68.83338660348731, 45.746715765729746]], [[-68.8342867840371, 45.746627067415474], [-68.83415822506481, 45.74662688088404], [-68.83415902464918, 45.74635685964889], [-68.83428758300165, 45.74635704617859], [-68.8342867840371, 45.746627067415474]], [[-68.73413980477629, 45.74643792557597], [-68.73401124708619, 45.746437626361605], [-68.73401167456109, 45.74634761987546], [-68.7341402320446, 45.74634791908889], [-68.73413980477629, 45.74643792557597]], [[-68.73208288197864, 45.746433120788275], [-68.7319543243211, 45.74643281925954], [-68.73195561665655, 45.74616279984185], [-68.73208417369428, 45.74616310136777], [-68.73208288197864, 45.746433120788275]], [[-68.83325858026986, 45.74653556404083], [-68.83313002151431, 45.74653537635277], [-68.83313055787501, 45.74635536220394], [-68.83325911621735, 45.74635554989083], [-68.83325858026986, 45.74653556404083]], [[-68.83261632451844, 45.74635461000983], [-68.83248776618247, 45.746354421599676], [-68.83248803539395, 45.74626441452604], [-68.83235947726588, 45.74626422597183], [-68.83235974668267, 45.746174218897366], [-68.83274542045092, 45.74617478412431], [-68.83274515165392, 45.74626479120052], [-68.8326165935233, 45.74626460293561], [-68.83261632451844, 45.74635461000983]], [[-68.82593185225952, 45.74616460678705], [-68.8256747365508, 45.746164214780826], [-68.8256750167097, 45.74607420773618], [-68.8254179014195, 45.74607381515259], [-68.8254195848242, 45.74553377286208], [-68.82554814122905, 45.74553396922252], [-68.82554842158524, 45.74544396216851], [-68.82567697778481, 45.74544415838369], [-68.82567725793307, 45.745354151327625], [-68.82580581392737, 45.745354347397544], [-68.82580609386773, 45.74526434033946], [-68.82606320544713, 45.74526473204415], [-68.82606348497295, 45.7451747249834], [-68.82619204055806, 45.74517492061816], [-68.82619231987596, 45.745084913555374], [-68.82632087525579, 45.74508510904489], [-68.82632143347445, 45.74490509491383], [-68.82657854341171, 45.74490548545648], [-68.82657882210589, 45.74481547838759], [-68.8267073768699, 45.74481567344134], [-68.82670709838233, 45.74490568051083], [-68.82696420832752, 45.74490607018562], [-68.82696337409642, 45.7451760913892], [-68.82683481850339, 45.74517589662231], [-68.82683426192952, 45.74535591074969], [-68.82670570592462, 45.74535571583693], [-68.82670459193467, 45.745715744072136], [-68.82657603510471, 45.7457155490123], [-68.8265754776886, 45.74589556312014], [-68.82644692044676, 45.74589536791444], [-68.82644664153013, 45.74598537496561], [-68.826318084083, 45.74598517961466], [-68.82631780495844, 45.74607518666379], [-68.82593213200522, 45.74607459974118], [-68.82593185225952, 45.74616460678705]], [[-68.8326171315292, 45.746084588782914], [-68.83248857381305, 45.746084400374535], [-68.83248911222705, 45.7459043862173], [-68.83261766953, 45.74590457462451], [-68.8326171315292, 45.746084588782914]], [[-68.8321029006723, 45.74608383428145], [-68.83197434296127, 45.74608364529446], [-68.83197461299532, 45.74599363821892], [-68.83210317049974, 45.74599382720532], [-68.8321029006723, 45.74608383428145]], [[-68.83287451555314, 45.74599495808609], [-68.83274595804106, 45.74599476996758], [-68.8327462268342, 45.745904762887086], [-68.8328747841397, 45.745904951004995], [-68.83287451555314, 45.74599495808609]], [[-68.83171776843629, 45.7459032527364], [-68.83158921114232, 45.74590306331664], [-68.8315897524436, 45.74572304916196], [-68.83171830932439, 45.74572323858054], [-68.8317185797665, 45.74563323150049], [-68.83184713644197, 45.745633420773814], [-68.83184659596964, 45.745813434933694], [-68.83171803888098, 45.745813245659185], [-68.83171776843629, 45.7459032527364]], [[-68.83146119556412, 45.74572285959874], [-68.83133263868591, 45.74572266989088], [-68.83133290974783, 45.745632662812596], [-68.83146146641943, 45.745632852519876], [-68.83146119556412, 45.74572285959874]], [[-68.83171939108517, 45.74536321025174], [-68.83159083503078, 45.745363020835526], [-68.83159110567438, 45.745273013750364], [-68.83171966152217, 45.74527320316598], [-68.83171939108517, 45.74536321025174]], [[-68.78248322442226, 45.745100068932985], [-68.78222611426857, 45.74509957916068], [-68.78222821407618, 45.74455953817382], [-68.78235676791267, 45.74455978312769], [-68.78235746742209, 45.74437976945246], [-68.78248602084709, 45.74438001426017], [-68.78248671993671, 45.7442000005777], [-68.7826152729502, 45.74420024523925], [-68.78261562228593, 45.744110238395116], [-68.7827441750945, 45.74411048291126], [-68.78274452422201, 45.74402047606493], [-68.78287307682564, 45.74402072043568], [-68.78287342574492, 45.743930713587154], [-68.78313053054401, 45.7439312018932], [-68.7831301820379, 45.74402120874325], [-68.7832587346465, 45.744021452680066], [-68.78325664481456, 45.74456149375492], [-68.78312809096647, 45.74456124981353], [-68.78312739392943, 45.7447412634922], [-68.78299883966983, 45.744741019404636], [-68.78299849094225, 45.74483102624109], [-68.78286993647771, 45.74483078200812], [-68.78286958754187, 45.744920788842386], [-68.78274103287241, 45.744920544464], [-68.78274068372832, 45.74501055129607], [-68.78248357398117, 45.74501006210387], [-68.78248322442226, 45.745100068932985]], [[-68.82285528930885, 45.7433696458987], [-68.82259818647294, 45.7433692469879], [-68.82259847154839, 45.743279239913875], [-68.82246992033903, 45.74327904024215], [-68.8224702056197, 45.743189033167326], [-68.82234165461827, 45.74318883335158], [-68.82234222558868, 45.7430088191989], [-68.82221367500175, 45.74300861923977], [-68.82221424637989, 45.742828605082636], [-68.82208569620745, 45.74282840498012], [-68.82208741154871, 45.74228836247826], [-68.82221596048176, 45.74228856257702], [-68.82221624616066, 45.742198555487775], [-68.82247334361772, 45.742198955250174], [-68.82247362888214, 45.742108948158226], [-68.8228592744582, 45.742109546715234], [-68.82285898981345, 45.74219955380904], [-68.82298753854806, 45.742199753039394], [-68.82298782298625, 45.74210974594497], [-68.82311637151564, 45.74210994503008], [-68.82311665574592, 45.742019937933605], [-68.82324520407012, 45.74202013687348], [-68.8232454880925, 45.74193012977496], [-68.82337403621148, 45.74193032856958], [-68.82337432002593, 45.74184032146901], [-68.82388851168909, 45.741841115198696], [-68.82388822870085, 45.741931122301736], [-68.82401677682655, 45.741931320373205], [-68.82401536289802, 45.74238135587011], [-68.82388681373952, 45.74238115779555], [-68.82388624774559, 45.74256117198309], [-68.8237576981753, 45.74256097376266], [-68.82375741496976, 45.74265098085368], [-68.82362886519425, 45.742650782488006], [-68.82362858178081, 45.74274078957697], [-68.82350003180007, 45.74274059106605], [-68.82349974817869, 45.74283059815298], [-68.82337119799276, 45.74283039949678], [-68.82337063033285, 45.743010413665125], [-68.8232420797351, 45.74301021486306], [-68.82324151165668, 45.743190229024464], [-68.82298440963895, 45.74318983098395], [-68.82298412518458, 45.74327983806127], [-68.82285557397115, 45.74327963882344], [-68.82285528930885, 45.7433696458987]], [[-68.81938556243385, 45.74300418354647], [-68.81912846132421, 45.74300377683041], [-68.8191287519716, 45.74291376976769], [-68.81900020162541, 45.74291356619334], [-68.819000492478, 45.74282355912981], [-68.81912904261762, 45.742823762703516], [-68.81912962390551, 45.742643748570934], [-68.81964382282523, 45.742644561414366], [-68.81964324318986, 45.74282457555203], [-68.81951469304474, 45.742824372556846], [-68.81951440301842, 45.742914379622924], [-68.8193858526681, 45.74291417648247], [-68.81938556243385, 45.74300418354647]], [[-68.78956390141755, 45.74241310420842], [-68.78930680347882, 45.7424126303913], [-68.78930781915837, 45.742142609651765], [-68.78956491585772, 45.74214308346445], [-68.78956390141755, 45.74241310420842]], [[-68.8186180481713, 45.741832869769006], [-68.81784676102059, 45.741831642728194], [-68.81784793179237, 45.74147161442006], [-68.81797647882114, 45.74147181928587], [-68.81797677130406, 45.74138181220463], [-68.81810531812766, 45.74138201692518], [-68.81810561040265, 45.741292009841885], [-68.81823415702108, 45.74129221441717], [-68.81823444908814, 45.7412022073318], [-68.81849154191607, 45.74120261604722], [-68.81849183356861, 45.74111260895914], [-68.81862037977812, 45.741112813099285], [-68.8186200883321, 45.741202820187986], [-68.81887718116833, 45.74120322803566], [-68.81887572598305, 45.74165326346416], [-68.81874717853148, 45.741653059609455], [-68.81874688728374, 45.74174306669025], [-68.818618339627, 45.74174286269028], [-68.8186180481713, 45.741832869769006]], [[-68.82890435585486, 45.74103866858672], [-68.82877580974439, 45.74103847601715], [-68.8287760848704, 45.74094846887668], [-68.82851899306647, 45.74094808330489], [-68.82852009520981, 45.740588054733536], [-68.82864864028494, 45.74058824758934], [-68.82864919093566, 45.74040823329393], [-68.82877773559902, 45.7404084260039], [-68.82877801071588, 45.74031841885344], [-68.82929218855617, 45.740319188244726], [-68.82929163997345, 45.74049920254902], [-68.82942018484985, 45.74049939453648], [-68.82941936258567, 45.74076941598401], [-68.82929081708963, 45.74076922399474], [-68.8292902684939, 45.74094923828479], [-68.82890463077432, 45.74094866144564], [-68.82890435585486, 45.74103866858672]], [[-68.83314664632955, 45.740954935087345], [-68.83301810038311, 45.74095474729098], [-68.83301836869177, 45.74086474012947], [-68.83314691443167, 45.74086492792526], [-68.83314664632955, 45.740954935087345]], [[-68.82633817757154, 45.73950466833054], [-68.82608109242688, 45.73950427728258], [-68.82608137186784, 45.739414270130595], [-68.825952829504, 45.73941407439029], [-68.82595394808074, 45.73905404577055], [-68.82608248961844, 45.73905424150841], [-68.82608276905277, 45.7389642343493], [-68.82646839305427, 45.73896482069335], [-68.82646783542343, 45.73914483501379], [-68.82659637717295, 45.739145030173795], [-68.82659581994987, 45.73932504448977], [-68.8264672777873, 45.73932484932855], [-68.82646699896723, 45.73941485648378], [-68.82633845659946, 45.73941466117733], [-68.82633817757154, 45.73950466833054]], [[-68.83097032797578, 45.73798148610958], [-68.83058471065222, 45.73798091496961], [-68.83058552721963, 45.73771089337339], [-68.83071406570666, 45.7377110838962], [-68.8307143376867, 45.73762107669402], [-68.8308428759685, 45.73762126707163], [-68.83084314774074, 45.73753125986742], [-68.83097168581732, 45.73753145009984], [-68.8309714142516, 45.737621457304634], [-68.83109995253598, 45.73762164739304], [-68.83109913845058, 45.73789166900066], [-68.83097059954667, 45.737891478910484], [-68.83097032797578, 45.73798148610958]], [[-68.7903520387625, 45.737914174558604], [-68.79022350010956, 45.73791393862697], [-68.79022383714513, 45.73782393163875], [-68.79009529870031, 45.73782369556324], [-68.79009563594077, 45.73773368857433], [-68.7902241741791, 45.73773392464909], [-68.79022451121146, 45.737643917658005], [-68.79035304924486, 45.73764415358743], [-68.7903520387625, 45.737914174558604]], [[-68.79331540155314, 45.736029413653476], [-68.79305833284893, 45.73602894832808], [-68.79305966267619, 45.735668920182405], [-68.79318819620154, 45.735669152914504], [-68.79318952517761, 45.735309124743104], [-68.79331805787861, 45.735309357327694], [-68.79331872194422, 45.73512934323199], [-68.79344725423383, 45.73512957567054], [-68.79344791788019, 45.73494956156769], [-68.79357644975839, 45.734949793860196], [-68.79357678137272, 45.734859786805885], [-68.79409090807538, 45.7348607145271], [-68.79409057728697, 45.73495072158429], [-68.79421910917303, 45.734950953153835], [-68.79421877858952, 45.73504096021031], [-68.79447584277933, 45.735041422917064], [-68.79447551260724, 45.73513142997356], [-68.79498964183155, 45.735132353654826], [-68.79498997117773, 45.73504234659544], [-68.79511850328124, 45.73504257715355], [-68.79511883241938, 45.73495257009202], [-68.79537589621813, 45.73495303077302], [-68.79537556749294, 45.73504303783599], [-68.79550409960113, 45.73504326796032], [-68.79550147139545, 45.735763324418535], [-68.79460173510775, 45.73576171047145], [-68.7946014051296, 45.73585171751727], [-68.79395873536716, 45.735850560356404], [-68.79395840435498, 45.73594056739718], [-68.79331573359936, 45.735939406617746], [-68.79331540155314, 45.736029413653476]], [[-68.79228912893917, 45.735487506680634], [-68.79203206273813, 45.73548703905041], [-68.79203239683972, 45.73539703201341], [-68.79177533105796, 45.73539656380626], [-68.79177566557094, 45.735306556769295], [-68.7915186002085, 45.735306087985236], [-68.79151893513287, 45.735216080948305], [-68.79139040266053, 45.735215846340104], [-68.79139073778978, 45.73512583930247], [-68.7912622055255, 45.735125604550426], [-68.7912628761922, 45.734945590472364], [-68.79113434434248, 45.734945355577175], [-68.79113467987993, 45.73485534853675], [-68.79100614823827, 45.734855113497694], [-68.79100715546048, 45.73458509237001], [-68.79087862443986, 45.734584857188594], [-68.79087963226718, 45.73431483605029], [-68.79100816266838, 45.73431507122951], [-68.79100883413233, 45.734135057128704], [-68.79113736412219, 45.734135292161874], [-68.79113769964532, 45.73404528510859], [-68.79126622943029, 45.734045519996435], [-68.79126656474534, 45.733955512941016], [-68.79139509432545, 45.73395574768354], [-68.79139542943246, 45.733865740625944], [-68.79178101756287, 45.73386644398379], [-68.79178135204889, 45.733776436922575], [-68.79216693957417, 45.73377713897694], [-68.79216727343919, 45.733687131912106], [-68.79229580241099, 45.733687365640314], [-68.79229613606796, 45.73359735857334], [-68.79242466483488, 45.733597592156244], [-68.79242499828382, 45.7335075850871], [-68.79281058397466, 45.733508284966106], [-68.79281025114514, 45.73359829203744], [-68.79293877991837, 45.733598525042], [-68.79293811466752, 45.73377853918184], [-68.79306664385527, 45.73377877204327], [-68.79306631143395, 45.73386877911177], [-68.79319484082974, 45.73386901182934], [-68.79319218305412, 45.73458906833185], [-68.79306365200654, 45.73458883560848], [-68.79306298713391, 45.73476884971839], [-68.79293445567495, 45.734768616848974], [-68.79293412302981, 45.734858623901054], [-68.79280559136596, 45.734858390886316], [-68.79280492565795, 45.73503840498476], [-68.79267639358272, 45.73503817182397], [-68.79267572745543, 45.73521818591527], [-68.79254719496882, 45.73521795260842], [-68.79254652842224, 45.73539796669255], [-68.7922894626278, 45.735397499642175], [-68.79228912893917, 45.735487506680634]], [[-68.82275322491465, 45.73499878247488], [-68.82198203167371, 45.73499758348717], [-68.82198231765582, 45.73490757628369], [-68.82185378566022, 45.734907375946946], [-68.82185464421782, 45.73463735432981], [-68.82198317559399, 45.73463755466468], [-68.82198346157067, 45.73454754745549], [-68.82224052391409, 45.73454794769019], [-68.82224080947645, 45.734457940478336], [-68.82275493335366, 45.73445873921014], [-68.8227546486172, 45.734548746424494], [-68.82301171097687, 45.73454914492408], [-68.82301085799827, 45.73481916656234], [-68.82288232619831, 45.73481896738297], [-68.82288204166294, 45.73490897459224], [-68.82275350965786, 45.73490877526765], [-68.82275322491465, 45.73499878247488]], [[-68.83676376818597, 45.734839643295665], [-68.83663523624728, 45.73483945958777], [-68.83663576112734, 45.734659445036996], [-68.8368928241801, 45.73465981230591], [-68.83689256215365, 45.73474981958314], [-68.83676403042016, 45.73474963602042], [-68.83676376818597, 45.734839643295665]], [[-68.83483870781241, 45.733846792483966], [-68.83419605958146, 45.73384586168602], [-68.83419659227998, 45.73366584712584], [-68.8343251215107, 45.73366603357344], [-68.8343253876516, 45.73357602629064], [-68.83445391667712, 45.73357621259308], [-68.83445418261029, 45.73348620530826], [-68.8345827114306, 45.733486391465526], [-68.83458297715603, 45.73339638417872], [-68.83471150577115, 45.73339657019081], [-68.83471177128885, 45.733306562901994], [-68.83484029969877, 45.73330674876892], [-68.83484056500876, 45.73321674147809], [-68.8353546778351, 45.73321748349765], [-68.83535441335096, 45.73330749079079], [-68.83548294176715, 45.73330767593479], [-68.83548214892663, 45.73357769780741], [-68.83535361989104, 45.73357751266168], [-68.83535335540189, 45.73366751994912], [-68.8352248261611, 45.73366733465822], [-68.83522456146422, 45.73375734194366], [-68.83483897312995, 45.733756785201685], [-68.83483870781241, 45.733846792483966]], [[-68.83573894313182, 45.7336680749543], [-68.83561041388725, 45.733667890097166], [-68.83561120611213, 45.7333978682271], [-68.83573973473729, 45.733398053082496], [-68.83573947087005, 45.733488060374526], [-68.83586799970293, 45.73348824508593], [-68.8358677360409, 45.73357825237711], [-68.83573920700155, 45.73357806766513], [-68.83573894313182, 45.7336680749543]], [[-68.83586852702324, 45.733308230499304], [-68.8356114701846, 45.73330786093421], [-68.83561199832575, 45.73312784634419], [-68.83574052633152, 45.733128031197865], [-68.83574026246802, 45.733218038494165], [-68.83586879068152, 45.733218223203835], [-68.83586852702324, 45.733308230499304]], [[-68.81466671421711, 45.73165566735292], [-68.81440966525057, 45.73165525009811], [-68.81440996336273, 45.73156524287955], [-68.81428143908803, 45.731565034035924], [-68.81428173740524, 45.731475026816575], [-68.8144102614735, 45.731475235659545], [-68.81441055958284, 45.73138522843813], [-68.81466760731072, 45.73138564568903], [-68.81466730961426, 45.73147565291174], [-68.81479583368676, 45.73147586132098], [-68.81479553619533, 45.731565868542944], [-68.8146670119164, 45.73156566013305], [-68.81466671421711, 45.73165566735292]], [[-68.81094071949522, 45.73128953174453], [-68.81068367226301, 45.731289106109564], [-68.81068397635632, 45.73119909890439], [-68.81029840613816, 45.73119845936964], [-68.81029871084932, 45.73110845216504], [-68.80978461807112, 45.73110759743066], [-68.80978431253418, 45.731197604632605], [-68.80939874234642, 45.73119696206178], [-68.80939935465749, 45.73101694766049], [-68.80927083167734, 45.73101673318241], [-68.80927144439546, 45.73083671877675], [-68.80914292182965, 45.73083650415543], [-68.80914322839297, 45.73074649695114], [-68.80901470603504, 45.73074628218593], [-68.80901501280334, 45.73065627498087], [-68.80888649065331, 45.73065606007174], [-68.80888679762658, 45.730566052865946], [-68.80875827568444, 45.730565837812925], [-68.8087585828627, 45.73047583060636], [-68.80863006112844, 45.73047561540944], [-68.80863098327374, 45.73020559378321], [-68.8087595043887, 45.73020580897812], [-68.80876042590161, 45.72993578733705], [-68.80888894639874, 45.72993600238536], [-68.80888925336036, 45.72984599516815], [-68.80901777365254, 45.72984621007123], [-68.80901808040628, 45.72975620285192], [-68.80914660049348, 45.72975641760975], [-68.80914690703933, 45.72966641038835], [-68.80927542692156, 45.72966662500095], [-68.80927573325954, 45.729576617777454], [-68.80953277261551, 45.72957704656761], [-68.8095330785392, 45.72948703934135], [-68.80979011748812, 45.72948746755191], [-68.80979042299752, 45.729397460322886], [-68.81004746153938, 45.72939788795385], [-68.81004715644283, 45.729487895184214], [-68.81017567592237, 45.72948810878352], [-68.81017537103078, 45.72957811601314], [-68.81030389071819, 45.72957832946854], [-68.81030328134354, 45.72975834392481], [-68.81043180144522, 45.72975855723698], [-68.81043088799169, 45.73002857891268], [-68.8105594087141, 45.73002879208229], [-68.8105588001507, 45.73020880652696], [-68.8106873212874, 45.730209019553314], [-68.8106867131311, 45.73038903399362], [-68.81081523468212, 45.73038924687674], [-68.81081432305615, 45.730659268528484], [-68.8109428452279, 45.73065948126902], [-68.81094193420824, 45.73092950290994], [-68.81107045700077, 45.73092971550789], [-68.81106954658746, 45.73119973713796], [-68.81094102317563, 45.73119952453801], [-68.81094071949522, 45.73128953174453]], [[-68.80773040902956, 45.730474104983024], [-68.8063166701622, 45.730471717143296], [-68.8063169812612, 45.73038170994815], [-68.80618845976124, 45.73038149200506], [-68.80618908236768, 45.73020147761186], [-68.80606056128208, 45.730201259525565], [-68.8060608727895, 45.730111252327504], [-68.80618939366867, 45.730111470413114], [-68.8061897049682, 45.730021463212935], [-68.80631822564243, 45.730021681153296], [-68.80632009217001, 45.729481637918234], [-68.80619157273433, 45.72948141998197], [-68.80619375172762, 45.72885136948096], [-68.80632226971836, 45.72885158741248], [-68.80632289186177, 45.728671572969425], [-68.80645140944118, 45.72867179075502], [-68.80645203116585, 45.7284917763049], [-68.80658054833391, 45.72849199394458], [-68.80658085898762, 45.728401986716705], [-68.80722344381795, 45.72840307274328], [-68.80722313419629, 45.72849307997455], [-68.80748016855152, 45.7284935133746], [-68.80747985934121, 45.728583520605795], [-68.80760837672746, 45.72858373708965], [-68.80760806772209, 45.728673744320105], [-68.80786510291178, 45.7286741768555], [-68.80786479431778, 45.72876418408587], [-68.80799331212124, 45.72876440013739], [-68.80799300373218, 45.72885440736701], [-68.80812152174352, 45.72885462327465], [-68.80811967261698, 45.729394666626455], [-68.80799115336715, 45.729394450714764], [-68.8079899197612, 45.729754479584756], [-68.80811843983673, 45.72975469549913], [-68.8081168988285, 45.730204731557905], [-68.80798837772085, 45.73020451564015], [-68.80798806930838, 45.73029452284696], [-68.80785954799576, 45.73029430678396], [-68.8078592393754, 45.730384313988665], [-68.80773071785781, 45.73038409778043], [-68.80773040902956, 45.730474104983024]], [[-68.8133874644455, 45.72985343075813], [-68.81325894410442, 45.729853220770366], [-68.81325924404612, 45.729763213529154], [-68.81313072391289, 45.72976300339747], [-68.81313162434877, 45.729492981667285], [-68.81351718289496, 45.72949361162275], [-68.81351688337035, 45.72958361886954], [-68.81364540309501, 45.72958382856621], [-68.81364510377541, 45.729673835812235], [-68.81351658384432, 45.729673626114895], [-68.81351628431688, 45.72976363335883], [-68.81338776418079, 45.729763423516275], [-68.8133874644455, 45.72985343075813]], [[-68.80297763796655, 45.72974594616151], [-68.80233503790038, 45.72974483623051], [-68.8023353553867, 45.72965482904526], [-68.8022068355844, 45.72965460662605], [-68.80220747096539, 45.72947459225264], [-68.80233599035483, 45.72947481467046], [-68.80233630783664, 45.72938480748094], [-68.80246482702118, 45.729385029753495], [-68.80246514429506, 45.72929502256186], [-68.80310773920822, 45.729296131752704], [-68.80310647423208, 45.729656160524605], [-68.80297795442075, 45.7296559389728], [-68.80297763796655, 45.72974594616151]], [[-68.81147903781009, 45.724089800041185], [-68.81135053069968, 45.724089587927274], [-68.8113508336458, 45.723999580604705], [-68.81147934054984, 45.723999792717954], [-68.81147903781009, 45.724089800041185]], [[-68.81250799800726, 45.72382146975926], [-68.81237949150447, 45.72382125880364], [-68.81237979279538, 45.72373125147152], [-68.81250829909182, 45.72373146242648], [-68.81250799800726, 45.72382146975926]]]}}, {"type": "Feature", "properties": {"kind": "median_waterline"}, "geometry": {"type": "Polygon", "coordinates": [[[-68.83615400715045, 45.723587803216375], [-68.83615453337023, 45.72340778831384], [-68.83602602765295, 45.72340760395608], [-68.83602550102043, 45.72358761885746], [-68.83615400715045, 45.723587803216375]]]}}, {"type": "Feature", "properties": {"kind": "median_waterline"}, "geometry": {"type": "Polygon", "coordinates": [[[-68.73579117746887, 45.72339979472653], [-68.73579202601387, 45.72321978099784], [-68.73566352157019, 45.723219483758754], [-68.73566267261249, 45.723399497485595], [-68.73579117746887, 45.72339979472653]]]}}, {"type": "Feature", "properties": {"kind": "median_waterline"}, "geometry": {"type": "Polygon", "coordinates": [[[-68.83692530582906, 45.72349889888055], [-68.83692609143873, 45.72322887651001], [-68.83679758612666, 45.72322869302061], [-68.83679679989794, 45.72349871538944], [-68.83692530582906, 45.72349889888055]]]}}, {"type": "Feature", "properties": {"kind": "median_waterline"}, "geometry": {"type": "Polygon", "coordinates": [[[-68.83602629096731, 45.72331759650326], [-68.83602655428045, 45.723227589049], [-68.83589804897711, 45.723227404547856], [-68.83589778545762, 45.72331741200155], [-68.83602629096731, 45.72331759650326]]]}}, {"type": "Feature", "properties": {"kind": "median_waterline"}, "geometry": {"type": "Polygon", "coordinates": [[[-68.83705459675201, 45.72322905985486], [-68.83705485841307, 45.723139052394586], [-68.83692635330611, 45.7231388690503], [-68.83692609143873, 45.72322887651001], [-68.83705459675201, 45.72322905985486]]]}}, {"type": "Feature", "properties": {"kind": "median_waterline"}, "geometry": {"type": "Polygon", "coordinates": [[[-68.8303723221291, 45.72321933426857], [-68.83037259452055, 45.72312932683866], [-68.83024408947949, 45.72312913597857], [-68.83024381688168, 45.72321914340788], [-68.8303723221291, 45.72321933426857]]]}}, {"type": "Feature", "properties": {"kind": "median_waterline"}, "geometry": {"type": "Polygon", "coordinates": [[[-68.7255112361826, 45.72328555193891], [-68.72551344005883, 45.72283551797759], [-68.7253849366047, 45.7228352091798], [-68.72538273169673, 45.7232852431363], [-68.7255112361826, 45.72328555193891]]]}}, {"type": "Feature", "properties": {"kind": "median_waterline"}, "geometry": {"type": "Polygon", "coordinates": [[[-68.83589831249535, 45.72313739709276], [-68.83589883952806, 45.722957382178265], [-68.83577033484504, 45.72295719753432], [-68.83576980739961, 45.72313721244765], [-68.83589831249535, 45.72313739709276]]]}}, {"type": "Feature", "properties": {"kind": "median_waterline"}, "geometry": {"type": "Polygon", "coordinates": [[[-68.83577033484504, 45.72295719753432], [-68.83577112600379, 45.72268717515363], [-68.83564262194106, 45.722686990366874], [-68.83564183016327, 45.72295701274584], [-68.83577033484504, 45.72295719753432]]]}}, {"type": "Feature", "properties": {"kind": "median_waterline"}, "geometry": {"type": "Polygon", "coordinates": [[[-68.83949748662879, 45.72278247857595], [-68.83949774436299, 45.722692471097766], [-68.83936924026439, 45.72269229050245], [-68.83936898232383, 45.72278229798008], [-68.83949748662879, 45.72278247857595]]]}}, {"type": "Feature", "properties": {"kind": "median_waterline"}, "geometry": {"type": "Polygon", "coordinates": [[[-68.83564262194106, 45.722686990366874], [-68.8356428858645, 45.72259698290438], [-68.83551438200938, 45.722596797973665], [-68.83551411787958, 45.7226868054356], [-68.83564262194106, 45.722686990366874]]]}}, {"type": "Feature", "properties": {"kind": "median_waterline"}, "geometry": {"type": "Polygon", "coordinates": [[[-68.85170587729509, 45.72261896105188], [-68.8517061154238, 45.72252895351935], [-68.85157761162613, 45.72252878665569], [-68.85157737329106, 45.722618794187696], [-68.85170587729509, 45.72261896105188]]]}}, {"type": "Feature", "properties": {"kind": "median_waterline"}, "geometry": {"type": "Polygon", "coordinates": [[[-68.83551464613791, 45.72250679051033], [-68.83551491026518, 45.72241678304555], [-68.835386406824, 45.722416597971474], [-68.83538614249038, 45.72250660543567], [-68.83551464613791, 45.72250679051033]]]}}, {"type": "Feature", "properties": {"kind": "median_waterline"}, "geometry": {"type": "Polygon", "coordinates": [[[-68.83924125245713, 45.72251209480423], [-68.83924176874237, 45.72233207984013], [-68.8391132654716, 45.72233189895802], [-68.83911274877369, 45.72251191392098], [-68.83924125245713, 45.72251209480423]]]}}, {"type": "Feature", "properties": {"kind": "median_waterline"}, "geometry": {"type": "Polygon", "coordinates": [[[-68.73618219940127, 45.72223059620736], [-68.73618262302959, 45.72214058932238], [-68.73605412105599, 45.72214029252802], [-68.73605369722132, 45.72223029941206], [-68.73618219940127, 45.72223059620736]]]}}, {"type": "Feature", "properties": {"kind": "median_waterline"}, "geometry": {"type": "Polygon", "coordinates": [[[-68.83538667115637, 45.722326590505844], [-68.83538693548748, 45.72223658303879], [-68.83525843246025, 45.72223639782133], [-68.83525816792279, 45.72232640528781], [-68.83538667115637, 45.722326590505844]]]}}, {"type": "Feature", "properties": {"kind": "median_waterline"}, "geometry": {"type": "Polygon", "coordinates": [[[-68.85196383616382, 45.722259264203764], [-68.85196407387532, 45.722169256664486], [-68.85183557090079, 45.72216909009197], [-68.85183533298293, 45.72225909763073], [-68.85196383616382, 45.722259264203764]]]}}, {"type": "Feature", "properties": {"kind": "median_waterline"}, "geometry": {"type": "Polygon", "coordinates": [[[-68.83525869699645, 45.72214639035343], [-68.8352589615314, 45.72205638288411], [-68.8351304589181, 45.722056197523294], [-68.8351301941768, 45.72214620499202], [-68.83525869699645, 45.72214639035343]]]}}, {"type": "Feature", "properties": {"kind": "median_waterline"}, "geometry": {"type": "Polygon", "coordinates": [[[-68.8351304589181, 45.722056197523294], [-68.83513072365812, 45.721966190053124], [-68.83500222125244, 45.72196600454834], [-68.83500195630606, 45.72205601201793], [-68.8351304589181, 45.722056197523294]]]}}, {"type": "Feature", "properties": {"kind": "median_waterline"}, "geometry": {"type": "Polygon", "coordinates": [[[-68.7275673082401, 45.72329047312434], [-68.72757212038229, 45.722300398193354], [-68.72744361813288, 45.72230009171377], [-68.72744536876587, 45.72194006442713], [-68.72731686734387, 45.72193975780686], [-68.72731818091582, 45.72166973732977], [-68.72706117931607, 45.7216691236614], [-68.72706030277818, 45.72184913731039], [-68.72718880398968, 45.721849444218755], [-68.72718748978629, 45.72211946468441], [-68.72731599161887, 45.722119771451126], [-68.72731467801576, 45.72238979190681], [-68.72744318046945, 45.722390098531854], [-68.7274388037209, 45.72329016663425], [-68.7275673082401, 45.72329047312434]]]}}, {"type": "Feature", "properties": {"kind": "median_waterline"}, "geometry": {"type": "Polygon", "coordinates": [[[-68.83500222125244, 45.72196600454834], [-68.83500248619755, 45.72187599707732], [-68.83487398399946, 45.72187581142859], [-68.83487371884799, 45.72196581889903], [-68.83500222125244, 45.72196600454834]]]}}, {"type": "Feature", "properties": {"kind": "median_waterline"}, "geometry": {"type": "Polygon", "coordinates": [[[-68.83705669000564, 45.72250900013279], [-68.83705773660267, 45.72214897023753], [-68.83692923376556, 45.72214878689953], [-68.83693028116808, 45.72178875698377], [-68.83680177915758, 45.72178857350354], [-68.8368004688696, 45.722238610891814], [-68.8369289719118, 45.72223879437491], [-68.83692818634314, 45.722508816792505], [-68.83705669000564, 45.72250900013279]]]}}, {"type": "Feature", "properties": {"kind": "median_waterline"}, "geometry": {"type": "Polygon", "coordinates": [[[-68.83590147461666, 45.72205730752032], [-68.83590226511888, 45.72178728509514], [-68.83577376311834, 45.72178710045869], [-68.83577349941251, 45.721877107934596], [-68.83564499720688, 45.72187692315303], [-68.8356444693788, 45.72205693809943], [-68.83590147461666, 45.72205730752032]]]}}, {"type": "Feature", "properties": {"kind": "median_waterline"}, "geometry": {"type": "Polygon", "coordinates": [[[-68.83680177915758, 45.72178857350354], [-68.83680204121144, 45.7216985660216], [-68.83667353940852, 45.72169838239742], [-68.83667327714831, 45.72178838987879], [-68.83680177915758, 45.72178857350354]]]}}, {"type": "Feature", "properties": {"kind": "median_waterline"}, "geometry": {"type": "Polygon", "coordinates": [[[-68.83487424914966, 45.72178580395673], [-68.83487451429859, 45.72169579648344], [-68.83474601251443, 45.72169561069135], [-68.83474574715915, 45.72178561816405], [-68.83487424914966, 45.72178580395673]]]}}, {"type": "Feature", "properties": {"kind": "median_waterline"}, "geometry": {"type": "Polygon", "coordinates": [[[-68.72731861876898, 45.721579730501226], [-68.72731949446907, 45.721399716839834], [-68.72719099428716, 45.721399410080785], [-68.72719011817439, 45.72157942374025], [-68.72731861876898, 45.721579730501226]]]}}, {"type": "Feature", "properties": {"kind": "median_waterline"}, "geometry": {"type": "Polygon", "coordinates": [[[-68.83474601251443, 45.72169561069135], [-68.83474627786846, 45.72160560321722], [-68.83461777629189, 45.72160541728117], [-68.83461751073153, 45.72169542475472], [-68.83474601251443, 45.72169561069135]]]}}, {"type": "Feature", "properties": {"kind": "median_waterline"}, "geometry": {"type": "Polygon", "coordinates": [[[-68.83461777629189, 45.72160541728117], [-68.83461804185099, 45.721515409806194], [-68.83448954048202, 45.7215152237262], [-68.83448927471659, 45.721605231200606], [-68.83461777629189, 45.72160541728117]]]}}, {"type": "Feature", "properties": {"kind": "median_waterline"}, "geometry": {"type": "Polygon", "coordinates": [[[-68.80724697076731, 45.72156251899485], [-68.8072472802759, 45.721472511653786], [-68.80711877919754, 45.72147229478973], [-68.8071184694826, 45.72156230213012], [-68.80724697076731, 45.72156251899485]]]}}, {"type": "Feature", "properties": {"kind": "median_waterline"}, "geometry": {"type": "Polygon", "coordinates": [[[-68.80750428243705, 45.72147294494832], [-68.8075045915315, 45.721382937604496], [-68.80737609065653, 45.72138272103016], [-68.80737578135573, 45.72147272837333], [-68.80750428243705, 45.72147294494832]]]}}, {"type": "Feature", "properties": {"kind": "median_waterline"}, "geometry": {"type": "Polygon", "coordinates": [[[-68.83448954048202, 45.7215152237262], [-68.83449007200912, 45.72133520877314], [-68.8342330701003, 45.7213348361819], [-68.8342328039247, 45.721424843657985], [-68.83436130508483, 45.721425030026445], [-68.83436103911431, 45.72151503750168], [-68.83448954048202, 45.7215152237262]]]}}, {"type": "Feature", "properties": {"kind": "median_waterline"}, "geometry": {"type": "Polygon", "coordinates": [[[-68.80789009416519, 45.721383586460334], [-68.80789040263919, 45.721293579113045], [-68.80750490062448, 45.72129293025924], [-68.8075045915315, 45.721382937604496], [-68.80789009416519, 45.721383586460334]]]}}, {"type": "Feature", "properties": {"kind": "median_waterline"}, "geometry": {"type": "Polygon", "coordinates": [[[-68.8090466021452, 45.721385525223496], [-68.8090469087622, 45.72129551787016], [-68.80891840807604, 45.72129530303079], [-68.8089187148979, 45.72120529567668], [-68.8086617139426, 45.721204865565745], [-68.80866140670807, 45.721294872918506], [-68.80878990739133, 45.721295088046915], [-68.80878960036166, 45.72138509539891], [-68.8090466021452, 45.721385525223496]]]}}, {"type": "Feature", "properties": {"kind": "median_waterline"}, "geometry": {"type": "Polygon", "coordinates": [[[-68.80827590466706, 45.72129422666614], [-68.8082762125206, 45.72120421931539], [-68.8086617139426, 45.721204865565745], [-68.80866202117568, 45.721114858211564], [-68.80814802010791, 45.721113996258076], [-68.8081477120495, 45.72120400360956], [-68.80789071111172, 45.72120357176433], [-68.80789040263919, 45.721293579113045], [-68.80827590466706, 45.72129422666614]]]}}, {"type": "Feature", "properties": {"kind": "median_waterline"}, "geometry": {"type": "Polygon", "coordinates": [[[-68.83423333627462, 45.72124482870438], [-68.83423386861948, 45.72106481374509], [-68.8339768679537, 45.72106444057925], [-68.83397633478351, 45.72124445553621], [-68.83423333627462, 45.72124482870438]]]}}, {"type": "Feature", "properties": {"kind": "median_waterline"}, "geometry": {"type": "Polygon", "coordinates": [[[-68.83616111069641, 45.72115760155109], [-68.83616137377324, 45.72106759406206], [-68.83603287342088, 45.72106740971927], [-68.83603261013772, 45.72115741720773], [-68.83616111069641, 45.72115760155109]]]}}, {"type": "Feature", "properties": {"kind": "median_waterline"}, "geometry": {"type": "Polygon", "coordinates": [[[-68.83603287342088, 45.72106740971927], [-68.83603339998345, 45.72088739473806], [-68.8357764001078, 45.7208870256212], [-68.83577666379988, 45.7207970181296], [-68.83564816407025, 45.720796833354974], [-68.8356484279674, 45.72070682586253], [-68.83551992844535, 45.72070664094394], [-68.83551940023716, 45.72088665592626], [-68.83564790017185, 45.72088684084598], [-68.83564763627221, 45.72097684833557], [-68.83577613641448, 45.72097703311136], [-68.8357758727199, 45.721067040600104], [-68.83603287342088, 45.72106740971927]]]}}, {"type": "Feature", "properties": {"kind": "median_waterline"}, "geometry": {"type": "Polygon", "coordinates": [[[-68.75392381690779, 45.72038002031498], [-68.75392421202201, 45.720290013276504], [-68.75276773091095, 45.72028751659082], [-68.75276733393984, 45.72037752362151], [-68.75392381690779, 45.72038002031498]]]}}, {"type": "Feature", "properties": {"kind": "median_waterline"}, "geometry": {"type": "Polygon", "coordinates": [[[-68.75456670159382, 45.720291395265974], [-68.75456709567456, 45.720201388221746], [-68.75443859796277, 45.72020111211376], [-68.7544382036757, 45.72029111915711], [-68.75456670159382, 45.720291395265974]]]}}, {"type": "Feature", "properties": {"kind": "median_waterline"}, "geometry": {"type": "Polygon", "coordinates": [[[-68.75276773091095, 45.72028751659082], [-68.75276812788016, 45.72019750955871], [-68.75238263482927, 45.720196674731426], [-68.7523822372411, 45.72028668176094], [-68.75276773091095, 45.72028751659082]]]}}, {"type": "Feature", "properties": {"kind": "median_waterline"}, "geometry": {"type": "Polygon", "coordinates": [[[-68.84486950662259, 45.73188068339468], [-68.84486975580946, 45.731790676037186], [-68.84499828080602, 45.731790850472585], [-68.84499852978527, 45.7317008431131], [-68.84512705457657, 45.73170101740339], [-68.84512730334818, 45.73161101004194], [-68.84499877876333, 45.731610835752214], [-68.84499902774022, 45.73152082838988], [-68.8452560764982, 45.73152117682368], [-68.845256325061, 45.73143116945884], [-68.84538484923532, 45.73143134345833], [-68.84538509759052, 45.73134133609154], [-68.84577066950119, 45.7313418572209], [-68.84577042176534, 45.73143186458933], [-68.84602747012455, 45.731432211287114], [-68.8460272228004, 45.73152221865521], [-68.84615574718822, 45.73152239178777], [-68.84615550006934, 45.73161239915499], [-68.84628402466477, 45.73161257214351], [-68.84628427157722, 45.73152256477577], [-68.8465413203587, 45.731522910318006], [-68.84654156685706, 45.731432902947766], [-68.84667009104312, 45.73143307550149], [-68.84667033733388, 45.73134306812929], [-68.84679886131464, 45.731343240537896], [-68.84679935347977, 45.73116322578812], [-68.84692787704883, 45.73116339805108], [-68.84692812292319, 45.731073390673515], [-68.84705664628697, 45.73107356279135], [-68.84705787460912, 45.73062352587948], [-68.84718639694188, 45.73062369785007], [-68.84718713330189, 45.73035367568422], [-68.8473156550165, 45.73035384750863], [-68.84731639074674, 45.73008382532834], [-68.84744491184324, 45.73008399700657], [-68.84744515687788, 45.72999398960975], [-68.8475736777691, 45.729994161142876], [-68.84757392259617, 45.72990415374411], [-68.84783096396926, 45.72990449637557], [-68.8478312083823, 45.729814488974284], [-68.84795972886415, 45.729814660072634], [-68.8479599730696, 45.72972465266941], [-68.8480884933462, 45.72972482362265], [-68.84808873734407, 45.729634816217455], [-68.84834577748786, 45.729635157689174], [-68.84834602107173, 45.72954515028148], [-68.84847454093894, 45.729545320799964], [-68.84847502769037, 45.72936530597927], [-68.84860354714587, 45.729365476352115], [-68.84860403347984, 45.72918546152464], [-68.84873255252367, 45.729185631751854], [-68.84873303844019, 45.72900561691763], [-68.84886155707234, 45.72900578699922], [-68.84886204257141, 45.72882577215823], [-68.84899056079188, 45.72882594209419], [-68.84899128841259, 45.72855591982042], [-68.84911980601497, 45.728556089610244], [-68.84912004834649, 45.728466082182265], [-68.8492485657436, 45.72846625182698], [-68.84924904999038, 45.7282862369657], [-68.8493775669758, 45.72828640646479], [-68.84937780889106, 45.728196399031496], [-68.84950632567123, 45.728196568385506], [-68.8495068090855, 45.72801655351357], [-68.849635325454, 45.728016722721954], [-68.84963580845086, 45.72783670784326], [-68.84976432440769, 45.727836876906025], [-68.849764565698, 45.727746869464006], [-68.84989308144957, 45.7277470383817], [-68.84989356361395, 45.72756702349235], [-68.85002207895386, 45.72756719226442], [-68.85002231982791, 45.727477184817076], [-68.85015083496256, 45.727477353444065], [-68.85015131629447, 45.727297338544055], [-68.85002280157263, 45.7272971699181], [-68.8500247285058, 45.72657711026526], [-68.84989621543627, 45.72657694149898], [-68.84989693863652, 45.726306919107216], [-68.8497684261873, 45.72630675019796], [-68.84976890872785, 45.72612673526405], [-68.84964039669256, 45.72612656621131], [-68.84964087964131, 45.725946551272756], [-68.84951236801993, 45.72594638207652], [-68.84951309305362, 45.72567635965958], [-68.84964160405585, 45.72567652885423], [-68.84964184552508, 45.72558652137854], [-68.84977035632208, 45.725586690428116], [-68.84977108010374, 45.72531666799092], [-68.84989959028275, 45.72531683689436], [-68.84990007238537, 45.72513682192804], [-68.85002858215276, 45.72513699068589], [-68.85002906383808, 45.7249569757128], [-68.85015757319387, 45.72495714432506], [-68.85015805446186, 45.724777129345235], [-68.85028656340603, 45.72477729781189], [-68.85028680383195, 45.72468729031931], [-68.8504153125709, 45.7246874586409], [-68.8504165136515, 45.724237421154], [-68.85054502135975, 45.72423758932843], [-68.85054598137827, 45.72387755931115], [-68.85041747449547, 45.72387739113883], [-68.8504181951165, 45.72360736861248], [-68.8501611825925, 45.723607031837375], [-68.85016262628005, 45.72306698675253], [-68.85029113130335, 45.723067155209186], [-68.85029137170758, 45.72297714768953], [-68.85041987652566, 45.722977316001135], [-68.85042035691802, 45.72279730095651], [-68.85054886132454, 45.72279746912251], [-68.85054958128549, 45.72252744654328], [-68.85067808507411, 45.7225276145632], [-68.85067832485245, 45.7224376070334], [-68.85080682843586, 45.72243777490826], [-68.85080706800673, 45.72234776737653], [-68.85093557138492, 45.722347935106335], [-68.8509362894717, 45.722077912501014], [-68.851064792232, 45.722078080084714], [-68.85106550968953, 45.72180805746499], [-68.85119401183192, 45.721808224902595], [-68.85119472866023, 45.72153820226848], [-68.85132323018475, 45.72153836955999], [-68.85132370765196, 45.7213583544624], [-68.85145220876494, 45.721358521608344], [-68.85145244729051, 45.72126851405689], [-68.85158094819828, 45.72126868105777], [-68.85158118651638, 45.72117867350438], [-68.85209518933344, 45.7211793400606], [-68.85209447685175, 45.721449362722765], [-68.85222297817783, 45.721449529002065], [-68.85222202901184, 45.7218095592004], [-68.8520935268604, 45.72180939291902], [-68.85209328935974, 45.72189940046452], [-68.85222179171753, 45.721899566746416], [-68.85222084252901, 45.722259596916246], [-68.85196383616382, 45.722259264203764], [-68.85196288530652, 45.72261929434664], [-68.85170587729509, 45.72261896105188], [-68.85170540103427, 45.722798976112685], [-68.85157689661756, 45.72279880924747], [-68.85157641993952, 45.72297882430152], [-68.85170492476894, 45.722978991167786], [-68.85170468663458, 45.7230689986932], [-68.85183319167149, 45.72306916541545], [-68.85183295374236, 45.72315917293995], [-68.85196145898675, 45.72315933951818], [-68.85196122126283, 45.723249347041794], [-68.85208972671471, 45.723249513476006], [-68.85208948919603, 45.7233395209987], [-68.85234650051586, 45.72333985343457], [-68.85234673762184, 45.72324984591084], [-68.85286075944958, 45.72325050904606], [-68.852860995729, 45.72316050151883], [-68.85298950098239, 45.723160666940785], [-68.85298926490933, 45.72325067446853], [-68.85350328675948, 45.72325133471305], [-68.85350352200713, 45.72316132718324], [-68.85427455357768, 45.723162313210864], [-68.85427478758608, 45.72307230567655], [-68.85440329264537, 45.72307246950811], [-68.85440352644632, 45.72298246197185], [-68.85453203130038, 45.72298262565836], [-68.85453226489388, 45.72289261812019], [-68.85466076954268, 45.72289278166164], [-68.8546610029287, 45.72280277412153], [-68.85491801181693, 45.72280310076983], [-68.85491824478913, 45.72271309322725], [-68.85530375751073, 45.72271358211418], [-68.85530352515757, 45.722803589658284], [-68.85543202960665, 45.722803752332034], [-68.85543179745872, 45.7228937598752], [-68.85556030211526, 45.72289392240493], [-68.8555600701726, 45.72298392994719], [-68.85568857503658, 45.72298409233288], [-68.85568811156065, 45.72316410741413], [-68.85581661683845, 45.7231642696563], [-68.8558163853052, 45.7232542771953], [-68.85568787982105, 45.723254114952624], [-68.85568741633853, 45.72343413002532], [-68.8558159222354, 45.72343429226902], [-68.85581545916119, 45.72361430733702], [-68.85594396547187, 45.72361446943719], [-68.85594373413947, 45.72370447696957], [-68.85607224065762, 45.72370463892571], [-68.85608102267598, 45.7202843516744], [-68.84670062218875, 45.72027215047811], [-68.84670037604164, 45.72036215802563], [-68.84631487964273, 45.72036164012963], [-68.84631463287549, 45.72045164767412], [-68.84592913586815, 45.7204511284758], [-68.84592888848077, 45.72054113601724], [-68.84580038927433, 45.72054096266155], [-68.84580063686805, 45.720450955120654], [-68.84477264490958, 45.72044956307673], [-68.84477239566526, 45.720539570613276], [-68.84464389646945, 45.72053939595689], [-68.84464364701762, 45.720629403491465], [-68.84477214641977, 45.72062957814838], [-68.84477164792524, 45.72080959321436], [-68.84451464829681, 45.7208092437538], [-68.84451414897222, 45.72098925881188], [-68.84438564874714, 45.72098908386373], [-68.84438514900515, 45.721169098915006], [-68.8445136496429, 45.72116927386427], [-68.84451240129889, 45.72161931147028], [-68.84438389962945, 45.7216191365183], [-68.84438314998981, 45.72188915906316], [-68.84425464770256, 45.721888983965016], [-68.84425439761397, 45.721978991476576], [-68.84412589512154, 45.72197881623335], [-68.84412514422961, 45.72224883875783], [-68.84399664111935, 45.72224866336843], [-68.84399639061333, 45.7223386708732], [-68.84373938398366, 45.72233831965971], [-68.84373913306376, 45.72242832716196], [-68.84335362250917, 45.7224277992561], [-68.84335337096904, 45.72251780675528], [-68.84322486724687, 45.722517630497045], [-68.84322511899336, 45.72242762299843], [-68.84181158039847, 45.7224256746249], [-68.84181132638217, 45.72251568211744], [-68.84168282267441, 45.72251550412483], [-68.84168205999924, 45.72278552659222], [-68.84155355567364, 45.72278534845341], [-68.84155330123983, 45.722875355939124], [-68.84129629217954, 45.722874999226796], [-68.84129603733182, 45.72296500670997], [-68.84065351367052, 45.722964112397015], [-68.84065325778981, 45.72305411987598], [-68.83949671341884, 45.72305250100196], [-68.83949645567975, 45.723142508474446], [-68.83898243516566, 45.72314178521472], [-68.83898217659991, 45.723231792683535], [-68.8388536712681, 45.723231611506705], [-68.83885341249479, 45.723321618973515], [-68.83833939035439, 45.72332089281858], [-68.83833835194713, 45.723680922662496], [-68.83782432652471, 45.72368019418589], [-68.83782328479596, 45.724040223997896], [-68.837694777618, 45.72404004151513], [-68.83769451697636, 45.72413004896401], [-68.83756600959326, 45.72412986633611], [-68.83756548789354, 45.724309881228436], [-68.83769399568938, 45.724310063857466], [-68.83769373504403, 45.724400071302064], [-68.83782224304746, 45.72440025378712], [-68.83782198260724, 45.724490261230855], [-68.83820750724404, 45.72449080782048], [-68.83820724742169, 45.72458081526451], [-68.83833575584279, 45.72458099717253], [-68.83833523660714, 45.72476101205743], [-68.83846374544221, 45.72476119382205], [-68.83846244836342, 45.72521123101219], [-68.83859095823159, 45.725211412635105], [-68.83858966215392, 45.72566144979245], [-68.83871817305521, 45.725661631273645], [-68.8387176550283, 45.72584164612774], [-68.83884616634359, 45.725841827465516], [-68.83884642515127, 45.72575182003862], [-68.83897493626141, 45.72575200123129], [-68.83897519486149, 45.725661993802404], [-68.83923221667267, 45.72566235575296], [-68.83923247485878, 45.72557234832152], [-68.83948949626208, 45.72557270969276], [-68.83948975403419, 45.72548270225876], [-68.83974677502964, 45.725483063050696], [-68.83974651767029, 45.72557307048582], [-68.83987502837624, 45.725573250665526], [-68.83987374259311, 45.72602328782259], [-68.84000225433218, 45.726023467860564], [-68.84000122650927, 45.7263834975628], [-68.84012973907511, 45.72638367745847], [-68.84012922556913, 45.726563692302165], [-68.84000071259051, 45.72656351240538], [-68.84000019866687, 45.72674352724224], [-68.83974317188772, 45.72674316701276], [-68.83974291451128, 45.726833174427924], [-68.83948588732423, 45.726832813619104], [-68.83948562953378, 45.72692282103173], [-68.83922860193883, 45.72692245964355], [-68.83922834373438, 45.72701246705362], [-68.83909982973233, 45.72701228614214], [-68.83909905449241, 45.72728230836208], [-68.83884202525364, 45.72728194610207], [-68.83883891922991, 45.728362034840025], [-68.83896743632553, 45.72836221604909], [-68.83896717768864, 45.72845222343523], [-68.83909569499193, 45.7284524045003], [-68.83909491969315, 45.72872242665183], [-68.83896640177065, 45.728722245585054], [-68.83896614312887, 45.72881225296549], [-68.83870910687469, 45.72881189039712], [-68.83870858876178, 45.728991905151425], [-68.8385800702237, 45.72899172364928], [-68.83857981095898, 45.72908173102373], [-68.83870832970346, 45.72908191252645], [-68.83870755252119, 45.72935193464296], [-68.83883607188615, 45.72935211600282], [-68.83883555417133, 45.729532130741156], [-68.83896407395038, 45.729532311957584], [-68.83896355664349, 45.72971232669136], [-68.83909207683662, 45.72971250776436], [-68.83909104303383, 45.730072537217055], [-68.83921956405389, 45.73007271814774], [-68.83921930580655, 45.730162725507924], [-68.83947634826322, 45.730163086936706], [-68.8394758325906, 45.73034310165503], [-68.83909026766887, 45.73034255929162], [-68.83909000921142, 45.73043256664695], [-68.83921853105721, 45.7304327475799], [-68.83921801455152, 45.73061276228743], [-68.83934653681139, 45.73061294307693], [-68.83934705290422, 45.730432928368266], [-68.83960409660192, 45.730433289511296], [-68.83960435423361, 45.7303432821537], [-68.83973287587787, 45.73034346250779], [-68.83973261845259, 45.73043346986595], [-68.83986114030449, 45.73043365007603], [-68.83986036864064, 45.73070367214363], [-68.83998889111307, 45.73070385221084], [-68.83998863409577, 45.730793859564415], [-68.84011715677586, 45.730794039487606], [-68.84011689996377, 45.730884046840316], [-68.84024542285152, 45.730884226619494], [-68.84024516624467, 45.73097423397134], [-68.84037368934007, 45.7309744136065], [-68.84037343293843, 45.731064420957495], [-68.84178718933867, 45.731066387408546], [-68.84178693520668, 45.73115639476424], [-68.84191545872947, 45.731156572665626], [-68.84191571265504, 45.73106656530938], [-68.84204423597261, 45.73106674306564], [-68.84204448969052, 45.730976735707394], [-68.84217301280286, 45.730976913318514], [-68.84217326631314, 45.7308869059583], [-68.84230178922023, 45.7308870834243], [-68.84230204252286, 45.73079707606211], [-68.84255908792778, 45.730797430559285], [-68.84255934081634, 45.730707423194545], [-68.84268786331415, 45.73070760022571], [-68.84268811599509, 45.73061759285902], [-68.84320220517262, 45.73061829953577], [-68.84320195331745, 45.73070830690468], [-68.84371604333984, 45.73070901127047], [-68.84371629436927, 45.73061900389936], [-68.8438448166714, 45.73061917962883], [-68.84384506749322, 45.730529172255736], [-68.84448767798958, 45.73053004873175], [-68.84448742819994, 45.73062005610758], [-68.84461595050922, 45.73062023096962], [-68.84461570092483, 45.73071023834456], [-68.84474422344172, 45.73071041306255], [-68.84474372468227, 45.73089042780925], [-68.84461520175252, 45.73089025309016], [-68.84461470257547, 45.73107026783006], [-68.84448617923401, 45.731070092965304], [-68.84448567963933, 45.73125010769841], [-68.84422863213422, 45.73124975753297], [-68.84422813170903, 45.7314297722582], [-68.84448518003992, 45.73143012242581], [-68.84448443063191, 45.73170014450624], [-68.84474148020622, 45.73170049409883], [-68.84474098142076, 45.731880508814164], [-68.84486950662259, 45.73188068339468]], [[-68.84602845940941, 45.73107218180052], [-68.84577141270172, 45.73107183510707], [-68.84577166043289, 45.730981827732926], [-68.84564313728724, 45.73098165416987], [-68.84564288934965, 45.731071661543474], [-68.84538584264904, 45.73107131398257], [-68.8453860909995, 45.730981306610055], [-68.84512904471649, 45.73098095847194], [-68.84513003975812, 45.73062092897202], [-68.8452585620733, 45.73062110311119], [-68.84525881062432, 45.7305310957321], [-68.84538733273423, 45.730531269726164], [-68.84538758107765, 45.73044126234511], [-68.84590166870336, 45.730441956873435], [-68.84590142118569, 45.730531964256656], [-68.84602994330149, 45.73053213752785], [-68.84602845940941, 45.73107218180052]], [[-68.84320296073098, 45.73034827742048], [-68.84294591737843, 45.730347924374556], [-68.84294616964168, 45.73025791700105], [-68.84320321258137, 45.730258270045866], [-68.84320296073098, 45.73034827742048]], [[-68.84551858428733, 45.729541362299656], [-68.84526154460775, 45.72954101446806], [-68.84526229021485, 45.729270992275204], [-68.84539080943478, 45.72927116626167], [-68.84539130608744, 45.72909115145821], [-68.8455198248957, 45.72909132529902], [-68.84551957677638, 45.72918133270199], [-68.84564809579226, 45.72918150639877], [-68.8456473520465, 45.729451528600784], [-68.84551883241137, 45.72945135490237], [-68.84551858428733, 45.729541362299656]], [[-68.84629192528155, 45.7287323356688], [-68.84616340729188, 45.72873216269755], [-68.84616365437324, 45.72864215528473], [-68.84603513659118, 45.728641982169464], [-68.84603587844748, 45.728371959924104], [-68.8461643956103, 45.72837213303775], [-68.84616464268699, 45.72828212561923], [-68.84629315964457, 45.728282298587786], [-68.84629340651367, 45.72819229116731], [-68.84655044001954, 45.728192636669654], [-68.84655068647466, 45.72810262924666], [-68.84667920302293, 45.72810280178046], [-68.84667944927047, 45.728012794355514], [-68.84680796561351, 45.72801296674421], [-68.84680821165345, 45.727922959317304], [-68.84693672779126, 45.7279231315609], [-68.84693697362364, 45.727833124132026], [-68.84706548955621, 45.72783329623053], [-68.84706598080466, 45.72765328136743], [-68.84719449632557, 45.72765345332029], [-68.84719474174165, 45.72756344588608], [-68.84732325705734, 45.72756361769385], [-68.84732350226585, 45.727473610257675], [-68.8474520173763, 45.72747378192035], [-68.84745250737703, 45.727293767042624], [-68.8477095367758, 45.72729410993218], [-68.84770929218881, 45.727384117372836], [-68.84783780709634, 45.72738428860131], [-68.84783756271459, 45.72747429604106], [-68.84796607782968, 45.727474467125504], [-68.8479653452967, 45.72774448943781], [-68.8478368295624, 45.72774431835175], [-68.84783634078848, 45.72792433321843], [-68.84770782464254, 45.727924161986756], [-68.84770758004743, 45.728014169417406], [-68.84757906369623, 45.72801399804063], [-68.84757881889355, 45.72810400546933], [-68.84745030233711, 45.72810383394745], [-68.84745005732688, 45.7281938413742], [-68.84732154056519, 45.72819366970724], [-68.84732129534737, 45.72828367713201], [-68.84719277838043, 45.72828350531995], [-68.84719253295505, 45.72837351274278], [-68.84693549861187, 45.72837316868388], [-68.84693525277248, 45.72846317610421], [-68.84680673539623, 45.72846300385738], [-68.84680648934926, 45.72855301127574], [-68.84667797176776, 45.72855283888382], [-68.84667772551323, 45.728642846300204], [-68.8462921721565, 45.72864232825545], [-68.84629192528155, 45.7287323356688]], [[-68.84102371002182, 45.72836509573396], [-68.84025260734916, 45.72836402018897], [-68.84025312049104, 45.72818400540116], [-68.840124603796, 45.728183825638816], [-68.84012511734585, 45.72800381084644], [-68.83999660106484, 45.72800363094067], [-68.83999788595014, 45.72755359393759], [-68.84012640119911, 45.72755377384056], [-68.8401269147319, 45.727373759028225], [-68.8402554295693, 45.72737393878552], [-68.84025568612746, 45.72728393137665], [-68.84038420075967, 45.72728411098882], [-68.84038445711022, 45.72719410357796], [-68.84051297153725, 45.72719428304503], [-68.84051322768019, 45.72710427563219], [-68.84102728457488, 45.727104992052645], [-68.84102702925752, 45.727194999467706], [-68.84115554369062, 45.72719517821199], [-68.84115528857846, 45.727285185626194], [-68.84128380321917, 45.72728536422647], [-68.84128354831219, 45.727375371639816], [-68.84141206316052, 45.727375550096106], [-68.84141078963955, 45.7278255871442], [-68.84128227375922, 45.727825408685135], [-68.84128176392956, 45.72800542349328], [-68.84115324763764, 45.728005244888536], [-68.84115248226486, 45.72827526708839], [-68.8410239653549, 45.72827508833741], [-68.84102371002182, 45.72836509573396]], [[-68.84372884432278, 45.72611863352659], [-68.84347182036315, 45.726118281688855], [-68.84347257450403, 45.72584825935647], [-68.84372959722533, 45.72584861119091], [-68.84372884432278, 45.72611863352659]], [[-68.84026158662937, 45.72521376057933], [-68.84000456686242, 45.72521340094713], [-68.84000482380412, 45.725123393505186], [-68.83987631412887, 45.725123213472834], [-68.83987785699178, 45.72458316879456], [-68.8400063654288, 45.72458334882354], [-68.84000687929394, 45.72440333391825], [-68.84039240337412, 45.72440387313456], [-68.84039214706128, 45.7244938805896], [-68.8405206552968, 45.72449406003986], [-68.84051963085872, 45.724854089848], [-68.8403911217977, 45.7248539103955], [-68.84039060915862, 45.72503392528991], [-68.84026209968606, 45.72503374569174], [-68.84026158662937, 45.72521376057933]], [[-68.84206224695394, 45.72467621708891], [-68.84167672096919, 45.72467568350471], [-68.84167697522078, 45.72458567604694], [-68.84154846676799, 45.724585497897], [-68.84154872122473, 45.724495490438365], [-68.84167722947116, 45.724495668587736], [-68.84167773796831, 45.72431565366507], [-68.84180624580321, 45.7243158316688], [-68.84180726195756, 45.72395580180414], [-68.84193576896821, 45.7239559796611], [-68.84193602279741, 45.723865972190815], [-68.84206452960291, 45.723866149902676], [-68.84206478322456, 45.72377614243042], [-68.84219328982489, 45.72377631999719], [-68.8421930364096, 45.723866327470006], [-68.84232154321751, 45.7238665048928], [-68.84232002393871, 45.7244065497031], [-68.84219151589264, 45.72440637227698], [-68.84219100904404, 45.72458638720124], [-68.84206250058641, 45.72458620962948], [-68.84206224695394, 45.72467621708891]], [[-68.8441201380104, 45.724048988593196], [-68.84386312353689, 45.72404863764797], [-68.84386337427186, 45.72395863017084], [-68.84360636021584, 45.723958278648546], [-68.84360686250766, 45.7237782636922], [-68.84347835589416, 45.723778087715345], [-68.84347885859393, 45.7235980727544], [-68.8436073647947, 45.723598248730156], [-68.84360786707698, 45.7234182337624], [-68.84373637286625, 45.723418409592526], [-68.84373662379924, 45.72332840210597], [-68.84399363496861, 45.7233287533315], [-68.84399338444832, 45.723418760819165], [-68.84412189024115, 45.72341893621567], [-68.84412138960974, 45.7235989511878], [-68.84424989581646, 45.723599126440874], [-68.84424889536481, 45.723959156370235], [-68.84412038833264, 45.723958981114976], [-68.8441201380104, 45.724048988593196]]]}}, {"type": "Feature", "properties": {"kind": "median_waterline"}, "geometry": {"type": "Polygon", "coordinates": [[[-68.83513548876402, 45.720346055346305], [-68.8351357534802, 45.720256047849055], [-68.8350072549948, 45.72025586235528], [-68.83500699007232, 45.72034586985195], [-68.83513548876402, 45.720346055346305]]]}}, {"type": "Feature", "properties": {"kind": "median_waterline"}, "geometry": {"type": "Polygon", "coordinates": [[[-68.7552095842615, 45.72020276659396], [-68.75520997730881, 45.72011275954401], [-68.75495298228107, 45.72011220863042], [-68.75495258882113, 45.72020221567864], [-68.7552095842615, 45.72020276659396]]]}}, {"type": "Feature", "properties": {"kind": "median_waterline"}, "geometry": {"type": "Polygon", "coordinates": [[[-68.75238263482927, 45.720196674731426], [-68.75238303241555, 45.72010666770051], [-68.75212603747036, 45.720106110428134], [-68.75212563947144, 45.72019611745732], [-68.75238263482927, 45.720196674731426]]]}}]}