{"type": "FeatureCollection", "features": [{"type": "Feature", "properties": {"class": "island", "area_px": 75.0, "area_m2": 7500.0, "confidence": 0.967, "lat": 45.786782, "lon": -68.812744, "status": "rock_confirmed", "verdict": "rock_confirmed", "naip_land_frac": 0.9595, "naip_bottom_sigma": -1.02, "naip_scene": "me_m_4506810_sw_19_030_20230901_20240103", "naip_date": "2023-09-01", "evidence": "sentinel_only", "confidence_rank": 1, "source": "merged"}, "geometry": null}, {"type": "Feature", "properties": {"class": "exposed", "area_px": 14.0, "area_m2": 1400.0, "confidence": 0.913, "lat": 45.786281, "lon": -68.797881, "status": "rock_confirmed", "verdict": "rock_confirmed", "naip_land_frac": 0.9372, "naip_bottom_sigma": -0.11, "naip_scene": "me_m_4506810_se_19_030_20230901_20240103", "naip_date": "2023-09-01", "evidence": "sentinel_only", "confidence_rank": 1, "source": "merged"}, "geometry": null}, {"type": "Feature", "properties": {"class": "exposed", "area_px": 2.0, "area_m2": 200.0, "confidence": 0.654, "lat": 45.784851, "lon": -68.745021, "status": "rock_confirmed", "verdict": "rock_confirmed", "naip_land_frac": 0.3482, "naip_bottom_sigma": 0.36, "naip_scene": "me_m_4506811_sw_19_030_20230901_20240103", "naip_date": "2023-09-01", "evidence": "sentinel_only", "confidence_rank": 1, "source": "merged"}, "geometry": null}, {"type": "Feature", "properties": {"class": "island", "area_px": 59.0, "area_m2": 5900.0, "confidence": 0.766, "lat": 45.784982, "lon": -68.743739, "status": "rock_confirmed", "verdict": "rock_confirmed", "naip_land_frac": 0.6463, "naip_bottom_sigma": 0.06, "naip_scene": "me_m_4506811_sw_19_030_20230901_20240103", "naip_date": "2023-09-01", "evidence": "sentinel_only", "confidence_rank": 1, "source": "merged"}, "geometry": null}, {"type": "Feature", "properties": {"class": "exposed", "area_px": 21.0, "area_m2": 2100.0, "confidence": 0.752, "lat": 45.783999, "lon": -68.743564, "status": "rock_confirmed", "verdict": "rock_confirmed", "naip_land_frac": 0.4322, "naip_bottom_sigma": 0.27, "naip_scene": "me_m_4506811_sw_19_030_20230901_20240103", "naip_date": "2023-09-01", "evidence": "sentinel_only", "confidence_rank": 1, "source": "merged"}, "geometry": null}, {"type": "Feature", "properties": {"class": "exposed", "area_px": 6.0, "area_m2": 600.0, "confidence": 0.791, "lat": 45.783137, "lon": -68.750067, "status": "rock_confirmed", "verdict": "rock_confirmed", "naip_land_frac": 0.4398, "naip_bottom_sigma": 1.12, "naip_scene": "me_m_4506811_sw_19_030_20230901_20240103", "naip_date": "2023-09-01", "evidence": "sentinel_only", "confidence_rank": 1, "source": "merged"}, "geometry": null}, {"type": "Feature", "properties": {"class": "exposed", "area_px": 2.0, "area_m2": 200.0, "confidence": 0.781, "lat": 45.780994, "lon": -68.751085, "status": "rock_confirmed", "verdict": "rock_confirmed", "naip_land_frac": 0.4464, "naip_bottom_sigma": 0.51, "naip_scene": "me_m_4506811_sw_19_030_20230901_20240103", "naip_date": "2023-09-01", "evidence": "sentinel_only", "confidence_rank": 1, "source": "merged"}, "geometry": null}, {"type": "Feature", "properties": {"class": "exposed", "area_px": 4.0, "area_m2": 400.0, "confidence": 0.963, "lat": 45.780192, "lon": -68.754819, "status": "rock_confirmed", "verdict": "rock_confirmed", "naip_land_frac": 0.8689, "naip_bottom_sigma": -0.1, "naip_scene": "me_m_4506810_se_19_030_20230901_20240103", "naip_date": "2023-09-01", "evidence": "sentinel_only", "confidence_rank": 1, "source": "merged"}, "geometry": null}, {"type": "Feature", "properties": {"class": "island", "area_px": 72.0, "area_m2": 7200.0, "confidence": 0.931, "lat": 45.780723, "lon": -68.750001, "status": "rock_confirmed", "verdict": "rock_confirmed", "naip_land_frac": 1.0, "naip_bottom_sigma": null, "naip_scene": "me_m_4506811_sw_19_030_20230901_20240103", "naip_date": "2023-09-01", "evidence": "sentinel_only", "confidence_rank": 1, "source": "merged"}, "geometry": null}, {"type": "Feature", "properties": {"class": "island", "area_px": 93.0, "area_m2": 9300.0, "confidence": 0.831, "lat": 45.779007, "lon": -68.781199, "status": "rock_confirmed", "verdict": "rock_confirmed", "naip_land_frac": 0.0693, "naip_bottom_sigma": -0.11, "naip_scene": "me_m_4506810_se_19_030_20230901_20240103", "naip_date": "2023-09-01", "evidence": "sentinel_only", "confidence_rank": 1, "source": "merged"}, "geometry": null}, {"type": "Feature", "properties": {"class": "exposed", "area_px": 2.0, "area_m2": 200.0, "confidence": 0.607, "lat": 45.778401, "lon": -68.781518, "status": "rock_confirmed", "verdict": "rock_confirmed", "naip_land_frac": 0.1402, "naip_bottom_sigma": 0.26, "naip_scene": "me_m_4506810_se_19_030_20230901_20240103", "naip_date": "2023-09-01", "evidence": "sentinel_only", "confidence_rank": 1, "source": "merged"}, "geometry": null}, {"type": "Feature", "properties": {"class": "exposed", "area_px": 3.0, "area_m2": 300.0, "confidence": 0.738, "lat": 45.778329, "lon": -68.783104, "status": "rock_confirmed", "verdict": "rock_confirmed", "naip_land_frac": 0.3649, "naip_bottom_sigma": -0.36, "naip_scene": "me_m_4506810_se_19_030_20230901_20240103", "naip_date": "2023-09-01", "evidence": "sentinel_only", "confidence_rank": 1, "source": "merged"}, "geometry": null}, {"type": "Feature", "properties": {"class": "exposed", "area_px": 35.0, "area_m2": 3500.0, "confidence": 0.911, "lat": 45.778406, "lon": -68.753196, "status": "rock_confirmed", "verdict": "rock_confirmed", "naip_land_frac": 0.7586, "naip_bottom_sigma": 0.39, "naip_scene": "me_m_4506810_se_19_030_20230901_20240103", "naip_date": "2023-09-01", "evidence": "sentinel_only", "confidence_rank": 1, "source": "merged"}, "geometry": null}, {"type": "Feature", "properties": {"class": "island", "area_px": 79.0, "area_m2": 7900.0, "confidence": 0.947, "lat": 45.777198, "lon": -68.748549, "status": "rock_confirmed", "verdict": "rock_confirmed", "naip_land_frac": 0.9975, "naip_bottom_sigma": null, "naip_scene": "me_m_4506811_sw_19_030_20230901_20240103", "naip_date": "2023-09-01", "evidence": "sentinel_only", "confidence_rank": 1, "source": "merged"}, "geometry": null}, {"type": "Feature", "properties": {"class": "exposed", "area_px": 3.0, "area_m2": 300.0, "confidence": 0.821, "lat": 45.776367, "lon": -68.748254, "status": "open_water", "verdict": "open_water", "naip_land_frac": 0.0025, "naip_bottom_sigma": -0.34, "naip_scene": "me_m_4506811_sw_19_030_20230901_20240103", "naip_date": "2023-09-01", "evidence": "sentinel_only", "confidence_rank": 1, "source": "merged"}, "geometry": null}, {"type": "Feature", "properties": {"class": "exposed", "area_px": 2.0, "area_m2": 200.0, "confidence": 0.883, "lat": 45.775213, "lon": -68.741721, "status": "rock_confirmed", "verdict": "rock_confirmed", "naip_land_frac": 0.1108, "naip_bottom_sigma": 0.44, "naip_scene": "me_m_4506811_sw_19_030_20230901_20240103", "naip_date": "2023-09-01", "evidence": "sentinel_only", "confidence_rank": 1, "source": "merged"}, "geometry": null}, {"type": "Feature", "properties": {"class": "exposed", "area_px": 10.0, "area_m2": 1000.0, "confidence": 0.894, "lat": 45.774972, "lon": -68.742661, "status": "rock_confirmed", "verdict": "rock_confirmed", "naip_land_frac": 0.3608, "naip_bottom_sigma": 0.24, "naip_scene": "me_m_4506811_sw_19_030_20230901_20240103", "naip_date": "2023-09-01", "evidence": "sentinel_only", "confidence_rank": 1, "source": "merged"}, "geometry": null}, {"type": "Feature", "properties": {"class": "exposed", "area_px": 4.0, "area_m2": 400.0, "confidence": 0.743, "lat": 45.773871, "lon": -68.745328, "status": "rock_confirmed", "verdict": "rock_confirmed", "naip_land_frac": 0.0572, "naip_bottom_sigma": 0.44, "naip_scene": "me_m_4506811_sw_19_030_20230901_20240103", "naip_date": "2023-09-01", "evidence": "sentinel_only", "confidence_rank": 1, "source": "merged"}, "geometry": null}, {"type": "Feature", "properties": {"class": "island", "area_px": 98.0, "area_m2": 9800.0, "confidence": 0.945, "lat": 45.773999, "lon": -68.751309, "status": "rock_confirmed", "verdict": "rock_confirmed", "naip_land_frac": 1.0, "naip_bottom_sigma": null, "naip_scene": "me_m_4506811_sw_19_030_20230901_20240103", "naip_date": "2023-09-01", "evidence": "sentinel_only", "confidence_rank": 1, "source": "merged"}, "geometry": null}, {"type": "Feature", "properties": {"class": "exposed", "area_px": 32.0, "area_m2": 3200.0, "confidence": 0.852, "lat": 45.772177, "lon": -68.743692, "status": "rock_confirmed", "verdict": "rock_confirmed", "naip_land_frac": 0.956, "naip_bottom_sigma": -0.02, "naip_scene": "me_m_4506811_sw_19_030_20230901_20240103", "naip_date": "2023-09-01", "evidence": "sentinel_only", "confidence_rank": 1, "source": "merged"}, "geometry": null}, {"type": "Feature", "properties": {"class": "exposed", "area_px": 4.0, "area_m2": 400.0, "confidence": 0.955, "lat": 45.771237, "lon": -68.755437, "status": "rock_confirmed", "verdict": "rock_confirmed", "naip_land_frac": 0.0653, "naip_bottom_sigma": -0.54, "naip_scene": "me_m_4506810_se_19_030_20230901_20240103", "naip_date": "2023-09-01", "evidence": "sentinel_only", "confidence_rank": 1, "source": "merged"}, "geometry": null}, {"type": "Feature", "properties": {"class": "island", "area_px": 69.0, "area_m2": 6900.0, "confidence": 0.976, "lat": 45.771187, "lon": -68.760253, "status": "rock_confirmed", "verdict": "rock_confirmed", "naip_land_frac": 0.9949, "naip_bottom_sigma": null, "naip_scene": "me_m_4506810_se_19_030_20230901_20240103", "naip_date": "2023-09-01", "evidence": "sentinel_only", "confidence_rank": 1, "source": "merged"}, "geometry": null}, {"type": "Feature", "properties": {"class": "island", "area_px": 87.0, "area_m2": 8700.0, "confidence": 0.984, "lat": 45.770749, "lon": -68.757834, "status": "rock_confirmed", "verdict": "rock_confirmed", "naip_land_frac": 1.0, "naip_bottom_sigma": null, "naip_scene": "me_m_4506810_se_19_030_20230901_20240103", "naip_date": "2023-09-01", "evidence": "sentinel_only", "confidence_rank": 1, "source": "merged"}, "geometry": null}, {"type": "Feature", "properties": {"class": "island", "area_px": 56.0, "area_m2": 5600.0, "confidence": 0.94, "lat": 45.770135, "lon": -68.747463, "status": "rock_confirmed", "verdict": "rock_confirmed", "naip_land_frac": 1.0, "naip_bottom_sigma": null, "naip_scene": "me_m_4506811_sw_19_030_20230901_20240103", "naip_date": "2023-09-01", "evidence": "sentinel_only", "confidence_rank": 1, "source": "merged"}, "geometry": null}, {"type": "Feature", "properties": {"class": "exposed", "area_px": 43.0, "area_m2": 4300.0, "confidence": 0.96, "lat": 45.769918, "lon": -68.752834, "status": "unverified", "verdict": "unchecked", "evidence": "sentinel_only", "confidence_rank": 1, "source": "merged"}, "geometry": null}, {"type": "Feature", "properties": {"class": "island", "area_px": 77.0, "area_m2": 7700.0, "confidence": 0.966, "lat": 45.769021, "lon": -68.755132, "status": "rock_confirmed", "verdict": "rock_confirmed", "naip_land_frac": 1.0, "naip_bottom_sigma": null, "naip_scene": "me_m_4506810_se_19_030_20230901_20240103", "naip_date": "2023-09-01", "evidence": "sentinel_only", "confidence_rank": 1, "source": "merged"}, "geometry": null}, {"type": "Feature", "properties": {"class": "exposed", "area_px": 3.0, "area_m2": 300.0, "confidence": 0.827, "lat": 45.764342, "lon": -68.83357, "status": "rock_confirmed", "verdict": "rock_confirmed", "naip_land_frac": 0.2905, "naip_bottom_sigma": -0.36, "naip_scene": "me_m_4506810_sw_19_030_20230901_20240103", "naip_date": "2023-09-01", "evidence": "sentinel_only", "confidence_rank": 1, "source": "merged"}, "geometry": null}, {"type": "Feature", "properties": {"class": "island", "area_px": 51.0, "area_m2": 5100.0, "confidence": 0.963, "lat": 45.763562, "lon": -68.832001, "status": "rock_confirmed", "verdict": "rock_confirmed", "naip_land_frac": 1.0, "naip_bottom_sigma": null, "naip_scene": "me_m_4506810_sw_19_030_20230901_20240103", "naip_date": "2023-09-01", "evidence": "sentinel_only", "confidence_rank": 1, "source": "merged"}, "geometry": null}, {"type": "Feature", "properties": {"class": "exposed", "area_px": 4.0, "area_m2": 400.0, "confidence": 0.893, "lat": 45.762821, "lon": -68.829481, "status": "rock_confirmed", "verdict": "rock_confirmed", "naip_land_frac": 0.4793, "naip_bottom_sigma": 0.47, "naip_scene": "me_m_4506810_sw_19_030_20230901_20240103", "naip_date": "2023-09-01", "evidence": "sentinel_only", "confidence_rank": 1, "source": "merged"}, "geometry": null}, {"type": "Feature", "properties": {"class": "exposed", "area_px": 2.0, "area_m2": 200.0, "confidence": 0.775, "lat": 45.754156, "lon": -68.724524, "status": "rock_confirmed", "verdict": "rock_confirmed", "naip_land_frac": 0.084, "naip_bottom_sigma": -0.34, "naip_scene": "me_m_4506811_sw_19_030_20230901_20240103", "naip_date": "2023-09-01", "evidence": "sentinel_only", "confidence_rank": 1, "source": "merged"}, "geometry": null}, {"type": "Feature", "properties": {"class": "exposed", "area_px": 2.0, "area_m2": 200.0, "confidence": 0.74, "lat": 45.753976, "lon": -68.724654, "status": "rock_confirmed", "verdict": "rock_confirmed", "naip_land_frac": 0.3133, "naip_bottom_sigma": -0.23, "naip_scene": "me_m_4506811_sw_19_030_20230901_20240103", "naip_date": "2023-09-01", "evidence": "sentinel_only", "confidence_rank": 1, "source": "merged"}, "geometry": null}, {"type": "Feature", "properties": {"class": "exposed", "area_px": 7.0, "area_m2": 700.0, "confidence": 0.908, "lat": 45.753862, "lon": -68.733526, "status": "rock_confirmed", "verdict": "rock_confirmed", "naip_land_frac": 0.9965, "naip_bottom_sigma": null, "naip_scene": "me_m_4506811_sw_19_030_20230901_20240103", "naip_date": "2023-09-01", "evidence": "sentinel_only", "confidence_rank": 1, "source": "merged"}, "geometry": null}, {"type": "Feature", "properties": {"class": "exposed", "area_px": 3.0, "area_m2": 300.0, "confidence": 0.644, "lat": 45.75349, "lon": -68.728256, "status": "rock_confirmed", "verdict": "rock_confirmed", "naip_land_frac": 0.3563, "naip_bottom_sigma": -0.11, "naip_scene": "me_m_4506811_sw_19_030_20230901_20240103", "naip_date": "2023-09-01", "evidence": "sentinel_only", "confidence_rank": 1, "source": "merged"}, "geometry": null}, {"type": "Feature", "properties": {"class": "exposed", "area_px": 2.0, "area_m2": 200.0, "confidence": 0.738, "lat": 45.753313, "lon": -68.729607, "status": "rock_confirmed", "verdict": "rock_confirmed", "naip_land_frac": 0.7429, "naip_bottom_sigma": -0.13, "naip_scene": "me_m_4506811_sw_19_030_20230901_20240103", "naip_date": "2023-09-01", "evidence": "sentinel_only", "confidence_rank": 1, "source": "merged"}, "geometry": null}, {"type": "Feature", "properties": {"class": "exposed", "area_px": 2.0, "area_m2": 200.0, "confidence": 0.631, "lat": 45.75322, "lon": -68.72845, "status": "rock_confirmed", "verdict": "rock_confirmed", "naip_land_frac": 0.8841, "naip_bottom_sigma": 0.39, "naip_scene": "me_m_4506811_sw_19_030_20230901_20240103", "naip_date": "2023-09-01", "evidence": "sentinel_only", "confidence_rank": 1, "source": "merged"}, "geometry": null}, {"type": "Feature", "properties": {"class": "exposed", "area_px": 5.0, "area_m2": 500.0, "confidence": 0.65, "lat": 45.753209, "lon": -68.723989, "status": "rock_confirmed", "verdict": "rock_confirmed", "naip_land_frac": 0.9145, "naip_bottom_sigma": 0.5, "naip_scene": "me_m_4506811_sw_19_030_20230901_20240103", "naip_date": "2023-09-01", "evidence": "sentinel_only", "confidence_rank": 1, "source": "merged"}, "geometry": null}, {"type": "Feature", "properties": {"class": "exposed", "area_px": 2.0, "area_m2": 200.0, "confidence": 0.643, "lat": 45.753074, "lon": -68.723629, "status": "rock_confirmed", "verdict": "rock_confirmed", "naip_land_frac": 0.712, "naip_bottom_sigma": -0.36, "naip_scene": "me_m_4506811_sw_19_030_20230901_20240103", "naip_date": "2023-09-01", "evidence": "sentinel_only", "confidence_rank": 1, "source": "merged"}, "geometry": null}, {"type": "Feature", "properties": {"class": "exposed", "area_px": 21.0, "area_m2": 2100.0, "confidence": 0.693, "lat": 45.752996, "lon": -68.729618, "status": "rock_confirmed", "verdict": "rock_confirmed", "naip_land_frac": 0.7874, "naip_bottom_sigma": 0.25, "naip_scene": "me_m_4506811_sw_19_030_20230901_20240103", "naip_date": "2023-09-01", "evidence": "sentinel_only", "confidence_rank": 1, "source": "merged"}, "geometry": null}, {"type": "Feature", "properties": {"class": "exposed", "area_px": 3.0, "area_m2": 300.0, "confidence": 0.635, "lat": 45.752355, "lon": -68.730362, "status": "rock_confirmed", "verdict": "rock_confirmed", "naip_land_frac": 1.0, "naip_bottom_sigma": null, "naip_scene": "me_m_4506811_sw_19_030_20230901_20240103", "naip_date": "2023-09-01", "evidence": "sentinel_only", "confidence_rank": 1, "source": "merged"}, "geometry": null}, {"type": "Feature", "properties": {"class": "exposed", "area_px": 2.0, "area_m2": 200.0, "confidence": 0.96, "lat": 45.751907, "lon": -68.844685, "status": "unverified", "verdict": "unchecked", "evidence": "sentinel_only", "confidence_rank": 1, "source": "merged"}, "geometry": null}, {"type": "Feature", "properties": {"class": "exposed", "area_px": 4.0, "area_m2": 400.0, "confidence": 0.841, "lat": 45.750687, "lon": -68.825629, "status": "rock_confirmed", "verdict": "rock_confirmed", "naip_land_frac": 0.5582, "naip_bottom_sigma": 0.28, "naip_scene": "me_m_4506818_nw_19_030_20230901_20240103", "naip_date": "2023-09-01", "evidence": "sentinel_only", "confidence_rank": 1, "source": "merged"}, "geometry": null}, {"type": "Feature", "properties": {"class": "island", "area_px": 228.0, "area_m2": 22800.0, "confidence": 0.966, "lat": 45.750449, "lon": -68.736808, "status": "rock_confirmed", "verdict": "rock_confirmed", "naip_land_frac": 1.0, "naip_bottom_sigma": null, "naip_scene": "me_m_4506819_nw_19_030_20230901_20240103", "naip_date": "2023-09-01", "evidence": "sentinel_only", "confidence_rank": 1, "source": "merged"}, "geometry": null}, {"type": "Feature", "properties": {"class": "exposed", "area_px": 13.0, "area_m2": 1300.0, "confidence": 0.793, "lat": 45.749339, "lon": -68.726951, "status": "rock_confirmed", "verdict": "rock_confirmed", "naip_land_frac": 0.9833, "naip_bottom_sigma": 4.56, "naip_scene": "me_m_4506819_nw_19_030_20230901_20240103", "naip_date": "2023-09-01", "evidence": "sentinel_only", "confidence_rank": 1, "source": "merged"}, "geometry": null}, {"type": "Feature", "properties": {"class": "island", "area_px": 196.0, "area_m2": 19600.0, "confidence": 0.9, "lat": 45.750101, "lon": -68.725051, "status": "rock_confirmed", "verdict": "rock_confirmed", "naip_land_frac": 0.9899, "naip_bottom_sigma": null, "naip_scene": "me_m_4506819_nw_19_030_20230901_20240103", "naip_date": "2023-09-01", "evidence": "sentinel_only", "confidence_rank": 1, "source": "merged"}, "geometry": null}, {"type": "Feature", "properties": {"class": "island", "area_px": 259.0, "area_m2": 25900.0, "confidence": 0.826, "lat": 45.749659, "lon": -68.840241, "status": "rock_confirmed", "verdict": "rock_confirmed", "naip_land_frac": 1.0, "naip_bottom_sigma": null, "naip_scene": "me_m_4506818_nw_19_030_20230901_20240103", "naip_date": "2023-09-01", "evidence": "sentinel_only", "confidence_rank": 1, "source": "merged"}, "geometry": null}, {"type": "Feature", "properties": {"class": "exposed", "area_px": 28.0, "area_m2": 2800.0, "confidence": 0.749, "lat": 45.748162, "lon": -68.833001, "status": "rock_confirmed", "verdict": "rock_confirmed", "naip_land_frac": 0.9504, "naip_bottom_sigma": 1.47, "naip_scene": "me_m_4506818_nw_19_030_20230901_20240103", "naip_date": "2023-09-01", "evidence": "sentinel_only", "confidence_rank": 1, "source": "merged"}, "geometry": null}, {"type": "Feature", "properties": {"class": "exposed", "area_px": 3.0, "area_m2": 300.0, "confidence": 0.702, "lat": 45.747517, "lon": -68.837605, "status": "rock_confirmed", "verdict": "rock_confirmed", "naip_land_frac": 0.9975, "naip_bottom_sigma": null, "naip_scene": "me_m_4506818_nw_19_030_20230901_20240103", "naip_date": "2023-09-01", "evidence": "sentinel_only", "confidence_rank": 1, "source": "merged"}, "geometry": null}, {"type": "Feature", "properties": {"class": "island", "area_px": 616.0, "area_m2": 61600.0, "confidence": 0.907, "lat": 45.748786, "lon": -68.83571, "status": "unverified", "verdict": "unchecked", "evidence": "sentinel_only", "confidence_rank": 1, "source": "merged"}, "geometry": null}, {"type": "Feature", "properties": {"class": "exposed", "area_px": 20.0, "area_m2": 2000.0, "confidence": 0.659, "lat": 45.747642, "lon": -68.830061, "status": "rock_confirmed", "verdict": "rock_confirmed", "naip_land_frac": 1.0, "naip_bottom_sigma": null, "naip_scene": "me_m_4506818_nw_19_030_20230901_20240103", "naip_date": "2023-09-01", "evidence": "sentinel_only", "confidence_rank": 1, "source": "merged"}, "geometry": null}, {"type": "Feature", "properties": {"class": "exposed", "area_px": 9.0, "area_m2": 900.0, "confidence": 0.722, "lat": 45.747336, "lon": -68.837206, "status": "rock_confirmed", "verdict": "rock_confirmed", "naip_land_frac": 0.9939, "naip_bottom_sigma": null, "naip_scene": "me_m_4506818_nw_19_030_20230901_20240103", "naip_date": "2023-09-01", "evidence": "sentinel_only", "confidence_rank": 1, "source": "merged"}, "geometry": null}, {"type": "Feature", "properties": {"class": "exposed", "area_px": 3.0, "area_m2": 300.0, "confidence": 0.84, "lat": 45.747036, "lon": -68.836921, "status": "rock_confirmed", "verdict": "rock_confirmed", "naip_land_frac": 0.9939, "naip_bottom_sigma": null, "naip_scene": "me_m_4506818_nw_19_030_20230901_20240103", "naip_date": "2023-09-01", "evidence": "sentinel_only", "confidence_rank": 1, "source": "merged"}, "geometry": null}, {"type": "Feature", "properties": {"class": "exposed", "area_px": 22.0, "area_m2": 2200.0, "confidence": 0.774, "lat": 45.747096, "lon": -68.833555, "status": "rock_confirmed", "verdict": "rock_confirmed", "naip_land_frac": 0.3957, "naip_bottom_sigma": -0.18, "naip_scene": "me_m_4506818_nw_19_030_20230901_20240103", "naip_date": "2023-09-01", "evidence": "sentinel_only", "confidence_rank": 1, "source": "merged"}, "geometry": null}, {"type": "Feature", "properties": {"class": "exposed", "area_px": 2.0, "area_m2": 200.0, "confidence": 0.66, "lat": 45.746133, "lon": -68.83506, "status": "rock_confirmed", "verdict": "rock_confirmed", "naip_land_frac": 0.7723, "naip_bottom_sigma": 0.72, "naip_scene": "me_m_4506818_nw_19_030_20230901_20240103", "naip_date": "2023-09-01", "evidence": "sentinel_only", "confidence_rank": 1, "source": "merged"}, "geometry": null}, {"type": "Feature", "properties": {"class": "exposed", "area_px": 5.0, "area_m2": 500.0, "confidence": 0.733, "lat": 45.745662, "lon": -68.832734, "status": "rock_confirmed", "verdict": "rock_confirmed", "naip_land_frac": 0.7247, "naip_bottom_sigma": -0.33, "naip_scene": "me_m_4506818_nw_19_030_20230901_20240103", "naip_date": "2023-09-01", "evidence": "sentinel_only", "confidence_rank": 1, "source": "merged"}, "geometry": null}, {"type": "Feature", "properties": {"class": "island", "area_px": 86.0, "area_m2": 8600.0, "confidence": 0.907, "lat": 45.746084, "lon": -68.836108, "status": "rock_confirmed", "verdict": "rock_confirmed", "naip_land_frac": 1.0, "naip_bottom_sigma": null, "naip_scene": "me_m_4506818_nw_19_030_20230901_20240103", "naip_date": "2023-09-01", "evidence": "sentinel_only", "confidence_rank": 1, "source": "merged"}, "geometry": null}, {"type": "Feature", "properties": {"class": "exposed", "area_px": 2.0, "area_m2": 200.0, "confidence": 0.696, "lat": 45.744826, "lon": -68.833585, "status": "rock_confirmed", "verdict": "rock_confirmed", "naip_land_frac": 0.2444, "naip_bottom_sigma": -0.12, "naip_scene": "me_m_4506818_nw_19_030_20230901_20240103", "naip_date": "2023-09-01", "evidence": "sentinel_only", "confidence_rank": 1, "source": "merged"}, "geometry": null}, {"type": "Feature", "properties": {"class": "exposed", "area_px": 2.0, "area_m2": 200.0, "confidence": 0.667, "lat": 45.744646, "lon": -68.833714, "status": "rock_confirmed", "verdict": "rock_confirmed", "naip_land_frac": 0.8219, "naip_bottom_sigma": 0.14, "naip_scene": "me_m_4506818_nw_19_030_20230901_20240103", "naip_date": "2023-09-01", "evidence": "sentinel_only", "confidence_rank": 1, "source": "merged"}, "geometry": null}, {"type": "Feature", "properties": {"class": "island", "area_px": 101.0, "area_m2": 10100.0, "confidence": 0.892, "lat": 45.742557, "lon": -68.835758, "status": "rock_confirmed", "verdict": "rock_confirmed", "naip_land_frac": 1.0, "naip_bottom_sigma": null, "naip_scene": "me_m_4506818_nw_19_030_20230901_20240103", "naip_date": "2023-09-01", "evidence": "sentinel_only", "confidence_rank": 1, "source": "merged"}, "geometry": null}, {"type": "Feature", "properties": {"class": "exposed", "area_px": 2.0, "area_m2": 200.0, "confidence": 0.957, "lat": 45.741858, "lon": -68.781403, "status": "rock_confirmed", "verdict": "rock_confirmed", "naip_land_frac": 0.337, "naip_bottom_sigma": -0.06, "naip_scene": "me_m_4506818_ne_19_030_20230901_20240103", "naip_date": "2023-09-01", "evidence": "sentinel_only", "confidence_rank": 1, "source": "merged"}, "geometry": null}, {"type": "Feature", "properties": {"class": "island", "area_px": 274.0, "area_m2": 27400.0, "confidence": 0.891, "lat": 45.742532, "lon": -68.83353, "status": "rock_confirmed", "verdict": "rock_confirmed", "naip_land_frac": 1.0, "naip_bottom_sigma": null, "naip_scene": "me_m_4506818_nw_19_030_20230901_20240103", "naip_date": "2023-09-01", "evidence": "sentinel_only", "confidence_rank": 1, "source": "merged"}, "geometry": null}, {"type": "Feature", "properties": {"class": "exposed", "area_px": 3.0, "area_m2": 300.0, "confidence": 0.845, "lat": 45.737749, "lon": -68.790246, "status": "rock_confirmed", "verdict": "rock_confirmed", "naip_land_frac": 0.4965, "naip_bottom_sigma": 2.39, "naip_scene": "me_m_4506818_ne_19_030_20230901_20240103", "naip_date": "2023-09-01", "evidence": "sentinel_only", "confidence_rank": 1, "source": "merged"}, "geometry": null}, {"type": "Feature", "properties": {"class": "exposed", "area_px": 11.0, "area_m2": 1100.0, "confidence": 0.953, "lat": 45.735875, "lon": -68.836615, "status": "rock_confirmed", "verdict": "rock_confirmed", "naip_land_frac": 0.9352, "naip_bottom_sigma": -0.41, "naip_scene": "me_m_4506818_nw_19_030_20230901_20240103", "naip_date": "2023-09-01", "evidence": "sentinel_only", "confidence_rank": 1, "source": "merged"}, "geometry": null}, {"type": "Feature", "properties": {"class": "exposed", "area_px": 2.0, "area_m2": 200.0, "confidence": 0.885, "lat": 45.73538, "lon": -68.836826, "status": "rock_confirmed", "verdict": "rock_confirmed", "naip_land_frac": 0.7313, "naip_bottom_sigma": 0.47, "naip_scene": "me_m_4506818_nw_19_030_20230901_20240103", "naip_date": "2023-09-01", "evidence": "sentinel_only", "confidence_rank": 1, "source": "merged"}, "geometry": null}, {"type": "Feature", "properties": {"class": "exposed", "area_px": 3.0, "area_m2": 300.0, "confidence": 0.729, "lat": 45.734735, "lon": -68.836743, "status": "rock_confirmed", "verdict": "rock_confirmed", "naip_land_frac": 0.7859, "naip_bottom_sigma": 0.17, "naip_scene": "me_m_4506818_nw_19_030_20230901_20240103", "naip_date": "2023-09-01", "evidence": "sentinel_only", "confidence_rank": 1, "source": "merged"}, "geometry": null}, {"type": "Feature", "properties": {"class": "exposed", "area_px": 17.0, "area_m2": 1700.0, "confidence": 0.87, "lat": 45.734917, "lon": -68.837168, "status": "rock_confirmed", "verdict": "rock_confirmed", "naip_land_frac": 0.7485, "naip_bottom_sigma": 0.47, "naip_scene": "me_m_4506818_nw_19_030_20230901_20240103", "naip_date": "2023-09-01", "evidence": "sentinel_only", "confidence_rank": 1, "source": "merged"}, "geometry": null}, {"type": "Feature", "properties": {"class": "exposed", "area_px": 2.0, "area_m2": 200.0, "confidence": 0.688, "lat": 45.732778, "lon": -68.787351, "status": "open_water", "verdict": "open_water", "naip_land_frac": 0.003, "naip_bottom_sigma": -0.48, "naip_scene": "me_m_4506818_ne_19_030_20230901_20240103", "naip_date": "2023-09-01", "evidence": "sentinel_only", "confidence_rank": 1, "source": "merged"}, "geometry": null}, {"type": "Feature", "properties": {"class": "exposed", "area_px": 2.0, "area_m2": 200.0, "confidence": 0.755, "lat": 45.732598, "lon": -68.787223, "status": "rock_confirmed", "verdict": "rock_confirmed", "naip_land_frac": 0.1063, "naip_bottom_sigma": 0.19, "naip_scene": "me_m_4506818_ne_19_030_20230901_20240103", "naip_date": "2023-09-01", "evidence": "sentinel_only", "confidence_rank": 1, "source": "merged"}, "geometry": null}, {"type": "Feature", "properties": {"class": "rock", "area_px": 3.0, "area_m2": 300.0, "confidence": 0.854, "lat": 45.787508, "lon": -68.816347, "status": "open_water", "verdict": "open_water", "naip_land_frac": 0.0121, "naip_bottom_sigma": 0.8, "naip_scene": "me_m_4506810_sw_19_030_20230901_20240103", "naip_date": "2023-09-01", "evidence": "sentinel_only", "confidence_rank": 1, "source": "merged"}, "geometry": null}, {"type": "Feature", "properties": {"class": "rock", "area_px": 6.0, "area_m2": 600.0, "confidence": 0.744, "lat": 45.786993, "lon": -68.813519, "status": "open_water", "verdict": "open_water", "naip_land_frac": 0.0, "naip_bottom_sigma": 0.21, "naip_scene": "me_m_4506810_sw_19_030_20230901_20240103", "naip_date": "2023-09-01", "evidence": "sentinel_only", "confidence_rank": 1, "source": "merged"}, "geometry": null}, {"type": "Feature", "properties": {"class": "rock", "area_px": 2.0, "area_m2": 200.0, "confidence": 0.741, "lat": 45.786832, "lon": -68.815706, "status": "open_water", "verdict": "open_water", "naip_land_frac": 0.001, "naip_bottom_sigma": 0.8, "naip_scene": "me_m_4506810_sw_19_030_20230901_20240103", "naip_date": "2023-09-01", "evidence": "sentinel_only", "confidence_rank": 1, "source": "merged"}, "geometry": null}, {"type": "Feature", "properties": {"class": "rock", "area_px": 2.0, "area_m2": 200.0, "confidence": 0.703, "lat": 45.786738, "lon": -68.813391, "status": "open_water", "verdict": "open_water", "naip_land_frac": 0.001, "naip_bottom_sigma": 0.34, "naip_scene": "me_m_4506810_sw_19_030_20230901_20240103", "naip_date": "2023-09-01", "evidence": "sentinel_only", "confidence_rank": 1, "source": "merged"}, "geometry": null}, {"type": "Feature", "properties": {"class": "rock", "area_px": 4.0, "area_m2": 400.0, "confidence": 0.823, "lat": 45.78649, "lon": -68.813231, "status": "open_water", "verdict": "open_water", "naip_land_frac": 0.0, "naip_bottom_sigma": 0.57, "naip_scene": "me_m_4506810_sw_19_030_20230901_20240103", "naip_date": "2023-09-01", "evidence": "sentinel_only", "confidence_rank": 1, "source": "merged"}, "geometry": null}, {"type": "Feature", "properties": {"class": "rock", "area_px": 4.0, "area_m2": 400.0, "confidence": 0.71, "lat": 45.786332, "lon": -68.812556, "status": "open_water", "verdict": "open_water", "naip_land_frac": 0.0, "naip_bottom_sigma": 0.7, "naip_scene": "me_m_4506810_sw_19_030_20230901_20240103", "naip_date": "2023-09-01", "evidence": "sentinel_only", "confidence_rank": 1, "source": "merged"}, "geometry": null}, {"type": "Feature", "properties": {"class": "rock", "area_px": 4.0, "area_m2": 400.0, "confidence": 0.733, "lat": 45.784914, "lon": -68.826969, "status": "open_water", "verdict": "open_water", "naip_land_frac": 0.0081, "naip_bottom_sigma": 0.38, "naip_scene": "me_m_4506810_sw_19_030_20230901_20240103", "naip_date": "2023-09-01", "evidence": "sentinel_only", "confidence_rank": 1, "source": "merged"}, "geometry": null}, {"type": "Feature", "properties": {"class": "rock", "area_px": 2.0, "area_m2": 200.0, "confidence": 0.638, "lat": 45.784737, "lon": -68.828642, "status": "rock_confirmed", "verdict": "rock_confirmed", "naip_land_frac": 0.0309, "naip_bottom_sigma": 0.46, "naip_scene": "me_m_4506810_sw_19_030_20230901_20240103", "naip_date": "2023-09-01", "evidence": "sentinel_only", "confidence_rank": 1, "source": "merged"}, "geometry": null}, {"type": "Feature", "properties": {"class": "rock", "area_px": 7.0, "area_m2": 700.0, "confidence": 0.692, "lat": 45.784269, "lon": -68.794249, "status": "open_water", "verdict": "open_water", "naip_land_frac": 0.0202, "naip_bottom_sigma": 1.49, "naip_scene": "me_m_4506810_se_19_030_20230901_20240103", "naip_date": "2023-09-01", "evidence": "sentinel_only", "confidence_rank": 1, "source": "merged"}, "geometry": null}, {"type": "Feature", "properties": {"class": "rock", "area_px": 5.0, "area_m2": 500.0, "confidence": 0.667, "lat": 45.782815, "lon": -68.831825, "status": "rock_confirmed", "verdict": "rock_confirmed", "naip_land_frac": 0.0304, "naip_bottom_sigma": 0.24, "naip_scene": "me_m_4506810_sw_19_030_20230901_20240103", "naip_date": "2023-09-01", "evidence": "sentinel_only", "confidence_rank": 1, "source": "merged"}, "geometry": null}, {"type": "Feature", "properties": {"class": "rock", "area_px": 2.0, "area_m2": 200.0, "confidence": 0.815, "lat": 45.782806, "lon": -68.831414, "status": "open_water", "verdict": "open_water", "naip_land_frac": 0.0172, "naip_bottom_sigma": 1.36, "naip_scene": "me_m_4506810_sw_19_030_20230901_20240103", "naip_date": "2023-09-01", "evidence": "sentinel_only", "confidence_rank": 1, "source": "merged"}, "geometry": null}, {"type": "Feature", "properties": {"class": "rock", "area_px": 2.0, "area_m2": 200.0, "confidence": 0.704, "lat": 45.781484, "lon": -68.748703, "status": "rock_confirmed", "verdict": "rock_confirmed", "naip_land_frac": 0.0445, "naip_bottom_sigma": 0.7, "naip_scene": "me_m_4506811_sw_19_030_20230901_20240103", "naip_date": "2023-09-01", "evidence": "sentinel_only", "confidence_rank": 1, "source": "merged"}, "geometry": null}, {"type": "Feature", "properties": {"class": "rock", "area_px": 5.0, "area_m2": 500.0, "confidence": 0.745, "lat": 45.781391, "lon": -68.83008, "status": "shoal_confirmed", "verdict": "shoal_confirmed", "naip_land_frac": 0.0025, "naip_bottom_sigma": 3.07, "naip_scene": "me_m_4506810_sw_19_030_20230901_20240103", "naip_date": "2023-09-01", "evidence": "sentinel_only", "confidence_rank": 1, "source": "merged"}, "geometry": null}, {"type": "Feature", "properties": {"class": "rock", "area_px": 3.0, "area_m2": 300.0, "confidence": 0.748, "lat": 45.777919, "lon": -68.758409, "status": "open_water", "verdict": "open_water", "naip_land_frac": 0.0, "naip_bottom_sigma": -0.07, "naip_scene": "me_m_4506810_se_19_030_20230901_20240103", "naip_date": "2023-09-01", "evidence": "sentinel_only", "confidence_rank": 1, "source": "merged"}, "geometry": null}, {"type": "Feature", "properties": {"class": "rock", "area_px": 3.0, "area_m2": 300.0, "confidence": 0.797, "lat": 45.777715, "lon": -68.761111, "status": "shoal_confirmed", "verdict": "shoal_confirmed", "naip_land_frac": 0.0182, "naip_bottom_sigma": 1.62, "naip_scene": "me_m_4506810_se_19_030_20230901_20240103", "naip_date": "2023-09-01", "evidence": "sentinel_only", "confidence_rank": 1, "source": "merged"}, "geometry": null}, {"type": "Feature", "properties": {"class": "rock", "area_px": 6.0, "area_m2": 600.0, "confidence": 0.828, "lat": 45.776894, "lon": -68.785618, "status": "open_water", "verdict": "open_water", "naip_land_frac": 0.0, "naip_bottom_sigma": 0.72, "naip_scene": "me_m_4506810_se_19_030_20230901_20240103", "naip_date": "2023-09-01", "evidence": "sentinel_only", "confidence_rank": 1, "source": "merged"}, "geometry": null}, {"type": "Feature", "properties": {"class": "rock", "area_px": 2.0, "area_m2": 200.0, "confidence": 0.673, "lat": 45.77643, "lon": -68.763325, "status": "rock_confirmed", "verdict": "rock_confirmed", "naip_land_frac": 0.0395, "naip_bottom_sigma": 0.39, "naip_scene": "me_m_4506810_se_19_030_20230901_20240103", "naip_date": "2023-09-01", "evidence": "sentinel_only", "confidence_rank": 1, "source": "merged"}, "geometry": null}, {"type": "Feature", "properties": {"class": "rock", "area_px": 10.0, "area_m2": 1000.0, "confidence": 0.889, "lat": 45.776036, "lon": -68.760278, "status": "shoal_confirmed", "verdict": "shoal_confirmed", "naip_land_frac": 0.0, "naip_bottom_sigma": 1.57, "naip_scene": "me_m_4506810_se_19_030_20230901_20240103", "naip_date": "2023-09-01", "evidence": "sentinel_only", "confidence_rank": 1, "source": "merged"}, "geometry": null}, {"type": "Feature", "properties": {"class": "rock", "area_px": 9.0, "area_m2": 900.0, "confidence": 0.781, "lat": 45.775118, "lon": -68.767568, "status": "open_water", "verdict": "open_water", "naip_land_frac": 0.0116, "naip_bottom_sigma": 0.36, "naip_scene": "me_m_4506810_se_19_030_20230901_20240103", "naip_date": "2023-09-01", "evidence": "sentinel_only", "confidence_rank": 1, "source": "merged"}, "geometry": null}, {"type": "Feature", "properties": {"class": "rock", "area_px": 2.0, "area_m2": 200.0, "confidence": 0.821, "lat": 45.774596, "lon": -68.768799, "status": "shoal_confirmed", "verdict": "shoal_confirmed", "naip_land_frac": 0.0071, "naip_bottom_sigma": 1.82, "naip_scene": "me_m_4506810_se_19_030_20230901_20240103", "naip_date": "2023-09-01", "evidence": "sentinel_only", "confidence_rank": 1, "source": "merged"}, "geometry": null}, {"type": "Feature", "properties": {"class": "rock", "area_px": 8.0, "area_m2": 800.0, "confidence": 0.862, "lat": 45.773821, "lon": -68.763914, "status": "open_water", "verdict": "open_water", "naip_land_frac": 0.0, "naip_bottom_sigma": 1.26, "naip_scene": "me_m_4506810_se_19_030_20230901_20240103", "naip_date": "2023-09-01", "evidence": "sentinel_only", "confidence_rank": 1, "source": "merged"}, "geometry": null}, {"type": "Feature", "properties": {"class": "rock", "area_px": 2.0, "area_m2": 200.0, "confidence": 0.732, "lat": 45.773356, "lon": -68.832343, "status": "open_water", "verdict": "open_water", "naip_land_frac": 0.0, "naip_bottom_sigma": 0.38, "naip_scene": "me_m_4506810_sw_19_030_20230901_20240103", "naip_date": "2023-09-01", "evidence": "sentinel_only", "confidence_rank": 1, "source": "merged"}, "geometry": null}, {"type": "Feature", "properties": {"class": "rock", "area_px": 7.0, "area_m2": 700.0, "confidence": 0.893, "lat": 45.773359, "lon": -68.829862, "status": "shoal_confirmed", "verdict": "shoal_confirmed", "naip_land_frac": 0.0, "naip_bottom_sigma": 1.84, "naip_scene": "me_m_4506810_sw_19_030_20230901_20240103", "naip_date": "2023-09-01", "evidence": "sentinel_only", "confidence_rank": 1, "source": "merged"}, "geometry": null}, {"type": "Feature", "properties": {"class": "rock", "area_px": 2.0, "area_m2": 200.0, "confidence": 0.804, "lat": 45.772666, "lon": -68.771572, "status": "open_water", "verdict": "open_water", "naip_land_frac": 0.0, "naip_bottom_sigma": 0.11, "naip_scene": "me_m_4506810_se_19_030_20230901_20240103", "naip_date": "2023-09-01", "evidence": "sentinel_only", "confidence_rank": 1, "source": "merged"}, "geometry": null}, {"type": "Feature", "properties": {"class": "rock", "area_px": 3.0, "area_m2": 300.0, "confidence": 0.802, "lat": 45.772538, "lon": -68.836632, "status": "rock_confirmed", "verdict": "rock_confirmed", "naip_land_frac": 0.0435, "naip_bottom_sigma": 3.03, "naip_scene": "me_m_4506810_sw_19_030_20230901_20240103", "naip_date": "2023-09-01", "evidence": "sentinel_only", "confidence_rank": 1, "source": "merged"}, "geometry": null}, {"type": "Feature", "properties": {"class": "rock", "area_px": 2.0, "area_m2": 200.0, "confidence": 0.804, "lat": 45.772404, "lon": -68.77556, "status": "open_water", "verdict": "open_water", "naip_land_frac": 0.0005, "naip_bottom_sigma": 0.4, "naip_scene": "me_m_4506810_se_19_030_20230901_20240103", "naip_date": "2023-09-01", "evidence": "sentinel_only", "confidence_rank": 1, "source": "merged"}, "geometry": null}, {"type": "Feature", "properties": {"class": "rock", "area_px": 5.0, "area_m2": 500.0, "confidence": 0.807, "lat": 45.772488, "lon": -68.835638, "status": "open_water", "verdict": "open_water", "naip_land_frac": 0.0056, "naip_bottom_sigma": 1.04, "naip_scene": "me_m_4506810_sw_19_030_20230901_20240103", "naip_date": "2023-09-01", "evidence": "sentinel_only", "confidence_rank": 1, "source": "merged"}, "geometry": null}, {"type": "Feature", "properties": {"class": "rock", "area_px": 2.0, "area_m2": 200.0, "confidence": 0.631, "lat": 45.771958, "lon": -68.755691, "status": "open_water", "verdict": "open_water", "naip_land_frac": 0.0223, "naip_bottom_sigma": 0.21, "naip_scene": "me_m_4506810_se_19_030_20230901_20240103", "naip_date": "2023-09-01", "evidence": "sentinel_only", "confidence_rank": 1, "source": "merged"}, "geometry": null}, {"type": "Feature", "properties": {"class": "rock", "area_px": 2.0, "area_m2": 200.0, "confidence": 0.607, "lat": 45.77157, "lon": -68.763731, "status": "open_water", "verdict": "open_water", "naip_land_frac": 0.0, "naip_bottom_sigma": -0.08, "naip_scene": "me_m_4506810_se_19_030_20230901_20240103", "naip_date": "2023-09-01", "evidence": "sentinel_only", "confidence_rank": 1, "source": "merged"}, "geometry": null}, {"type": "Feature", "properties": {"class": "rock", "area_px": 3.0, "area_m2": 300.0, "confidence": 0.675, "lat": 45.771337, "lon": -68.782446, "status": "open_water", "verdict": "open_water", "naip_land_frac": 0.0, "naip_bottom_sigma": 0.25, "naip_scene": "me_m_4506810_se_19_030_20230901_20240103", "naip_date": "2023-09-01", "evidence": "sentinel_only", "confidence_rank": 1, "source": "merged"}, "geometry": null}, {"type": "Feature", "properties": {"class": "rock", "area_px": 8.0, "area_m2": 800.0, "confidence": 0.656, "lat": 45.771022, "lon": -68.770775, "status": "open_water", "verdict": "open_water", "naip_land_frac": 0.0, "naip_bottom_sigma": 1.13, "naip_scene": "me_m_4506810_se_19_030_20230901_20240103", "naip_date": "2023-09-01", "evidence": "sentinel_only", "confidence_rank": 1, "source": "merged"}, "geometry": null}, {"type": "Feature", "properties": {"class": "rock", "area_px": 2.0, "area_m2": 200.0, "confidence": 0.783, "lat": 45.770753, "lon": -68.760648, "status": "open_water", "verdict": "open_water", "naip_land_frac": 0.0, "naip_bottom_sigma": 0.43, "naip_scene": "me_m_4506810_se_19_030_20230901_20240103", "naip_date": "2023-09-01", "evidence": "sentinel_only", "confidence_rank": 1, "source": "merged"}, "geometry": null}, {"type": "Feature", "properties": {"class": "rock", "area_px": 2.0, "area_m2": 200.0, "confidence": 0.744, "lat": 45.770646, "lon": -68.752545, "status": "rock_confirmed", "verdict": "rock_confirmed", "naip_land_frac": 0.0683, "naip_bottom_sigma": 0.72, "naip_scene": "me_m_4506811_sw_19_030_20230901_20240103", "naip_date": "2023-09-01", "evidence": "sentinel_only", "confidence_rank": 1, "source": "merged"}, "geometry": null}, {"type": "Feature", "properties": {"class": "rock", "area_px": 8.0, "area_m2": 800.0, "confidence": 0.799, "lat": 45.770247, "lon": -68.782852, "status": "open_water", "verdict": "open_water", "naip_land_frac": 0.0025, "naip_bottom_sigma": 0.97, "naip_scene": "me_m_4506810_se_19_030_20230901_20240103", "naip_date": "2023-09-01", "evidence": "sentinel_only", "confidence_rank": 1, "source": "merged"}, "geometry": null}, {"type": "Feature", "properties": {"class": "rock", "area_px": 5.0, "area_m2": 500.0, "confidence": 0.69, "lat": 45.769836, "lon": -68.752485, "status": "rock_confirmed", "verdict": "rock_confirmed", "naip_land_frac": 0.0572, "naip_bottom_sigma": 0.68, "naip_scene": "me_m_4506811_sw_19_030_20230901_20240103", "naip_date": "2023-09-01", "evidence": "sentinel_only", "confidence_rank": 1, "source": "merged"}, "geometry": null}, {"type": "Feature", "properties": {"class": "rock", "area_px": 2.0, "area_m2": 200.0, "confidence": 0.926, "lat": 45.769566, "lon": -68.752679, "status": "open_water", "verdict": "open_water", "naip_land_frac": 0.0, "naip_bottom_sigma": 0.6, "naip_scene": "me_m_4506811_sw_19_030_20230901_20240103", "naip_date": "2023-09-01", "evidence": "sentinel_only", "confidence_rank": 1, "source": "merged"}, "geometry": null}, {"type": "Feature", "properties": {"class": "rock", "area_px": 4.0, "area_m2": 400.0, "confidence": 0.678, "lat": 45.769477, "lon": -68.753065, "status": "open_water", "verdict": "open_water", "naip_land_frac": 0.0015, "naip_bottom_sigma": 0.28, "naip_scene": "me_m_4506810_se_19_030_20230901_20240103", "naip_date": "2023-09-01", "evidence": "sentinel_only", "confidence_rank": 1, "source": "merged"}, "geometry": null}, {"type": "Feature", "properties": {"class": "rock", "area_px": 3.0, "area_m2": 300.0, "confidence": 0.81, "lat": 45.769461, "lon": -68.759388, "status": "rock_confirmed", "verdict": "rock_confirmed", "naip_land_frac": 0.0374, "naip_bottom_sigma": 0.8, "naip_scene": "me_m_4506810_se_19_030_20230901_20240103", "naip_date": "2023-09-01", "evidence": "sentinel_only", "confidence_rank": 1, "source": "merged"}, "geometry": null}, {"type": "Feature", "properties": {"class": "rock", "area_px": 2.0, "area_m2": 200.0, "confidence": 0.832, "lat": 45.769035, "lon": -68.756539, "status": "open_water", "verdict": "open_water", "naip_land_frac": 0.0, "naip_bottom_sigma": 0.58, "naip_scene": "me_m_4506810_se_19_030_20230901_20240103", "naip_date": "2023-09-01", "evidence": "sentinel_only", "confidence_rank": 1, "source": "merged"}, "geometry": null}, {"type": "Feature", "properties": {"class": "rock", "area_px": 3.0, "area_m2": 300.0, "confidence": 0.813, "lat": 45.768944, "lon": -68.756218, "status": "open_water", "verdict": "open_water", "naip_land_frac": 0.0005, "naip_bottom_sigma": 0.07, "naip_scene": "me_m_4506810_se_19_030_20230901_20240103", "naip_date": "2023-09-01", "evidence": "sentinel_only", "confidence_rank": 1, "source": "merged"}, "geometry": null}, {"type": "Feature", "properties": {"class": "rock", "area_px": 12.0, "area_m2": 1200.0, "confidence": 0.846, "lat": 45.768747, "lon": -68.755501, "status": "open_water", "verdict": "open_water", "naip_land_frac": 0.0, "naip_bottom_sigma": 0.07, "naip_scene": "me_m_4506810_se_19_030_20230901_20240103", "naip_date": "2023-09-01", "evidence": "sentinel_only", "confidence_rank": 1, "source": "merged"}, "geometry": null}, {"type": "Feature", "properties": {"class": "rock", "area_px": 2.0, "area_m2": 200.0, "confidence": 0.803, "lat": 45.76867, "lon": -68.754483, "status": "open_water", "verdict": "open_water", "naip_land_frac": 0.0, "naip_bottom_sigma": 0.58, "naip_scene": "me_m_4506810_se_19_030_20230901_20240103", "naip_date": "2023-09-01", "evidence": "sentinel_only", "confidence_rank": 1, "source": "merged"}, "geometry": null}, {"type": "Feature", "properties": {"class": "rock", "area_px": 14.0, "area_m2": 1400.0, "confidence": 0.824, "lat": 45.767877, "lon": -68.831009, "status": "open_water", "verdict": "open_water", "naip_land_frac": 0.0005, "naip_bottom_sigma": 1.42, "naip_scene": "me_m_4506810_sw_19_030_20230901_20240103", "naip_date": "2023-09-01", "evidence": "sentinel_only", "confidence_rank": 1, "source": "merged"}, "geometry": null}, {"type": "Feature", "properties": {"class": "rock", "area_px": 2.0, "area_m2": 200.0, "confidence": 0.73, "lat": 45.767264, "lon": -68.749281, "status": "rock_confirmed", "verdict": "rock_confirmed", "naip_land_frac": 0.0526, "naip_bottom_sigma": 1.77, "naip_scene": "me_m_4506811_sw_19_030_20230901_20240103", "naip_date": "2023-09-01", "evidence": "sentinel_only", "confidence_rank": 1, "source": "merged"}, "geometry": null}, {"type": "Feature", "properties": {"class": "rock", "area_px": 7.0, "area_m2": 700.0, "confidence": 0.751, "lat": 45.766203, "lon": -68.780702, "status": "shoal_confirmed", "verdict": "shoal_confirmed", "naip_land_frac": 0.001, "naip_bottom_sigma": 5.29, "naip_scene": "me_m_4506810_se_19_030_20230901_20240103", "naip_date": "2023-09-01", "evidence": "sentinel_only", "confidence_rank": 1, "source": "merged"}, "geometry": null}, {"type": "Feature", "properties": {"class": "rock", "area_px": 14.0, "area_m2": 1400.0, "confidence": 0.855, "lat": 45.76617, "lon": -68.754696, "status": "shoal_confirmed", "verdict": "shoal_confirmed", "naip_land_frac": 0.0, "naip_bottom_sigma": 1.52, "naip_scene": "me_m_4506810_se_19_030_20230901_20240103", "naip_date": "2023-09-01", "evidence": "sentinel_only", "confidence_rank": 1, "source": "merged"}, "geometry": null}, {"type": "Feature", "properties": {"class": "rock", "area_px": 2.0, "area_m2": 200.0, "confidence": 0.714, "lat": 45.765377, "lon": -68.750961, "status": "open_water", "verdict": "open_water", "naip_land_frac": 0.0, "naip_bottom_sigma": 0.46, "naip_scene": "me_m_4506811_sw_19_030_20230901_20240103", "naip_date": "2023-09-01", "evidence": "sentinel_only", "confidence_rank": 1, "source": "merged"}, "geometry": null}, {"type": "Feature", "properties": {"class": "rock", "area_px": 2.0, "area_m2": 200.0, "confidence": 0.732, "lat": 45.765288, "lon": -68.751347, "status": "open_water", "verdict": "open_water", "naip_land_frac": 0.0, "naip_bottom_sigma": 0.57, "naip_scene": "me_m_4506811_sw_19_030_20230901_20240103", "naip_date": "2023-09-01", "evidence": "sentinel_only", "confidence_rank": 1, "source": "merged"}, "geometry": null}, {"type": "Feature", "properties": {"class": "rock", "area_px": 4.0, "area_m2": 400.0, "confidence": 0.786, "lat": 45.765171, "lon": -68.770863, "status": "open_water", "verdict": "open_water", "naip_land_frac": 0.0076, "naip_bottom_sigma": 0.67, "naip_scene": "me_m_4506810_se_19_030_20230901_20240103", "naip_date": "2023-09-01", "evidence": "sentinel_only", "confidence_rank": 1, "source": "merged"}, "geometry": null}, {"type": "Feature", "properties": {"class": "rock", "area_px": 2.0, "area_m2": 200.0, "confidence": 0.768, "lat": 45.765013, "lon": -68.770446, "status": "open_water", "verdict": "open_water", "naip_land_frac": 0.0, "naip_bottom_sigma": 0.08, "naip_scene": "me_m_4506810_se_19_030_20230901_20240103", "naip_date": "2023-09-01", "evidence": "sentinel_only", "confidence_rank": 1, "source": "merged"}, "geometry": null}, {"type": "Feature", "properties": {"class": "rock", "area_px": 6.0, "area_m2": 600.0, "confidence": 0.74, "lat": 45.764997, "lon": -68.770039, "status": "open_water", "verdict": "open_water", "naip_land_frac": 0.0, "naip_bottom_sigma": 0.31, "naip_scene": "me_m_4506810_se_19_030_20230901_20240103", "naip_date": "2023-09-01", "evidence": "sentinel_only", "confidence_rank": 1, "source": "merged"}, "geometry": null}, {"type": "Feature", "properties": {"class": "rock", "area_px": 9.0, "area_m2": 900.0, "confidence": 0.831, "lat": 45.763603, "lon": -68.775546, "status": "open_water", "verdict": "open_water", "naip_land_frac": 0.0, "naip_bottom_sigma": 0.25, "naip_scene": "me_m_4506810_se_19_030_20230901_20240103", "naip_date": "2023-09-01", "evidence": "sentinel_only", "confidence_rank": 1, "source": "merged"}, "geometry": null}, {"type": "Feature", "properties": {"class": "rock", "area_px": 14.0, "area_m2": 1400.0, "confidence": 0.74, "lat": 45.762983, "lon": -68.830252, "status": "open_water", "verdict": "open_water", "naip_land_frac": 0.0076, "naip_bottom_sigma": 1.11, "naip_scene": "me_m_4506810_sw_19_030_20230901_20240103", "naip_date": "2023-09-01", "evidence": "sentinel_only", "confidence_rank": 1, "source": "merged"}, "geometry": null}, {"type": "Feature", "properties": {"class": "rock", "area_px": 14.0, "area_m2": 1400.0, "confidence": 0.829, "lat": 45.76293, "lon": -68.829333, "status": "rock_confirmed", "verdict": "rock_confirmed", "naip_land_frac": 0.2328, "naip_bottom_sigma": 1.99, "naip_scene": "me_m_4506810_sw_19_030_20230901_20240103", "naip_date": "2023-09-01", "evidence": "sentinel_only", "confidence_rank": 1, "source": "merged"}, "geometry": null}, {"type": "Feature", "properties": {"class": "rock", "area_px": 8.0, "area_m2": 800.0, "confidence": 0.874, "lat": 45.761568, "lon": -68.763757, "status": "open_water", "verdict": "open_water", "naip_land_frac": 0.0, "naip_bottom_sigma": 0.48, "naip_scene": "me_m_4506810_se_19_030_20230901_20240103", "naip_date": "2023-09-01", "evidence": "sentinel_only", "confidence_rank": 1, "source": "merged"}, "geometry": null}, {"type": "Feature", "properties": {"class": "rock", "area_px": 2.0, "area_m2": 200.0, "confidence": 0.643, "lat": 45.759286, "lon": -68.76449, "status": "open_water", "verdict": "open_water", "naip_land_frac": 0.0, "naip_bottom_sigma": 0.34, "naip_scene": "me_m_4506810_se_19_030_20230901_20240103", "naip_date": "2023-09-01", "evidence": "sentinel_only", "confidence_rank": 1, "source": "merged"}, "geometry": null}, {"type": "Feature", "properties": {"class": "rock", "area_px": 6.0, "area_m2": 600.0, "confidence": 0.782, "lat": 45.759224, "lon": -68.756453, "status": "open_water", "verdict": "open_water", "naip_land_frac": 0.0, "naip_bottom_sigma": 0.5, "naip_scene": "me_m_4506810_se_19_030_20230901_20240103", "naip_date": "2023-09-01", "evidence": "sentinel_only", "confidence_rank": 1, "source": "merged"}, "geometry": null}, {"type": "Feature", "properties": {"class": "rock", "area_px": 7.0, "area_m2": 700.0, "confidence": 0.69, "lat": 45.758569, "lon": -68.827501, "status": "shoal_confirmed", "verdict": "shoal_confirmed", "naip_land_frac": 0.001, "naip_bottom_sigma": 3.39, "naip_scene": "me_m_4506810_sw_19_030_20230901_20240103", "naip_date": "2023-09-01", "evidence": "sentinel_only", "confidence_rank": 1, "source": "merged"}, "geometry": null}, {"type": "Feature", "properties": {"class": "rock", "area_px": 6.0, "area_m2": 600.0, "confidence": 0.738, "lat": 45.75817, "lon": -68.747757, "status": "open_water", "verdict": "open_water", "naip_land_frac": 0.0, "naip_bottom_sigma": 0.73, "naip_scene": "me_m_4506811_sw_19_030_20230901_20240103", "naip_date": "2023-09-01", "evidence": "sentinel_only", "confidence_rank": 1, "source": "merged"}, "geometry": null}, {"type": "Feature", "properties": {"class": "rock", "area_px": 2.0, "area_m2": 200.0, "confidence": 0.603, "lat": 45.758104, "lon": -68.758966, "status": "open_water", "verdict": "open_water", "naip_land_frac": 0.0, "naip_bottom_sigma": 0.56, "naip_scene": "me_m_4506810_se_19_030_20230901_20240103", "naip_date": "2023-09-01", "evidence": "sentinel_only", "confidence_rank": 1, "source": "merged"}, "geometry": null}, {"type": "Feature", "properties": {"class": "rock", "area_px": 23.0, "area_m2": 2300.0, "confidence": 0.861, "lat": 45.75788, "lon": -68.821118, "status": "rock_confirmed", "verdict": "rock_confirmed", "naip_land_frac": 0.2581, "naip_bottom_sigma": 2.19, "naip_scene": "me_m_4506810_sw_19_030_20230901_20240103", "naip_date": "2023-09-01", "evidence": "sentinel_only", "confidence_rank": 1, "source": "merged"}, "geometry": null}, {"type": "Feature", "properties": {"class": "rock", "area_px": 2.0, "area_m2": 200.0, "confidence": 0.741, "lat": 45.757378, "lon": -68.756011, "status": "open_water", "verdict": "open_water", "naip_land_frac": 0.003, "naip_bottom_sigma": 0.64, "naip_scene": "me_m_4506810_se_19_030_20230901_20240103", "naip_date": "2023-09-01", "evidence": "sentinel_only", "confidence_rank": 1, "source": "merged"}, "geometry": null}, {"type": "Feature", "properties": {"class": "rock", "area_px": 2.0, "area_m2": 200.0, "confidence": 0.571, "lat": 45.757108, "lon": -68.736018, "status": "open_water", "verdict": "open_water", "naip_land_frac": 0.0, "naip_bottom_sigma": 0.07, "naip_scene": "me_m_4506811_sw_19_030_20230901_20240103", "naip_date": "2023-09-01", "evidence": "sentinel_only", "confidence_rank": 1, "source": "merged"}, "geometry": null}, {"type": "Feature", "properties": {"class": "rock", "area_px": 9.0, "area_m2": 900.0, "confidence": 0.811, "lat": 45.756472, "lon": -68.820492, "status": "shoal_confirmed", "verdict": "shoal_confirmed", "naip_land_frac": 0.0, "naip_bottom_sigma": 2.98, "naip_scene": "me_m_4506810_sw_19_030_20230901_20240103", "naip_date": "2023-09-01", "evidence": "sentinel_only", "confidence_rank": 1, "source": "merged"}, "geometry": null}, {"type": "Feature", "properties": {"class": "rock", "area_px": 7.0, "area_m2": 700.0, "confidence": 0.905, "lat": 45.756222, "lon": -68.742222, "status": "rock_confirmed", "verdict": "rock_confirmed", "naip_land_frac": 0.5086, "naip_bottom_sigma": 2.23, "naip_scene": "me_m_4506811_sw_19_030_20230901_20240103", "naip_date": "2023-09-01", "evidence": "sentinel_only", "confidence_rank": 1, "source": "merged"}, "geometry": null}, {"type": "Feature", "properties": {"class": "rock", "area_px": 19.0, "area_m2": 1900.0, "confidence": 0.893, "lat": 45.756046, "lon": -68.754637, "status": "rock_confirmed", "verdict": "rock_confirmed", "naip_land_frac": 0.4251, "naip_bottom_sigma": 1.59, "naip_scene": "me_m_4506810_se_19_030_20230901_20240103", "naip_date": "2023-09-01", "evidence": "sentinel_only", "confidence_rank": 1, "source": "merged"}, "geometry": null}, {"type": "Feature", "properties": {"class": "rock", "area_px": 12.0, "area_m2": 1200.0, "confidence": 0.768, "lat": 45.75588, "lon": -68.760872, "status": "open_water", "verdict": "open_water", "naip_land_frac": 0.0, "naip_bottom_sigma": 0.24, "naip_scene": "me_m_4506810_se_19_030_20230901_20240103", "naip_date": "2023-09-01", "evidence": "sentinel_only", "confidence_rank": 1, "source": "merged"}, "geometry": null}, {"type": "Feature", "properties": {"class": "rock", "area_px": 13.0, "area_m2": 1300.0, "confidence": 0.808, "lat": 45.755698, "lon": -68.749501, "status": "shoal_confirmed", "verdict": "shoal_confirmed", "naip_land_frac": 0.0, "naip_bottom_sigma": 1.71, "naip_scene": "me_m_4506811_sw_19_030_20230901_20240103", "naip_date": "2023-09-01", "evidence": "sentinel_only", "confidence_rank": 1, "source": "merged"}, "geometry": null}, {"type": "Feature", "properties": {"class": "rock", "area_px": 12.0, "area_m2": 1200.0, "confidence": 0.872, "lat": 45.755533, "lon": -68.770635, "status": "open_water", "verdict": "open_water", "naip_land_frac": 0.002, "naip_bottom_sigma": 0.83, "naip_scene": "me_m_4506810_se_19_030_20230901_20240103", "naip_date": "2023-09-01", "evidence": "sentinel_only", "confidence_rank": 1, "source": "merged"}, "geometry": null}, {"type": "Feature", "properties": {"class": "rock", "area_px": 2.0, "area_m2": 200.0, "confidence": 0.732, "lat": 45.755248, "lon": -68.77055, "status": "open_water", "verdict": "open_water", "naip_land_frac": 0.0005, "naip_bottom_sigma": 0.7, "naip_scene": "me_m_4506810_se_19_030_20230901_20240103", "naip_date": "2023-09-01", "evidence": "sentinel_only", "confidence_rank": 1, "source": "merged"}, "geometry": null}, {"type": "Feature", "properties": {"class": "rock", "area_px": 4.0, "area_m2": 400.0, "confidence": 0.741, "lat": 45.755171, "lon": -68.734998, "status": "shoal_confirmed", "verdict": "shoal_confirmed", "naip_land_frac": 0.0015, "naip_bottom_sigma": 4.35, "naip_scene": "me_m_4506811_sw_19_030_20230901_20240103", "naip_date": "2023-09-01", "evidence": "sentinel_only", "confidence_rank": 1, "source": "merged"}, "geometry": null}, {"type": "Feature", "properties": {"class": "rock", "area_px": 8.0, "area_m2": 800.0, "confidence": 0.737, "lat": 45.753963, "lon": -68.758855, "status": "open_water", "verdict": "open_water", "naip_land_frac": 0.0, "naip_bottom_sigma": 1.16, "naip_scene": "me_m_4506810_se_19_030_20230901_20240103", "naip_date": "2023-09-01", "evidence": "sentinel_only", "confidence_rank": 1, "source": "merged"}, "geometry": null}, {"type": "Feature", "properties": {"class": "rock", "area_px": 5.0, "area_m2": 500.0, "confidence": 0.759, "lat": 45.752701, "lon": -68.771024, "status": "shoal_confirmed", "verdict": "shoal_confirmed", "naip_land_frac": 0.0, "naip_bottom_sigma": 2.29, "naip_scene": "me_m_4506810_se_19_030_20230901_20240103", "naip_date": "2023-09-01", "evidence": "sentinel_only", "confidence_rank": 1, "source": "merged"}, "geometry": null}, {"type": "Feature", "properties": {"class": "rock", "area_px": 4.0, "area_m2": 400.0, "confidence": 0.845, "lat": 45.752217, "lon": -68.786056, "status": "shoal_confirmed", "verdict": "shoal_confirmed", "naip_land_frac": 0.0111, "naip_bottom_sigma": 3.77, "naip_scene": "me_m_4506810_se_19_030_20230901_20240103", "naip_date": "2023-09-01", "evidence": "sentinel_only", "confidence_rank": 1, "source": "merged"}, "geometry": null}, {"type": "Feature", "properties": {"class": "rock", "area_px": 3.0, "area_m2": 300.0, "confidence": 0.726, "lat": 45.752077, "lon": -68.767906, "status": "shoal_confirmed", "verdict": "shoal_confirmed", "naip_land_frac": 0.0, "naip_bottom_sigma": 1.82, "naip_scene": "me_m_4506810_se_19_030_20230901_20240103", "naip_date": "2023-09-01", "evidence": "sentinel_only", "confidence_rank": 1, "source": "merged"}, "geometry": null}, {"type": "Feature", "properties": {"class": "rock", "area_px": 8.0, "area_m2": 800.0, "confidence": 0.793, "lat": 45.751785, "lon": -68.772091, "status": "shoal_confirmed", "verdict": "shoal_confirmed", "naip_land_frac": 0.0, "naip_bottom_sigma": 1.73, "naip_scene": "me_m_4506818_ne_19_030_20230901_20240103", "naip_date": "2023-09-01", "evidence": "sentinel_only", "confidence_rank": 1, "source": "merged"}, "geometry": null}, {"type": "Feature", "properties": {"class": "rock", "area_px": 5.0, "area_m2": 500.0, "confidence": 0.593, "lat": 45.751121, "lon": -68.773036, "status": "open_water", "verdict": "open_water", "naip_land_frac": 0.0, "naip_bottom_sigma": 0.76, "naip_scene": "me_m_4506818_ne_19_030_20230901_20240103", "naip_date": "2023-09-01", "evidence": "sentinel_only", "confidence_rank": 1, "source": "merged"}, "geometry": null}, {"type": "Feature", "properties": {"class": "rock", "area_px": 2.0, "area_m2": 200.0, "confidence": 0.724, "lat": 45.750356, "lon": -68.777449, "status": "open_water", "verdict": "open_water", "naip_land_frac": 0.0, "naip_bottom_sigma": 0.35, "naip_scene": "me_m_4506818_ne_19_030_20230901_20240103", "naip_date": "2023-09-01", "evidence": "sentinel_only", "confidence_rank": 1, "source": "merged"}, "geometry": null}, {"type": "Feature", "properties": {"class": "rock", "area_px": 14.0, "area_m2": 1400.0, "confidence": 0.768, "lat": 45.750524, "lon": -68.7745, "status": "open_water", "verdict": "open_water", "naip_land_frac": 0.0, "naip_bottom_sigma": 0.89, "naip_scene": "me_m_4506818_ne_19_030_20230901_20240103", "naip_date": "2023-09-01", "evidence": "sentinel_only", "confidence_rank": 1, "source": "merged"}, "geometry": null}, {"type": "Feature", "properties": {"class": "rock", "area_px": 4.0, "area_m2": 400.0, "confidence": 0.767, "lat": 45.750131, "lon": -68.777321, "status": "shoal_confirmed", "verdict": "shoal_confirmed", "naip_land_frac": 0.0, "naip_bottom_sigma": 2.49, "naip_scene": "me_m_4506818_ne_19_030_20230901_20240103", "naip_date": "2023-09-01", "evidence": "sentinel_only", "confidence_rank": 1, "source": "merged"}, "geometry": null}, {"type": "Feature", "properties": {"class": "rock", "area_px": 10.0, "area_m2": 1000.0, "confidence": 0.75, "lat": 45.749761, "lon": -68.817872, "status": "open_water", "verdict": "open_water", "naip_land_frac": 0.0005, "naip_bottom_sigma": 0.61, "naip_scene": "me_m_4506818_nw_19_030_20230901_20240103", "naip_date": "2023-09-01", "evidence": "sentinel_only", "confidence_rank": 1, "source": "merged"}, "geometry": null}, {"type": "Feature", "properties": {"class": "rock", "area_px": 4.0, "area_m2": 400.0, "confidence": 0.795, "lat": 45.749458, "lon": -68.816986, "status": "open_water", "verdict": "open_water", "naip_land_frac": 0.0, "naip_bottom_sigma": 1.34, "naip_scene": "me_m_4506818_nw_19_030_20230901_20240103", "naip_date": "2023-09-01", "evidence": "sentinel_only", "confidence_rank": 1, "source": "merged"}, "geometry": null}, {"type": "Feature", "properties": {"class": "rock", "area_px": 2.0, "area_m2": 200.0, "confidence": 0.707, "lat": 45.749289, "lon": -68.809659, "status": "open_water", "verdict": "open_water", "naip_land_frac": 0.0, "naip_bottom_sigma": 0.99, "naip_scene": "me_m_4506818_ne_19_030_20230901_20240103", "naip_date": "2023-09-01", "evidence": "sentinel_only", "confidence_rank": 1, "source": "merged"}, "geometry": null}, {"type": "Feature", "properties": {"class": "rock", "area_px": 3.0, "area_m2": 300.0, "confidence": 0.6, "lat": 45.749266, "lon": -68.823672, "status": "rock_confirmed", "verdict": "rock_confirmed", "naip_land_frac": 0.246, "naip_bottom_sigma": 0.91, "naip_scene": "me_m_4506818_nw_19_030_20230901_20240103", "naip_date": "2023-09-01", "evidence": "sentinel_only", "confidence_rank": 1, "source": "merged"}, "geometry": null}, {"type": "Feature", "properties": {"class": "rock", "area_px": 2.0, "area_m2": 200.0, "confidence": 0.686, "lat": 45.749173, "lon": -68.821551, "status": "open_water", "verdict": "open_water", "naip_land_frac": 0.0121, "naip_bottom_sigma": -0.16, "naip_scene": "me_m_4506818_nw_19_030_20230901_20240103", "naip_date": "2023-09-01", "evidence": "sentinel_only", "confidence_rank": 1, "source": "merged"}, "geometry": null}, {"type": "Feature", "properties": {"class": "rock", "area_px": 2.0, "area_m2": 200.0, "confidence": 0.625, "lat": 45.749135, "lon": -68.825987, "status": "open_water", "verdict": "open_water", "naip_land_frac": 0.0268, "naip_bottom_sigma": 0.87, "naip_scene": "me_m_4506818_nw_19_030_20230901_20240103", "naip_date": "2023-09-01", "evidence": "sentinel_only", "confidence_rank": 1, "source": "merged"}, "geometry": null}, {"type": "Feature", "properties": {"class": "rock", "area_px": 16.0, "area_m2": 1600.0, "confidence": 0.817, "lat": 45.748767, "lon": -68.77596, "status": "shoal_confirmed", "verdict": "shoal_confirmed", "naip_land_frac": 0.0263, "naip_bottom_sigma": 6.97, "naip_scene": "me_m_4506818_ne_19_030_20230901_20240103", "naip_date": "2023-09-01", "evidence": "sentinel_only", "confidence_rank": 1, "source": "merged"}, "geometry": null}, {"type": "Feature", "properties": {"class": "rock", "area_px": 3.0, "area_m2": 300.0, "confidence": 0.747, "lat": 45.748158, "lon": -68.806448, "status": "open_water", "verdict": "open_water", "naip_land_frac": 0.0, "naip_bottom_sigma": 0.32, "naip_scene": "me_m_4506818_ne_19_030_20230901_20240103", "naip_date": "2023-09-01", "evidence": "sentinel_only", "confidence_rank": 1, "source": "merged"}, "geometry": null}, {"type": "Feature", "properties": {"class": "rock", "area_px": 3.0, "area_m2": 300.0, "confidence": 0.869, "lat": 45.747812, "lon": -68.780823, "status": "shoal_confirmed", "verdict": "shoal_confirmed", "naip_land_frac": 0.0, "naip_bottom_sigma": 2.73, "naip_scene": "me_m_4506818_ne_19_030_20230901_20240103", "naip_date": "2023-09-01", "evidence": "sentinel_only", "confidence_rank": 1, "source": "merged"}, "geometry": null}, {"type": "Feature", "properties": {"class": "rock", "area_px": 6.0, "area_m2": 600.0, "confidence": 0.81, "lat": 45.747836, "lon": -68.785708, "status": "open_water", "verdict": "open_water", "naip_land_frac": 0.0, "naip_bottom_sigma": 1.21, "naip_scene": "me_m_4506818_ne_19_030_20230901_20240103", "naip_date": "2023-09-01", "evidence": "sentinel_only", "confidence_rank": 1, "source": "merged"}, "geometry": null}, {"type": "Feature", "properties": {"class": "rock", "area_px": 19.0, "area_m2": 1900.0, "confidence": 0.831, "lat": 45.747946, "lon": -68.798789, "status": "shoal_confirmed", "verdict": "shoal_confirmed", "naip_land_frac": 0.0005, "naip_bottom_sigma": 1.53, "naip_scene": "me_m_4506818_ne_19_030_20230901_20240103", "naip_date": "2023-09-01", "evidence": "sentinel_only", "confidence_rank": 1, "source": "merged"}, "geometry": null}, {"type": "Feature", "properties": {"class": "rock", "area_px": 10.0, "area_m2": 1000.0, "confidence": 0.893, "lat": 45.74743, "lon": -68.786421, "status": "shoal_confirmed", "verdict": "shoal_confirmed", "naip_land_frac": 0.0, "naip_bottom_sigma": 1.68, "naip_scene": "me_m_4506818_ne_19_030_20230901_20240103", "naip_date": "2023-09-01", "evidence": "sentinel_only", "confidence_rank": 1, "source": "merged"}, "geometry": null}, {"type": "Feature", "properties": {"class": "rock", "area_px": 2.0, "area_m2": 200.0, "confidence": 0.81, "lat": 45.74718, "lon": -68.743714, "status": "open_water", "verdict": "open_water", "naip_land_frac": 0.0, "naip_bottom_sigma": 0.78, "naip_scene": "me_m_4506819_nw_19_030_20230901_20240103", "naip_date": "2023-09-01", "evidence": "sentinel_only", "confidence_rank": 1, "source": "merged"}, "geometry": null}, {"type": "Feature", "properties": {"class": "rock", "area_px": 3.0, "area_m2": 300.0, "confidence": 0.897, "lat": 45.747272, "lon": -68.814551, "status": "open_water", "verdict": "open_water", "naip_land_frac": 0.0, "naip_bottom_sigma": 1.03, "naip_scene": "me_m_4506818_nw_19_030_20230901_20240103", "naip_date": "2023-09-01", "evidence": "sentinel_only", "confidence_rank": 1, "source": "merged"}, "geometry": null}, {"type": "Feature", "properties": {"class": "rock", "area_px": 4.0, "area_m2": 400.0, "confidence": 0.741, "lat": 45.746068, "lon": -68.821433, "status": "open_water", "verdict": "open_water", "naip_land_frac": 0.0, "naip_bottom_sigma": 1.11, "naip_scene": "me_m_4506818_nw_19_030_20230901_20240103", "naip_date": "2023-09-01", "evidence": "sentinel_only", "confidence_rank": 1, "source": "merged"}, "geometry": null}, {"type": "Feature", "properties": {"class": "rock", "area_px": 12.0, "area_m2": 1200.0, "confidence": 0.839, "lat": 45.745567, "lon": -68.804229, "status": "open_water", "verdict": "open_water", "naip_land_frac": 0.0, "naip_bottom_sigma": 1.2, "naip_scene": "me_m_4506818_ne_19_030_20230901_20240103", "naip_date": "2023-09-01", "evidence": "sentinel_only", "confidence_rank": 1, "source": "merged"}, "geometry": null}, {"type": "Feature", "properties": {"class": "rock", "area_px": 18.0, "area_m2": 1800.0, "confidence": 0.797, "lat": 45.745439, "lon": -68.801137, "status": "open_water", "verdict": "open_water", "naip_land_frac": 0.0, "naip_bottom_sigma": 0.57, "naip_scene": "me_m_4506818_ne_19_030_20230901_20240103", "naip_date": "2023-09-01", "evidence": "sentinel_only", "confidence_rank": 1, "source": "merged"}, "geometry": null}, {"type": "Feature", "properties": {"class": "rock", "area_px": 5.0, "area_m2": 500.0, "confidence": 0.779, "lat": 45.745217, "lon": -68.782316, "status": "open_water", "verdict": "open_water", "naip_land_frac": 0.0, "naip_bottom_sigma": 1.28, "naip_scene": "me_m_4506818_ne_19_030_20230901_20240103", "naip_date": "2023-09-01", "evidence": "sentinel_only", "confidence_rank": 1, "source": "merged"}, "geometry": null}, {"type": "Feature", "properties": {"class": "rock", "area_px": 7.0, "area_m2": 700.0, "confidence": 0.714, "lat": 45.744698, "lon": -68.798196, "status": "open_water", "verdict": "open_water", "naip_land_frac": 0.0, "naip_bottom_sigma": 0.85, "naip_scene": "me_m_4506818_ne_19_030_20230901_20240103", "naip_date": "2023-09-01", "evidence": "sentinel_only", "confidence_rank": 1, "source": "merged"}, "geometry": null}, {"type": "Feature", "properties": {"class": "rock", "area_px": 3.0, "area_m2": 300.0, "confidence": 0.652, "lat": 45.744299, "lon": -68.832258, "status": "rock_confirmed", "verdict": "rock_confirmed", "naip_land_frac": 0.0395, "naip_bottom_sigma": 0.54, "naip_scene": "me_m_4506818_nw_19_030_20230901_20240103", "naip_date": "2023-09-01", "evidence": "sentinel_only", "confidence_rank": 1, "source": "merged"}, "geometry": null}, {"type": "Feature", "properties": {"class": "rock", "area_px": 2.0, "area_m2": 200.0, "confidence": 0.746, "lat": 45.743684, "lon": -68.822597, "status": "shoal_confirmed", "verdict": "shoal_confirmed", "naip_land_frac": 0.0, "naip_bottom_sigma": 2.31, "naip_scene": "me_m_4506818_nw_19_030_20230901_20240103", "naip_date": "2023-09-01", "evidence": "sentinel_only", "confidence_rank": 1, "source": "merged"}, "geometry": null}, {"type": "Feature", "properties": {"class": "rock", "area_px": 3.0, "area_m2": 300.0, "confidence": 0.745, "lat": 45.743229, "lon": -68.819063, "status": "open_water", "verdict": "open_water", "naip_land_frac": 0.0, "naip_bottom_sigma": 0.73, "naip_scene": "me_m_4506818_nw_19_030_20230901_20240103", "naip_date": "2023-09-01", "evidence": "sentinel_only", "confidence_rank": 1, "source": "merged"}, "geometry": null}, {"type": "Feature", "properties": {"class": "rock", "area_px": 4.0, "area_m2": 400.0, "confidence": 0.795, "lat": 45.742502, "lon": -68.789049, "status": "open_water", "verdict": "open_water", "naip_land_frac": 0.0, "naip_bottom_sigma": 0.84, "naip_scene": "me_m_4506818_ne_19_030_20230901_20240103", "naip_date": "2023-09-01", "evidence": "sentinel_only", "confidence_rank": 1, "source": "merged"}, "geometry": null}, {"type": "Feature", "properties": {"class": "rock", "area_px": 2.0, "area_m2": 200.0, "confidence": 0.658, "lat": 45.742484, "lon": -68.832307, "status": "rock_confirmed", "verdict": "rock_confirmed", "naip_land_frac": 0.122, "naip_bottom_sigma": 0.47, "naip_scene": "me_m_4506818_nw_19_030_20230901_20240103", "naip_date": "2023-09-01", "evidence": "sentinel_only", "confidence_rank": 1, "source": "merged"}, "geometry": null}, {"type": "Feature", "properties": {"class": "rock", "area_px": 3.0, "area_m2": 300.0, "confidence": 0.628, "lat": 45.741745, "lon": -68.829438, "status": "open_water", "verdict": "open_water", "naip_land_frac": 0.0187, "naip_bottom_sigma": 1.04, "naip_scene": "me_m_4506818_nw_19_030_20230901_20240103", "naip_date": "2023-09-01", "evidence": "sentinel_only", "confidence_rank": 1, "source": "merged"}, "geometry": null}, {"type": "Feature", "properties": {"class": "rock", "area_px": 2.0, "area_m2": 200.0, "confidence": 0.745, "lat": 45.741706, "lon": -68.823889, "status": "open_water", "verdict": "open_water", "naip_land_frac": 0.0233, "naip_bottom_sigma": 0.75, "naip_scene": "me_m_4506818_nw_19_030_20230901_20240103", "naip_date": "2023-09-01", "evidence": "sentinel_only", "confidence_rank": 1, "source": "merged"}, "geometry": null}, {"type": "Feature", "properties": {"class": "rock", "area_px": 2.0, "area_m2": 200.0, "confidence": 0.722, "lat": 45.740978, "lon": -68.818749, "status": "open_water", "verdict": "open_water", "naip_land_frac": 0.0, "naip_bottom_sigma": 0.51, "naip_scene": "me_m_4506818_nw_19_030_20230901_20240103", "naip_date": "2023-09-01", "evidence": "sentinel_only", "confidence_rank": 1, "source": "merged"}, "geometry": null}, {"type": "Feature", "properties": {"class": "rock", "area_px": 6.0, "area_m2": 600.0, "confidence": 0.754, "lat": 45.740805, "lon": -68.832933, "status": "shoal_confirmed", "verdict": "shoal_confirmed", "naip_land_frac": 0.0116, "naip_bottom_sigma": 2.54, "naip_scene": "me_m_4506818_nw_19_030_20230901_20240103", "naip_date": "2023-09-01", "evidence": "sentinel_only", "confidence_rank": 1, "source": "merged"}, "geometry": null}, {"type": "Feature", "properties": {"class": "rock", "area_px": 7.0, "area_m2": 700.0, "confidence": 0.754, "lat": 45.740324, "lon": -68.789709, "status": "open_water", "verdict": "open_water", "naip_land_frac": 0.0, "naip_bottom_sigma": 1.41, "naip_scene": "me_m_4506818_ne_19_030_20230901_20240103", "naip_date": "2023-09-01", "evidence": "sentinel_only", "confidence_rank": 1, "source": "merged"}, "geometry": null}, {"type": "Feature", "properties": {"class": "rock", "area_px": 2.0, "area_m2": 200.0, "confidence": 0.704, "lat": 45.739643, "lon": -68.828394, "status": "open_water", "verdict": "open_water", "naip_land_frac": 0.0, "naip_bottom_sigma": 1.07, "naip_scene": "me_m_4506818_nw_19_030_20230901_20240103", "naip_date": "2023-09-01", "evidence": "sentinel_only", "confidence_rank": 1, "source": "merged"}, "geometry": null}, {"type": "Feature", "properties": {"class": "rock", "area_px": 15.0, "area_m2": 1500.0, "confidence": 0.728, "lat": 45.739007, "lon": -68.828649, "status": "open_water", "verdict": "open_water", "naip_land_frac": 0.001, "naip_bottom_sigma": 0.76, "naip_scene": "me_m_4506818_nw_19_030_20230901_20240103", "naip_date": "2023-09-01", "evidence": "sentinel_only", "confidence_rank": 1, "source": "merged"}, "geometry": null}, {"type": "Feature", "properties": {"class": "rock", "area_px": 2.0, "area_m2": 200.0, "confidence": 0.696, "lat": 45.738338, "lon": -68.828463, "status": "shoal_confirmed", "verdict": "shoal_confirmed", "naip_land_frac": 0.0, "naip_bottom_sigma": 4.74, "naip_scene": "me_m_4506818_nw_19_030_20230901_20240103", "naip_date": "2023-09-01", "evidence": "sentinel_only", "confidence_rank": 1, "source": "merged"}, "geometry": null}, {"type": "Feature", "properties": {"class": "rock", "area_px": 4.0, "area_m2": 400.0, "confidence": 0.604, "lat": 45.738049, "lon": -68.831002, "status": "shoal_confirmed", "verdict": "shoal_confirmed", "naip_land_frac": 0.0025, "naip_bottom_sigma": 1.56, "naip_scene": "me_m_4506818_nw_19_030_20230901_20240103", "naip_date": "2023-09-01", "evidence": "sentinel_only", "confidence_rank": 1, "source": "merged"}, "geometry": null}, {"type": "Feature", "properties": {"class": "rock", "area_px": 3.0, "area_m2": 300.0, "confidence": 0.607, "lat": 45.738002, "lon": -68.834805, "status": "rock_confirmed", "verdict": "rock_confirmed", "naip_land_frac": 0.0703, "naip_bottom_sigma": 0.79, "naip_scene": "me_m_4506818_nw_19_030_20230901_20240103", "naip_date": "2023-09-01", "evidence": "sentinel_only", "confidence_rank": 1, "source": "merged"}, "geometry": null}, {"type": "Feature", "properties": {"class": "rock", "area_px": 18.0, "area_m2": 1800.0, "confidence": 0.832, "lat": 45.737849, "lon": -68.790295, "status": "rock_confirmed", "verdict": "rock_confirmed", "naip_land_frac": 0.4398, "naip_bottom_sigma": 1.08, "naip_scene": "me_m_4506818_ne_19_030_20230901_20240103", "naip_date": "2023-09-01", "evidence": "sentinel_only", "confidence_rank": 1, "source": "merged"}, "geometry": null}, {"type": "Feature", "properties": {"class": "rock", "area_px": 3.0, "area_m2": 300.0, "confidence": 0.836, "lat": 45.737516, "lon": -68.830993, "status": "shoal_confirmed", "verdict": "shoal_confirmed", "naip_land_frac": 0.0, "naip_bottom_sigma": 1.74, "naip_scene": "me_m_4506818_nw_19_030_20230901_20240103", "naip_date": "2023-09-01", "evidence": "sentinel_only", "confidence_rank": 1, "source": "merged"}, "geometry": null}, {"type": "Feature", "properties": {"class": "rock", "area_px": 6.0, "area_m2": 600.0, "confidence": 0.685, "lat": 45.736277, "lon": -68.835024, "status": "rock_confirmed", "verdict": "rock_confirmed", "naip_land_frac": 0.0369, "naip_bottom_sigma": 0.84, "naip_scene": "me_m_4506818_nw_19_030_20230901_20240103", "naip_date": "2023-09-01", "evidence": "sentinel_only", "confidence_rank": 1, "source": "merged"}, "geometry": null}, {"type": "Feature", "properties": {"class": "rock", "area_px": 2.0, "area_m2": 200.0, "confidence": 0.783, "lat": 45.735735, "lon": -68.833226, "status": "shoal_confirmed", "verdict": "shoal_confirmed", "naip_land_frac": 0.0116, "naip_bottom_sigma": 2.33, "naip_scene": "me_m_4506818_nw_19_030_20230901_20240103", "naip_date": "2023-09-01", "evidence": "sentinel_only", "confidence_rank": 1, "source": "merged"}, "geometry": null}, {"type": "Feature", "properties": {"class": "rock", "area_px": 6.0, "area_m2": 600.0, "confidence": 0.722, "lat": 45.735418, "lon": -68.831963, "status": "shoal_confirmed", "verdict": "shoal_confirmed", "naip_land_frac": 0.0096, "naip_bottom_sigma": 1.8, "naip_scene": "me_m_4506818_nw_19_030_20230901_20240103", "naip_date": "2023-09-01", "evidence": "sentinel_only", "confidence_rank": 1, "source": "merged"}, "geometry": null}, {"type": "Feature", "properties": {"class": "rock", "area_px": 5.0, "area_m2": 500.0, "confidence": 0.741, "lat": 45.735201, "lon": -68.831634, "status": "open_water", "verdict": "open_water", "naip_land_frac": 0.0025, "naip_bottom_sigma": 0.23, "naip_scene": "me_m_4506818_nw_19_030_20230901_20240103", "naip_date": "2023-09-01", "evidence": "sentinel_only", "confidence_rank": 1, "source": "merged"}, "geometry": null}, {"type": "Feature", "properties": {"class": "rock", "area_px": 4.0, "area_m2": 400.0, "confidence": 0.821, "lat": 45.734997, "lon": -68.821596, "status": "shoal_confirmed", "verdict": "shoal_confirmed", "naip_land_frac": 0.0, "naip_bottom_sigma": 2.14, "naip_scene": "me_m_4506818_nw_19_030_20230901_20240103", "naip_date": "2023-09-01", "evidence": "sentinel_only", "confidence_rank": 1, "source": "merged"}, "geometry": null}, {"type": "Feature", "properties": {"class": "rock", "area_px": 6.0, "area_m2": 600.0, "confidence": 0.815, "lat": 45.73225, "lon": -68.820448, "status": "open_water", "verdict": "open_water", "naip_land_frac": 0.0, "naip_bottom_sigma": 0.78, "naip_scene": "me_m_4506818_nw_19_030_20230901_20240103", "naip_date": "2023-09-01", "evidence": "sentinel_only", "confidence_rank": 1, "source": "merged"}, "geometry": null}, {"type": "Feature", "properties": {"class": "rock", "area_px": 27.0, "area_m2": 2700.0, "confidence": 0.812, "lat": 45.731349, "lon": -68.824205, "status": "open_water", "verdict": "open_water", "naip_land_frac": 0.0, "naip_bottom_sigma": 1.08, "naip_scene": "me_m_4506818_nw_19_030_20230901_20240103", "naip_date": "2023-09-01", "evidence": "sentinel_only", "confidence_rank": 1, "source": "merged"}, "geometry": null}, {"type": "Feature", "properties": {"class": "rock", "area_px": 10.0, "area_m2": 1000.0, "confidence": 0.776, "lat": 45.730235, "lon": -68.81579, "status": "open_water", "verdict": "open_water", "naip_land_frac": 0.0, "naip_bottom_sigma": 0.49, "naip_scene": "me_m_4506818_nw_19_030_20230901_20240103", "naip_date": "2023-09-01", "evidence": "sentinel_only", "confidence_rank": 1, "source": "merged"}, "geometry": null}, {"type": "Feature", "properties": {"class": "rock", "area_px": 16.0, "area_m2": 1600.0, "confidence": 0.748, "lat": 45.728569, "lon": -68.826372, "status": "shoal_confirmed", "verdict": "shoal_confirmed", "naip_land_frac": 0.0142, "naip_bottom_sigma": 1.96, "naip_scene": "me_m_4506818_nw_19_030_20230901_20240103", "naip_date": "2023-09-01", "evidence": "sentinel_only", "confidence_rank": 1, "source": "merged"}, "geometry": null}, {"type": "Feature", "properties": {"class": "shoal", "area_px": 2.0, "area_m2": 200.0, "confidence": 0.603, "lat": 45.779014, "lon": -68.796758, "status": "open_water", "verdict": "open_water", "naip_land_frac": 0.0, "naip_bottom_sigma": 0.26, "naip_scene": "me_m_4506810_se_19_030_20230901_20240103", "naip_date": "2023-09-01", "evidence": "sentinel_only", "confidence_rank": 1, "source": "merged"}, "geometry": null}, {"type": "Feature", "properties": {"class": "shoal", "area_px": 4.0, "area_m2": 400.0, "confidence": 0.625, "lat": 45.7775, "lon": -68.758721, "status": "open_water", "verdict": "open_water", "naip_land_frac": 0.0, "naip_bottom_sigma": 0.38, "naip_scene": "me_m_4506810_se_19_030_20230901_20240103", "naip_date": "2023-09-01", "evidence": "sentinel_only", "confidence_rank": 1, "source": "merged"}, "geometry": null}, {"type": "Feature", "properties": {"class": "shoal", "area_px": 7.0, "area_m2": 700.0, "confidence": 0.663, "lat": 45.775212, "lon": -68.765048, "status": "open_water", "verdict": "open_water", "naip_land_frac": 0.0, "naip_bottom_sigma": 0.03, "naip_scene": "me_m_4506810_se_19_030_20230901_20240103", "naip_date": "2023-09-01", "evidence": "sentinel_only", "confidence_rank": 1, "source": "merged"}, "geometry": null}, {"type": "Feature", "properties": {"class": "shoal", "area_px": 2.0, "area_m2": 200.0, "confidence": 0.571, "lat": 45.773072, "lon": -68.771892, "status": "open_water", "verdict": "open_water", "naip_land_frac": 0.0, "naip_bottom_sigma": 0.05, "naip_scene": "me_m_4506810_se_19_030_20230901_20240103", "naip_date": "2023-09-01", "evidence": "sentinel_only", "confidence_rank": 1, "source": "merged"}, "geometry": null}, {"type": "Feature", "properties": {"class": "shoal", "area_px": 2.0, "area_m2": 200.0, "confidence": 0.661, "lat": 45.772801, "lon": -68.771764, "status": "open_water", "verdict": "open_water", "naip_land_frac": 0.0, "naip_bottom_sigma": 0.21, "naip_scene": "me_m_4506810_se_19_030_20230901_20240103", "naip_date": "2023-09-01", "evidence": "sentinel_only", "confidence_rank": 1, "source": "merged"}, "geometry": null}, {"type": "Feature", "properties": {"class": "shoal", "area_px": 3.0, "area_m2": 300.0, "confidence": 0.738, "lat": 45.770227, "lon": -68.782536, "status": "open_water", "verdict": "open_water", "naip_land_frac": 0.0, "naip_bottom_sigma": 0.62, "naip_scene": "me_m_4506810_se_19_030_20230901_20240103", "naip_date": "2023-09-01", "evidence": "sentinel_only", "confidence_rank": 1, "source": "merged"}, "geometry": null}, {"type": "Feature", "properties": {"class": "shoal", "area_px": 15.0, "area_m2": 1500.0, "confidence": 0.752, "lat": 45.769109, "lon": -68.752068, "status": "open_water", "verdict": "open_water", "naip_land_frac": 0.0005, "naip_bottom_sigma": 1.17, "naip_scene": "me_m_4506811_sw_19_030_20230901_20240103", "naip_date": "2023-09-01", "evidence": "sentinel_only", "confidence_rank": 1, "source": "merged"}, "geometry": null}, {"type": "Feature", "properties": {"class": "shoal", "area_px": 3.0, "area_m2": 300.0, "confidence": 0.726, "lat": 45.767669, "lon": -68.831031, "status": "open_water", "verdict": "open_water", "naip_land_frac": 0.0, "naip_bottom_sigma": 0.45, "naip_scene": "me_m_4506810_sw_19_030_20230901_20240103", "naip_date": "2023-09-01", "evidence": "sentinel_only", "confidence_rank": 1, "source": "merged"}, "geometry": null}, {"type": "Feature", "properties": {"class": "shoal", "area_px": 2.0, "area_m2": 200.0, "confidence": 0.804, "lat": 45.767397, "lon": -68.769729, "status": "open_water", "verdict": "open_water", "naip_land_frac": 0.0, "naip_bottom_sigma": 0.26, "naip_scene": "me_m_4506810_se_19_030_20230901_20240103", "naip_date": "2023-09-01", "evidence": "sentinel_only", "confidence_rank": 1, "source": "merged"}, "geometry": null}, {"type": "Feature", "properties": {"class": "shoal", "area_px": 9.0, "area_m2": 900.0, "confidence": 0.683, "lat": 45.766193, "lon": -68.780294, "status": "open_water", "verdict": "open_water", "naip_land_frac": 0.0, "naip_bottom_sigma": 0.21, "naip_scene": "me_m_4506810_se_19_030_20230901_20240103", "naip_date": "2023-09-01", "evidence": "sentinel_only", "confidence_rank": 1, "source": "merged"}, "geometry": null}, {"type": "Feature", "properties": {"class": "shoal", "area_px": 3.0, "area_m2": 300.0, "confidence": 0.798, "lat": 45.765611, "lon": -68.769522, "status": "open_water", "verdict": "open_water", "naip_land_frac": 0.0, "naip_bottom_sigma": 1.06, "naip_scene": "me_m_4506810_se_19_030_20230901_20240103", "naip_date": "2023-09-01", "evidence": "sentinel_only", "confidence_rank": 1, "source": "merged"}, "geometry": null}, {"type": "Feature", "properties": {"class": "shoal", "area_px": 2.0, "area_m2": 200.0, "confidence": 0.583, "lat": 45.763571, "lon": -68.748269, "status": "open_water", "verdict": "open_water", "naip_land_frac": 0.0, "naip_bottom_sigma": -0.12, "naip_scene": "me_m_4506811_sw_19_030_20230901_20240103", "naip_date": "2023-09-01", "evidence": "sentinel_only", "confidence_rank": 1, "source": "merged"}, "geometry": null}, {"type": "Feature", "properties": {"class": "shoal", "area_px": 2.0, "area_m2": 200.0, "confidence": 0.722, "lat": 45.762687, "lon": -68.777785, "status": "open_water", "verdict": "open_water", "naip_land_frac": 0.0, "naip_bottom_sigma": 0.18, "naip_scene": "me_m_4506810_se_19_030_20230901_20240103", "naip_date": "2023-09-01", "evidence": "sentinel_only", "confidence_rank": 1, "source": "merged"}, "geometry": null}, {"type": "Feature", "properties": {"class": "shoal", "area_px": 18.0, "area_m2": 1800.0, "confidence": 0.741, "lat": 45.761615, "lon": -68.759108, "status": "open_water", "verdict": "open_water", "naip_land_frac": 0.0, "naip_bottom_sigma": 0.39, "naip_scene": "me_m_4506810_se_19_030_20230901_20240103", "naip_date": "2023-09-01", "evidence": "sentinel_only", "confidence_rank": 1, "source": "merged"}, "geometry": null}, {"type": "Feature", "properties": {"class": "shoal", "area_px": 6.0, "area_m2": 600.0, "confidence": 0.718, "lat": 45.761384, "lon": -68.76371, "status": "open_water", "verdict": "open_water", "naip_land_frac": 0.0, "naip_bottom_sigma": 0.08, "naip_scene": "me_m_4506810_se_19_030_20230901_20240103", "naip_date": "2023-09-01", "evidence": "sentinel_only", "confidence_rank": 1, "source": "merged"}, "geometry": null}, {"type": "Feature", "properties": {"class": "shoal", "area_px": 2.0, "area_m2": 200.0, "confidence": 0.741, "lat": 45.759269, "lon": -68.756646, "status": "open_water", "verdict": "open_water", "naip_land_frac": 0.0, "naip_bottom_sigma": 0.25, "naip_scene": "me_m_4506810_se_19_030_20230901_20240103", "naip_date": "2023-09-01", "evidence": "sentinel_only", "confidence_rank": 1, "source": "merged"}, "geometry": null}, {"type": "Feature", "properties": {"class": "shoal", "area_px": 3.0, "area_m2": 300.0, "confidence": 0.736, "lat": 45.759283, "lon": -68.756217, "status": "open_water", "verdict": "open_water", "naip_land_frac": 0.0, "naip_bottom_sigma": 0.1, "naip_scene": "me_m_4506810_se_19_030_20230901_20240103", "naip_date": "2023-09-01", "evidence": "sentinel_only", "confidence_rank": 1, "source": "merged"}, "geometry": null}, {"type": "Feature", "properties": {"class": "shoal", "area_px": 5.0, "area_m2": 500.0, "confidence": 0.614, "lat": 45.75816, "lon": -68.747521, "status": "open_water", "verdict": "open_water", "naip_land_frac": 0.0, "naip_bottom_sigma": 0.37, "naip_scene": "me_m_4506811_sw_19_030_20230901_20240103", "naip_date": "2023-09-01", "evidence": "sentinel_only", "confidence_rank": 1, "source": "merged"}, "geometry": null}, {"type": "Feature", "properties": {"class": "shoal", "area_px": 3.0, "area_m2": 300.0, "confidence": 0.636, "lat": 45.756442, "lon": -68.760516, "status": "open_water", "verdict": "open_water", "naip_land_frac": 0.0, "naip_bottom_sigma": 0.34, "naip_scene": "me_m_4506810_se_19_030_20230901_20240103", "naip_date": "2023-09-01", "evidence": "sentinel_only", "confidence_rank": 1, "source": "merged"}, "geometry": null}, {"type": "Feature", "properties": {"class": "shoal", "area_px": 2.0, "area_m2": 200.0, "confidence": 0.643, "lat": 45.755564, "lon": -68.749719, "status": "open_water", "verdict": "open_water", "naip_land_frac": 0.0, "naip_bottom_sigma": 0.29, "naip_scene": "me_m_4506811_sw_19_030_20230901_20240103", "naip_date": "2023-09-01", "evidence": "sentinel_only", "confidence_rank": 1, "source": "merged"}, "geometry": null}, {"type": "Feature", "properties": {"class": "shoal", "area_px": 2.0, "area_m2": 200.0, "confidence": 0.643, "lat": 45.755382, "lon": -68.770485, "status": "open_water", "verdict": "open_water", "naip_land_frac": 0.0, "naip_bottom_sigma": 0.19, "naip_scene": "me_m_4506810_se_19_030_20230901_20240103", "naip_date": "2023-09-01", "evidence": "sentinel_only", "confidence_rank": 1, "source": "merged"}, "geometry": null}, {"type": "Feature", "properties": {"class": "shoal", "area_px": 7.0, "area_m2": 700.0, "confidence": 0.621, "lat": 45.754034, "lon": -68.758598, "status": "open_water", "verdict": "open_water", "naip_land_frac": 0.0005, "naip_bottom_sigma": 0.97, "naip_scene": "me_m_4506810_se_19_030_20230901_20240103", "naip_date": "2023-09-01", "evidence": "sentinel_only", "confidence_rank": 1, "source": "merged"}, "geometry": null}, {"type": "Feature", "properties": {"class": "shoal", "area_px": 4.0, "area_m2": 400.0, "confidence": 0.652, "lat": 45.753237, "lon": -68.766669, "status": "open_water", "verdict": "open_water", "naip_land_frac": 0.0, "naip_bottom_sigma": 0.4, "naip_scene": "me_m_4506810_se_19_030_20230901_20240103", "naip_date": "2023-09-01", "evidence": "sentinel_only", "confidence_rank": 1, "source": "merged"}, "geometry": null}, {"type": "Feature", "properties": {"class": "shoal", "area_px": 3.0, "area_m2": 300.0, "confidence": 0.678, "lat": 45.752684, "lon": -68.771204, "status": "open_water", "verdict": "open_water", "naip_land_frac": 0.0, "naip_bottom_sigma": 1.42, "naip_scene": "me_m_4506810_se_19_030_20230901_20240103", "naip_date": "2023-09-01", "evidence": "sentinel_only", "confidence_rank": 1, "source": "merged"}, "geometry": null}, {"type": "Feature", "properties": {"class": "shoal", "area_px": 4.0, "area_m2": 400.0, "confidence": 0.621, "lat": 45.752218, "lon": -68.786313, "status": "open_water", "verdict": "open_water", "naip_land_frac": 0.0, "naip_bottom_sigma": 0.95, "naip_scene": "me_m_4506810_se_19_030_20230901_20240103", "naip_date": "2023-09-01", "evidence": "sentinel_only", "confidence_rank": 1, "source": "merged"}, "geometry": null}, {"type": "Feature", "properties": {"class": "shoal", "area_px": 4.0, "area_m2": 400.0, "confidence": 0.638, "lat": 45.752062, "lon": -68.787181, "status": "open_water", "verdict": "open_water", "naip_land_frac": 0.0, "naip_bottom_sigma": 1.35, "naip_scene": "me_m_4506810_se_19_030_20230901_20240103", "naip_date": "2023-09-01", "evidence": "sentinel_only", "confidence_rank": 1, "source": "merged"}, "geometry": null}, {"type": "Feature", "properties": {"class": "shoal", "area_px": 2.0, "area_m2": 200.0, "confidence": 0.603, "lat": 45.75192, "lon": -68.77185, "status": "unverified", "verdict": "unchecked", "evidence": "sentinel_only", "confidence_rank": 1, "source": "merged"}, "geometry": null}, {"type": "Feature", "properties": {"class": "shoal", "area_px": 2.0, "area_m2": 200.0, "confidence": 0.569, "lat": 45.751771, "lon": -68.787793, "status": "open_water", "verdict": "open_water", "naip_land_frac": 0.0, "naip_bottom_sigma": 1.36, "naip_scene": "me_m_4506818_ne_19_030_20230901_20240103", "naip_date": "2023-09-01", "evidence": "sentinel_only", "confidence_rank": 1, "source": "merged"}, "geometry": null}, {"type": "Feature", "properties": {"class": "shoal", "area_px": 5.0, "area_m2": 500.0, "confidence": 0.683, "lat": 45.751618, "lon": -68.808468, "status": "open_water", "verdict": "open_water", "naip_land_frac": 0.0, "naip_bottom_sigma": 0.44, "naip_scene": "me_m_4506818_ne_19_030_20230901_20240103", "naip_date": "2023-09-01", "evidence": "sentinel_only", "confidence_rank": 1, "source": "merged"}, "geometry": null}, {"type": "Feature", "properties": {"class": "shoal", "area_px": 5.0, "area_m2": 500.0, "confidence": 0.648, "lat": 45.750266, "lon": -68.777385, "status": "open_water", "verdict": "open_water", "naip_land_frac": 0.0, "naip_bottom_sigma": 0.56, "naip_scene": "me_m_4506818_ne_19_030_20230901_20240103", "naip_date": "2023-09-01", "evidence": "sentinel_only", "confidence_rank": 1, "source": "merged"}, "geometry": null}, {"type": "Feature", "properties": {"class": "shoal", "area_px": 2.0, "area_m2": 200.0, "confidence": 0.569, "lat": 45.749996, "lon": -68.777322, "status": "open_water", "verdict": "open_water", "naip_land_frac": 0.0, "naip_bottom_sigma": 0.56, "naip_scene": "me_m_4506818_ne_19_030_20230901_20240103", "naip_date": "2023-09-01", "evidence": "sentinel_only", "confidence_rank": 1, "source": "merged"}, "geometry": null}, {"type": "Feature", "properties": {"class": "shoal", "area_px": 2.0, "area_m2": 200.0, "confidence": 0.589, "lat": 45.74948, "lon": -68.816729, "status": "open_water", "verdict": "open_water", "naip_land_frac": 0.0, "naip_bottom_sigma": 0.39, "naip_scene": "me_m_4506818_nw_19_030_20230901_20240103", "naip_date": "2023-09-01", "evidence": "sentinel_only", "confidence_rank": 1, "source": "merged"}, "geometry": null}, {"type": "Feature", "properties": {"class": "shoal", "area_px": 6.0, "area_m2": 600.0, "confidence": 0.713, "lat": 45.749007, "lon": -68.802781, "status": "open_water", "verdict": "open_water", "naip_land_frac": 0.0, "naip_bottom_sigma": 0.52, "naip_scene": "me_m_4506818_ne_19_030_20230901_20240103", "naip_date": "2023-09-01", "evidence": "sentinel_only", "confidence_rank": 1, "source": "merged"}, "geometry": null}, {"type": "Feature", "properties": {"class": "shoal", "area_px": 3.0, "area_m2": 300.0, "confidence": 0.672, "lat": 45.748061, "lon": -68.785707, "status": "open_water", "verdict": "open_water", "naip_land_frac": 0.0, "naip_bottom_sigma": 1.12, "naip_scene": "me_m_4506818_ne_19_030_20230901_20240103", "naip_date": "2023-09-01", "evidence": "sentinel_only", "confidence_rank": 1, "source": "merged"}, "geometry": null}, {"type": "Feature", "properties": {"class": "shoal", "area_px": 13.0, "area_m2": 1300.0, "confidence": 0.712, "lat": 45.748061, "lon": -68.782971, "status": "shoal_confirmed", "verdict": "shoal_confirmed", "naip_land_frac": 0.0, "naip_bottom_sigma": 1.73, "naip_scene": "me_m_4506818_ne_19_030_20230901_20240103", "naip_date": "2023-09-01", "evidence": "sentinel_only", "confidence_rank": 1, "source": "merged"}, "geometry": null}, {"type": "Feature", "properties": {"class": "shoal", "area_px": 2.0, "area_m2": 200.0, "confidence": 0.707, "lat": 45.748011, "lon": -68.798992, "status": "open_water", "verdict": "open_water", "naip_land_frac": 0.0, "naip_bottom_sigma": 0.52, "naip_scene": "me_m_4506818_ne_19_030_20230901_20240103", "naip_date": "2023-09-01", "evidence": "sentinel_only", "confidence_rank": 1, "source": "merged"}, "geometry": null}, {"type": "Feature", "properties": {"class": "shoal", "area_px": 2.0, "area_m2": 200.0, "confidence": 0.786, "lat": 45.747932, "lon": -68.780801, "status": "open_water", "verdict": "open_water", "naip_land_frac": 0.0, "naip_bottom_sigma": 1.48, "naip_scene": "me_m_4506818_ne_19_030_20230901_20240103", "naip_date": "2023-09-01", "evidence": "sentinel_only", "confidence_rank": 1, "source": "merged"}, "geometry": null}, {"type": "Feature", "properties": {"class": "shoal", "area_px": 2.0, "area_m2": 200.0, "confidence": 0.643, "lat": 45.747797, "lon": -68.780994, "status": "open_water", "verdict": "open_water", "naip_land_frac": 0.0, "naip_bottom_sigma": 1.32, "naip_scene": "me_m_4506818_ne_19_030_20230901_20240103", "naip_date": "2023-09-01", "evidence": "sentinel_only", "confidence_rank": 1, "source": "merged"}, "geometry": null}, {"type": "Feature", "properties": {"class": "shoal", "area_px": 8.0, "area_m2": 800.0, "confidence": 0.664, "lat": 45.747627, "lon": -68.798688, "status": "open_water", "verdict": "open_water", "naip_land_frac": 0.0, "naip_bottom_sigma": 0.36, "naip_scene": "me_m_4506818_ne_19_030_20230901_20240103", "naip_date": "2023-09-01", "evidence": "sentinel_only", "confidence_rank": 1, "source": "merged"}, "geometry": null}, {"type": "Feature", "properties": {"class": "shoal", "area_px": 2.0, "area_m2": 200.0, "confidence": 0.707, "lat": 45.747227, "lon": -68.814679, "status": "open_water", "verdict": "open_water", "naip_land_frac": 0.0, "naip_bottom_sigma": 0.7, "naip_scene": "me_m_4506818_nw_19_030_20230901_20240103", "naip_date": "2023-09-01", "evidence": "sentinel_only", "confidence_rank": 1, "source": "merged"}, "geometry": null}, {"type": "Feature", "properties": {"class": "shoal", "area_px": 10.0, "area_m2": 1000.0, "confidence": 0.638, "lat": 45.746103, "lon": -68.799449, "status": "open_water", "verdict": "open_water", "naip_land_frac": 0.0, "naip_bottom_sigma": 0.71, "naip_scene": "me_m_4506818_ne_19_030_20230901_20240103", "naip_date": "2023-09-01", "evidence": "sentinel_only", "confidence_rank": 1, "source": "merged"}, "geometry": null}, {"type": "Feature", "properties": {"class": "shoal", "area_px": 5.0, "area_m2": 500.0, "confidence": 0.71, "lat": 45.745617, "lon": -68.804606, "status": "open_water", "verdict": "open_water", "naip_land_frac": 0.0, "naip_bottom_sigma": 0.08, "naip_scene": "me_m_4506818_ne_19_030_20230901_20240103", "naip_date": "2023-09-01", "evidence": "sentinel_only", "confidence_rank": 1, "source": "merged"}, "geometry": null}, {"type": "Feature", "properties": {"class": "shoal", "area_px": 4.0, "area_m2": 400.0, "confidence": 0.705, "lat": 45.745347, "lon": -68.782289, "status": "open_water", "verdict": "open_water", "naip_land_frac": 0.0, "naip_bottom_sigma": 0.45, "naip_scene": "me_m_4506818_ne_19_030_20230901_20240103", "naip_date": "2023-09-01", "evidence": "sentinel_only", "confidence_rank": 1, "source": "merged"}, "geometry": null}, {"type": "Feature", "properties": {"class": "shoal", "area_px": 3.0, "area_m2": 300.0, "confidence": 0.632, "lat": 45.745179, "lon": -68.801188, "status": "open_water", "verdict": "open_water", "naip_land_frac": 0.0, "naip_bottom_sigma": 0.33, "naip_scene": "me_m_4506818_ne_19_030_20230901_20240103", "naip_date": "2023-09-01", "evidence": "sentinel_only", "confidence_rank": 1, "source": "merged"}, "geometry": null}, {"type": "Feature", "properties": {"class": "shoal", "area_px": 2.0, "area_m2": 200.0, "confidence": 0.571, "lat": 45.742638, "lon": -68.789306, "status": "open_water", "verdict": "open_water", "naip_land_frac": 0.0, "naip_bottom_sigma": 0.34, "naip_scene": "me_m_4506818_ne_19_030_20230901_20240103", "naip_date": "2023-09-01", "evidence": "sentinel_only", "confidence_rank": 1, "source": "merged"}, "geometry": null}, {"type": "Feature", "properties": {"class": "shoal", "area_px": 5.0, "area_m2": 500.0, "confidence": 0.696, "lat": 45.742465, "lon": -68.814464, "status": "open_water", "verdict": "open_water", "naip_land_frac": 0.0, "naip_bottom_sigma": 0.41, "naip_scene": "me_m_4506818_nw_19_030_20230901_20240103", "naip_date": "2023-09-01", "evidence": "sentinel_only", "confidence_rank": 1, "source": "merged"}, "geometry": null}, {"type": "Feature", "properties": {"class": "shoal", "area_px": 2.0, "area_m2": 200.0, "confidence": 0.741, "lat": 45.742008, "lon": -68.789565, "status": "open_water", "verdict": "open_water", "naip_land_frac": 0.0, "naip_bottom_sigma": 0.49, "naip_scene": "me_m_4506818_ne_19_030_20230901_20240103", "naip_date": "2023-09-01", "evidence": "sentinel_only", "confidence_rank": 1, "source": "merged"}, "geometry": null}, {"type": "Feature", "properties": {"class": "shoal", "area_px": 2.0, "area_m2": 200.0, "confidence": 0.607, "lat": 45.738229, "lon": -68.790351, "status": "open_water", "verdict": "open_water", "naip_land_frac": 0.0, "naip_bottom_sigma": 0.47, "naip_scene": "me_m_4506818_ne_19_030_20230901_20240103", "naip_date": "2023-09-01", "evidence": "sentinel_only", "confidence_rank": 1, "source": "merged"}, "geometry": null}, {"type": "Feature", "properties": {"class": "shoal", "area_px": 3.0, "area_m2": 300.0, "confidence": 0.71, "lat": 45.73805, "lon": -68.790544, "status": "open_water", "verdict": "open_water", "naip_land_frac": 0.0, "naip_bottom_sigma": 0.48, "naip_scene": "me_m_4506818_ne_19_030_20230901_20240103", "naip_date": "2023-09-01", "evidence": "sentinel_only", "confidence_rank": 1, "source": "merged"}, "geometry": null}, {"type": "Feature", "properties": {"class": "shoal", "area_px": 2.0, "area_m2": 200.0, "confidence": 0.625, "lat": 45.737738, "lon": -68.792345, "status": "open_water", "verdict": "open_water", "naip_land_frac": 0.0, "naip_bottom_sigma": 0.64, "naip_scene": "me_m_4506818_ne_19_030_20230901_20240103", "naip_date": "2023-09-01", "evidence": "sentinel_only", "confidence_rank": 1, "source": "merged"}, "geometry": null}, {"type": "Feature", "properties": {"class": "shoal", "area_px": 2.0, "area_m2": 200.0, "confidence": 0.661, "lat": 45.737737, "lon": -68.792088, "status": "open_water", "verdict": "open_water", "naip_land_frac": 0.0, "naip_bottom_sigma": 0.96, "naip_scene": "me_m_4506818_ne_19_030_20230901_20240103", "naip_date": "2023-09-01", "evidence": "sentinel_only", "confidence_rank": 1, "source": "merged"}, "geometry": null}, {"type": "Feature", "properties": {"class": "shoal", "area_px": 5.0, "area_m2": 500.0, "confidence": 0.727, "lat": 45.737545, "lon": -68.790006, "status": "open_water", "verdict": "open_water", "naip_land_frac": 0.0, "naip_bottom_sigma": 1.18, "naip_scene": "me_m_4506818_ne_19_030_20230901_20240103", "naip_date": "2023-09-01", "evidence": "sentinel_only", "confidence_rank": 1, "source": "merged"}, "geometry": null}, {"type": "Feature", "properties": {"class": "shoal", "area_px": 3.0, "area_m2": 300.0, "confidence": 0.617, "lat": 45.736052, "lon": -68.797278, "status": "open_water", "verdict": "open_water", "naip_land_frac": 0.0, "naip_bottom_sigma": 0.47, "naip_scene": "me_m_4506818_ne_19_030_20230901_20240103", "naip_date": "2023-09-01", "evidence": "sentinel_only", "confidence_rank": 1, "source": "merged"}, "geometry": null}, {"type": "Feature", "properties": {"class": "shoal", "area_px": 3.0, "area_m2": 300.0, "confidence": 0.568, "lat": 45.73461, "lon": -68.79677, "status": "open_water", "verdict": "open_water", "naip_land_frac": 0.0, "naip_bottom_sigma": 0.77, "naip_scene": "me_m_4506818_ne_19_030_20230901_20240103", "naip_date": "2023-09-01", "evidence": "sentinel_only", "confidence_rank": 1, "source": "merged"}, "geometry": null}, {"type": "Feature", "properties": {"class": "shoal", "area_px": 8.0, "area_m2": 800.0, "confidence": 0.701, "lat": 45.734607, "lon": -68.823815, "status": "shoal_confirmed", "verdict": "shoal_confirmed", "naip_land_frac": 0.0, "naip_bottom_sigma": 2.05, "naip_scene": "me_m_4506818_nw_19_030_20230901_20240103", "naip_date": "2023-09-01", "evidence": "sentinel_only", "confidence_rank": 1, "source": "merged"}, "geometry": null}, {"type": "Feature", "properties": {"class": "shoal", "area_px": 5.0, "area_m2": 500.0, "confidence": 0.645, "lat": 45.733175, "lon": -68.792542, "status": "open_water", "verdict": "open_water", "naip_land_frac": 0.0, "naip_bottom_sigma": 1.35, "naip_scene": "me_m_4506818_ne_19_030_20230901_20240103", "naip_date": "2023-09-01", "evidence": "sentinel_only", "confidence_rank": 1, "source": "merged"}, "geometry": null}, {"type": "Feature", "properties": {"class": "shoal", "area_px": 2.0, "area_m2": 200.0, "confidence": 0.611, "lat": 45.73243, "lon": -68.820448, "status": "open_water", "verdict": "open_water", "naip_land_frac": 0.0, "naip_bottom_sigma": 0.27, "naip_scene": "me_m_4506818_nw_19_030_20230901_20240103", "naip_date": "2023-09-01", "evidence": "sentinel_only", "confidence_rank": 1, "source": "merged"}, "geometry": null}, {"type": "Feature", "properties": {"class": "shoal", "area_px": 4.0, "area_m2": 400.0, "confidence": 0.685, "lat": 45.732138, "lon": -68.820609, "status": "open_water", "verdict": "open_water", "naip_land_frac": 0.0, "naip_bottom_sigma": 0.46, "naip_scene": "me_m_4506818_nw_19_030_20230901_20240103", "naip_date": "2023-09-01", "evidence": "sentinel_only", "confidence_rank": 1, "source": "merged"}, "geometry": null}, {"type": "Feature", "properties": {"class": "shoal", "area_px": 3.0, "area_m2": 300.0, "confidence": 0.619, "lat": 45.731635, "lon": -68.811432, "status": "open_water", "verdict": "open_water", "naip_land_frac": 0.0, "naip_bottom_sigma": 0.72, "naip_scene": "me_m_4506818_nw_19_030_20230901_20240103", "naip_date": "2023-09-01", "evidence": "sentinel_only", "confidence_rank": 1, "source": "merged"}, "geometry": null}, {"type": "Feature", "properties": {"class": "shoal", "area_px": 4.0, "area_m2": 400.0, "confidence": 0.619, "lat": 45.731474, "lon": -68.813575, "status": "open_water", "verdict": "open_water", "naip_land_frac": 0.0, "naip_bottom_sigma": 0.51, "naip_scene": "me_m_4506818_nw_19_030_20230901_20240103", "naip_date": "2023-09-01", "evidence": "sentinel_only", "confidence_rank": 1, "source": "merged"}, "geometry": null}, {"type": "Feature", "properties": {"class": "shoal", "area_px": 2.0, "area_m2": 200.0, "confidence": 0.643, "lat": 45.728299, "lon": -68.826373, "status": "open_water", "verdict": "open_water", "naip_land_frac": 0.0, "naip_bottom_sigma": 0.94, "naip_scene": "me_m_4506818_nw_19_030_20230901_20240103", "naip_date": "2023-09-01", "evidence": "sentinel_only", "confidence_rank": 1, "source": "merged"}, "geometry": null}, {"type": "Feature", "properties": {"class": "shoal", "lat": 45.7284671862069, "lon": -68.82616971724138, "area_m2": null, "evidence": "human_mapped", "confidence_rank": 3, "source": "osm", "kind": "reef", "verdict": "human_mapped", "note": "mapped by a person; most of these are invisible to imagery"}, "geometry": null}, {"type": "Feature", "properties": {"class": "shoal", "lat": 45.73110942380953, "lon": -68.81613531904762, "area_m2": null, "evidence": "human_mapped", "confidence_rank": 3, "source": "osm", "kind": "reef", "verdict": "human_mapped", "note": "mapped by a person; most of these are invisible to imagery"}, "geometry": null}, {"type": "Feature", "properties": {"class": "rock", "lat": 45.73159570833334, "lon": -68.81440726666666, "area_m2": null, "evidence": "human_mapped", "confidence_rank": 3, "source": "osm", "kind": "bare_rock", "verdict": "human_mapped", "note": "mapped by a person; most of these are invisible to imagery"}, "geometry": null}, {"type": "Feature", "properties": {"class": "shoal", "lat": 45.72809912857143, "lon": -68.81807079285714, "area_m2": null, "evidence": "human_mapped", "confidence_rank": 3, "source": "osm", "kind": "reef", "verdict": "human_mapped", "note": "mapped by a person; most of these are invisible to imagery"}, "geometry": null}, {"type": "Feature", "properties": {"class": "rock", "lat": 45.72996037272728, "lon": -68.8136737090909, "area_m2": null, "evidence": "human_mapped", "confidence_rank": 3, "source": "osm", "kind": "bare_rock", "verdict": "human_mapped", "note": "mapped by a person; most of these are invisible to imagery"}, "geometry": null}, {"type": "Feature", "properties": {"class": "rock", "lat": 45.72626436944444, "lon": -68.81492275833334, "area_m2": null, "evidence": "human_mapped", "confidence_rank": 3, "source": "osm", "kind": "bare_rock", "verdict": "human_mapped", "note": "mapped by a person; most of these are invisible to imagery"}, "geometry": null}, {"type": "Feature", "properties": {"class": "rock", "lat": 45.729645516666665, "lon": -68.81318102499999, "area_m2": null, "evidence": "human_mapped", "confidence_rank": 3, "source": "osm", "kind": "bare_rock", "verdict": "human_mapped", "note": "mapped by a person; most of these are invisible to imagery"}, "geometry": null}, {"type": "Feature", "properties": {"class": "rock", "lat": 45.727677199999995, "lon": -68.82765837777778, "area_m2": null, "evidence": "human_mapped", "confidence_rank": 3, "source": "osm", "kind": "bare_rock", "verdict": "human_mapped", "note": "mapped by a person; most of these are invisible to imagery"}, "geometry": null}, {"type": "Feature", "properties": {"class": "shoal", "lat": 45.729073926153845, "lon": -68.82876660153846, "area_m2": null, "evidence": "human_mapped", "confidence_rank": 3, "source": "osm", "kind": "reef", "verdict": "human_mapped", "note": "mapped by a person; most of these are invisible to imagery"}, "geometry": null}, {"type": "Feature", "properties": {"class": "rock", "lat": 45.7297843875, "lon": -68.82840483749999, "area_m2": null, "evidence": "human_mapped", "confidence_rank": 3, "source": "osm", "kind": "bare_rock", "verdict": "human_mapped", "note": "mapped by a person; most of these are invisible to imagery"}, "geometry": null}, {"type": "Feature", "properties": {"class": "rock", "lat": 45.7324141, "lon": -68.82972603333333, "area_m2": null, "evidence": "human_mapped", "confidence_rank": 3, "source": "osm", "kind": "bare_rock", "verdict": "human_mapped", "note": "mapped by a person; most of these are invisible to imagery"}, "geometry": null}, {"type": "Feature", "properties": {"class": "shoal", "lat": 45.73245977222222, "lon": -68.82993754166667, "area_m2": null, "evidence": "human_mapped", "confidence_rank": 3, "source": "osm", "kind": "reef", "verdict": "human_mapped", "note": "mapped by a person; most of these are invisible to imagery"}, "geometry": null}, {"type": "Feature", "properties": {"class": "shoal", "lat": 45.731265315625, "lon": -68.82441475, "area_m2": null, "evidence": "human_mapped", "confidence_rank": 3, "source": "osm", "kind": "reef", "verdict": "human_mapped", "note": "mapped by a person; most of these are invisible to imagery"}, "geometry": null}, {"type": "Feature", "properties": {"class": "shoal", "lat": 45.728410763157896, "lon": -68.81967224210526, "area_m2": null, "evidence": "human_mapped", "confidence_rank": 3, "source": "osm", "kind": "reef", "verdict": "human_mapped", "note": "mapped by a person; most of these are invisible to imagery"}, "geometry": null}, {"type": "Feature", "properties": {"class": "shoal", "lat": 45.72933651428571, "lon": -68.81966955, "area_m2": null, "evidence": "human_mapped", "confidence_rank": 3, "source": "osm", "kind": "reef", "verdict": "human_mapped", "note": "mapped by a person; most of these are invisible to imagery"}, "geometry": null}, {"type": "Feature", "properties": {"class": "shoal", "lat": 45.733813966666666, "lon": -68.78869033703704, "area_m2": null, "evidence": "human_mapped", "confidence_rank": 3, "source": "osm", "kind": "reef", "verdict": "human_mapped", "note": "mapped by a person; most of these are invisible to imagery"}, "geometry": null}, {"type": "Feature", "properties": {"class": "rock", "lat": 45.72580187692308, "lon": -68.82007802307693, "area_m2": null, "evidence": "human_mapped", "confidence_rank": 3, "source": "osm", "kind": "bare_rock", "verdict": "human_mapped", "note": "mapped by a person; most of these are invisible to imagery"}, "geometry": null}, {"type": "Feature", "properties": {"class": "rock", "lat": 45.76093934, "lon": -68.74419011, "area_m2": null, "evidence": "human_mapped", "confidence_rank": 3, "source": "osm", "kind": "bare_rock", "verdict": "human_mapped", "note": "mapped by a person; most of these are invisible to imagery"}, "geometry": null}, {"type": "Feature", "properties": {"class": "rock", "lat": 45.761067425, "lon": -68.7436665375, "area_m2": null, "evidence": "human_mapped", "confidence_rank": 3, "source": "osm", "kind": "bare_rock", "verdict": "human_mapped", "note": "mapped by a person; most of these are invisible to imagery"}, "geometry": null}, {"type": "Feature", "properties": {"class": "rock", "lat": 45.760738044444444, "lon": -68.7444088, "area_m2": null, "evidence": "human_mapped", "confidence_rank": 3, "source": "osm", "kind": "bare_rock", "verdict": "human_mapped", "note": "mapped by a person; most of these are invisible to imagery"}, "geometry": null}, {"type": "Feature", "properties": {"class": "rock", "lat": 45.76095358888889, "lon": -68.74399745555556, "area_m2": null, "evidence": "human_mapped", "confidence_rank": 3, "source": "osm", "kind": "bare_rock", "verdict": "human_mapped", "note": "mapped by a person; most of these are invisible to imagery"}, "geometry": null}, {"type": "Feature", "properties": {"class": "rock", "lat": 45.760372059999995, "lon": -68.74367117, "area_m2": null, "evidence": "human_mapped", "confidence_rank": 3, "source": "osm", "kind": "bare_rock", "verdict": "human_mapped", "note": "mapped by a person; most of these are invisible to imagery"}, "geometry": null}, {"type": "Feature", "properties": {"class": "rock", "lat": 45.76061826666667, "lon": -68.74307004666666, "area_m2": null, "evidence": "human_mapped", "confidence_rank": 3, "source": "osm", "kind": "bare_rock", "verdict": "human_mapped", "note": "mapped by a person; most of these are invisible to imagery"}, "geometry": null}, {"type": "Feature", "properties": {"class": "shoal", "lat": 45.750089848888884, "lon": -68.81783436666666, "area_m2": null, "evidence": "human_mapped", "confidence_rank": 3, "source": "osm", "kind": "reef", "verdict": "human_mapped", "note": "mapped by a person; most of these are invisible to imagery"}, "geometry": null}]}