{"type": "Feature", "properties": {"name": "Millinocket Lake", "osm_relation": 2851498, "area_km2": 34.579, "shoreline_km": 76.25, "source": "OpenStreetMap (ODbL)"}, "geometry": {"type": "Polygon", "coordinates": [[[-68.8197369, 45.7260307], [-68.8198343, 45.725784], [-68.8198495, 45.7257719], [-68.8198837, 45.7257696], [-68.8199018, 45.7257818], [-68.8199026, 45.7258032], [-68.8199178, 45.7258112], [-68.8199202, 45.7258324], [-68.8199283, 45.7258265], [-68.8199327, 45.7258135], [-68.819942, 45.7258043], [-68.819942, 45.7257874], [-68.8199284, 45.7257639], [-68.8199414, 45.7257451], [-68.8199588, 45.7257393], [-68.8200376, 45.7257361], [-68.820059, 45.725758], [-68.8200455, 45.7258043], [-68.8200637, 45.7258025], [-68.8200651, 45.7258166], [-68.8200748, 45.7258177], [-68.8200735, 45.7257986], [-68.8200847, 45.7258025], [-68.8200947, 45.7258238], [-68.8201035, 45.7258253], [-68.8200999, 45.7258029], [-68.8201048, 45.7257773], [-68.8201207, 45.7257726], [-68.8201408, 45.725775], [-68.8201642, 45.7257694], [-68.820161, 45.7257453], [-68.820144, 45.7257243], [-68.820046, 45.7256663], [-68.8199875, 45.7256517], [-68.8199626, 45.7256036], [-68.8199729, 45.72558], [-68.8200172, 45.7255627], [-68.8200664, 45.7255857], [-68.820123, 45.7255902], [-68.8202197, 45.725586], [-68.8207011, 45.7256799], [-68.8208075, 45.7257459], [-68.8207266, 45.7258178], [-68.820783, 45.7258763], [-68.8209223, 45.7258806], [-68.8210298, 45.7261178], [-68.8210925, 45.7261575], [-68.8211917, 45.7262204], [-68.8213194, 45.7263013], [-68.8216693, 45.7264772], [-68.8217181, 45.7264839], [-68.8217603, 45.7264162], [-68.821812, 45.7263991], [-68.8218552, 45.7263998], [-68.8218342, 45.7264346], [-68.821848, 45.726439], [-68.8218808, 45.7264312], [-68.8219168, 45.726439], [-68.8219381, 45.7264564], [-68.8218982, 45.726467], [-68.8218902, 45.7264994], [-68.8218963, 45.7265109], [-68.8218851, 45.72654], [-68.8219303, 45.7265293], [-68.8219449, 45.7265144], [-68.8219771, 45.7265108], [-68.8220456, 45.7265198], [-68.8220865, 45.726535], [-68.8220773, 45.7265522], [-68.8220874, 45.7265788], [-68.8221374, 45.7265773], [-68.8221412, 45.7265988], [-68.822123, 45.7266268], [-68.8221516, 45.7266365], [-68.8221726, 45.7265803], [-68.822215, 45.7265395], [-68.8224513, 45.7266084], [-68.8229824, 45.7267694], [-68.8231755, 45.726878], [-68.823546, 45.7273597], [-68.8240607, 45.7274846], [-68.8245166, 45.7276045], [-68.824876, 45.7276382], [-68.8251174, 45.727567], [-68.8250906, 45.7273348], [-68.8252247, 45.7269679], [-68.8253267, 45.726833], [-68.8256426, 45.7268511], [-68.8258262, 45.7269833], [-68.8258255, 45.7271125], [-68.8262786, 45.727552], [-68.8264459, 45.7276332], [-68.8266582, 45.7276171], [-68.8267149, 45.7275759], [-68.826727, 45.7275333], [-68.8267668, 45.7275143], [-68.826827, 45.7274899], [-68.8268823, 45.7274509], [-68.8269194, 45.7274429], [-68.8269924, 45.7274552], [-68.8270405, 45.7274596], [-68.8271158, 45.7274582], [-68.8272165, 45.7274801], [-68.82732, 45.7274934], [-68.8275516, 45.7275313], [-68.8276022, 45.7275651], [-68.827647, 45.72758], [-68.8277061, 45.727624], [-68.8276968, 45.7276565], [-68.8277675, 45.727682], [-68.8278908, 45.7277805], [-68.8279955, 45.7278235], [-68.8280232, 45.7278547], [-68.8279986, 45.7278871], [-68.8279708, 45.7278998], [-68.8279784, 45.727947], [-68.828042, 45.7279316], [-68.8280564, 45.7278893], [-68.8281063, 45.7278853], [-68.8281217, 45.727856], [-68.8281755, 45.7278431], [-68.8283231, 45.7278622], [-68.8284065, 45.7278629], [-68.828521, 45.7278581], [-68.8286741, 45.7278516], [-68.828776, 45.7278516], [-68.8288168, 45.7278667], [-68.8288514, 45.7278928], [-68.8289048, 45.727945], [-68.8289091, 45.7279678], [-68.8288914, 45.7279907], [-68.8288468, 45.7280211], [-68.8287918, 45.7280339], [-68.8287917, 45.7280485], [-68.8288446, 45.7280405], [-68.8289003, 45.7280244], [-68.8289584, 45.7279902], [-68.8290137, 45.728019], [-68.8290487, 45.7280651], [-68.8290577, 45.7280958], [-68.8290646, 45.7281107], [-68.8290779, 45.7281264], [-68.82908, 45.7281492], [-68.8290762, 45.7281643], [-68.8290682, 45.7281772], [-68.8290546, 45.7281654], [-68.8290269, 45.7281802], [-68.8290456, 45.7282322], [-68.8288961, 45.7282781], [-68.8288918, 45.7282886], [-68.8288396, 45.7282945], [-68.8288092, 45.7282927], [-68.8288085, 45.7283018], [-68.8288261, 45.728316], [-68.8287925, 45.7283193], [-68.8287871, 45.728308], [-68.828734, 45.7283281], [-68.8287507, 45.7283576], [-68.8288886, 45.7283596], [-68.8290611, 45.7282894], [-68.8290915, 45.7283168], [-68.8291294, 45.7283509], [-68.829164, 45.7284478], [-68.8291654, 45.7285118], [-68.8290686, 45.7285967], [-68.8290268, 45.7286786], [-68.8290024, 45.7287185], [-68.8289323, 45.7287776], [-68.8288216, 45.7288207], [-68.8286901, 45.7288968], [-68.8286178, 45.7289877], [-68.828623, 45.729031], [-68.8286552, 45.7290733], [-68.8286452, 45.7291717], [-68.8286642, 45.7292611], [-68.8287266, 45.7293132], [-68.8287974, 45.7293416], [-68.828904, 45.729345], [-68.8289954, 45.7293156], [-68.8291066, 45.7292995], [-68.8291274, 45.7293071], [-68.8291671, 45.7293217], [-68.8292524, 45.729326], [-68.8292465, 45.7292956], [-68.8293091, 45.729279], [-68.8293509, 45.7292456], [-68.8293972, 45.7291758], [-68.8294519, 45.7291473], [-68.8296182, 45.7291548], [-68.8297205, 45.7292433], [-68.829783, 45.7292974], [-68.8298124, 45.7293227], [-68.8299579, 45.72936], [-68.8300027, 45.7293035], [-68.8300537, 45.7292948], [-68.8300998, 45.7293245], [-68.8300581, 45.7293738], [-68.8300618, 45.7293899], [-68.8300729, 45.7293924], [-68.8300749, 45.7294146], [-68.8300633, 45.7294175], [-68.8300545, 45.7294244], [-68.8300632, 45.7294668], [-68.8300423, 45.7294763], [-68.8300178, 45.7294775], [-68.8300048, 45.7294942], [-68.8299918, 45.7294918], [-68.8299844, 45.7295049], [-68.8299681, 45.7295108], [-68.8299406, 45.7295355], [-68.8299432, 45.729547], [-68.8298598, 45.7295765], [-68.8298582, 45.7295889], [-68.8298958, 45.7295742], [-68.829915, 45.7295788], [-68.829918, 45.7295758], [-68.82992, 45.7295651], [-68.8299347, 45.7295729], [-68.8299544, 45.7295666], [-68.8299627, 45.7295702], [-68.8299809, 45.7295584], [-68.8299926, 45.7295426], [-68.8300244, 45.7295382], [-68.8300247, 45.72953], [-68.8300641, 45.7295116], [-68.8300644, 45.7294933], [-68.8301094, 45.7294825], [-68.8301035, 45.7295028], [-68.8300008, 45.7295851], [-68.8299844, 45.729602], [-68.8299433, 45.7296407], [-68.8299486, 45.7296593], [-68.8299384, 45.7296597], [-68.8299277, 45.7296724], [-68.8299285, 45.7296821], [-68.8299113, 45.7296787], [-68.8298942, 45.7296984], [-68.8298918, 45.7297096], [-68.8298979, 45.7297277], [-68.8299067, 45.7297381], [-68.8299264, 45.7297252], [-68.829935, 45.7297117], [-68.8299517, 45.7296875], [-68.829951, 45.7296685], [-68.8299629, 45.7296839], [-68.8299961, 45.7296376], [-68.8300104, 45.7296115], [-68.8300248, 45.7296093], [-68.8300399, 45.7295987], [-68.8300428, 45.7295857], [-68.8300549, 45.7295727], [-68.8300838, 45.7295642], [-68.8300942, 45.7295542], [-68.8301064, 45.7295569], [-68.8301107, 45.7295523], [-68.8301248, 45.7295263], [-68.8301386, 45.7295338], [-68.8301525, 45.7295227], [-68.8303094, 45.7293649], [-68.8303955, 45.7294029], [-68.8304142, 45.7294237], [-68.8304205, 45.7294445], [-68.8304096, 45.7294795], [-68.8303864, 45.7295011], [-68.8303576, 45.729517], [-68.8303335, 45.7295317], [-68.8303278, 45.7295635], [-68.8303463, 45.7295853], [-68.8303815, 45.7295538], [-68.8304063, 45.7295346], [-68.8304619, 45.7295268], [-68.8304533, 45.729503], [-68.830477, 45.729484], [-68.8305459, 45.7295391], [-68.8305713, 45.7295765], [-68.8305703, 45.7296139], [-68.8305518, 45.729642], [-68.8305157, 45.7296621], [-68.8304299, 45.7296871], [-68.830498, 45.7298962], [-68.8306535, 45.7301284], [-68.8309539, 45.7301696], [-68.8313724, 45.7301433], [-68.831764, 45.7302332], [-68.8321824, 45.7304466], [-68.8326169, 45.730529], [-68.8334591, 45.7303755], [-68.8336951, 45.7304317], [-68.8342799, 45.7301958], [-68.8344998, 45.7299411], [-68.8345588, 45.7298176], [-68.8342638, 45.7296004], [-68.8341868, 45.7294997], [-68.8338296, 45.7295457], [-68.8336683, 45.7295485], [-68.8335733, 45.7295184], [-68.8335531, 45.7294723], [-68.8335604, 45.7294155], [-68.8337535, 45.7292944], [-68.8339725, 45.7289966], [-68.8342091, 45.728883], [-68.8344968, 45.7288273], [-68.8349665, 45.7288215], [-68.8352884, 45.728784], [-68.8355727, 45.7288627], [-68.8358779, 45.7290831], [-68.8361413, 45.7293987], [-68.83617, 45.7294532], [-68.8362351, 45.729515], [-68.8362425, 45.7295449], [-68.8362505, 45.7296011], [-68.8362679, 45.7296414], [-68.8362874, 45.729668], [-68.8362848, 45.7296963], [-68.8362735, 45.7297102], [-68.8362352, 45.7297576], [-68.8362866, 45.7298758], [-68.8363288, 45.7299728], [-68.8366002, 45.7299339], [-68.8366164, 45.729969], [-68.8366438, 45.7299667], [-68.8366555, 45.7299913], [-68.8366706, 45.7300229], [-68.8366459, 45.7300296], [-68.8366612, 45.7300614], [-68.8365437, 45.7301246], [-68.8365578, 45.73016], [-68.8365973, 45.7302594], [-68.8365115, 45.7303193], [-68.8362921, 45.7304016], [-68.8362366, 45.7304192], [-68.8362093, 45.7304537], [-68.8361588, 45.7304833], [-68.8361344, 45.7304837], [-68.8361315, 45.7305109], [-68.8361354, 45.7305656], [-68.8362593, 45.7306489], [-68.836064, 45.7308396], [-68.8359073, 45.7309354], [-68.8355029, 45.731105], [-68.834915, 45.7312123], [-68.834532, 45.7311843], [-68.8340916, 45.7313037], [-68.8337482, 45.7314023], [-68.8335885, 45.731352], [-68.8333089, 45.7314726], [-68.8332627, 45.7317861], [-68.8334537, 45.7319407], [-68.8339258, 45.7320006], [-68.834296, 45.731892], [-68.8344408, 45.7318209], [-68.8348163, 45.7318396], [-68.8350523, 45.7316748], [-68.835562, 45.7315925], [-68.836034, 45.7316486], [-68.8364417, 45.7317123], [-68.8369353, 45.7315326], [-68.837064, 45.7314614], [-68.8375683, 45.731424], [-68.8376755, 45.7315588], [-68.8375414, 45.7316711], [-68.8373, 45.7318583], [-68.8371123, 45.7320418], [-68.8370425, 45.7322066], [-68.8366939, 45.7324013], [-68.8361681, 45.7325248], [-68.8359804, 45.7326297], [-68.8359589, 45.7328356], [-68.8364458, 45.733083], [-68.8365115, 45.7331164], [-68.8363505, 45.7334048], [-68.8364578, 45.7336257], [-68.8367743, 45.7337043], [-68.8370157, 45.7336294], [-68.8371552, 45.7334572], [-68.8371445, 45.7333486], [-68.837343, 45.7333673], [-68.8374771, 45.7336032], [-68.8372464, 45.7338017], [-68.8371606, 45.7339365], [-68.8376219, 45.7345093], [-68.8377292, 45.7347864], [-68.8374181, 45.735202], [-68.837064, 45.7355016], [-68.837005, 45.7360669], [-68.8365705, 45.7364189], [-68.8356746, 45.7366922], [-68.8355669, 45.7368252], [-68.8350684, 45.737441], [-68.8350416, 45.7378491], [-68.8352562, 45.7380962], [-68.835165, 45.7384145], [-68.8348217, 45.7386653], [-68.8344944, 45.7389761], [-68.8337434, 45.7392868], [-68.8330836, 45.7394403], [-68.8323594, 45.7398447], [-68.8323219, 45.7400843], [-68.8325579, 45.7401966], [-68.8328637, 45.7402528], [-68.8338936, 45.7398297], [-68.8337971, 45.7400693], [-68.8336147, 45.7404362], [-68.8337542, 45.7407245], [-68.8341297, 45.7409454], [-68.8346661, 45.7412449], [-68.8346768, 45.7417765], [-68.8340653, 45.7418963], [-68.8338829, 45.7426526], [-68.8344408, 45.7428023], [-68.8347519, 45.7423531], [-68.8351811, 45.7415294], [-68.8363183, 45.7419936], [-68.8362432, 45.7423755], [-68.837005, 45.7428847], [-68.8372016, 45.7436392], [-68.8372196, 45.7437083], [-68.8370694, 45.7437382], [-68.8363935, 45.7433114], [-68.8352777, 45.7430718], [-68.83487, 45.7428921], [-68.8349129, 45.7433489], [-68.835224, 45.7436858], [-68.8341404, 45.7437232], [-68.8345266, 45.7441276], [-68.8340546, 45.7445581], [-68.8338775, 45.7449736], [-68.8331426, 45.745318], [-68.8331051, 45.7455426], [-68.8335879, 45.7458496], [-68.8341887, 45.7458159], [-68.8349021, 45.7455726], [-68.8353528, 45.7453929], [-68.8360501, 45.7452581], [-68.8365168, 45.7456999], [-68.8369406, 45.7461229], [-68.8372357, 45.7470063], [-68.8383246, 45.7475679], [-68.8388986, 45.7481481], [-68.8394565, 45.7482267], [-68.8398481, 45.748747], [-68.8412536, 45.7495818], [-68.8411892, 45.7500684], [-68.8415272, 45.750293], [-68.8424821, 45.7502518], [-68.8425303, 45.7505999], [-68.8429166, 45.7511053], [-68.8439251, 45.7516068], [-68.8472874, 45.7520549], [-68.8496159, 45.7527211], [-68.8512079, 45.7532559], [-68.8516045, 45.753634], [-68.8514638, 45.7542643], [-68.8518645, 45.7544346], [-68.8519295, 45.7544414], [-68.8518761, 45.754477], [-68.8518824, 45.7545317], [-68.851879, 45.7545683], [-68.8519442, 45.7545901], [-68.8520028, 45.7546488], [-68.8519326, 45.7546153], [-68.8518545, 45.7546147], [-68.8518287, 45.7546328], [-68.8518488, 45.7546534], [-68.851889, 45.7546716], [-68.8518792, 45.7546993], [-68.8518627, 45.7547259], [-68.8518095, 45.7547293], [-68.8518185, 45.7547663], [-68.8518512, 45.7547964], [-68.8518892, 45.7548115], [-68.8519065, 45.7548294], [-68.8519201, 45.7548628], [-68.8519419, 45.7548713], [-68.8519537, 45.7549031], [-68.8519301, 45.7549739], [-68.8518624, 45.7550365], [-68.8518305, 45.7550485], [-68.8518311, 45.7550822], [-68.8518479, 45.7551059], [-68.8518232, 45.7551247], [-68.8518307, 45.755171], [-68.8518147, 45.7552148], [-68.851759, 45.7552587], [-68.8516801, 45.755198], [-68.8516805, 45.7551374], [-68.8517274, 45.7550668], [-68.8518081, 45.7549855], [-68.8518441, 45.754915], [-68.8518367, 45.7548571], [-68.8517881, 45.7548584], [-68.8517252, 45.7548309], [-68.8516956, 45.7548057], [-68.8517109, 45.7547678], [-68.8516986, 45.7547581], [-68.8517141, 45.7547393], [-68.8516719, 45.7547247], [-68.8517096, 45.7546846], [-68.8517293, 45.7546409], [-68.8516924, 45.7546182], [-68.8517485, 45.7545912], [-68.8517441, 45.7545721], [-68.8517554, 45.7545431], [-68.8517147, 45.7545501], [-68.8516765, 45.7545386], [-68.8516967, 45.7545203], [-68.8517536, 45.7545185], [-68.851781, 45.7544985], [-68.8517758, 45.7544656], [-68.8513367, 45.7542467], [-68.8514295, 45.7536632], [-68.8497922, 45.7529559], [-68.8471851, 45.7523202], [-68.8433565, 45.7519886], [-68.8421763, 45.7512999], [-68.8418759, 45.751517], [-68.8417203, 45.7514833], [-68.8417042, 45.7513598], [-68.8418437, 45.7511951], [-68.8414575, 45.7508919], [-68.8412, 45.7508769], [-68.840567, 45.7504277], [-68.8400895, 45.7499261], [-68.8397248, 45.7497502], [-68.8393814, 45.7497465], [-68.839242, 45.7499336], [-68.8389201, 45.7499449], [-68.8385285, 45.7495705], [-68.8381154, 45.7492935], [-68.8374127, 45.7495481], [-68.8366188, 45.7502219], [-68.8355673, 45.7504015], [-68.835342, 45.7497951], [-68.8346447, 45.7499748], [-68.8339687, 45.7497203], [-68.8339902, 45.7494058], [-68.8333572, 45.7494133], [-68.8332821, 45.7490465], [-68.8334537, 45.7486796], [-68.8340653, 45.7485449], [-68.8339795, 45.7483352], [-68.8337434, 45.7483652], [-68.8330461, 45.7486871], [-68.8326384, 45.748601], [-68.8323916, 45.7483128], [-68.8325096, 45.7480133], [-68.8327296, 45.7476764], [-68.8324989, 45.7469652], [-68.8321609, 45.7468304], [-68.831367, 45.7472609], [-68.8308305, 45.7476352], [-68.830514, 45.7479534], [-68.8306321, 45.7481967], [-68.8310129, 45.74847], [-68.8309271, 45.7489604], [-68.8298274, 45.7492037], [-68.8294036, 45.7493647], [-68.8284487, 45.7495668], [-68.8278426, 45.750293], [-68.8261956, 45.7506836], [-68.8260735, 45.7507072], [-68.8260057, 45.7507772], [-68.8260449, 45.7508172], [-68.82605, 45.7508625], [-68.825973, 45.7508707], [-68.8257773, 45.7509331], [-68.8255128, 45.7509847], [-68.8253467, 45.7509541], [-68.8252338, 45.750937], [-68.8251335, 45.7507946], [-68.8251174, 45.7505737], [-68.8254822, 45.7503529], [-68.8255122, 45.7502385], [-68.8255543, 45.750187], [-68.8255514, 45.7500915], [-68.8254595, 45.7500801], [-68.8253978, 45.7500319], [-68.8253985, 45.7498805], [-68.8254258, 45.7499117], [-68.8254215, 45.749954], [-68.8255071, 45.7499579], [-68.825559, 45.7500023], [-68.8255343, 45.7498832], [-68.8253031, 45.7497708], [-68.8251787, 45.749761], [-68.8251435, 45.7498111], [-68.8251057, 45.7498849], [-68.825098, 45.7498086], [-68.8251437, 45.7497642], [-68.8251463, 45.7496901], [-68.825035, 45.7496641], [-68.8250041, 45.7496243], [-68.8249481, 45.7496186], [-68.8249539, 45.7495623], [-68.8248464, 45.7495687], [-68.8247795, 45.7495406], [-68.8245901, 45.7494982], [-68.8244752, 45.7495241], [-68.8244537, 45.7495811], [-68.8243737, 45.7496443], [-68.824398, 45.7497041], [-68.8244551, 45.7497167], [-68.8244387, 45.749778], [-68.8244958, 45.7498228], [-68.8244387, 45.7498798], [-68.824471, 45.7498816], [-68.8244556, 45.7499374], [-68.8244695, 45.7499808], [-68.8244303, 45.7499484], [-68.8243702, 45.749951], [-68.8243401, 45.7499775], [-68.824253, 45.7499609], [-68.824232, 45.7499447], [-68.8241652, 45.749935], [-68.8240822, 45.7499192], [-68.8240362, 45.7499474], [-68.8239587, 45.7499411], [-68.8238063, 45.7498863], [-68.8236761, 45.7499045], [-68.823612, 45.7498957], [-68.8235434, 45.7498555], [-68.8234343, 45.7497791], [-68.8234062, 45.749709], [-68.8233353, 45.749693], [-68.8232643, 45.7496424], [-68.823217, 45.7495821], [-68.8232306, 45.7495275], [-68.8231631, 45.7495095], [-68.8231452, 45.7494734], [-68.8231049, 45.749373], [-68.8231729, 45.7493198], [-68.823047, 45.7491117], [-68.8229931, 45.7490352], [-68.822387, 45.7489604], [-68.8220222, 45.7490764], [-68.8218451, 45.7493422], [-68.8218975, 45.7494187], [-68.8218537, 45.7494629], [-68.8218209, 45.7494843], [-68.8217916, 45.7494775], [-68.8217604, 45.7494503], [-68.8216928, 45.7495204], [-68.8216227, 45.7495365], [-68.8215662, 45.7495368], [-68.8213878, 45.7495207], [-68.8212795, 45.7494871], [-68.8212256, 45.7494022], [-68.8211851, 45.7494009], [-68.8211648, 45.7494239], [-68.8210142, 45.7494038], [-68.8209978, 45.7493622], [-68.8209421, 45.7493524], [-68.8207776, 45.7492636], [-68.8203764, 45.7491564], [-68.8202938, 45.7492019], [-68.8202236, 45.749181], [-68.8201741, 45.749194], [-68.8200386, 45.7492056], [-68.8199368, 45.749197], [-68.819804, 45.7492351], [-68.8197291, 45.7492462], [-68.8195843, 45.7492818], [-68.8194421, 45.7493214], [-68.8193758, 45.7493597], [-68.8192007, 45.7493671], [-68.8190038, 45.7494131], [-68.8189248, 45.7494613], [-68.8188925, 45.7495056], [-68.8188595, 45.7494454], [-68.8187756, 45.7494926], [-68.8186339, 45.7495953], [-68.8184817, 45.7497079], [-68.8184643, 45.7497588], [-68.8184134, 45.7497979], [-68.8183534, 45.7498206], [-68.818288, 45.7498804], [-68.8184022, 45.7499194], [-68.8184393, 45.7498993], [-68.8184852, 45.7499185], [-68.8185331, 45.7499539], [-68.8185891, 45.7499755], [-68.8186452, 45.7500213], [-68.8186565, 45.75005], [-68.818825, 45.7501994], [-68.8188563, 45.7502538], [-68.8188284, 45.7503149], [-68.8188684, 45.7503358], [-68.8189075, 45.7503887], [-68.8189084, 45.7504683], [-68.8189049, 45.7505869], [-68.818884, 45.7507347], [-68.8188801, 45.750767], [-68.8189038, 45.7507963], [-68.8189029, 45.7508525], [-68.8188753, 45.7508924], [-68.8188102, 45.7509175], [-68.818739, 45.7509315], [-68.8186801, 45.7509181], [-68.8186187, 45.750955], [-68.8185948, 45.7509939], [-68.8186075, 45.7510224], [-68.8186573, 45.751087], [-68.8186313, 45.751103], [-68.8186215, 45.7511227], [-68.8186752, 45.751135], [-68.8186721, 45.7512091], [-68.8186834, 45.7512466], [-68.8187177, 45.75127], [-68.8191361, 45.7515582], [-68.8191439, 45.7515823], [-68.8191813, 45.7515842], [-68.8192486, 45.751629], [-68.8192824, 45.7516345], [-68.8192663, 45.7516697], [-68.8192906, 45.7516678], [-68.8193122, 45.7516452], [-68.8193751, 45.75166], [-68.8193654, 45.751688], [-68.8194274, 45.7517078], [-68.8194825, 45.7517595], [-68.8195581, 45.751753], [-68.8195296, 45.7517899], [-68.8196155, 45.751836], [-68.819574, 45.7518623], [-68.8195423, 45.7518954], [-68.8194739, 45.7519806], [-68.8194997, 45.7520015], [-68.8194725, 45.7520416], [-68.8194525, 45.752108], [-68.8193682, 45.7521051], [-68.8192699, 45.7520589], [-68.8189027, 45.7520098], [-68.8186818, 45.7520778], [-68.8186459, 45.7521103], [-68.8185117, 45.752246], [-68.8186969, 45.7522786], [-68.8189167, 45.7522566], [-68.8189103, 45.7523222], [-68.8189774, 45.7523167], [-68.8189802, 45.7523568], [-68.8189486, 45.7523906], [-68.8189439, 45.752429], [-68.8189612, 45.7524849], [-68.8188864, 45.7526327], [-68.8188143, 45.7531527], [-68.8193239, 45.7534073], [-68.8196396, 45.7535141], [-68.819965, 45.7536906], [-68.8201254, 45.7537888], [-68.8203073, 45.7539089], [-68.8207494, 45.7543707], [-68.8210425, 45.7545578], [-68.8213033, 45.7547173], [-68.8213768, 45.7547719], [-68.8214027, 45.7548211], [-68.8213945, 45.7548702], [-68.8213877, 45.7549323], [-68.8213411, 45.7549626], [-68.8213404, 45.7550075], [-68.8214109, 45.7550547], [-68.8214022, 45.755103], [-68.8213681, 45.7551391], [-68.8214106, 45.7551789], [-68.8213864, 45.7552315], [-68.8214198, 45.7552766], [-68.8214052, 45.7553101], [-68.8213836, 45.7553307], [-68.821383, 45.7553841], [-68.8214023, 45.7554315], [-68.8214884, 45.7555327], [-68.8215773, 45.7555805], [-68.8216503, 45.7556032], [-68.8217631, 45.7556456], [-68.8218013, 45.7557048], [-68.8218583, 45.7557691], [-68.8220017, 45.7558429], [-68.8220777, 45.7559194], [-68.8221257, 45.7559774], [-68.8221722, 45.7560177], [-68.8221919, 45.7560703], [-68.8222025, 45.7561907], [-68.82219, 45.7562658], [-68.8221435, 45.7563309], [-68.822101, 45.7563484], [-68.8220882, 45.7563899], [-68.8220463, 45.7564512], [-68.8219817, 45.7565165], [-68.8219858, 45.7565651], [-68.8220126, 45.7566019], [-68.822015, 45.7566279], [-68.822037, 45.7566284], [-68.8220837, 45.756669], [-68.8221259, 45.756689], [-68.8221881, 45.7567041], [-68.8222074, 45.7567284], [-68.8222232, 45.7567114], [-68.8222719, 45.7567232], [-68.8223309, 45.756718], [-68.8224889, 45.7567384], [-68.8226218, 45.7567017], [-68.82271, 45.7567109], [-68.8227495, 45.7567448], [-68.8228227, 45.7567452], [-68.8228526, 45.7567341], [-68.8228473, 45.7567179], [-68.8228824, 45.7567097], [-68.822945, 45.7567229], [-68.8229558, 45.7567252], [-68.823035, 45.7567368], [-68.8230689, 45.7567129], [-68.8231241, 45.7567118], [-68.8231475, 45.7567073], [-68.8231862, 45.7566774], [-68.8232339, 45.7566881], [-68.8232606, 45.7567282], [-68.8233037, 45.7567561], [-68.8232955, 45.756776], [-68.8233397, 45.7567919], [-68.8234015, 45.7567722], [-68.8234792, 45.7568058], [-68.8234727, 45.7568316], [-68.8234911, 45.7568364], [-68.8235134, 45.7568118], [-68.8235804, 45.7568269], [-68.8236165, 45.7568394], [-68.8236098, 45.756887], [-68.8236219, 45.756898], [-68.8236388, 45.7568932], [-68.8236421, 45.7568442], [-68.8237306, 45.7568219], [-68.8238256, 45.7568223], [-68.823994, 45.7568305], [-68.8241288, 45.7568542], [-68.8241962, 45.7568411], [-68.8242667, 45.7568723], [-68.8242987, 45.7568585], [-68.824332, 45.756884], [-68.8243984, 45.7568908], [-68.8244348, 45.7569077], [-68.8244475, 45.7569209], [-68.824501, 45.7569177], [-68.8245733, 45.7568965], [-68.8245802, 45.7569168], [-68.8246042, 45.7569089], [-68.8246194, 45.756877], [-68.8246833, 45.7568648], [-68.8247217, 45.7568897], [-68.8247542, 45.75689], [-68.8247767, 45.7568752], [-68.8248713, 45.7568884], [-68.8249635, 45.7569036], [-68.825089, 45.7569232], [-68.8252056, 45.7569546], [-68.8253222, 45.7569662], [-68.8254129, 45.756995], [-68.8254876, 45.7570416], [-68.8256694, 45.7571831], [-68.8256541, 45.75722], [-68.82569, 45.7572757], [-68.8256812, 45.7572898], [-68.8257282, 45.7573347], [-68.8257428, 45.7573793], [-68.8257689, 45.7573919], [-68.8257543, 45.7574141], [-68.8257825, 45.7574176], [-68.8258029, 45.7574459], [-68.8258592, 45.7574598], [-68.8258611, 45.7574862], [-68.8259785, 45.7575213], [-68.8265819, 45.7574683], [-68.82729, 45.7575693], [-68.8279284, 45.7578949], [-68.8284219, 45.7580709], [-68.8288994, 45.7580709], [-68.8290657, 45.7579511], [-68.8290603, 45.7578051], [-68.8293071, 45.757719], [-68.8295699, 45.7579024], [-68.8295163, 45.7582168], [-68.8296772, 45.7584302], [-68.8299937, 45.7585499], [-68.8299722, 45.7586921], [-68.8298596, 45.7588344], [-68.8303746, 45.7592947], [-68.8311417, 45.7598411], [-68.8319249, 45.7600769], [-68.8323862, 45.7602004], [-68.8327349, 45.7605298], [-68.8327617, 45.7609414], [-68.8329138, 45.7610451], [-68.83303, 45.7612595], [-68.8329441, 45.7617498], [-68.833148, 45.7618883], [-68.8331051, 45.7620829], [-68.8327296, 45.7621802], [-68.8322521, 45.7621166], [-68.8318337, 45.7619931], [-68.8315869, 45.7620754], [-68.8316567, 45.7623972], [-68.8319517, 45.762502], [-68.8323701, 45.762532], [-68.8325686, 45.7625058], [-68.8328368, 45.7626667], [-68.8328583, 45.7630073], [-68.8327081, 45.7634489], [-68.8330621, 45.7637744], [-68.8337971, 45.7637857], [-68.8341458, 45.7639541], [-68.8341189, 45.7643395], [-68.8339151, 45.764362], [-68.8338829, 45.7647025], [-68.833502, 45.7646651], [-68.8330031, 45.7643657], [-68.8325364, 45.7644069], [-68.8320268, 45.7646838], [-68.8314743, 45.7645266], [-68.8313348, 45.7647736], [-68.8315226, 45.7649944], [-68.8317586, 45.765073], [-68.8319195, 45.7653761], [-68.8322307, 45.7656044], [-68.8325472, 45.7655745], [-68.8332714, 45.7656605], [-68.8337595, 45.7659], [-68.8334216, 45.7662181], [-68.8335771, 45.7665399], [-68.8329227, 45.7668954], [-68.8333947, 45.7670339], [-68.833958, 45.7670863], [-68.8340009, 45.7673108], [-68.8339473, 45.7675204], [-68.8341779, 45.7678796], [-68.8340707, 45.768164], [-68.8336951, 45.7681528], [-68.8335289, 45.7683923], [-68.8339044, 45.7684259], [-68.8346983, 45.7683361], [-68.8353313, 45.7681453], [-68.8361467, 45.7676177], [-68.8367421, 45.7676027], [-68.8372679, 45.768033], [-68.8386143, 45.7681939], [-68.8394994, 45.7683511], [-68.8406367, 45.7687552], [-68.8407708, 45.7686579], [-68.8410605, 45.7688226], [-68.8407815, 45.7691481], [-68.8407064, 45.7695074], [-68.8408942, 45.769803], [-68.8412804, 45.7699938], [-68.8416559, 45.7699751], [-68.842187, 45.7703306], [-68.8421707, 45.7703615], [-68.8420905, 45.7705139], [-68.8418598, 45.7707385], [-68.8412536, 45.7710041], [-68.8407601, 45.7714531], [-68.8404919, 45.7720518], [-68.8399554, 45.7726131], [-68.8395209, 45.7730808], [-68.8393761, 45.7734175], [-68.8390757, 45.7735747], [-68.8384588, 45.7734699], [-68.8375844, 45.7732679], [-68.8369353, 45.7733277], [-68.8363183, 45.7730958], [-68.8358087, 45.7730134], [-68.8354386, 45.7727029], [-68.8349987, 45.7726206], [-68.8346983, 45.7728862], [-68.8348914, 45.7731781], [-68.835106, 45.7736533], [-68.8342799, 45.7738591], [-68.8332875, 45.7739601], [-68.8325579, 45.7735934], [-68.8320805, 45.7737655], [-68.8322307, 45.7741734], [-68.8326813, 45.7744502], [-68.833325, 45.7743792], [-68.8333518, 45.7747047], [-68.8331104, 45.7748768], [-68.8326813, 45.7748431], [-68.8321395, 45.7750489], [-68.8313509, 45.774802], [-68.8300742, 45.7745625], [-68.8295699, 45.7746598], [-68.8297469, 45.7749853], [-68.8300313, 45.775206], [-68.8300903, 45.775655], [-68.8309325, 45.7762799], [-68.8320483, 45.7771366], [-68.8328207, 45.7777727], [-68.8328905, 45.7781244], [-68.8333679, 45.7784087], [-68.8343121, 45.7792954], [-68.8343335, 45.779591], [-68.8338293, 45.7799688], [-68.8341243, 45.7803317], [-68.8335181, 45.780833], [-68.8332928, 45.7808854], [-68.832971, 45.7813456], [-68.8330514, 45.7815962], [-68.8327188, 45.7821948], [-68.8329227, 45.7826475], [-68.832869, 45.7829281], [-68.8326115, 45.7829094], [-68.8316889, 45.78316], [-68.8318498, 45.7835528], [-68.8312007, 45.7837773], [-68.8305892, 45.7839157], [-68.8301171, 45.7841439], [-68.8301693, 45.7844907], [-68.8299249, 45.7846621], [-68.8285936, 45.7850791], [-68.8274134, 45.7850492], [-68.8265873, 45.7852961], [-68.8263244, 45.7858011], [-68.8261367, 45.7865044], [-68.826126, 45.7868523], [-68.8254552, 45.7871912], [-68.8253745, 45.7872441], [-68.8250853, 45.7872376], [-68.8244683, 45.7872151], [-68.8238032, 45.7873049], [-68.8232131, 45.7873049], [-68.8217164, 45.7876266], [-68.8214395, 45.7878352], [-68.8214178, 45.7878504], [-68.8213887, 45.7878661], [-68.8213559, 45.7878768], [-68.8212283, 45.7879105], [-68.8211472, 45.7879269], [-68.8211208, 45.7879298], [-68.8210959, 45.787927], [-68.8210668, 45.7879335], [-68.8210364, 45.7879393], [-68.8210048, 45.7879355], [-68.8209848, 45.7879284], [-68.8209672, 45.7879206], [-68.8206221, 45.7878959], [-68.8196296, 45.787679], [-68.8191308, 45.7874732], [-68.8185407, 45.7874919], [-68.818015, 45.7877987], [-68.8171394, 45.7881204], [-68.8171191, 45.7881279], [-68.8165558, 45.7882513], [-68.8161911, 45.7881765], [-68.8154722, 45.787881], [-68.8149358, 45.7879633], [-68.8138575, 45.7882775], [-68.8133694, 45.7884196], [-68.8129831, 45.7883411], [-68.8122536, 45.7875144], [-68.8121248, 45.7872189], [-68.8119853, 45.786871], [-68.8114811, 45.7870094], [-68.8103385, 45.786871], [-68.8095392, 45.7872076], [-68.8093139, 45.7875106], [-68.8095392, 45.7877463], [-68.8093675, 45.787982], [-68.8087828, 45.788255], [-68.8077904, 45.7885169], [-68.8072915, 45.788487], [-68.8068677, 45.7881727], [-68.8065083, 45.7880007], [-68.8058806, 45.7880156], [-68.8045181, 45.7878772], [-68.803692, 45.7876565], [-68.8035578, 45.7874134], [-68.8033004, 45.7872637], [-68.8028122, 45.787174], [-68.8023884, 45.7870318], [-68.8021255, 45.7868597], [-68.8019056, 45.7865343], [-68.8014765, 45.7862911], [-68.8013799, 45.7860891], [-68.8015301, 45.7855654], [-68.8012511, 45.785139], [-68.8007362, 45.7847911], [-68.8006396, 45.7846788], [-68.8005645, 45.7843234], [-68.8002319, 45.7841738], [-68.7999154, 45.7843571], [-68.799379, 45.7845741], [-68.799733, 45.7847237], [-68.7997437, 45.7845479], [-68.7999691, 45.7844806], [-68.8001139, 45.7843571], [-68.8002856, 45.7844394], [-68.8004197, 45.7848434], [-68.800586, 45.7852886], [-68.8005484, 45.7859732], [-68.8001139, 45.7865044], [-68.7997277, 45.7864258], [-68.7988103, 45.7865605], [-68.7986387, 45.7868448], [-68.7978662, 45.7871328], [-68.7972707, 45.7871815], [-68.7967182, 45.7869233], [-68.7965519, 45.786639], [-68.7965251, 45.7864782], [-68.7962301, 45.7864782], [-68.7963105, 45.7862687], [-68.7963749, 45.7859881], [-68.7967075, 45.7860891], [-68.796804, 45.78625], [-68.797319, 45.7864183], [-68.7974102, 45.7863211], [-68.7973137, 45.7862463], [-68.7974478, 45.7860704], [-68.7970776, 45.7858647], [-68.796965, 45.7857899], [-68.797024, 45.7857038], [-68.7966431, 45.7855654], [-68.7961442, 45.7856328], [-68.7958599, 45.7862088], [-68.7960208, 45.7861527], [-68.796171, 45.7862088], [-68.7958653, 45.786467], [-68.7955653, 45.7868031], [-68.7953825, 45.7872189], [-68.795273, 45.7873068], [-68.7952591, 45.7874257], [-68.7952502, 45.7876193], [-68.7953342, 45.787851], [-68.7951929, 45.7883498], [-68.7951167, 45.7885419], [-68.7949748, 45.7885468], [-68.7947828, 45.7886265], [-68.7947401, 45.7886083], [-68.7945862, 45.7885417], [-68.7943091, 45.7885475], [-68.7941342, 45.7886811], [-68.7940308, 45.7887416], [-68.793867, 45.78876], [-68.7936498, 45.7889732], [-68.792947, 45.7893585], [-68.7925232, 45.7898972], [-68.7924187, 45.7898628], [-68.7923301, 45.7898336], [-68.7925822, 45.7894221], [-68.7928612, 45.7891865], [-68.7932313, 45.788977], [-68.7935318, 45.7888461], [-68.7936176, 45.7886216], [-68.7935747, 45.7883486], [-68.7934996, 45.7882064], [-68.7935639, 45.7879707], [-68.793724, 45.7878], [-68.7939609, 45.7876752], [-68.7941741, 45.7875559], [-68.7942667, 45.7874022], [-68.7943418, 45.7871478], [-68.7943418, 45.7868111], [-68.794213, 45.7866952], [-68.7942667, 45.786553], [-68.7946207, 45.7862911], [-68.7950606, 45.7856589], [-68.7955595, 45.7853896], [-68.795699, 45.7851128], [-68.7960852, 45.7848621], [-68.7964178, 45.7842561], [-68.7957151, 45.7837099], [-68.79542, 45.7832722], [-68.7952966, 45.7835378], [-68.7956346, 45.7837623], [-68.7954254, 45.784099], [-68.7950392, 45.7845404], [-68.7946046, 45.7845516], [-68.7941326, 45.7844918], [-68.7934137, 45.7842411], [-68.7926681, 45.7839157], [-68.792196, 45.7834555], [-68.7919224, 45.7830328], [-68.7917829, 45.7824866], [-68.7919332, 45.7820714], [-68.7919117, 45.7811136], [-68.7915737, 45.7811211], [-68.7912691, 45.7812135], [-68.790974, 45.7811611], [-68.7908828, 45.7808132], [-68.7910438, 45.780469], [-68.7907369, 45.7800511], [-68.7902273, 45.7796097], [-68.7893797, 45.7787454], [-68.7889559, 45.7787754], [-68.7887521, 45.7786931], [-68.7882693, 45.7786968], [-68.7878991, 45.778622], [-68.7873251, 45.7785621], [-68.7865473, 45.7783152], [-68.7857694, 45.7782104], [-68.7849058, 45.778622], [-68.7844873, 45.779056], [-68.7837524, 45.7793328], [-68.7830774, 45.7801958], [-68.7827867, 45.7806486], [-68.7826047, 45.7805356], [-68.7831033, 45.7799875], [-68.7829102, 45.7798977], [-68.7823156, 45.7805309], [-68.7821885, 45.7803583], [-68.7830819, 45.7793515], [-68.7818802, 45.7792917], [-68.7812043, 45.7791645], [-68.780861, 45.779359], [-68.7808181, 45.779793], [-68.7801648, 45.7801256], [-68.7800671, 45.7796882], [-68.7796594, 45.7793216], [-68.7800027, 45.7788652], [-68.7805069, 45.7786407], [-68.7812365, 45.7783526], [-68.7814833, 45.7779747], [-68.7813813, 45.7774247], [-68.781215, 45.7770094], [-68.7809307, 45.7768972], [-68.7807215, 45.7763322], [-68.7797559, 45.7755802], [-68.7795628, 45.7749853], [-68.779713, 45.774555], [-68.7801207, 45.7741921], [-68.7803031, 45.7733726], [-68.7802495, 45.7731294], [-68.7804265, 45.7727403], [-68.7803997, 45.7723287], [-68.7802937, 45.7720909], [-68.7802798, 45.771922], [-68.7802906, 45.7716405], [-68.7804971, 45.7716008], [-68.7806684, 45.7720141], [-68.7809266, 45.7720751], [-68.7806657, 45.7737401], [-68.780776, 45.7753486], [-68.7810628, 45.7760756], [-68.7815463, 45.7769275], [-68.7821333, 45.777415], [-68.7833485, 45.7780108], [-68.7835058, 45.7785279], [-68.7835061, 45.7791403], [-68.7836421, 45.7791641], [-68.7836648, 45.7783982], [-68.7834663, 45.7779778], [-68.7829642, 45.7776954], [-68.782089, 45.7772284], [-68.7812702, 45.7759684], [-68.7809173, 45.7745852], [-68.7809432, 45.7731103], [-68.7811008, 45.7722596], [-68.781435, 45.7718225], [-68.7818163, 45.771684], [-68.7822153, 45.7717365], [-68.7824682, 45.7715627], [-68.7819565, 45.7715193], [-68.7816054, 45.7716733], [-68.7812832, 45.7716957], [-68.7809241, 45.7716202], [-68.7803943, 45.7713222], [-68.78011, 45.7711239], [-68.7799222, 45.7711201], [-68.7794502, 45.7713446], [-68.7785972, 45.7716103], [-68.7778516, 45.7718311], [-68.7770308, 45.7719471], [-68.7760652, 45.7724559], [-68.7752015, 45.7727665], [-68.7750942, 45.7733726], [-68.7747241, 45.773571], [-68.7736727, 45.7736982], [-68.7731148, 45.7742706], [-68.7725944, 45.7742819], [-68.7717737, 45.7746411], [-68.7712426, 45.7751424], [-68.7711675, 45.7753108], [-68.7708081, 45.775352], [-68.7703843, 45.7749404], [-68.7699551, 45.7746523], [-68.769585, 45.7746224], [-68.7691022, 45.7747383], [-68.7687052, 45.7749366], [-68.7687052, 45.7754118], [-68.7685014, 45.7759132], [-68.7684209, 45.7756588], [-68.7681205, 45.7753782], [-68.7674553, 45.7754043], [-68.7666292, 45.7756625], [-68.7660981, 45.775539], [-68.7655724, 45.7754492], [-68.7651433, 45.7755877], [-68.7647141, 45.7759431], [-68.7642635, 45.7765343], [-68.7639041, 45.7767288], [-68.7634374, 45.776785], [-68.7632657, 45.776639], [-68.763035, 45.7766577], [-68.7628741, 45.7770281], [-68.7618656, 45.7776155], [-68.7616242, 45.7778325], [-68.7612111, 45.7779598], [-68.7609161, 45.7782142], [-68.760841, 45.7784686], [-68.7606157, 45.7787379], [-68.7599988, 45.7789961], [-68.7602992, 45.7791158], [-68.7603689, 45.7796957], [-68.7601919, 45.7797219], [-68.7598808, 45.779344], [-68.759516, 45.7792318], [-68.7589795, 45.7793366], [-68.7585343, 45.7795573], [-68.7584324, 45.7799352], [-68.7580139, 45.7803168], [-68.757617, 45.7806946], [-68.7576438, 45.7809827], [-68.7578959, 45.7813905], [-68.7577672, 45.7817234], [-68.7573488, 45.7821799], [-68.7568391, 45.7822771], [-68.7559701, 45.7825801], [-68.7551869, 45.7825165], [-68.7543018, 45.7825502], [-68.7539477, 45.7826213], [-68.7535668, 45.7825689], [-68.7531162, 45.7827784], [-68.7521614, 45.7830927], [-68.7520326, 45.783463], [-68.7523384, 45.7837623], [-68.7525583, 45.7839755], [-68.7527729, 45.7840878], [-68.7528534, 45.7843234], [-68.7527032, 45.7846152], [-68.7521292, 45.7850679], [-68.7520058, 45.7853522], [-68.7512065, 45.7858011], [-68.7504716, 45.7860405], [-68.7504233, 45.7865044], [-68.7465502, 45.7867176], [-68.7463624, 45.7863286], [-68.7463624, 45.7858647], [-68.7463141, 45.7853559], [-68.7464107, 45.785139], [-68.7462927, 45.7849407], [-68.7459923, 45.7848509], [-68.7452198, 45.7850305], [-68.7446404, 45.7851988], [-68.7440986, 45.7854682], [-68.7437285, 45.7855542], [-68.743412, 45.7854794], [-68.7430579, 45.7856028], [-68.7428648, 45.7855168], [-68.7430204, 45.7852811], [-68.7427361, 45.7847013], [-68.7423123, 45.7846302], [-68.7419046, 45.7848172], [-68.7422962, 45.7845442], [-68.7428004, 45.7843571], [-68.7428702, 45.7841588], [-68.7431438, 45.784084], [-68.7433369, 45.7835266], [-68.7435568, 45.7833059], [-68.7439323, 45.7829917], [-68.7439913, 45.7827896], [-68.7442113, 45.782539], [-68.7442435, 45.7826886], [-68.7440718, 45.7827971], [-68.7440879, 45.782973], [-68.7438894, 45.7833433], [-68.743927, 45.7835266], [-68.7440879, 45.7836538], [-68.7442542, 45.7840242], [-68.7446244, 45.7841514], [-68.7452413, 45.7841289], [-68.745885, 45.783998], [-68.7464107, 45.7836688], [-68.7465341, 45.7832872], [-68.7465287, 45.7831488], [-68.7466897, 45.782958], [-68.7469471, 45.7826587], [-68.7469096, 45.7823856], [-68.7470598, 45.7821275], [-68.7473334, 45.7820003], [-68.7477786, 45.7819666], [-68.7484385, 45.7818357], [-68.7485189, 45.7816935], [-68.7483419, 45.7815588], [-68.7480308, 45.7813269], [-68.7480147, 45.7811885], [-68.7483634, 45.7808031], [-68.7485887, 45.7806348], [-68.749168, 45.7804253], [-68.7492914, 45.7803392], [-68.7492753, 45.7801185], [-68.749109, 45.7799314], [-68.7487335, 45.7798454], [-68.7484545, 45.7796209], [-68.74824, 45.7794076], [-68.7478001, 45.7792355], [-68.74824, 45.7792842], [-68.7487281, 45.7791869], [-68.7490929, 45.7790971], [-68.7495006, 45.7789288], [-68.7493397, 45.7791046], [-68.748755, 45.7793066], [-68.7486101, 45.7795685], [-68.7490929, 45.7797369], [-68.7495918, 45.7797294], [-68.749831, 45.7797869], [-68.749919, 45.779808], [-68.7508095, 45.7798416], [-68.7512762, 45.7799875], [-68.7506969, 45.7799613], [-68.7503535, 45.7803579], [-68.7501765, 45.7807769], [-68.7502784, 45.7808181], [-68.7503804, 45.7806385], [-68.7505842, 45.7805861], [-68.7506915, 45.7807395], [-68.7509919, 45.7807657], [-68.7512494, 45.7806834], [-68.7514854, 45.7804664], [-68.7516196, 45.7802719], [-68.7517644, 45.7800736], [-68.7516464, 45.7799801], [-68.751464, 45.7800287], [-68.751582, 45.7798716], [-68.7516249, 45.7797219], [-68.7515337, 45.7795723], [-68.7514318, 45.7795236], [-68.7515015, 45.7794525], [-68.7517912, 45.7794525], [-68.751979, 45.7795723], [-68.7521506, 45.7799913], [-68.7518127, 45.780444], [-68.7514211, 45.7808555], [-68.7517912, 45.7814204], [-68.7522633, 45.7815252], [-68.7524671, 45.7817534], [-68.7528695, 45.7818768], [-68.7532825, 45.7818132], [-68.7535132, 45.7816336], [-68.7536098, 45.7813269], [-68.7535776, 45.780949], [-68.7536956, 45.7807882], [-68.7539477, 45.7807694], [-68.7542696, 45.7809041], [-68.75457, 45.781383], [-68.7547846, 45.781469], [-68.755085, 45.7817646], [-68.7553586, 45.7817197], [-68.7555839, 45.781499], [-68.755836, 45.7811061], [-68.7560559, 45.7808966], [-68.7561578, 45.7806797], [-68.7561471, 45.7804253], [-68.7559594, 45.7802681], [-68.7555892, 45.7802793], [-68.7550099, 45.7804065], [-68.7544627, 45.7804552], [-68.7541033, 45.7805637], [-68.7538404, 45.7805375], [-68.7535507, 45.780414], [-68.7532879, 45.7799875], [-68.7532664, 45.7798491], [-68.7533576, 45.7799501], [-68.7538726, 45.7801447], [-68.7542052, 45.780096], [-68.7543125, 45.7800175], [-68.7542803, 45.7799651], [-68.7544466, 45.7799202], [-68.7544895, 45.7800137], [-68.7549401, 45.7800025], [-68.7551225, 45.7799389], [-68.755498, 45.7799576], [-68.7557019, 45.7798828], [-68.7556965, 45.779793], [-68.755498, 45.7797256], [-68.7555463, 45.779662], [-68.7556804, 45.7796359], [-68.7558092, 45.77946], [-68.7556429, 45.7792879], [-68.7551601, 45.7792393], [-68.7541462, 45.7794862], [-68.7536419, 45.7796359], [-68.753422, 45.7795723], [-68.7532825, 45.7796882], [-68.7533523, 45.7795012], [-68.7535668, 45.7793178], [-68.7538458, 45.7791906], [-68.7542588, 45.779157], [-68.7546719, 45.7790859], [-68.7550742, 45.77891], [-68.7551547, 45.7787118], [-68.7549401, 45.778622], [-68.7545539, 45.7786631], [-68.7543071, 45.7786332], [-68.7540443, 45.7787454], [-68.7540443, 45.7788352], [-68.7538351, 45.7788764], [-68.7537653, 45.7790185], [-68.7534864, 45.7790485], [-68.7531216, 45.7788951], [-68.7529231, 45.7788801], [-68.7528051, 45.7788203], [-68.7525959, 45.7788913], [-68.7523813, 45.7788352], [-68.7521345, 45.7788539], [-68.7517805, 45.779056], [-68.7514693, 45.7790896], [-68.7512279, 45.7789699], [-68.7512494, 45.7788988], [-68.7511421, 45.7787978], [-68.75089, 45.7788053], [-68.7505628, 45.7786706], [-68.7500585, 45.7784574], [-68.7499029, 45.7780308], [-68.7498708, 45.7776679], [-68.7496401, 45.7775669], [-68.7490607, 45.7775819], [-68.7487067, 45.7776979], [-68.7483097, 45.7778737], [-68.7479396, 45.7777689], [-68.7476874, 45.7775332], [-68.7475426, 45.7772302], [-68.7475855, 45.7770581], [-68.7478108, 45.7767775], [-68.7478806, 45.776422], [-68.7476982, 45.7759918], [-68.7472851, 45.7755615], [-68.7471617, 45.7751873], [-68.7473119, 45.7749105], [-68.7474729, 45.7746149], [-68.7478269, 45.7748843], [-68.7480898, 45.7754193], [-68.7482346, 45.7760217], [-68.7486369, 45.7762873], [-68.7487818, 45.7764482], [-68.749345, 45.7768037], [-68.7501336, 45.7772339], [-68.7505198, 45.7774734], [-68.7506701, 45.7778325], [-68.7509061, 45.7780308], [-68.7510563, 45.7780795], [-68.751244, 45.778057], [-68.7513245, 45.7778924], [-68.7513138, 45.7776193], [-68.7514586, 45.7774996], [-68.7518127, 45.7775445], [-68.7519682, 45.7780308], [-68.7520809, 45.7780196], [-68.7522526, 45.7776979], [-68.7524671, 45.7775482], [-68.7528319, 45.7775482], [-68.7533576, 45.7775407], [-68.7534864, 45.7775033], [-68.7540014, 45.7771815], [-68.7540604, 45.7770581], [-68.7538404, 45.7768074], [-68.7538297, 45.7766503], [-68.7539799, 45.7765792], [-68.7539423, 45.7764445], [-68.7541033, 45.7763809], [-68.754114, 45.7761452], [-68.7539531, 45.7760554], [-68.7540228, 45.7758271], [-68.7541784, 45.775655], [-68.7544305, 45.7755652], [-68.7546826, 45.775554], [-68.754806, 45.7754418], [-68.7548328, 45.7751649], [-68.7547148, 45.7750302], [-68.7545056, 45.7749928], [-68.7543018, 45.7751724], [-68.7541462, 45.7751424], [-68.753658, 45.7752173], [-68.7534703, 45.7751836], [-68.7526334, 45.7752809], [-68.7523491, 45.7752584], [-68.7520863, 45.7750863], [-68.7517483, 45.7748506], [-68.7511582, 45.7746822], [-68.7506432, 45.7746598], [-68.7501497, 45.7747533], [-68.7497474, 45.7746186], [-68.7494362, 45.7743006], [-68.7491734, 45.7738029], [-68.7489534, 45.7736682], [-68.7484921, 45.7735148], [-68.7481917, 45.7732941], [-68.7479503, 45.7729611], [-68.747725, 45.772658], [-68.7476928, 45.7724073], [-68.7477518, 45.7722838], [-68.7476123, 45.7722688], [-68.7472368, 45.7723811], [-68.7469257, 45.7725607], [-68.7467326, 45.7728002], [-68.7463463, 45.7729087], [-68.7454344, 45.773006], [-68.7453056, 45.7731182], [-68.7454076, 45.7734138], [-68.7455041, 45.773672], [-68.7456865, 45.7738029], [-68.7458957, 45.7737693], [-68.7461693, 45.7740424], [-68.7465555, 45.7743343], [-68.7459547, 45.7741472], [-68.7456221, 45.7740985], [-68.7454451, 45.7741547], [-68.7452198, 45.7741285], [-68.7449301, 45.7741434], [-68.7446941, 45.7742931], [-68.7446673, 45.7745026], [-68.744222, 45.7746224], [-68.7434388, 45.7747758], [-68.7431491, 45.7749254], [-68.742956, 45.7752809], [-68.74272, 45.7753295], [-68.7422425, 45.775322], [-68.7420387, 45.7753258], [-68.741867, 45.7755091], [-68.7412501, 45.7753707], [-68.7407781, 45.7754867], [-68.7405474, 45.7757935], [-68.7400646, 45.7758533], [-68.73985, 45.7757261], [-68.7395657, 45.7757448], [-68.7392814, 45.7760179], [-68.7387771, 45.7761003], [-68.7382139, 45.7761526], [-68.7377901, 45.7760741], [-68.7376291, 45.7761077], [-68.7376291, 45.7762387], [-68.7373717, 45.7762237], [-68.7371356, 45.7761564], [-68.7369747, 45.7760516], [-68.7369961, 45.7759469], [-68.7371839, 45.7759094], [-68.7374038, 45.7759469], [-68.7375809, 45.7758234], [-68.7378491, 45.7758047], [-68.738289, 45.7758945], [-68.738643, 45.775902], [-68.7391848, 45.7758533], [-68.7392224, 45.7756962], [-68.7393028, 45.775539], [-68.7395711, 45.7754455], [-68.7399627, 45.7754792], [-68.740129, 45.7755128], [-68.7403435, 45.7754418], [-68.740601, 45.7752135], [-68.7408585, 45.7751537], [-68.7411536, 45.7751761], [-68.7418134, 45.7749067], [-68.7423659, 45.7744053], [-68.7430579, 45.774424], [-68.7438894, 45.7744166], [-68.7443669, 45.7743567], [-68.7445117, 45.7740948], [-68.7445224, 45.7737131], [-68.7448175, 45.7733128], [-68.7448389, 45.7730209], [-68.744678, 45.7727253], [-68.7442274, 45.7726056], [-68.7435944, 45.7726917], [-68.7432189, 45.7725944], [-68.7431062, 45.772179], [-68.7429077, 45.7715841], [-68.7430687, 45.7714269], [-68.7434871, 45.7712137], [-68.7439216, 45.7710939], [-68.744501, 45.7707983], [-68.7449838, 45.7707497], [-68.7456114, 45.7708582], [-68.7459118, 45.7708544], [-68.7462229, 45.7707684], [-68.7464429, 45.7705738], [-68.7465394, 45.7703456], [-68.7471349, 45.7694475], [-68.7473924, 45.7692379], [-68.7473602, 45.7689536], [-68.7478162, 45.7692679], [-68.7482668, 45.7696346], [-68.7483473, 45.770121], [-68.7482131, 45.7706075], [-68.7477894, 45.7710939], [-68.7477518, 45.7712848], [-68.7478323, 45.7713671], [-68.748079, 45.7713184], [-68.7482722, 45.77118], [-68.7482829, 45.7709667], [-68.7484653, 45.7704503], [-68.7486852, 45.7702745], [-68.7490875, 45.7699938], [-68.7490554, 45.7694101], [-68.7486959, 45.7684521], [-68.7485565, 45.7679245], [-68.748594, 45.7676775], [-68.7486852, 45.767453], [-68.7486799, 45.7673482], [-68.7484277, 45.7670376], [-68.7483473, 45.766611], [-68.7483526, 45.7661096], [-68.7484599, 45.7657391], [-68.7484277, 45.7652339], [-68.7485565, 45.7651478], [-68.748299, 45.7646988], [-68.7479932, 45.7643208], [-68.7478806, 45.7639092], [-68.7478913, 45.7636173], [-68.74802, 45.7632992], [-68.7482343, 45.7630675], [-68.747778, 45.7620023], [-68.7479865, 45.7619965], [-68.7483743, 45.7619725], [-68.7484663, 45.761757], [-68.748551, 45.761977], [-68.7483916, 45.7621328], [-68.7483702, 45.7623137], [-68.7482895, 45.7628693], [-68.7484009, 45.7631008], [-68.7489588, 45.7631532], [-68.7491466, 45.7630409], [-68.7492378, 45.762764], [-68.7495006, 45.7623411], [-68.7498815, 45.7621016], [-68.7501336, 45.7617985], [-68.7502248, 45.7615552], [-68.7504769, 45.7613643], [-68.7508632, 45.7611398], [-68.7509172, 45.7610269], [-68.7510348, 45.7609077], [-68.7510348, 45.7606533], [-68.7508954, 45.7604549], [-68.7507022, 45.7603988], [-68.7506003, 45.7602603], [-68.7502927, 45.7602751], [-68.7500404, 45.7604236], [-68.7496296, 45.7607124], [-68.7494551, 45.7609814], [-68.749259, 45.7611425], [-68.7491495, 45.7611998], [-68.7485954, 45.7612507], [-68.7479654, 45.7612736], [-68.7477573, 45.761226], [-68.7476662, 45.7611389], [-68.7474506, 45.7610906], [-68.7470222, 45.760773], [-68.7466682, 45.7603464], [-68.7462605, 45.7597139], [-68.7461264, 45.7595791], [-68.7458421, 45.7591263], [-68.7455685, 45.7590177], [-68.7453593, 45.7587408], [-68.7450857, 45.7585649], [-68.7447263, 45.7585724], [-68.7444581, 45.7583403], [-68.7439699, 45.7579361], [-68.743589, 45.7576404], [-68.7429721, 45.7568881], [-68.7427039, 45.7565812], [-68.742382, 45.7564877], [-68.742382, 45.7565812], [-68.7426181, 45.7566786], [-68.7427897, 45.7568395], [-68.7429667, 45.757371], [-68.7434656, 45.7578463], [-68.7439431, 45.7585462], [-68.7442971, 45.7588531], [-68.7449945, 45.7593321], [-68.7453485, 45.7598411], [-68.7453378, 45.7600283], [-68.7454505, 45.7601667], [-68.7456382, 45.7602341], [-68.7460084, 45.7606907], [-68.7459992, 45.7611007], [-68.7459225, 45.7612333], [-68.7460513, 45.7613306], [-68.7465019, 45.7614916], [-68.7468291, 45.7617274], [-68.7470115, 45.7621128], [-68.7470169, 45.762517], [-68.7468399, 45.7628463], [-68.7469096, 45.763157], [-68.7465877, 45.7633478], [-68.7462659, 45.7632804], [-68.7459655, 45.7628164], [-68.7459601, 45.7626255], [-68.7460245, 45.762386], [-68.7459172, 45.76227], [-68.7448282, 45.7619931], [-68.7445814, 45.7621166], [-68.7442059, 45.7620904], [-68.7439873, 45.7622123], [-68.7437173, 45.7621955], [-68.7438181, 45.7619785], [-68.7442549, 45.7617492], [-68.7443488, 45.7618352], [-68.7443261, 45.7619069], [-68.744452, 45.7619356], [-68.7444644, 45.761905], [-68.7445762, 45.7618899], [-68.744637, 45.7618824], [-68.7446458, 45.7616899], [-68.744442, 45.7614729], [-68.7443615, 45.7611566], [-68.7442976, 45.7610893], [-68.7442529, 45.7610359], [-68.7441999, 45.7610148], [-68.744105, 45.7610053], [-68.7440343, 45.7610069], [-68.7439404, 45.7610405], [-68.74388, 45.7610779], [-68.7438043, 45.7611414], [-68.7436534, 45.7613007], [-68.7429453, 45.7616338], [-68.7419314, 45.7619893], [-68.74088, 45.7622475], [-68.7402953, 45.7626892], [-68.7399358, 45.7627453], [-68.7389863, 45.7623636], [-68.7383641, 45.7620604], [-68.7381119, 45.7613868], [-68.7380208, 45.7611637], [-68.7380047, 45.7607356], [-68.7377954, 45.7598074], [-68.7374038, 45.7588755], [-68.7371464, 45.7582692], [-68.7362572, 45.757402], [-68.7361985, 45.7573495], [-68.7361107, 45.7573043], [-68.7359942, 45.7573102], [-68.7359232, 45.7573305], [-68.7358591, 45.7574164], [-68.7357676, 45.7574722], [-68.7357048, 45.7574937], [-68.735663, 45.7575161], [-68.7355365, 45.7575945], [-68.7353736, 45.7576482], [-68.7353181, 45.7576572], [-68.7352843, 45.7576485], [-68.7352621, 45.7576565], [-68.7352632, 45.7576419], [-68.7352545, 45.7576357], [-68.7352439, 45.7576437], [-68.7352476, 45.757661], [-68.7352322, 45.7576703], [-68.7352041, 45.7576783], [-68.7351848, 45.7576616], [-68.7351725, 45.7576603], [-68.7351664, 45.7576694], [-68.7351637, 45.7576817], [-68.7351453, 45.7576838], [-68.7351169, 45.7576853], [-68.7350981, 45.7576719], [-68.735098, 45.7576842], [-68.7350758, 45.757679], [-68.7350654, 45.7576667], [-68.7350607, 45.7576752], [-68.7350514, 45.757683], [-68.7350404, 45.7576942], [-68.7350227, 45.7576873], [-68.7349957, 45.7576909], [-68.7349452, 45.7576699], [-68.7348946, 45.7576894], [-68.734886, 45.7577148], [-68.7348536, 45.7577123], [-68.7348387, 45.7576929], [-68.7348674, 45.7576787], [-68.7348557, 45.7576679], [-68.7347157, 45.7576314], [-68.7346873, 45.7576485], [-68.7346394, 45.7576083], [-68.7345484, 45.7576022], [-68.7344853, 45.7576101], [-68.7344614, 45.7575852], [-68.7344143, 45.7575446], [-68.7343078, 45.7574125], [-68.7342013, 45.7573186], [-68.734195, 45.7572754], [-68.7341457, 45.757235], [-68.7341918, 45.7571459], [-68.7342567, 45.7571451], [-68.7342651, 45.7570576], [-68.734094, 45.7565887], [-68.734094, 45.7561957], [-68.7342496, 45.755945], [-68.7340994, 45.7557915], [-68.7339538, 45.7557989], [-68.7338043, 45.7558065], [-68.7335769, 45.7559331], [-68.7334591, 45.7559281], [-68.7333314, 45.7559242], [-68.7332292, 45.7558945], [-68.7331695, 45.7558589], [-68.7330958, 45.755849], [-68.733008, 45.755845], [-68.7329202, 45.7558035], [-68.7327771, 45.7557115], [-68.7327504, 45.755678], [-68.7326887, 45.7555513], [-68.7326459, 45.7554412], [-68.7326221, 45.7553136], [-68.7326314, 45.7552702], [-68.7325694, 45.7552362], [-68.7325544, 45.7551253], [-68.7325321, 45.7550686], [-68.7325287, 45.7549524], [-68.7325551, 45.7549086], [-68.732527, 45.7548201], [-68.7325391, 45.75467], [-68.7325617, 45.7545999], [-68.732589, 45.7545662], [-68.7325921, 45.7543577], [-68.7326284, 45.7542022], [-68.7325787, 45.7541136], [-68.7325114, 45.7540958], [-68.7325101, 45.754055], [-68.7325901, 45.7540367], [-68.7326757, 45.7540894], [-68.7327561, 45.754025], [-68.7328755, 45.7539485], [-68.7329699, 45.7538849], [-68.7330921, 45.7537931], [-68.7331606, 45.753658], [-68.7334218, 45.7536058], [-68.7336541, 45.7535046], [-68.7339533, 45.7532558], [-68.7342174, 45.7527335], [-68.7343907, 45.7525015], [-68.7344872, 45.7521669], [-68.7343911, 45.7519644], [-68.7342715, 45.7518562], [-68.7340404, 45.751794], [-68.733933, 45.7518224], [-68.7335779, 45.7517847], [-68.7334004, 45.7517558], [-68.7332703, 45.7517226], [-68.7331601, 45.7517183], [-68.7330575, 45.7517076], [-68.7329549, 45.751668], [-68.7328584, 45.7516154], [-68.7327698, 45.7516054], [-68.732632, 45.7516521], [-68.7325026, 45.7517059], [-68.7323924, 45.7516983], [-68.7321253, 45.7517828], [-68.7313903, 45.7521159], [-68.7308271, 45.7525164], [-68.7308378, 45.7527897], [-68.7310649, 45.7531571], [-68.7311791, 45.7532646], [-68.731141, 45.7533346], [-68.7310746, 45.7534395], [-68.7309823, 45.7535068], [-68.7296469, 45.7535719], [-68.7284131, 45.7536768], [-68.7274582, 45.753703], [-68.7266321, 45.7536244], [-68.7262995, 45.7533436], [-68.725983, 45.7532051], [-68.7256289, 45.7532912], [-68.7253446, 45.7537329], [-68.7249799, 45.7538602], [-68.7248726, 45.7542195], [-68.7245936, 45.7544403], [-68.7242288, 45.7545713], [-68.7240572, 45.7544441], [-68.7241099, 45.7543817], [-68.7242503, 45.7542157], [-68.7239901, 45.7541543], [-68.7239016, 45.7541334], [-68.723572, 45.7540485], [-68.7235529, 45.7540436], [-68.7234248, 45.7540257], [-68.7230719, 45.754154], [-68.7226517, 45.7534709], [-68.7224854, 45.7530105], [-68.7225397, 45.7529573], [-68.7227107, 45.7527897], [-68.7228341, 45.7523367], [-68.7231774, 45.751401], [-68.7236495, 45.7509069], [-68.724776, 45.749185], [-68.7250067, 45.7490352], [-68.725704, 45.7489042], [-68.7264712, 45.7487545], [-68.7273456, 45.7491513], [-68.7278552, 45.7491812], [-68.7283863, 45.7487433], [-68.7282951, 45.7485673], [-68.7285096, 45.7481818], [-68.7285365, 45.7479497], [-68.7287242, 45.7476951], [-68.7289817, 45.7476277], [-68.7294216, 45.7476802], [-68.7298293, 45.747654], [-68.7303926, 45.7474481], [-68.7312187, 45.74707], [-68.7317658, 45.7465309], [-68.7317444, 45.7460967], [-68.7321092, 45.7458122], [-68.7327422, 45.7457074], [-68.7335468, 45.7462165], [-68.7349094, 45.7461191], [-68.7353278, 45.7463213], [-68.7358241, 45.7467464], [-68.7358783, 45.746776], [-68.7359469, 45.746798], [-68.7359813, 45.7468187], [-68.7360336, 45.7468613], [-68.7361318, 45.7469405], [-68.7362418, 45.7470663], [-68.7362872, 45.7471071], [-68.7363056, 45.747142], [-68.7363281, 45.7471634], [-68.736378, 45.7472356], [-68.7364309, 45.7473386], [-68.7364828, 45.74748], [-68.7365137, 45.7476129], [-68.7365349, 45.7477559], [-68.7365666, 45.7478411], [-68.7366287, 45.7479355], [-68.7366849, 45.7480557], [-68.7367059, 45.7481011], [-68.736757, 45.7481959], [-68.7369371, 45.7485299], [-68.7371145, 45.7489118], [-68.7371347, 45.7489577], [-68.7371467, 45.7490025], [-68.737166, 45.7490875], [-68.7371706, 45.7491208], [-68.7371717, 45.7491388], [-68.7371657, 45.7491476], [-68.7371618, 45.7491552], [-68.7371621, 45.7491658], [-68.7371903, 45.74918], [-68.7372424, 45.7492142], [-68.73728, 45.7492507], [-68.737317, 45.7492931], [-68.737338, 45.7493483], [-68.7373731, 45.7494139], [-68.7374638, 45.7494794], [-68.7375271, 45.7495042], [-68.7375835, 45.7495146], [-68.7376329, 45.7495168], [-68.7376939, 45.749527], [-68.7377548, 45.7495428], [-68.7378135, 45.7495666], [-68.7378824, 45.7496027], [-68.7379123, 45.7496352], [-68.7379181, 45.7496651], [-68.7379445, 45.7496933], [-68.7381316, 45.7497885], [-68.7382716, 45.7498748], [-68.7384713, 45.7500469], [-68.7385424, 45.7501441], [-68.7385998, 45.7502158], [-68.7385903, 45.7502508], [-68.7385661, 45.7502763], [-68.7385253, 45.7502939], [-68.7384808, 45.7503115], [-68.738465, 45.7503291], [-68.7384611, 45.75035], [-68.7384821, 45.7503789], [-68.7385122, 45.7504237], [-68.7385295, 45.7504498], [-68.738549, 45.7504982], [-68.7385491, 45.7505376], [-68.7385579, 45.7506125], [-68.7385721, 45.7506713], [-68.7387695, 45.7508842], [-68.7387816, 45.7509068], [-68.7387846, 45.7509295], [-68.7387831, 45.750962], [-68.7388221, 45.750999], [-68.7388739, 45.751038], [-68.7389648, 45.7511238], [-68.7391224, 45.7512734], [-68.7391346, 45.7513078], [-68.7391376, 45.751337], [-68.7391242, 45.7513486], [-68.7391178, 45.751355], [-68.7391445, 45.7513707], [-68.7391824, 45.7514063], [-68.7392083, 45.7514339], [-68.7392898, 45.7514757], [-68.7393218, 45.751527], [-68.7393815, 45.7515913], [-68.7394186, 45.7516373], [-68.7394576, 45.7517079], [-68.739483, 45.7518084], [-68.739495, 45.7518975], [-68.7395086, 45.7519489], [-68.7395141, 45.7519643], [-68.7395493, 45.7519783], [-68.739563, 45.7519874], [-68.7395796, 45.7519751], [-68.7396009, 45.7519441], [-68.7396067, 45.7519035], [-68.7396018, 45.7518705], [-68.7395749, 45.7517891], [-68.7395293, 45.7516908], [-68.7395131, 45.7516644], [-68.7394495, 45.7515219], [-68.7394211, 45.751437], [-68.7393941, 45.7513907], [-68.7393048, 45.7513049], [-68.7392075, 45.7511897], [-68.7391371, 45.7510822], [-68.7391033, 45.7509387], [-68.7390682, 45.75082], [-68.7390312, 45.7506844], [-68.7390154, 45.7505693], [-68.7390296, 45.7504492], [-68.7390507, 45.7502705], [-68.7390537, 45.7499767], [-68.739074, 45.7499244], [-68.7390969, 45.7498357], [-68.7390993, 45.7497286], [-68.7390913, 45.7496602], [-68.7390617, 45.749641], [-68.7389315, 45.7496158], [-68.7388321, 45.7496056], [-68.7387405, 45.7495848], [-68.7386938, 45.7495661], [-68.738603, 45.7495499], [-68.7384963, 45.7495279], [-68.7384267, 45.7494964], [-68.7383802, 45.7493572], [-68.7383373, 45.7490989], [-68.7382149, 45.7489403], [-68.7381888, 45.7489229], [-68.7381138, 45.748907], [-68.7380551, 45.7489048], [-68.738024, 45.7489136], [-68.7379642, 45.7489357], [-68.7379347, 45.7489437], [-68.7379103, 45.7489532], [-68.7378695, 45.7489521], [-68.7378205, 45.7489574], [-68.7377669, 45.7489749], [-68.7377123, 45.7490032], [-68.7376661, 45.7490404], [-68.7376524, 45.7490573], [-68.7376398, 45.7490785], [-68.7376258, 45.7490903], [-68.7376263, 45.7490988], [-68.7376303, 45.7491037], [-68.7376348, 45.7491037], [-68.7376393, 45.7491004], [-68.7376448, 45.7490921], [-68.7376529, 45.7490906], [-68.7376513, 45.7491032], [-68.7376528, 45.749113], [-68.7376568, 45.7491176], [-68.7376588, 45.7491161], [-68.7376576, 45.749109], [-68.7376582, 45.749105], [-68.7376616, 45.7491017], [-68.7376705, 45.7491], [-68.7376771, 45.7490982], [-68.7376837, 45.7491008], [-68.7376876, 45.7491093], [-68.7376898, 45.7491113], [-68.7376939, 45.7491093], [-68.7376994, 45.7491113], [-68.7376999, 45.7491171], [-68.7377055, 45.74912], [-68.7377098, 45.7491188], [-68.7377116, 45.7491124], [-68.7377162, 45.7491109], [-68.7377218, 45.7491143], [-68.7377241, 45.749119], [-68.737735, 45.7491118], [-68.7377378, 45.7491187], [-68.7377427, 45.749121], [-68.7377452, 45.7491283], [-68.7377477, 45.7491315], [-68.7377541, 45.7491292], [-68.7377663, 45.7491368], [-68.7377759, 45.7491388], [-68.7377753, 45.749134], [-68.7377687, 45.7491311], [-68.7377771, 45.7491278], [-68.7377794, 45.7491222], [-68.7377783, 45.749094], [-68.7377633, 45.7490526], [-68.737812, 45.7490199], [-68.7378926, 45.7489972], [-68.7379652, 45.7489758], [-68.7380289, 45.7489923], [-68.7380607, 45.7490006], [-68.7380926, 45.7490088], [-68.7381312, 45.7490348], [-68.7381219, 45.7490737], [-68.7380951, 45.7490895], [-68.738067, 45.7491362], [-68.7379955, 45.7491686], [-68.7379057, 45.7491961], [-68.7378394, 45.7492283], [-68.7377808, 45.7492395], [-68.7377389, 45.7492365], [-68.7376878, 45.7492148], [-68.7374664, 45.7491558], [-68.7372758, 45.7490429], [-68.7372456, 45.7490137], [-68.7372346, 45.7489807], [-68.7372263, 45.7489224], [-68.7371933, 45.7489053], [-68.7372245, 45.7488769], [-68.7372006, 45.7488371], [-68.7371534, 45.7487917], [-68.7371056, 45.7487543], [-68.7370249, 45.7485643], [-68.7370237, 45.7485418], [-68.7369911, 45.7485178], [-68.7368601, 45.7482613], [-68.736814, 45.7482443], [-68.7368131, 45.7481961], [-68.7367385, 45.7480878], [-68.7367235, 45.7480397], [-68.7366974, 45.7479851], [-68.7366618, 45.7479057], [-68.7366277, 45.7478346], [-68.736616, 45.7477393], [-68.7366069, 45.7476514], [-68.7365929, 45.7475548], [-68.7365897, 45.7474271], [-68.7366582, 45.7471448], [-68.7367892, 45.7468477], [-68.7368052, 45.7467697], [-68.736795, 45.7466976], [-68.7367476, 45.7466492], [-68.736594, 45.7464511], [-68.7365797, 45.7464325], [-68.7360359, 45.7458721], [-68.7354358, 45.7446598], [-68.7351454, 45.7446517], [-68.7349738, 45.744135], [-68.7344802, 45.7439853], [-68.7343622, 45.743566], [-68.7339653, 45.7431093], [-68.7335968, 45.7427278], [-68.7333588, 45.7424814], [-68.7332752, 45.7423949], [-68.7335751, 45.7422357], [-68.7336258, 45.7422088], [-68.7337858, 45.7421239], [-68.7338347, 45.7421349], [-68.7338797, 45.7421431], [-68.7339977, 45.7420985], [-68.7351461, 45.7416643], [-68.735757, 45.7423456], [-68.7356497, 45.7425402], [-68.7353815, 45.742398], [-68.7351991, 45.7424579], [-68.7353385, 45.7428173], [-68.7356711, 45.7430494], [-68.7370873, 45.7434911], [-68.7375701, 45.7434312], [-68.7383963, 45.7430119], [-68.7388361, 45.7429595], [-68.7389863, 45.7431243], [-68.7389863, 45.7432697], [-68.7389863, 45.7434687], [-68.7395764, 45.7440752], [-68.7394048, 45.7444121], [-68.7394799, 45.7446966], [-68.7384821, 45.7449886], [-68.7379993, 45.7449736], [-68.7380744, 45.7452956], [-68.7395442, 45.7455127], [-68.7420655, 45.7453629], [-68.7421706, 45.7454407], [-68.7421785, 45.7454816], [-68.7422242, 45.7455482], [-68.7422699, 45.7455888], [-68.7422627, 45.7456243], [-68.7422764, 45.7456642], [-68.7422948, 45.7456992], [-68.7422852, 45.7457529], [-68.7422901, 45.7458126], [-68.7423517, 45.7458357], [-68.7424046, 45.7458709], [-68.74251, 45.7459527], [-68.7426511, 45.7459953], [-68.7427634, 45.7460628], [-68.7428426, 45.7461297], [-68.742898, 45.7461983], [-68.7429131, 45.7462689], [-68.742923, 45.7463067], [-68.7428949, 45.7463505], [-68.7428185, 45.7464464], [-68.7427064, 45.7465751], [-68.7426775, 45.7466393], [-68.7426314, 45.7466903], [-68.7426279, 45.746786], [-68.7425941, 45.7469488], [-68.7426034, 45.747017], [-68.7426052, 45.7470704], [-68.7425842, 45.7471123], [-68.7425923, 45.7471746], [-68.7425838, 45.7471961], [-68.7425561, 45.7472089], [-68.7425248, 45.7472082], [-68.7425529, 45.7472322], [-68.7425976, 45.7472483], [-68.7426286, 45.7472757], [-68.7426515, 45.7473382], [-68.7426381, 45.7474], [-68.7426422, 45.7475105], [-68.7426121, 45.7475573], [-68.7425738, 45.7475991], [-68.7425735, 45.7476392], [-68.7425894, 45.7476858], [-68.7425901, 45.7478107], [-68.7425963, 45.7478692], [-68.742617, 45.7479154], [-68.7426841, 45.7480431], [-68.7427307, 45.7481668], [-68.7427182, 45.7483497], [-68.7426871, 45.7484422], [-68.7426474, 45.7485001], [-68.742599, 45.7485527], [-68.742458, 45.7487008], [-68.7424176, 45.7487778], [-68.7424133, 45.7488192], [-68.7424593, 45.7488725], [-68.7425333, 45.748891], [-68.7425732, 45.7489185], [-68.7425786, 45.7489567], [-68.7426207, 45.7489951], [-68.7427414, 45.7490315], [-68.7427714, 45.7490912], [-68.7427908, 45.7491109], [-68.7429311, 45.7491469], [-68.7429807, 45.7491692], [-68.7429989, 45.7491615], [-68.7429927, 45.7491338], [-68.7430436, 45.7491097], [-68.7431585, 45.7490918], [-68.7432206, 45.7490642], [-68.7432826, 45.7490325], [-68.7433461, 45.7489835], [-68.7433892, 45.7489304], [-68.7434571, 45.7486452], [-68.7434461, 45.7485491], [-68.7433972, 45.7484591], [-68.7430558, 45.7481609], [-68.7429904, 45.7481018], [-68.7429621, 45.7480354], [-68.7430134, 45.7477778], [-68.7431107, 45.747612], [-68.7431443, 45.7474462], [-68.7431995, 45.7473823], [-68.7432865, 45.747348], [-68.7433861, 45.7473259], [-68.7434578, 45.7472928], [-68.7434558, 45.7472459], [-68.7434017, 45.7471817], [-68.74338, 45.7471181], [-68.7434063, 45.7470399], [-68.7434375, 45.7469857], [-68.7435218, 45.7469277], [-68.7435841, 45.7468748], [-68.7436185, 45.7467801], [-68.7436422, 45.7464006], [-68.743697, 45.7462791], [-68.7437161, 45.7462299], [-68.7437055, 45.7461712], [-68.7436516, 45.7461107], [-68.743579, 45.7460312], [-68.7436211, 45.7460218], [-68.7437079, 45.7460711], [-68.7438083, 45.7461091], [-68.7439115, 45.746189], [-68.7439479, 45.746205], [-68.7439862, 45.7461989], [-68.7439959, 45.7461719], [-68.7439708, 45.7461131], [-68.7439608, 45.7460521], [-68.743984, 45.7460373], [-68.7440562, 45.7460773], [-68.7441238, 45.7461242], [-68.7444574, 45.7462912], [-68.7446142, 45.7463477], [-68.7448097, 45.7464015], [-68.7449054, 45.7464164], [-68.7449605, 45.7464108], [-68.7450228, 45.7463791], [-68.7450701, 45.7463695], [-68.7453388, 45.7464351], [-68.7457051, 45.7465932], [-68.7458445, 45.7467448], [-68.7459035, 45.7468455], [-68.7459237, 45.7469564], [-68.745944, 45.7470429], [-68.7459126, 45.7471243], [-68.7455391, 45.7476435], [-68.7455442, 45.7477626], [-68.7456027, 45.7478766], [-68.7458724, 45.7480341], [-68.7459708, 45.7481556], [-68.7460256, 45.7483056], [-68.7460364, 45.7483715], [-68.7460214, 45.748435], [-68.7458952, 45.7485877], [-68.7458899, 45.7486834], [-68.7458873, 45.7488637], [-68.7458896, 45.7489204], [-68.7459221, 45.7489539], [-68.7459402, 45.7489938], [-68.7459399, 45.7490349], [-68.7459639, 45.7490784], [-68.745999, 45.7491141], [-68.7461024, 45.7491662], [-68.7462832, 45.7492242], [-68.7463919, 45.7492401], [-68.746519, 45.7492431], [-68.7467033, 45.7492364], [-68.7468828, 45.7492262], [-68.7469723, 45.7492155], [-68.7470507, 45.7491868], [-68.7474689, 45.7490092], [-68.7476129, 45.7489459], [-68.7477973, 45.7488487], [-68.7480075, 45.7487129], [-68.7480827, 45.7486813], [-68.7482021, 45.7486702], [-68.7482899, 45.7486918], [-68.7483026, 45.7487242], [-68.7483264, 45.7487385], [-68.7483556, 45.7487416], [-68.7484065, 45.7487015], [-68.7487657, 45.7487695], [-68.7491123, 45.7488662], [-68.7493478, 45.7489375], [-68.7496288, 45.7490506], [-68.7498699, 45.7491162], [-68.7501552, 45.7492783], [-68.750388, 45.7493531], [-68.7506502, 45.7494253], [-68.7510419, 45.7495184], [-68.7511302, 45.7495306], [-68.7512774, 45.7495299], [-68.7513691, 45.749526], [-68.751476, 45.7495298], [-68.7523008, 45.7495818], [-68.7538512, 45.7497577], [-68.7541355, 45.7498438], [-68.7542642, 45.7501096], [-68.754114, 45.7506037], [-68.7538994, 45.750948], [-68.7538833, 45.7513598], [-68.7537814, 45.7516368], [-68.7532503, 45.7518651], [-68.7532074, 45.7520148], [-68.7534166, 45.7521047], [-68.7533147, 45.7523442], [-68.7530787, 45.7524378], [-68.753143, 45.752726], [-68.7537385, 45.7528683], [-68.754409, 45.7529169], [-68.7551279, 45.7525651], [-68.7552191, 45.7523891], [-68.7551654, 45.7522095], [-68.7552459, 45.7519325], [-68.7554068, 45.7516106], [-68.7552942, 45.7514459], [-68.7551923, 45.7512887], [-68.7552566, 45.7510079], [-68.7552352, 45.750686], [-68.7556429, 45.7504203], [-68.7562383, 45.7505662], [-68.7570108, 45.7506561], [-68.75803, 45.7507384], [-68.7590868, 45.7508245], [-68.7598378, 45.7510042], [-68.7604333, 45.7513149], [-68.7604816, 45.7517378], [-68.7602187, 45.7522469], [-68.7602294, 45.7526212], [-68.759929, 45.7531827], [-68.7604118, 45.7537516], [-68.7607552, 45.7537853], [-68.7611253, 45.7536506], [-68.7610824, 45.7533773], [-68.7610985, 45.7530891], [-68.7612111, 45.752741], [-68.7613774, 45.7526512], [-68.7613667, 45.7523929], [-68.7614579, 45.7521384], [-68.7617905, 45.7517378], [-68.7620587, 45.7516518], [-68.7622518, 45.7516705], [-68.7624181, 45.7516854], [-68.7630779, 45.7516181], [-68.7635232, 45.7514983], [-68.7639738, 45.7514421], [-68.7644191, 45.7514571], [-68.7647999, 45.7515282], [-68.7652559, 45.7514796], [-68.7657709, 45.7512999], [-68.7661464, 45.7510716], [-68.7662912, 45.7508919], [-68.7662322, 45.7505962], [-68.7665434, 45.7502518], [-68.7670315, 45.749855], [-68.767627, 45.7495705], [-68.7681795, 45.7496417], [-68.7684424, 45.7497727], [-68.7685711, 45.750031], [-68.7685389, 45.7502181], [-68.7679274, 45.7510079], [-68.7683351, 45.7510603], [-68.7692846, 45.7509555], [-68.7697727, 45.750671], [-68.7700732, 45.7503342], [-68.7700249, 45.7501433], [-68.769762, 45.7500048], [-68.7695421, 45.7500497], [-68.7693168, 45.7499823], [-68.7691397, 45.7498064], [-68.7690539, 45.7495818], [-68.7692148, 45.7493796], [-68.7695635, 45.7493647], [-68.7700195, 45.7491962], [-68.770572, 45.7490502], [-68.7707813, 45.7488481], [-68.771146, 45.7484438], [-68.7712909, 45.7483839], [-68.7715752, 45.7484139], [-68.7718488, 45.748339], [-68.7721009, 45.7481406], [-68.7722404, 45.7479497], [-68.7725354, 45.7479235], [-68.7725086, 45.7482679], [-68.7722618, 45.7485861], [-68.7723906, 45.7487844], [-68.7723208, 45.7489754], [-68.7723959, 45.7491625], [-68.7722565, 45.7493796], [-68.7723852, 45.7494508], [-68.77275, 45.7493983], [-68.7728466, 45.7492711], [-68.7727768, 45.7490951], [-68.7727875, 45.7489379], [-68.7730182, 45.7486459], [-68.7733347, 45.7484962], [-68.7736405, 45.7482491], [-68.773839, 45.7480021], [-68.7738712, 45.7478187], [-68.773839, 45.7475641], [-68.7739141, 45.7472721], [-68.7742413, 45.7469202], [-68.7742681, 45.7465272], [-68.7744076, 45.7462427], [-68.7746222, 45.7459245], [-68.7748636, 45.7457448], [-68.7752391, 45.7456624], [-68.7753381, 45.7456734], [-68.7757433, 45.7457186], [-68.7760055, 45.745859], [-68.7759043, 45.7459058], [-68.775826, 45.746185], [-68.775856, 45.746316], [-68.7758721, 45.7463887], [-68.7763495, 45.7463924], [-68.7768055, 45.7461903], [-68.7769342, 45.7460068], [-68.7774009, 45.7458533], [-68.7775458, 45.74561], [-68.77746, 45.7455164], [-68.7772239, 45.7455838], [-68.7769664, 45.7455726], [-68.7769825, 45.7454004], [-68.7772293, 45.7452768], [-68.77724, 45.7449848], [-68.7774393, 45.7447606], [-68.7775459, 45.7443599], [-68.7769287, 45.74432], [-68.7774321, 45.7440948], [-68.7776293, 45.7442749], [-68.7777553, 45.7447534], [-68.7779262, 45.7452221], [-68.7779749, 45.7453555], [-68.7780418, 45.7453545], [-68.7782271, 45.7453517], [-68.7788815, 45.7451945], [-68.7791605, 45.745172], [-68.7793911, 45.7452956], [-68.7795201, 45.7455582], [-68.7795253, 45.7455688], [-68.7796379, 45.7457373], [-68.7799276, 45.7456961], [-68.7801636, 45.7455688], [-68.7802763, 45.7452956], [-68.7801851, 45.7451683], [-68.779992, 45.7450597], [-68.780051, 45.7448463], [-68.7806464, 45.7443484], [-68.7808717, 45.7442286], [-68.7813223, 45.7442174], [-68.7815584, 45.7441313], [-68.7817515, 45.7438206], [-68.7816978, 45.7436559], [-68.7821806, 45.7430868], [-68.7823952, 45.7429708], [-68.7826313, 45.742836], [-68.7827493, 45.7425852], [-68.7827385, 45.7423418], [-68.7824864, 45.7420273], [-68.7822397, 45.7418439], [-68.782009, 45.7417166], [-68.7817729, 45.7417278], [-68.781638, 45.7420641], [-68.7815064, 45.7420814], [-68.7813116, 45.7421071], [-68.7812333, 45.7422615], [-68.781327, 45.7425357], [-68.7812145, 45.7424249], [-68.7810818, 45.7424853], [-68.7810686, 45.7426175], [-68.780906, 45.7425515], [-68.7808562, 45.7422584], [-68.7811778, 45.7416588], [-68.7816496, 45.7414508], [-68.7820143, 45.7412898], [-68.7822236, 45.7411064], [-68.7822987, 45.7408855], [-68.7822312, 45.7407781], [-68.782068, 45.7405186], [-68.7823381, 45.7404062], [-68.7826259, 45.7402865], [-68.7830926, 45.7397998], [-68.7832428, 45.7396051], [-68.7833554, 45.7389985], [-68.7835486, 45.7388113], [-68.7836559, 45.7385081], [-68.7839026, 45.738377], [-68.7843264, 45.738377], [-68.7845678, 45.7384744], [-68.784584, 45.7385023], [-68.7848897, 45.7390285], [-68.7853188, 45.7390622], [-68.7856385, 45.7399302], [-68.7857104, 45.7401255], [-68.7859357, 45.7399907], [-68.7859596, 45.7399522], [-68.7864668, 45.7391333], [-68.7865097, 45.7388975], [-68.7868155, 45.7385792], [-68.7869764, 45.7383396], [-68.7870247, 45.7381037], [-68.7872071, 45.737924], [-68.7875075, 45.7377368], [-68.7876845, 45.7375421], [-68.7877167, 45.737164], [-68.7876202, 45.7368045], [-68.7874002, 45.7365649], [-68.787427, 45.7364563], [-68.7876041, 45.7363964], [-68.7879098, 45.7364713], [-68.7886179, 45.7362841], [-68.7890095, 45.7356888], [-68.7891329, 45.7352694], [-68.7894763, 45.7347939], [-68.7899537, 45.7343633], [-68.79012, 45.7342248], [-68.7903024, 45.7338878], [-68.7902058, 45.7336369], [-68.7898732, 45.7335995], [-68.7893904, 45.7337755], [-68.7893208, 45.7338513], [-68.789274, 45.7339022], [-68.78895, 45.734017], [-68.7887952, 45.7340718], [-68.7886951, 45.733972], [-68.7884017, 45.7339788], [-68.7883967, 45.7339102], [-68.7884941, 45.733881], [-68.7885175, 45.7338544], [-68.7883233, 45.7337744], [-68.7882189, 45.7336904], [-68.7881074, 45.7336304], [-68.7880776, 45.7335384], [-68.7880922, 45.7334722], [-68.7881043, 45.7334141], [-68.7881298, 45.7332924], [-68.7879581, 45.733109], [-68.7875938, 45.7330601], [-68.7875397, 45.7330528], [-68.7874459, 45.7330341], [-68.7873498, 45.7330504], [-68.7872986, 45.7330869], [-68.7872559, 45.733159], [-68.7872292, 45.7330398], [-68.7871748, 45.7330248], [-68.7871895, 45.732971], [-68.7871311, 45.7329377], [-68.7870684, 45.7329163], [-68.7870625, 45.7328378], [-68.7870292, 45.7328146], [-68.7869467, 45.7328018], [-68.7869326, 45.7327173], [-68.7868537, 45.732674], [-68.7868677, 45.7326171], [-68.7868758, 45.7325388], [-68.7868412, 45.7324902], [-68.7868255, 45.7324064], [-68.7870377, 45.7323314], [-68.7873412, 45.7319414], [-68.787415, 45.7317718], [-68.7874137, 45.7316546], [-68.7873545, 45.7316393], [-68.7873121, 45.7316524], [-68.7872739, 45.7316369], [-68.7872357, 45.7316388], [-68.7872096, 45.7316851], [-68.7871689, 45.73165], [-68.7871309, 45.7316336], [-68.7870765, 45.7316484], [-68.7870573, 45.7316805], [-68.7870971, 45.7317226], [-68.7871588, 45.7317647], [-68.7870889, 45.7317321], [-68.7870189, 45.7317266], [-68.7869389, 45.7317048], [-68.7867602, 45.7316091], [-68.7867047, 45.7315241], [-68.7865953, 45.7312753], [-68.786565, 45.7311191], [-68.7865346, 45.7311429], [-68.786489, 45.7312164], [-68.7864334, 45.7311881], [-68.7864205, 45.7311385], [-68.7864045, 45.7309529], [-68.7864173, 45.7308747], [-68.7864422, 45.7308177], [-68.7865346, 45.7307589], [-68.7865045, 45.7307032], [-68.7864312, 45.7306413], [-68.7864438, 45.7303612], [-68.7865704, 45.7302172], [-68.7866419, 45.7301284], [-68.7866502, 45.7300096], [-68.7866969, 45.7299768], [-68.7867842, 45.7300145], [-68.7868644, 45.7300037], [-68.7869897, 45.7299409], [-68.787048, 45.7298951], [-68.7872902, 45.7299363], [-68.7875126, 45.7299049], [-68.7877435, 45.730001], [-68.7878231, 45.7300241], [-68.7882135, 45.7301583], [-68.788265, 45.7302184], [-68.7882687, 45.7303263], [-68.7883068, 45.7304991], [-68.7883406, 45.7305857], [-68.7884359, 45.7306437], [-68.7885188, 45.7306431], [-68.7886375, 45.7306421], [-68.7887535, 45.7305594], [-68.7887737, 45.7304655], [-68.7887251, 45.7303683], [-68.788731, 45.7302797], [-68.7888534, 45.730209], [-68.7890578, 45.7301812], [-68.789323, 45.7301781], [-68.7894709, 45.7301658], [-68.7899094, 45.7298979], [-68.7898903, 45.729781], [-68.7898185, 45.7296433], [-68.7900288, 45.729825], [-68.7901127, 45.7298359], [-68.7901045, 45.7296451], [-68.7901901, 45.729553], [-68.7901197, 45.7294972], [-68.790123, 45.7294749], [-68.7902054, 45.729514], [-68.7902504, 45.7294583], [-68.7902684, 45.7294223], [-68.7902004, 45.7292832], [-68.7902703, 45.7293464], [-68.7903206, 45.7294529], [-68.790325, 45.7295094], [-68.7902681, 45.7295797], [-68.7902659, 45.7296285], [-68.7902003, 45.7296804], [-68.7902746, 45.7298927], [-68.7902165, 45.7298775], [-68.7901844, 45.7301359], [-68.7905169, 45.7305777], [-68.7902702, 45.7309821], [-68.7903024, 45.7311356], [-68.790474, 45.731203], [-68.7910802, 45.7311469], [-68.7914289, 45.731203], [-68.7916864, 45.7311506], [-68.7916596, 45.7313641], [-68.791445, 45.7315925], [-68.7913226, 45.7317889], [-68.7912304, 45.731937], [-68.7916006, 45.7321541], [-68.792019, 45.732053], [-68.7925018, 45.7315101], [-68.7929578, 45.7314052], [-68.7931884, 45.731218], [-68.7933064, 45.7309596], [-68.7935532, 45.7307949], [-68.7941218, 45.7305964], [-68.7944062, 45.7303942], [-68.7945349, 45.7301284], [-68.794551, 45.7299486], [-68.7948836, 45.7295359], [-68.7949051, 45.7294564], [-68.7949668, 45.7294473], [-68.7949909, 45.7294122], [-68.7949855, 45.7293877], [-68.7949934, 45.7293575], [-68.7950362, 45.7293197], [-68.7950883, 45.7292874], [-68.7951237, 45.7292797], [-68.7951431, 45.7293001], [-68.7952605, 45.7292779], [-68.795363, 45.7292089], [-68.7954034, 45.7291827], [-68.7954438, 45.7291472], [-68.7955018, 45.7291352], [-68.7965251, 45.728814], [-68.7966935, 45.7287953], [-68.7978769, 45.7286642], [-68.7983558, 45.7287164], [-68.7983799, 45.7287296], [-68.7983943, 45.7287564], [-68.7983922, 45.7287783], [-68.7984222, 45.7287792], [-68.7984431, 45.7287888], [-68.7984315, 45.7287572], [-68.7984083, 45.7287097], [-68.798468, 45.7286973], [-68.7985391, 45.728694], [-68.7986045, 45.7287034], [-68.7986521, 45.7287197], [-68.7986523, 45.7287401], [-68.7986412, 45.7287504], [-68.7986497, 45.7287573], [-68.7986408, 45.7287678], [-68.7986474, 45.7287775], [-68.798654, 45.7287945], [-68.7986461, 45.7288104], [-68.798632, 45.7288175], [-68.7986298, 45.7288451], [-68.7986172, 45.7288516], [-68.7986115, 45.7288579], [-68.7985823, 45.7288636], [-68.7985875, 45.7288816], [-68.79863, 45.7288872], [-68.7986468, 45.7288847], [-68.7986366, 45.7288752], [-68.7986456, 45.7288677], [-68.7986293, 45.7288513], [-68.798639, 45.7288483], [-68.7986574, 45.7288114], [-68.7986694, 45.7288084], [-68.798669, 45.7287946], [-68.798686, 45.7287896], [-68.7986827, 45.728783], [-68.7986713, 45.7287788], [-68.7986759, 45.7287609], [-68.7986933, 45.7287501], [-68.798707, 45.7287319], [-68.7987489, 45.7287238], [-68.7990168, 45.7287251], [-68.7997437, 45.7286867], [-68.7998784, 45.7286747], [-68.7999272, 45.7286522], [-68.7999537, 45.7286694], [-68.7999724, 45.7286707], [-68.7999752, 45.7286536], [-68.8000058, 45.7286513], [-68.8000072, 45.7286622], [-68.8000125, 45.7286663], [-68.8000202, 45.728663], [-68.8000223, 45.7286493], [-68.8000707, 45.7286606], [-68.8000953, 45.7286703], [-68.8000983, 45.7286843], [-68.8001028, 45.7286881], [-68.8001103, 45.7286848], [-68.8001284, 45.7286868], [-68.8001398, 45.7286789], [-68.8001527, 45.7286691], [-68.8001719, 45.7286661], [-68.8001787, 45.7286798], [-68.8001891, 45.7286896], [-68.8002004, 45.7286849], [-68.8001975, 45.7286688], [-68.8002489, 45.728663], [-68.800365, 45.7286533], [-68.8004572, 45.728623], [-68.8008595, 45.7284882], [-68.8015837, 45.7284433], [-68.8020397, 45.7285032], [-68.8020543, 45.7285035], [-68.8029141, 45.7285219], [-68.8039441, 45.7283234], [-68.8049901, 45.7280688], [-68.8059504, 45.7278853], [-68.8069911, 45.7277617], [-68.807608, 45.7274472], [-68.8081981, 45.7270427], [-68.8089974, 45.72632], [-68.8093675, 45.7257882], [-68.8095821, 45.7251329], [-68.8101682, 45.7242504], [-68.8111113, 45.7234179], [-68.8114112, 45.7232859], [-68.8114493, 45.7232353], [-68.8115545, 45.723159], [-68.8117246, 45.7231053], [-68.8117691, 45.7230318], [-68.8118825, 45.7230799], [-68.8118784, 45.7231618], [-68.8119837, 45.7232099], [-68.8122023, 45.7231901], [-68.812425, 45.7232551], [-68.8126369, 45.7233324], [-68.8128115, 45.7234476], [-68.8128905, 45.7236017], [-68.8129831, 45.7236611], [-68.8129289, 45.7238631], [-68.8130096, 45.7239439], [-68.812959, 45.7239655], [-68.8129465, 45.7239899], [-68.8131388, 45.7240491], [-68.8131661, 45.7240514], [-68.8133003, 45.7240626], [-68.8135268, 45.7240258], [-68.8136724, 45.7240389], [-68.8137813, 45.7239793], [-68.8138979, 45.72396], [-68.8139402, 45.7240096], [-68.813968, 45.7239513], [-68.8141308, 45.7239307], [-68.8142037, 45.7240146], [-68.8142609, 45.7240291], [-68.8143097, 45.7239826], [-68.8142998, 45.723935], [-68.8143364, 45.7239031], [-68.8144259, 45.723779], [-68.8144392, 45.7238649], [-68.8143694, 45.7240284], [-68.8143955, 45.7241132], [-68.8143978, 45.7241155], [-68.8144722, 45.7241905], [-68.8145285, 45.7242288], [-68.8145998, 45.7242431], [-68.8146489, 45.7242384], [-68.8146591, 45.7241939], [-68.814699, 45.7241723], [-68.8147161, 45.7241807], [-68.8147132, 45.7242069], [-68.8146951, 45.7242228], [-68.8146974, 45.7242404], [-68.8147366, 45.724236], [-68.8147091, 45.7242668], [-68.8146665, 45.724293], [-68.8147389, 45.7244026], [-68.8148298, 45.7244872], [-68.8147535, 45.7245153], [-68.814697, 45.7245605], [-68.8146568, 45.7246086], [-68.8144524, 45.7248993], [-68.8143671, 45.7250205], [-68.8141109, 45.7254517], [-68.8140123, 45.7257144], [-68.814056, 45.7258856], [-68.814117, 45.7259645], [-68.8142475, 45.7260403], [-68.8144227, 45.7260744], [-68.8145817, 45.7261215], [-68.8148066, 45.7261684], [-68.8148097, 45.7261842], [-68.8148179, 45.7261886], [-68.8148241, 45.7261982], [-68.8148391, 45.726198], [-68.8148488, 45.7262082], [-68.8148484, 45.726221], [-68.8148555, 45.7262338], [-68.8148786, 45.7262434], [-68.8148882, 45.7262543], [-68.8148968, 45.7262483], [-68.814908, 45.7262515], [-68.8149118, 45.7262663], [-68.81492, 45.7262658], [-68.8149247, 45.7262532], [-68.8149433, 45.7262573], [-68.8149627, 45.72626], [-68.8149523, 45.7262682], [-68.8149527, 45.7262771], [-68.8149493, 45.7262886], [-68.8149504, 45.726296], [-68.8149624, 45.7263024], [-68.8149814, 45.7263206], [-68.8149537, 45.7263298], [-68.8149572, 45.7263377], [-68.8149682, 45.7263441], [-68.8149724, 45.7263519], [-68.8149819, 45.7263518], [-68.8149998, 45.7263398], [-68.815015, 45.7263503], [-68.8150375, 45.7263404], [-68.8151674, 45.726436], [-68.8151949, 45.7266463], [-68.815176, 45.7268243], [-68.8151784, 45.7268428], [-68.8152469, 45.7273798], [-68.8153234, 45.7275017], [-68.8153071, 45.7276625], [-68.8152049, 45.7278105], [-68.8150402, 45.7279246], [-68.8147168, 45.7280399], [-68.814398, 45.7280873], [-68.8143527, 45.7281013], [-68.8140219, 45.7282038], [-68.8135584, 45.7283667], [-68.8132782, 45.7286829], [-68.8134104, 45.7288374], [-68.8134992, 45.7288892], [-68.8136269, 45.7289068], [-68.8136492, 45.7289585], [-68.813828, 45.7288497], [-68.8141079, 45.7287937], [-68.814343, 45.7288067], [-68.8145227, 45.7288167], [-68.8149734, 45.7288249], [-68.8151664, 45.7289189], [-68.8159567, 45.7289335], [-68.8164861, 45.7289825], [-68.8166408, 45.7289018], [-68.8167281, 45.728799], [-68.8168205, 45.7287701], [-68.8169487, 45.7287301], [-68.8169701, 45.7287234], [-68.8171701, 45.7286684], [-68.8174444, 45.7282932], [-68.8175213, 45.7281881], [-68.817771, 45.7281118], [-68.8178291, 45.7281012], [-68.8178723, 45.7280862], [-68.817886, 45.7281053], [-68.8179104, 45.7281026], [-68.8179082, 45.7280746], [-68.8179246, 45.7280773], [-68.8179472, 45.7280886], [-68.8180109, 45.7280366], [-68.8180507, 45.7280294], [-68.8180722, 45.7280014], [-68.8181096, 45.7279912], [-68.8181453, 45.7279788], [-68.818128, 45.7279276], [-68.8181495, 45.7278953], [-68.8181555, 45.7278569], [-68.8181203, 45.7278322], [-68.8181211, 45.7278016], [-68.8181791, 45.7277798], [-68.8181965, 45.7277586], [-68.8182366, 45.7277549], [-68.8182563, 45.7277474], [-68.8182057, 45.7277081], [-68.8181787, 45.7277287], [-68.8181234, 45.7277476], [-68.8180647, 45.7277252], [-68.8180395, 45.7276896], [-68.8180449, 45.7276459], [-68.8180138, 45.7276113], [-68.8179933, 45.7275722], [-68.8180077, 45.7275538], [-68.8180602, 45.7275682], [-68.8180994, 45.7275572], [-68.8181542, 45.7275542], [-68.8181501, 45.7275058], [-68.8182046, 45.7275197], [-68.818266, 45.7275278], [-68.8183197, 45.7275392], [-68.8183494, 45.7275555], [-68.8184277, 45.7275363], [-68.8184136, 45.7275093], [-68.8183791, 45.727498], [-68.8183466, 45.7274999], [-68.8183078, 45.7274969], [-68.8182913, 45.727474], [-68.8182705, 45.7274539], [-68.8182305, 45.7274445], [-68.8181888, 45.7274446], [-68.8181634, 45.727396], [-68.8182319, 45.7272803], [-68.8182813, 45.727309], [-68.8183356, 45.7273218], [-68.8183862, 45.7273183], [-68.8184183, 45.7273411], [-68.8184522, 45.7273481], [-68.8184651, 45.7273593], [-68.8185192, 45.7273274], [-68.8185394, 45.7273043], [-68.8185386, 45.7272692], [-68.8185543, 45.7272614], [-68.8185874, 45.7273133], [-68.8186271, 45.7273523], [-68.8186572, 45.7273892], [-68.8186767, 45.7274203], [-68.8186682, 45.7274359], [-68.8186631, 45.7274745], [-68.8186621, 45.7275041], [-68.8186911, 45.7275106], [-68.81871, 45.7274979], [-68.8187195, 45.7274755], [-68.8187243, 45.7274589], [-68.8187116, 45.727446], [-68.8187235, 45.7274196], [-68.8187034, 45.727417], [-68.8186962, 45.7274058], [-68.8187373, 45.7273851], [-68.8187628, 45.7273722], [-68.8187764, 45.7273653], [-68.8187875, 45.7273596], [-68.8188187, 45.727356], [-68.8188703, 45.7273578], [-68.8189027, 45.7273628], [-68.8189201, 45.7273864], [-68.8189141, 45.7274216], [-68.8189508, 45.7274254], [-68.8189593, 45.7274107], [-68.8189876, 45.7274098], [-68.8190071, 45.7274135], [-68.81902, 45.7274194], [-68.8190027, 45.7276296], [-68.8189864, 45.7276437], [-68.8189957, 45.7276674], [-68.8189872, 45.727677], [-68.8189982, 45.7276886], [-68.8189808, 45.7276964], [-68.818981, 45.7277093], [-68.8190071, 45.7277285], [-68.8190031, 45.7277537], [-68.8189998, 45.727774], [-68.8190117, 45.7277804], [-68.8190089, 45.7277993], [-68.8190018, 45.7278084], [-68.8190069, 45.7278161], [-68.8190081, 45.7278419], [-68.8189973, 45.7278554], [-68.8190038, 45.7278741], [-68.8189931, 45.7278858], [-68.8190159, 45.7278958], [-68.8190549, 45.7279181], [-68.8190852, 45.7279118], [-68.8191102, 45.7278964], [-68.8191138, 45.7278671], [-68.8191081, 45.7278464], [-68.8191193, 45.7278292], [-68.819136, 45.7278219], [-68.8191222, 45.7278024], [-68.8191269, 45.7277684], [-68.8191342, 45.727752], [-68.8191154, 45.7277296], [-68.8191205, 45.7276966], [-68.8191415, 45.7276465], [-68.8191907, 45.7276215], [-68.8192326, 45.7276077], [-68.8192622, 45.7276091], [-68.8194683, 45.7278104], [-68.8195619, 45.7277615], [-68.8194078, 45.7276178], [-68.8195274, 45.7275519], [-68.8196548, 45.7276753], [-68.8197791, 45.7277957], [-68.8198496, 45.7279162], [-68.8199408, 45.7279864], [-68.820087, 45.7280234], [-68.820198, 45.7280145], [-68.8202274, 45.7280019], [-68.8202697, 45.7279838], [-68.8203072, 45.7279678], [-68.8204459, 45.7278046], [-68.8206375, 45.7276502], [-68.8207522, 45.7275433], [-68.8207862, 45.7274858], [-68.8207798, 45.7273604], [-68.8207606, 45.7272606], [-68.820709, 45.7271871], [-68.8205397, 45.7271803], [-68.8205554, 45.7270932], [-68.8204731, 45.7270027], [-68.8203922, 45.7268914], [-68.8202404, 45.726775], [-68.8201888, 45.7267537], [-68.8201888, 45.7267232], [-68.8202331, 45.7266739], [-68.8202194, 45.726665], [-68.8201299, 45.7266915], [-68.8200627, 45.726686], [-68.8199738, 45.7266332], [-68.8199417, 45.7265237], [-68.8198399, 45.7264159], [-68.8198277, 45.7263682], [-68.8198481, 45.7263112], [-68.8198811, 45.7262855], [-68.8199247, 45.7262709], [-68.819925, 45.7262591], [-68.8198809, 45.7262205], [-68.8198613, 45.7261782], [-68.8198152, 45.7261587], [-68.819788, 45.7261134], [-68.8197231, 45.7261137], [-68.8196863, 45.7260849], [-68.8197369, 45.7260307]], [[-68.7955329, 45.7866169], [-68.7953388, 45.7867123], [-68.7952306, 45.7869275], [-68.7952625, 45.7870962], [-68.7952656, 45.7872382], [-68.7953293, 45.7872227], [-68.7953866, 45.7871472], [-68.7953897, 45.7870385], [-68.795412, 45.7868898], [-68.7954311, 45.7867722], [-68.7954534, 45.7867256], [-68.7955329, 45.7866169]], [[-68.7951352, 45.786659], [-68.7949983, 45.7864016], [-68.7949729, 45.786233], [-68.795062, 45.7860399], [-68.7952625, 45.7858447], [-68.7954057, 45.7856871], [-68.7956507, 45.7855739], [-68.7958543, 45.7855251], [-68.7956761, 45.7856538], [-68.7954216, 45.7857914], [-68.7952306, 45.786], [-68.7951415, 45.7861464], [-68.7951384, 45.7861731], [-68.7951288, 45.7863151], [-68.7952243, 45.7864371], [-68.7953516, 45.7863683], [-68.7953738, 45.7861842], [-68.7954311, 45.7859978], [-68.7956634, 45.7858735], [-68.7957493, 45.7860089], [-68.7956189, 45.7863018], [-68.7954629, 45.7864749], [-68.7953166, 45.7865459], [-68.7952211, 45.7865902], [-68.7951352, 45.786659]], [[-68.7949983, 45.7873625], [-68.794887, 45.7874512], [-68.7946929, 45.7874623], [-68.7945974, 45.7874401], [-68.7945242, 45.7874335], [-68.7944669, 45.7874446], [-68.7944065, 45.7874246], [-68.7945083, 45.7872315], [-68.7945083, 45.7870451], [-68.7944828, 45.7868144], [-68.7944765, 45.7866879], [-68.7944733, 45.7865791], [-68.7945306, 45.7864682], [-68.7945783, 45.7863905], [-68.7946419, 45.7864638], [-68.7946547, 45.7865459], [-68.7947342, 45.7866302], [-68.7948456, 45.7868144], [-68.7949156, 45.7869675], [-68.7949347, 45.7871428], [-68.794992, 45.7872182], [-68.7950015, 45.7872892], [-68.7949983, 45.7873625]], [[-68.7946833, 45.7884808], [-68.7945497, 45.7883943], [-68.7943237, 45.7883699], [-68.7940946, 45.7884142], [-68.7939546, 45.788483], [-68.7939291, 45.7885829], [-68.7938655, 45.7886605], [-68.7937669, 45.7886028], [-68.7937796, 45.7885008], [-68.7937796, 45.7883676], [-68.7937414, 45.7882412], [-68.7937223, 45.7881369], [-68.7937159, 45.7880104], [-68.7937955, 45.7879216], [-68.7939514, 45.7878462], [-68.794136, 45.7877796], [-68.7942219, 45.7876997], [-68.7942887, 45.7875999], [-68.7943396, 45.7875222], [-68.794521, 45.7875156], [-68.794747, 45.7875821], [-68.7948074, 45.7875888], [-68.7949283, 45.7875666], [-68.7949729, 45.787713], [-68.7949538, 45.7878417], [-68.7949729, 45.7879926], [-68.7949856, 45.788108], [-68.795027, 45.7882345], [-68.794992, 45.7883388], [-68.7948774, 45.7884386], [-68.7947501, 45.7884764], [-68.7946833, 45.7884808]], [[-68.7635402, 45.7739447], [-68.763486, 45.7739365], [-68.7634875, 45.7739099], [-68.7635767, 45.7738752], [-68.7635958, 45.7739048], [-68.7635402, 45.7739447]], [[-68.7855216, 45.7773978], [-68.785327, 45.7773747], [-68.7852463, 45.7773285], [-68.7852132, 45.7772636], [-68.7852608, 45.7772491], [-68.7852711, 45.7771423], [-68.7854574, 45.7770658], [-68.7856085, 45.7771769], [-68.7856064, 45.7773141], [-68.7855216, 45.7773978]], [[-68.8307403, 45.7376394], [-68.8306082, 45.737638], [-68.830444, 45.7377456], [-68.83045, 45.7378253], [-68.8305841, 45.737965], [-68.8307663, 45.7379021], [-68.8308023, 45.7378029], [-68.8307403, 45.7376394]], [[-68.8352208, 45.7471361], [-68.8350154, 45.746957], [-68.8343307, 45.7470406], [-68.8341253, 45.7474228], [-68.8343821, 45.7476737], [-68.8347929, 45.7475781], [-68.8352208, 45.7471361]], [[-68.8023338, 45.7492205], [-68.8021906, 45.7492761], [-68.8019731, 45.7492168], [-68.8018935, 45.7490872], [-68.8019572, 45.7488984], [-68.8022914, 45.7489836], [-68.8023816, 45.7491132], [-68.8023338, 45.7492205]], [[-68.8095608, 45.7861068], [-68.8098263, 45.7860422], [-68.8095186, 45.7858658], [-68.8092152, 45.7858629], [-68.8091604, 45.7859364], [-68.8092362, 45.7860627], [-68.8095608, 45.7861068]], [[-68.7714894, 45.772885], [-68.7716141, 45.7730626], [-68.7714634, 45.7731858], [-68.7712763, 45.7732438], [-68.7710373, 45.7734033], [-68.770949, 45.7734105], [-68.7707411, 45.7731749], [-68.7708295, 45.7729937], [-68.7712607, 45.772885], [-68.7714894, 45.772885]], [[-68.8264771, 45.7394004], [-68.8262468, 45.7394596], [-68.8260529, 45.7394215], [-68.8259983, 45.7392904], [-68.826265, 45.7389901], [-68.8263377, 45.7390112], [-68.8264589, 45.7390789], [-68.8265013, 45.7392185], [-68.8264771, 45.7394004]], [[-68.8292583, 45.7408429], [-68.8293012, 45.7404236], [-68.8290222, 45.7403487], [-68.8287218, 45.7404835], [-68.8284858, 45.7408879], [-68.8287862, 45.7410376], [-68.8292583, 45.7408429]], [[-68.8262604, 45.7460329], [-68.825799, 45.7461498], [-68.8255157, 45.7459917], [-68.8255251, 45.745616], [-68.8259928, 45.745383], [-68.8263254, 45.7452391], [-68.8265821, 45.744966], [-68.8269085, 45.7449382], [-68.8268886, 45.7451538], [-68.8264425, 45.7453678], [-68.8266394, 45.7455782], [-68.8265945, 45.7457243], [-68.8263278, 45.7459904], [-68.8262604, 45.7460329]], [[-68.8283961, 45.7492012], [-68.8286133, 45.7491089], [-68.8287644, 45.7488255], [-68.8287833, 45.7484235], [-68.8290289, 45.7482126], [-68.8291139, 45.7477974], [-68.8290289, 45.7477513], [-68.8275461, 45.7484169], [-68.8273478, 45.7487201], [-68.8275084, 45.749043], [-68.8283961, 45.7492012]], [[-68.8314722, 45.7433096], [-68.8320086, 45.7428005], [-68.8318584, 45.7423213], [-68.8309787, 45.7421566], [-68.8304208, 45.7424711], [-68.8283394, 45.7431], [-68.8280604, 45.7434594], [-68.8283823, 45.7438787], [-68.8286612, 45.7440135], [-68.8288329, 45.7446873], [-68.8292835, 45.744882], [-68.8296268, 45.7447772], [-68.829777, 45.7442381], [-68.8294123, 45.7438937], [-68.8295196, 45.743699], [-68.8314722, 45.7433096]], [[-68.7430766, 45.7605915], [-68.7430656, 45.7605946], [-68.743059, 45.7606045], [-68.7430447, 45.7606176], [-68.7430425, 45.760626], [-68.7430502, 45.7606359], [-68.7430623, 45.7606398], [-68.7430766, 45.7606459], [-68.7430875, 45.7606451], [-68.7430919, 45.7606367], [-68.7430875, 45.7606275], [-68.7430787, 45.7606145], [-68.7430744, 45.7606045], [-68.7430766, 45.7605984], [-68.7430766, 45.7605915]], [[-68.7436831, 45.7603949], [-68.7436546, 45.7603788], [-68.7436371, 45.7603635], [-68.7436393, 45.7603581], [-68.7436579, 45.7603512], [-68.7436809, 45.7603528], [-68.7436897, 45.7603627], [-68.7436941, 45.7603757], [-68.7436919, 45.760388], [-68.7436831, 45.7603949]], [[-68.7440199, 45.7609619], [-68.743999, 45.7609642], [-68.7439804, 45.7609642], [-68.7439727, 45.7609596], [-68.7439727, 45.7609459], [-68.7439815, 45.760939], [-68.74401, 45.7609382], [-68.744021, 45.7609474], [-68.7440199, 45.7609619]], [[-68.7443819, 45.7607423], [-68.7443994, 45.7607584], [-68.7444455, 45.7607415], [-68.7444466, 45.7607354], [-68.7444235, 45.7607308], [-68.7444049, 45.7607209], [-68.7444005, 45.7607323], [-68.744395, 45.7607385], [-68.7443819, 45.7607423]], [[-68.7436524, 45.7610882], [-68.7436787, 45.7610836], [-68.7436952, 45.7610698], [-68.7436908, 45.7610507], [-68.74367, 45.7610407], [-68.7436535, 45.7610476], [-68.7436393, 45.7610706], [-68.7436524, 45.7610882]], [[-68.7441954, 45.7609657], [-68.74418, 45.7609635], [-68.7441734, 45.7609474], [-68.7441658, 45.7609183], [-68.7441745, 45.7609122], [-68.7441943, 45.7609114], [-68.7442074, 45.7609129], [-68.7442096, 45.7609405], [-68.7442053, 45.7609558], [-68.7441954, 45.7609657]], [[-68.8297268, 45.7324193], [-68.8297408, 45.7324167], [-68.8297381, 45.7324081], [-68.8297142, 45.732406], [-68.8297095, 45.7324152], [-68.8297268, 45.7324193]], [[-68.8284214, 45.7297878], [-68.8284214, 45.7297791], [-68.8284097, 45.7297769], [-68.8284003, 45.7297807], [-68.8283817, 45.7297791], [-68.8283817, 45.7297867], [-68.8284011, 45.729797], [-68.8284214, 45.7297878]], [[-68.8338589, 45.7294072], [-68.8338851, 45.7294409], [-68.833961, 45.7294525], [-68.8340384, 45.7294467], [-68.8340839, 45.7294159], [-68.8341184, 45.7293812], [-68.8341171, 45.7293397], [-68.8341281, 45.7293041], [-68.8341129, 45.7292809], [-68.834066, 45.7292867], [-68.8340204, 45.7292771], [-68.83399, 45.7292983], [-68.8339707, 45.729332], [-68.8339141, 45.7293465], [-68.8338589, 45.7294072]], [[-68.8276746, 45.7276659], [-68.8276599, 45.7276619], [-68.8276428, 45.7276676], [-68.8276347, 45.7276778], [-68.8276355, 45.7276915], [-68.8276558, 45.7276943], [-68.8276705, 45.7276909], [-68.827677, 45.727679], [-68.8276746, 45.7276659]], [[-68.789472, 45.7424299], [-68.7894099, 45.7424218], [-68.7893781, 45.7423815], [-68.7893636, 45.7423371], [-68.7893882, 45.7422927], [-68.7894301, 45.7422584], [-68.7894735, 45.7422453], [-68.7895342, 45.7422463], [-68.7895573, 45.7422786], [-68.7895588, 45.7423219], [-68.7895443, 45.7423663], [-68.7895154, 45.7423835], [-68.7895154, 45.7424087], [-68.7894981, 45.7424279], [-68.789472, 45.7424299]], [[-68.783695, 45.7407918], [-68.783727, 45.7409037], [-68.7837128, 45.7410305], [-68.7836237, 45.7411748], [-68.7834811, 45.7413091], [-68.7833707, 45.7414335], [-68.7832388, 45.7415379], [-68.7831319, 45.74162], [-68.7829929, 45.7416648], [-68.7828539, 45.7416673], [-68.7826829, 45.74161], [-68.7826151, 45.7415379], [-68.7826258, 45.7414534], [-68.7826401, 45.741329], [-68.7826686, 45.7411325], [-68.7827292, 45.7409957], [-68.7828218, 45.7408639], [-68.7829466, 45.7407768], [-68.7831034, 45.7407022], [-68.7832851, 45.7407022], [-68.7834313, 45.7407047], [-68.7835738, 45.7407271], [-68.783695, 45.7407918]], [[-68.8132758, 45.7296253], [-68.8132853, 45.7296084], [-68.8132831, 45.7296023], [-68.8132736, 45.729592], [-68.813253, 45.729593], [-68.8132486, 45.729614], [-68.8132655, 45.7296253], [-68.8132758, 45.7296253]], [[-68.8131121, 45.7295477], [-68.8131211, 45.7295406], [-68.8131222, 45.7295304], [-68.8131155, 45.7295225], [-68.8131019, 45.7295154], [-68.8130849, 45.7295201], [-68.8130747, 45.7295304], [-68.8130804, 45.7295438], [-68.8130917, 45.7295454], [-68.8130996, 45.729543], [-68.8131121, 45.7295477]], [[-68.8131637, 45.729609], [-68.8131356, 45.7295821], [-68.8131356, 45.7295741], [-68.8131502, 45.7295682], [-68.8131721, 45.7295748], [-68.8131763, 45.7295857], [-68.8131783, 45.7295923], [-68.8131637, 45.729609]], [[-68.813244, 45.7295428], [-68.8132169, 45.7295442], [-68.8132033, 45.7295304], [-68.8131877, 45.7295231], [-68.8131752, 45.7295108], [-68.8131752, 45.7294984], [-68.8131877, 45.7294941], [-68.8132169, 45.729521], [-68.8132231, 45.7295326], [-68.813244, 45.7295428]], [[-68.813195, 45.7296686], [-68.8132117, 45.7296584], [-68.8132169, 45.7296475], [-68.8132044, 45.7296424], [-68.8131908, 45.7296279], [-68.8131679, 45.7296199], [-68.8131523, 45.7296192], [-68.8131325, 45.7296264], [-68.8131502, 45.7296468], [-68.8131731, 45.7296548], [-68.8131825, 45.7296657], [-68.813195, 45.7296686]], [[-68.8145699, 45.7316331], [-68.8145593, 45.7316538], [-68.814572, 45.731673], [-68.8145974, 45.7316759], [-68.8146291, 45.7316877], [-68.8146524, 45.7316862], [-68.8146736, 45.7316759], [-68.8147032, 45.73167], [-68.8147159, 45.7316552], [-68.8147709, 45.7316227], [-68.8147772, 45.7315976], [-68.8147671, 45.7315812], [-68.8147455, 45.7315696], [-68.8147229, 45.7314713], [-68.8146909, 45.7314507], [-68.8146545, 45.7314529], [-68.8146206, 45.731447], [-68.8145783, 45.7314529], [-68.8145529, 45.7314691], [-68.8145212, 45.7314706], [-68.8144894, 45.7314647], [-68.8144683, 45.7314676], [-68.8144492, 45.7314795], [-68.8144323, 45.7315075], [-68.8144387, 45.7315312], [-68.8144238, 45.7315489], [-68.8144238, 45.7315725], [-68.8144471, 45.7316021], [-68.8144704, 45.7316065], [-68.8144492, 45.7316168], [-68.8144662, 45.7316301], [-68.8144916, 45.7316213], [-68.8145297, 45.7316168], [-68.8145699, 45.7316331]], [[-68.8136152, 45.7299527], [-68.8135919, 45.7299781], [-68.8135672, 45.7299812], [-68.8135512, 45.729974], [-68.8135512, 45.7299497], [-68.8135759, 45.7299517], [-68.8135798, 45.7299459], [-68.813605, 45.7299446], [-68.8136117, 45.7299466], [-68.8136152, 45.7299527]], [[-68.8136822, 45.7299192], [-68.813672, 45.7299283], [-68.8136632, 45.7299436], [-68.8136269, 45.7299659], [-68.8136327, 45.7299852], [-68.8136778, 45.7300086], [-68.813688, 45.7300035], [-68.8136822, 45.7299791], [-68.8136996, 45.7299669], [-68.813704, 45.7299446], [-68.8136822, 45.7299192]], [[-68.81355, 45.7296225], [-68.8135269, 45.7295983], [-68.8134999, 45.7295983], [-68.8134633, 45.7295821], [-68.8134402, 45.7295902], [-68.8134132, 45.7295929], [-68.8133304, 45.7296104], [-68.8132881, 45.7296332], [-68.813265, 45.7296359], [-68.8132418, 45.7296601], [-68.813211, 45.7296736], [-68.8131841, 45.7297031], [-68.8131802, 45.7297233], [-68.813159, 45.7297408], [-68.8131725, 45.7297529], [-68.8131802, 45.7297703], [-68.8131802, 45.7297892], [-68.8132746, 45.7297918], [-68.8133054, 45.7297892], [-68.8133112, 45.7298107], [-68.8133555, 45.7298039], [-68.8133709, 45.7298187], [-68.8133882, 45.7298577], [-68.8134248, 45.7298564], [-68.8134248, 45.7298429], [-68.8134325, 45.7298268], [-68.8134556, 45.7298214], [-68.8134729, 45.7298322], [-68.813496, 45.7298308], [-68.8135076, 45.7298147], [-68.8135153, 45.7297596], [-68.8135018, 45.7297381], [-68.8135172, 45.7297193], [-68.8135037, 45.7297125], [-68.8134556, 45.7297166], [-68.8134325, 45.7297112], [-68.813419, 45.7296991], [-68.8134209, 45.7296332], [-68.8134383, 45.7296157], [-68.8134787, 45.7296211], [-68.8135134, 45.7296547], [-68.8135423, 45.7296534], [-68.8135577, 45.7296467], [-68.81355, 45.7296225]], [[-68.8352039, 45.7333312], [-68.8350776, 45.7333377], [-68.8348368, 45.7334242], [-68.8345117, 45.7335858], [-68.8342802, 45.7337229], [-68.8342194, 45.733829], [-68.8343667, 45.7338862], [-68.8346146, 45.7337882], [-68.8348718, 45.7337441], [-68.8352437, 45.7336495], [-68.8353325, 45.7336185], [-68.8354237, 45.7335287], [-68.8354331, 45.7334699], [-68.8353957, 45.733385], [-68.8353325, 45.7333573], [-68.8352039, 45.7333312]], [[-68.8357651, 45.7343905], [-68.8354962, 45.7345586], [-68.8354027, 45.7347774], [-68.8352413, 45.7350499], [-68.8350355, 45.7352066], [-68.8345982, 45.7353723], [-68.8343831, 45.735418], [-68.8339715, 45.735591], [-68.8336675, 45.7357445], [-68.8336628, 45.7358685], [-68.8336722, 45.7359142], [-68.833892, 45.735986], [-68.83421, 45.7360121], [-68.8343831, 45.7359958], [-68.8349864, 45.7358652], [-68.8352109, 45.7358685], [-68.8354869, 45.7360056], [-68.8356131, 45.7362276], [-68.8359359, 45.7361068], [-68.8361136, 45.7359207], [-68.8364644, 45.7354539], [-68.8364456, 45.7352124], [-68.83631, 45.7348533], [-68.8361136, 45.7345856], [-68.8359826, 45.734393], [-68.8358844, 45.7343832], [-68.8357651, 45.7343905]], [[-68.7797183, 45.7461189], [-68.779556, 45.7462321], [-68.7795203, 45.7466963], [-68.7793581, 45.7471153], [-68.7791796, 45.7473779], [-68.778907, 45.7476134], [-68.7784073, 45.747815], [-68.7781931, 45.7480142], [-68.7782451, 45.7481365], [-68.7785047, 45.7481705], [-68.7787643, 45.7481705], [-68.7790628, 45.7480663], [-68.7792932, 45.747892], [-68.7795333, 45.7476768], [-68.7797183, 45.7474345], [-68.7798708, 45.7472285], [-68.7799422, 45.7468277], [-68.7799292, 45.7465831], [-68.7799357, 45.7464427], [-68.7799162, 45.7463136], [-68.7798676, 45.7462117], [-68.7797735, 45.7461325], [-68.7797183, 45.7461189]], [[-68.77026, 45.765202], [-68.770146, 45.765211], [-68.769898, 45.765341], [-68.769825, 45.765493], [-68.769957, 45.765548], [-68.770109, 45.765539], [-68.770414, 45.76545], [-68.770577, 45.765319], [-68.770534, 45.765238], [-68.77026, 45.765202]], [[-68.794004, 45.734856], [-68.793906, 45.734878], [-68.793466, 45.735197], [-68.793386, 45.735476], [-68.793174, 45.735711], [-68.793159, 45.735818], [-68.793225, 45.735894], [-68.793577, 45.735908], [-68.79553, 45.735754], [-68.79562, 45.735678], [-68.795506, 45.735381], [-68.795489, 45.734976], [-68.795355, 45.734957], [-68.794955, 45.735186], [-68.794777, 45.735208], [-68.794433, 45.735109], [-68.794173, 45.734897], [-68.794004, 45.734856]], [[-68.808862, 45.752474], [-68.809306, 45.752421], [-68.80943, 45.75234], [-68.80941, 45.752223], [-68.809055, 45.751871], [-68.808794, 45.751826], [-68.808305, 45.751883], [-68.808123, 45.751946], [-68.808038, 45.752045], [-68.808092, 45.752423], [-68.808184, 45.752522], [-68.808419, 45.752559], [-68.808862, 45.752474]], [[-68.770024, 45.7676], [-68.769868, 45.767618], [-68.769731, 45.767707], [-68.769679, 45.767824], [-68.769668, 45.768261], [-68.769773, 45.768473], [-68.769969, 45.768572], [-68.771034, 45.76879], [-68.771229, 45.768692], [-68.771222, 45.76848], [-68.771117, 45.768358], [-68.770655, 45.768101], [-68.770561, 45.767862], [-68.77041, 45.7677], [-68.770024, 45.7676]], [[-68.783082, 45.743949], [-68.783002, 45.743958], [-68.782773, 45.744187], [-68.782348, 45.744785], [-68.782322, 45.744933], [-68.782451, 45.744992], [-68.7831, 45.744687], [-68.783234, 45.744552], [-68.783287, 45.744292], [-68.783223, 45.744021], [-68.783082, 45.743949]], [[-68.819339, 45.74259], [-68.819313, 45.742599], [-68.819126, 45.742639], [-68.818998, 45.74272], [-68.818908, 45.742837], [-68.818899, 45.742963], [-68.818999, 45.743017], [-68.819097, 45.743013], [-68.81952, 45.742932], [-68.819637, 45.742852], [-68.819627, 45.742672], [-68.819472, 45.742595], [-68.819339, 45.74259]], [[-68.823647, 45.741886], [-68.823562, 45.74189], [-68.823422, 45.74193], [-68.823218, 45.74216], [-68.82289, 45.742182], [-68.822417, 45.742091], [-68.822207, 45.742298], [-68.822149, 45.742473], [-68.822174, 45.742613], [-68.822388, 45.743049], [-68.822407, 45.743382], [-68.822542, 45.743477], [-68.822723, 45.743504], [-68.822937, 45.743442], [-68.823266, 45.743132], [-68.82393, 45.742291], [-68.823932, 45.742026], [-68.823849, 45.741949], [-68.823647, 45.741886]], [[-68.821751, 45.739209], [-68.821584, 45.739209], [-68.821061, 45.739507], [-68.821029, 45.739781], [-68.821257, 45.739987], [-68.821616, 45.739987], [-68.821845, 45.739895], [-68.822041, 45.73969], [-68.822041, 45.739301], [-68.821751, 45.739209]], [[-68.818521, 45.741135], [-68.818427, 45.741144], [-68.81789, 45.741377], [-68.817794, 45.741598], [-68.818029, 45.741719], [-68.818639, 45.741734], [-68.818741, 45.741721], [-68.818836, 45.741644], [-68.818857, 45.741388], [-68.818745, 45.74119], [-68.818521, 45.741135]], [[-68.806949, 45.728398], [-68.80681, 45.728407], [-68.806518, 45.728645], [-68.80628, 45.729072], [-68.8062486, 45.7292114], [-68.8062632, 45.7292586], [-68.8062917, 45.7293412], [-68.8063196, 45.7293702], [-68.8063435, 45.7294436], [-68.8063636, 45.7294764], [-68.806376, 45.7294881], [-68.8063994, 45.729469], [-68.8064298, 45.7295162], [-68.8064159, 45.7296059], [-68.8064322, 45.7296075], [-68.8064472, 45.7295941], [-68.8064659, 45.7295824], [-68.8064602, 45.7296065], [-68.8064716, 45.7296178], [-68.806536, 45.7297402], [-68.8065383, 45.729769], [-68.8065165, 45.7298853], [-68.8064358, 45.7299596], [-68.8064514, 45.7299762], [-68.8064814, 45.7299775], [-68.8065033, 45.7300099], [-68.8065022, 45.7300318], [-68.8064949, 45.7300511], [-68.8065017, 45.7300717], [-68.8064082, 45.7300935], [-68.8063924, 45.7301163], [-68.8063623, 45.7301189], [-68.8063555, 45.7301432], [-68.8063547, 45.7301756], [-68.8063403, 45.7301746], [-68.8063072, 45.7301419], [-68.8062907, 45.7301136], [-68.8062773, 45.730125], [-68.806277, 45.7301458], [-68.8062604, 45.7301703], [-68.8062426, 45.7301852], [-68.8062406, 45.7301723], [-68.8062466, 45.7301606], [-68.8062344, 45.7301618], [-68.8062277, 45.7301805], [-68.8062121, 45.7302027], [-68.8062176, 45.7302215], [-68.8061988, 45.7302304], [-68.8062261, 45.7302366], [-68.8062253, 45.7302459], [-68.8062501, 45.7302453], [-68.8062891, 45.7302758], [-68.80632, 45.7302978], [-68.8063506, 45.7303511], [-68.8063952, 45.730393], [-68.8064146, 45.7303949], [-68.8064328, 45.7303783], [-68.806468, 45.7303974], [-68.8064825, 45.7304238], [-68.8065055, 45.7304436], [-68.806502, 45.730466], [-68.8065393, 45.7304659], [-68.8065528, 45.7304375], [-68.8065881, 45.7304123], [-68.8066177, 45.7304253], [-68.8066158, 45.7304437], [-68.8066434, 45.7304546], [-68.8067149, 45.7304469], [-68.8067787, 45.7304287], [-68.8068114, 45.7304318], [-68.8068225, 45.7304454], [-68.8068137, 45.7304598], [-68.8067923, 45.7304671], [-68.8067571, 45.7305006], [-68.8067588, 45.7305385], [-68.8067687, 45.7305463], [-68.8068196, 45.7305426], [-68.8068516, 45.7305221], [-68.8068492, 45.7305029], [-68.8068899, 45.7304945], [-68.8068878, 45.730476], [-68.8068989, 45.7304486], [-68.8069273, 45.7304301], [-68.8069701, 45.7304569], [-68.8069932, 45.7304829], [-68.8069946, 45.7305031], [-68.8070124, 45.7305127], [-68.8070203, 45.7304947], [-68.8070048, 45.7304724], [-68.8070151, 45.7304423], [-68.8070512, 45.7304216], [-68.8071235, 45.7304602], [-68.8071906, 45.7304377], [-68.8072218, 45.7303962], [-68.8072429, 45.7303636], [-68.8072955, 45.7303739], [-68.8073337, 45.7304161], [-68.807356, 45.7304555], [-68.8074031, 45.7304714], [-68.8074303, 45.7304995], [-68.8074539, 45.7304875], [-68.8074958, 45.7304851], [-68.8074818, 45.7304586], [-68.807526, 45.7304093], [-68.8075937, 45.7304294], [-68.807854, 45.730416], [-68.807971, 45.730209], [-68.807983, 45.729588], [-68.808088, 45.72926], [-68.808079, 45.729111], [-68.807845, 45.728818], [-68.807607, 45.728651], [-68.807172, 45.728434], [-68.806949, 45.728398]], [[-68.777789, 45.762876], [-68.77768, 45.762885], [-68.777516, 45.762988], [-68.777049, 45.763636], [-68.776789, 45.763883], [-68.776626, 45.763914], [-68.775999, 45.763836], [-68.775334, 45.763943], [-68.774533, 45.764229], [-68.773982, 45.764588], [-68.773247, 45.76559], [-68.773195, 45.765752], [-68.773274, 45.766135], [-68.773399, 45.766248], [-68.773595, 45.766316], [-68.77383, 45.766329], [-68.774436, 45.766187], [-68.775451, 45.765469], [-68.775816, 45.765321], [-68.776494, 45.765142], [-68.777198, 45.765153], [-68.777825, 45.76528], [-68.778373, 45.765308], [-68.778817, 45.765232], [-68.779064, 45.765071], [-68.779142, 45.764931], [-68.779128, 45.76463], [-68.778792, 45.764022], [-68.778143, 45.763008], [-68.77792, 45.762877], [-68.777789, 45.762876]], [[-68.808722, 45.748702], [-68.808627, 45.748702], [-68.808288, 45.748846], [-68.808068, 45.749192], [-68.807667, 45.749538], [-68.807674, 45.74965], [-68.807754, 45.749731], [-68.808077, 45.749781], [-68.80881, 45.749652], [-68.809052, 45.74958], [-68.80916, 45.749482], [-68.809205, 45.749275], [-68.809137, 45.749041], [-68.808924, 45.748775], [-68.808722, 45.748702]], [[-68.8142888, 45.7474082], [-68.8141788, 45.7474253], [-68.8140134, 45.7474886], [-68.8140178, 45.7475167], [-68.8140021, 45.747571], [-68.8139386, 45.747631], [-68.8139116, 45.747612], [-68.8138498, 45.7476435], [-68.8137504, 45.7477479], [-68.8137618, 45.7477806], [-68.8136738, 45.7478554], [-68.8135859, 45.7478163], [-68.8134622, 45.7478705], [-68.8133446, 45.7479074], [-68.8133506, 45.7478607], [-68.8133106, 45.7478662], [-68.8132815, 45.7479338], [-68.8130656, 45.7479829], [-68.81277, 45.7479847], [-68.8126453, 45.747995], [-68.8125402, 45.7481125], [-68.8125327, 45.7481924], [-68.8126021, 45.7482754], [-68.812732, 45.7482988], [-68.812826, 45.748304], [-68.81308, 45.748201], [-68.813648, 45.748071], [-68.8141576, 45.7477833], [-68.8142326, 45.7476722], [-68.8142167, 45.7475646], [-68.8142926, 45.7474676], [-68.8142888, 45.7474082]], [[-68.8098939, 45.7294827], [-68.8098652, 45.7295209], [-68.8097064, 45.7295751], [-68.8095103, 45.7296267], [-68.8094613, 45.7296797], [-68.8093817, 45.7297166], [-68.8093142, 45.7297264], [-68.8093229, 45.7297521], [-68.8093104, 45.7297779], [-68.8092854, 45.7297944], [-68.8092143, 45.7298218], [-68.8091698, 45.7298232], [-68.8090887, 45.7298629], [-68.8090164, 45.7298888], [-68.8090112, 45.7299249], [-68.8089707, 45.7299342], [-68.8089313, 45.7299214], [-68.8089103, 45.7299339], [-68.8089419, 45.72995], [-68.8089779, 45.7299768], [-68.8089563, 45.7299999], [-68.8088911, 45.730019], [-68.8089195, 45.7300554], [-68.8089199, 45.7300986], [-68.8088763, 45.7301302], [-68.8088315, 45.7301923], [-68.8087978, 45.7302775], [-68.8087991, 45.7304133], [-68.8088404, 45.7305117], [-68.8089308, 45.7305495], [-68.8089277, 45.7305872], [-68.8090149, 45.7306551], [-68.8091009, 45.7307058], [-68.809229, 45.7307383], [-68.8093162, 45.7307672], [-68.8093544, 45.7308158], [-68.809412, 45.7309046], [-68.8094151, 45.7309903], [-68.8094629, 45.7310475], [-68.8094828, 45.7310954], [-68.8094198, 45.7311004], [-68.8094159, 45.7311099], [-68.809509, 45.7311338], [-68.8095183, 45.7311717], [-68.8095396, 45.7311921], [-68.809591, 45.731202], [-68.8096596, 45.7312109], [-68.8097768, 45.7311756], [-68.8097938, 45.7311313], [-68.8098236, 45.7311004], [-68.8098911, 45.7311086], [-68.809951, 45.731094], [-68.81, 45.7310772], [-68.8100365, 45.7310481], [-68.8100754, 45.7310469], [-68.8101375, 45.7310822], [-68.810212, 45.731086], [-68.8102479, 45.731105], [-68.8102979, 45.7311166], [-68.8103191, 45.7311072], [-68.8103438, 45.7311053], [-68.810373, 45.7311229], [-68.8103939, 45.7311475], [-68.8104394, 45.7311559], [-68.8104874, 45.7311713], [-68.8105133, 45.7312038], [-68.8105794, 45.7312186], [-68.8106314, 45.7312498], [-68.8106581, 45.7312579], [-68.8106933, 45.7312487], [-68.8107336, 45.7312517], [-68.810764, 45.7312733], [-68.8107852, 45.7312669], [-68.8108206, 45.7312631], [-68.81084, 45.7312736], [-68.8108556, 45.7312619], [-68.8108764, 45.7312626], [-68.8108986, 45.7312714], [-68.8109234, 45.7312742], [-68.8109093, 45.7312519], [-68.8109263, 45.7312494], [-68.8109356, 45.7312321], [-68.8109356, 45.7311819], [-68.8109527, 45.7311698], [-68.8109973, 45.7311732], [-68.8109918, 45.7311572], [-68.8109625, 45.7311163], [-68.810922, 45.7311138], [-68.810924, 45.7310934], [-68.8109694, 45.7310993], [-68.8110009, 45.7310929], [-68.8110114, 45.7310656], [-68.810973, 45.7310438], [-68.8109564, 45.7310044], [-68.810945, 45.7309538], [-68.8109224, 45.7309368], [-68.8109178, 45.7308943], [-68.8109354, 45.7308649], [-68.8109042, 45.730848], [-68.810873, 45.7308473], [-68.810846, 45.730821], [-68.8108328, 45.7307797], [-68.8108101, 45.7307453], [-68.810762, 45.7307241], [-68.8107377, 45.7306986], [-68.8107441, 45.7306599], [-68.8107676, 45.7306258], [-68.8106925, 45.7306277], [-68.8106089, 45.7306193], [-68.8105449, 45.7306021], [-68.8106246, 45.7305886], [-68.8106715, 45.7305688], [-68.8107103, 45.7305402], [-68.8106939, 45.7304819], [-68.8106575, 45.7304632], [-68.8106078, 45.7304702], [-68.8105493, 45.730467], [-68.8105795, 45.7304495], [-68.8106788, 45.7304047], [-68.810627, 45.7303415], [-68.8105159, 45.7302498], [-68.8103554, 45.7300659], [-68.8103292, 45.7299974], [-68.8102871, 45.7299461], [-68.8103039, 45.729866], [-68.8103074, 45.7297924], [-68.810293, 45.729727], [-68.810053, 45.729474], [-68.8098939, 45.7294827]], [[-68.806524, 45.750062], [-68.806648, 45.750013], [-68.806713, 45.749919], [-68.806703, 45.749797], [-68.806353, 45.749369], [-68.80576, 45.749062], [-68.805676, 45.74894], [-68.805785, 45.748711], [-68.806138, 45.748365], [-68.80617, 45.748203], [-68.806121, 45.748086], [-68.805986, 45.748027], [-68.805742, 45.748027], [-68.804905, 45.748259], [-68.804599, 45.74847], [-68.804394, 45.748852], [-68.804427, 45.749109], [-68.804716, 45.749537], [-68.804962, 45.749767], [-68.805484, 45.75006], [-68.806005, 45.750102], [-68.806524, 45.750062]], [[-68.8225248, 45.7345674], [-68.8223851, 45.7345903], [-68.8219347, 45.7347845], [-68.8218982, 45.734835], [-68.8219303, 45.7349407], [-68.8219575, 45.7349547], [-68.8219931, 45.734954], [-68.82206, 45.734971], [-68.8221491, 45.7349562], [-68.8221732, 45.734934], [-68.8222698, 45.7349605], [-68.8223328, 45.7349512], [-68.8223753, 45.7349275], [-68.8224241, 45.7349273], [-68.822461, 45.7349116], [-68.8224972, 45.7348789], [-68.8225381, 45.7348909], [-68.8225948, 45.7349353], [-68.8226833, 45.7349392], [-68.8227679, 45.734919], [-68.8227833, 45.734881], [-68.8228132, 45.7348592], [-68.8228732, 45.7348461], [-68.8229365, 45.7348273], [-68.8229807, 45.7347617], [-68.8229631, 45.7346969], [-68.8228945, 45.7346584], [-68.8228339, 45.7346771], [-68.8227732, 45.7346622], [-68.8227346, 45.734618], [-68.8227379, 45.7345738], [-68.8226617, 45.7345541], [-68.8225248, 45.7345674]], [[-68.8027, 45.729349], [-68.802517, 45.729394], [-68.80238, 45.729488], [-68.802326, 45.729659], [-68.802482, 45.729741], [-68.802704, 45.729714], [-68.803155, 45.72958], [-68.803273, 45.729454], [-68.803137, 45.729359], [-68.8027, 45.729349]], [[-68.792609, 45.733481], [-68.792537, 45.73349], [-68.792171, 45.733719], [-68.791656, 45.733857], [-68.79125, 45.734045], [-68.791164, 45.73414], [-68.791066, 45.734446], [-68.791073, 45.734653], [-68.791243, 45.734865], [-68.791709, 45.735185], [-68.792063, 45.73533], [-68.792252, 45.735361], [-68.792479, 45.735317], [-68.792765, 45.735097], [-68.793266, 45.73445], [-68.793367, 45.734216], [-68.793236, 45.733982], [-68.792714, 45.733513], [-68.792609, 45.733481]], [[-68.7424899, 45.7576202], [-68.7424776, 45.7576315], [-68.7424654, 45.7576332], [-68.7424521, 45.7576257], [-68.7424408, 45.7576547], [-68.7424197, 45.757656], [-68.7424151, 45.7576646], [-68.7423971, 45.7576853], [-68.7423963, 45.7577144], [-68.7424079, 45.7577173], [-68.7423941, 45.7577395], [-68.742399, 45.757757], [-68.7423833, 45.7577711], [-68.7423564, 45.7577861], [-68.7423232, 45.7577684], [-68.7422732, 45.757781], [-68.7422896, 45.7577907], [-68.7423018, 45.7578092], [-68.7423011, 45.757822], [-68.7423081, 45.7578181], [-68.7423136, 45.7578339], [-68.7423052, 45.7578547], [-68.7422793, 45.7578555], [-68.7422729, 45.7578582], [-68.7422378, 45.7578634], [-68.7422066, 45.7578883], [-68.7421427, 45.7580357], [-68.7421493, 45.7580456], [-68.7422056, 45.7580389], [-68.7422296, 45.7580156], [-68.7422073, 45.7580553], [-68.7421613, 45.7580921], [-68.7421488, 45.7581267], [-68.7424083, 45.7583262], [-68.7424265, 45.758331], [-68.7424446, 45.7583309], [-68.7424579, 45.758326], [-68.7424603, 45.7583211], [-68.7424921, 45.7583162], [-68.7424879, 45.7583239], [-68.7424991, 45.7583311], [-68.742525, 45.7583318], [-68.7425525, 45.7583278], [-68.7425689, 45.7583209], [-68.7425969, 45.7583237], [-68.7426178, 45.7583314], [-68.74265, 45.7583458], [-68.7428023, 45.7583839], [-68.7429301, 45.7582738], [-68.7429332, 45.7582679], [-68.7429322, 45.7582563], [-68.7429289, 45.7582462], [-68.7429246, 45.758244], [-68.7429204, 45.758248], [-68.7429091, 45.7582426], [-68.7429012, 45.7582344], [-68.7428931, 45.7582296], [-68.7428798, 45.7582266], [-68.7428695, 45.7582343], [-68.7428131, 45.7582527], [-68.7428055, 45.7582705], [-68.7428016, 45.7582509], [-68.7427913, 45.7582445], [-68.7427795, 45.7582346], [-68.742833, 45.7581993], [-68.7428369, 45.7581562], [-68.742809, 45.7580797], [-68.7428028, 45.7580773], [-68.7427919, 45.7580799], [-68.7427939, 45.7580757], [-68.7427908, 45.7580706], [-68.7427863, 45.7580711], [-68.7427812, 45.7580737], [-68.7427774, 45.7580644], [-68.7427738, 45.7580575], [-68.7427995, 45.7580266], [-68.7427813, 45.7580078], [-68.7427768, 45.7580075], [-68.7427733, 45.7580046], [-68.7427752, 45.7580005], [-68.7427693, 45.7579934], [-68.742764, 45.7579831], [-68.7427775, 45.7579955], [-68.7427923, 45.7580068], [-68.7428236, 45.7579719], [-68.7427397, 45.757799], [-68.7427001, 45.7577805], [-68.7426497, 45.7577998], [-68.742633, 45.7577977], [-68.7426185, 45.7578218], [-68.7426393, 45.7578666], [-68.7426669, 45.7578793], [-68.7426477, 45.7578925], [-68.7426395, 45.7579104], [-68.7425957, 45.7578959], [-68.7426048, 45.7578614], [-68.742573, 45.7578526], [-68.7425879, 45.7578367], [-68.7425678, 45.7578341], [-68.7425743, 45.7578121], [-68.7425324, 45.7577747], [-68.7425141, 45.7577696], [-68.7425326, 45.7577472], [-68.7425175, 45.7576754], [-68.7425092, 45.757656], [-68.7425023, 45.7576453], [-68.7424899, 45.7576202]], [[-68.760433, 45.764313], [-68.760378, 45.764335], [-68.76029, 45.764587], [-68.760331, 45.765064], [-68.760202, 45.765289], [-68.759449, 45.765981], [-68.75933, 45.766178], [-68.759325, 45.766358], [-68.759395, 45.766435], [-68.75959, 45.766512], [-68.759914, 45.766517], [-68.76022, 45.766401], [-68.760519, 45.766136], [-68.760616, 45.765866], [-68.761188, 45.765323], [-68.761266, 45.765161], [-68.761252, 45.764976], [-68.7608, 45.764489], [-68.760545, 45.764318], [-68.760433, 45.764313]], [[-68.760036, 45.774512], [-68.760363, 45.774147], [-68.760593, 45.773621], [-68.760723, 45.773484], [-68.760854, 45.773095], [-68.761018, 45.772958], [-68.761116, 45.772638], [-68.761509, 45.772067], [-68.761509, 45.771838], [-68.761346, 45.771564], [-68.761215, 45.771472], [-68.760889, 45.771495], [-68.760137, 45.771838], [-68.759876, 45.771837], [-68.759451, 45.771563], [-68.759386, 45.77138], [-68.759027, 45.771265], [-68.758047, 45.771151], [-68.756838, 45.771219], [-68.756446, 45.770944], [-68.756479, 45.770647], [-68.756741, 45.770487], [-68.757394, 45.770327], [-68.757688, 45.770122], [-68.757591, 45.769847], [-68.757199, 45.769619], [-68.755729, 45.769321], [-68.75488, 45.769229], [-68.754096, 45.769388], [-68.753606, 45.769708], [-68.752886, 45.770371], [-68.752918, 45.77076], [-68.753147, 45.770943], [-68.753376, 45.771034], [-68.755597, 45.770875], [-68.75576, 45.771035], [-68.755793, 45.771333], [-68.755694, 45.771447], [-68.756053, 45.771996], [-68.756183, 45.772613], [-68.756314, 45.772682], [-68.756509, 45.773162], [-68.757423, 45.774625], [-68.757749, 45.774923], [-68.758337, 45.775129], [-68.759252, 45.775038], [-68.760036, 45.774512]], [[-68.763757, 45.771809], [-68.763477, 45.771812], [-68.763294, 45.771848], [-68.762988, 45.771991], [-68.76291, 45.772054], [-68.762806, 45.772311], [-68.762885, 45.772428], [-68.763009, 45.772478], [-68.763433, 45.772496], [-68.763857, 45.772412], [-68.764097, 45.772043], [-68.764116, 45.771922], [-68.764051, 45.771859], [-68.763757, 45.771809]], [[-68.749483, 45.783745], [-68.749483, 45.783677], [-68.749313, 45.783546], [-68.749235, 45.783123], [-68.749144, 45.78301], [-68.748929, 45.782897], [-68.748675, 45.782591], [-68.748551, 45.782563], [-68.74827, 45.782599], [-68.74784, 45.782476], [-68.74769, 45.782499], [-68.747638, 45.782534], [-68.747682, 45.78307], [-68.747525, 45.783425], [-68.747615, 45.783695], [-68.747602, 45.783916], [-68.747445, 45.784181], [-68.747262, 45.784356], [-68.747157, 45.784613], [-68.747202, 45.784797], [-68.747326, 45.784887], [-68.747829, 45.784943], [-68.748288, 45.784939], [-68.74867, 45.78521], [-68.748851, 45.785242], [-68.748935, 45.785174], [-68.748964, 45.785058], [-68.7488, 45.784697], [-68.74882, 45.784567], [-68.749178, 45.784387], [-68.749344, 45.784199], [-68.749437, 45.784208], [-68.749483, 45.784388], [-68.749792, 45.784429], [-68.750359, 45.784399], [-68.750483, 45.784228], [-68.750396, 45.78363], [-68.750291, 45.783373], [-68.750166, 45.783377], [-68.749822, 45.783669], [-68.749483, 45.783745]], [[-68.758012, 45.778106], [-68.757777, 45.778133], [-68.756995, 45.778347], [-68.756258, 45.778458], [-68.756043, 45.778565], [-68.756057, 45.778718], [-68.756331, 45.778813], [-68.756957, 45.778702], [-68.757407, 45.778712], [-68.757884, 45.778637], [-68.758287, 45.778426], [-68.758365, 45.778305], [-68.758352, 45.77821], [-68.758271, 45.778147], [-68.758012, 45.778106]], [[-68.736179, 45.748886], [-68.736115, 45.748891], [-68.735945, 45.748949], [-68.735864, 45.749079], [-68.73594, 45.749169], [-68.736125, 45.749201], [-68.736319, 45.749139], [-68.73637, 45.749013], [-68.736297, 45.748918], [-68.736179, 45.748886]], [[-68.755846, 45.763912], [-68.755755, 45.763912], [-68.755657, 45.763956], [-68.755566, 45.764109], [-68.755555, 45.764699], [-68.755798, 45.765023], [-68.756125, 45.765073], [-68.756412, 45.764858], [-68.756488, 45.764647], [-68.75646, 45.764444], [-68.756226, 45.764102], [-68.756095, 45.763993], [-68.755846, 45.763912]], [[-68.752719, 45.77246], [-68.752569, 45.772464], [-68.752341, 45.772621], [-68.752133, 45.772891], [-68.752017, 45.773251], [-68.752057, 45.773318], [-68.752213, 45.773373], [-68.752513, 45.773301], [-68.752852, 45.773064], [-68.752928, 45.7726], [-68.75283, 45.772483], [-68.752719, 45.77246]], [[-68.7618275, 45.7750063], [-68.76178, 45.775018], [-68.7616784, 45.7750827], [-68.7616611, 45.7751447], [-68.7615693, 45.7752432], [-68.761535, 45.775315], [-68.7615353, 45.775357], [-68.7614976, 45.7753851], [-68.7614597, 45.7754856], [-68.7614333, 45.7755941], [-68.7614473, 45.775614], [-68.7615073, 45.7756365], [-68.7615728, 45.7756402], [-68.7616034, 45.7756245], [-68.761657, 45.775574], [-68.7617297, 45.7755585], [-68.7618024, 45.7755677], [-68.761848, 45.7755567], [-68.7618742, 45.7755185], [-68.7620109, 45.7754449], [-68.762123, 45.7753268], [-68.7621335, 45.7752259], [-68.7620712, 45.7751757], [-68.7620626, 45.7751147], [-68.7620261, 45.7750409], [-68.761944, 45.7750062], [-68.7618275, 45.7750063]], [[-68.739873, 45.754313], [-68.739693, 45.754371], [-68.739561, 45.754475], [-68.739542, 45.754556], [-68.739548, 45.754749], [-68.739654, 45.75492], [-68.739836, 45.755092], [-68.740004, 45.755173], [-68.740205, 45.755151], [-68.740292, 45.755102], [-68.740368, 45.754895], [-68.740325, 45.754647], [-68.740113, 45.754372], [-68.739873, 45.754313]], [[-68.758813, 45.768846], [-68.758657, 45.768864], [-68.758565, 45.768913], [-68.758527, 45.769037], [-68.758596, 45.769174], [-68.758769, 45.769273], [-68.759024, 45.769341], [-68.759141, 45.769315], [-68.759232, 45.769234], [-68.759264, 45.769067], [-68.759187, 45.768953], [-68.758813, 45.768846]], [[-68.751538, 45.772525], [-68.751466, 45.772557], [-68.751213, 45.772903], [-68.75107, 45.772992], [-68.750014, 45.773309], [-68.74978, 45.773552], [-68.749839, 45.773638], [-68.749917, 45.773647], [-68.751065, 45.773415], [-68.751397, 45.773231], [-68.751631, 45.772935], [-68.751709, 45.772719], [-68.751689, 45.772611], [-68.751629, 45.772534], [-68.751538, 45.772525]], [[-68.753664, 45.755694], [-68.75354, 45.755694], [-68.7535073, 45.7557102], [-68.753397, 45.755765], [-68.75315, 45.756053], [-68.752511, 45.756191], [-68.752115, 45.75646], [-68.752011, 45.756757], [-68.752018, 45.75727], [-68.752261, 45.757379], [-68.75247, 45.757329], [-68.752711, 45.75715], [-68.753376, 45.756904], [-68.753714, 45.756563], [-68.754188, 45.756253], [-68.754105, 45.756077], [-68.753834, 45.75578], [-68.753664, 45.755694]], [[-68.763707, 45.761795], [-68.763602, 45.761808], [-68.762805, 45.76227], [-68.762698, 45.762468], [-68.762673, 45.762644], [-68.762765, 45.762891], [-68.762856, 45.762945], [-68.763124, 45.762978], [-68.763313, 45.762888], [-68.763494, 45.762465], [-68.763904, 45.762156], [-68.763903, 45.762007], [-68.763707, 45.761795]], [[-68.746187, 45.752145], [-68.746058, 45.752163], [-68.745779, 45.75236], [-68.745649, 45.752661], [-68.7457, 45.752792], [-68.745825, 45.752878], [-68.746009, 45.752927], [-68.746272, 45.752915], [-68.746499, 45.75287], [-68.746652, 45.752785], [-68.746727, 45.752529], [-68.746622, 45.752317], [-68.746379, 45.752177], [-68.746187, 45.752145]]]}}