{"type": "FeatureCollection", "properties": {"tile_m": 200.0, "grid_m": 10.0, "open_m": 120.0, "gap_m": 200.0, "far_gap_m": 400.0, "note": "distance to shore is measured to the mainland ring only; islands are land but do not count as shore", "tiles": {"0.3": 237, "0.6": 591, "1.0": 211}, "water_ha": {"0.3": 914.52, "0.6": 2104.51, "1.0": 429.3}}, "features": [{"type": "Feature", "geometry": {"type": "Polygon", "coordinates": [[[-68.81332159092332, 45.78817803394577], [-68.81331558159665, 45.78997816001902], [-68.81588875096817, 45.78998233522175], [-68.81589467746628, 45.78818220888781], [-68.81332159092332, 45.78817803394577]]]}, "properties": {"res_m": 1.0, "why": "near the mainland shore", "water_px": 10, "water_ha": 0.1, "shore_m_median": 10.0, "island_m_median": 391.3, "reach_m_median": 296.0, "open_water_frac": 0.0, "gap_frac": 0.1, "utm": [514310.0, 5070530.0, 514510.0, 5070730.0]}}, {"type": "Feature", "geometry": {"type": "Polygon", "coordinates": [[[-68.8107485049509, 45.788173801059465], [-68.81074241279573, 45.78997392686841], [-68.81331558159665, 45.78997816001902], [-68.81332159092332, 45.78817803394577], [-68.8107485049509, 45.788173801059465]]]}, "properties": {"res_m": 1.0, "why": "near the mainland shore", "water_px": 6, "water_ha": 0.06, "shore_m_median": 10.0, "island_m_median": 364.6, "reach_m_median": null, "open_water_frac": 0.0, "gap_frac": 0.0, "utm": [514510.0, 5070530.0, 514710.0, 5070730.0]}}, {"type": "Feature", "geometry": {"type": "Polygon", "coordinates": [[[-68.80817541955685, 45.78816951022897], [-68.80816924457328, 45.78996963576998], [-68.81074241279573, 45.78997392686841], [-68.8107485049509, 45.788173801059465], [-68.80817541955685, 45.78816951022897]]]}, "properties": {"res_m": 1.0, "why": "near the mainland shore", "water_px": 9, "water_ha": 0.09, "shore_m_median": 10.0, "island_m_median": 253.0, "reach_m_median": 296.0, "open_water_frac": 0.0, "gap_frac": 0.889, "utm": [514710.0, 5070530.0, 514910.0, 5070730.0]}}, {"type": "Feature", "geometry": {"type": "Polygon", "coordinates": [[[-68.80560233474905, 45.788165161454266], [-68.80559607693712, 45.789965286723756], [-68.80816924457328, 45.78996963576998], [-68.80817541955685, 45.78816951022897], [-68.80560233474905, 45.788165161454266]]]}, "properties": {"res_m": 1.0, "why": "near the mainland shore", "water_px": 32, "water_ha": 0.32, "shore_m_median": 20.0, "island_m_median": 286.4, "reach_m_median": 320.0, "open_water_frac": 0.0, "gap_frac": 0.562, "utm": [514910.0, 5070530.0, 515110.0, 5070730.0]}}, {"type": "Feature", "geometry": {"type": "Polygon", "coordinates": [[[-68.79273691977899, 45.78814254841931], [-68.79273024782634, 45.78994267227684], [-68.79530341241296, 45.78994731106154], [-68.7953100015376, 45.78814718691438], [-68.79273691977899, 45.78814254841931]]]}, "properties": {"res_m": 1.0, "why": "near the mainland shore", "water_px": 52, "water_ha": 0.52, "shore_m_median": 10.0, "island_m_median": 20.0, "reach_m_median": 776.0, "open_water_frac": 0.0, "gap_frac": 0.346, "utm": [515910.0, 5070530.0, 516110.0, 5070730.0]}}, {"type": "Feature", "geometry": {"type": "Polygon", "coordinates": [[[-68.7901638386538, 45.78813785198027], [-68.79015708387324, 45.789937975544554], [-68.79273024782634, 45.78994267227684], [-68.79273691977899, 45.78814254841931], [-68.7901638386538, 45.78813785198027]]]}, "properties": {"res_m": 1.0, "why": "near the mainland shore", "water_px": 10, "water_ha": 0.1, "shore_m_median": 10.0, "island_m_median": 153.1, "reach_m_median": 824.0, "open_water_frac": 0.0, "gap_frac": 0.4, "utm": [516110.0, 5070530.0, 516310.0, 5070730.0]}}, {"type": "Feature", "geometry": {"type": "Polygon", "coordinates": [[[-68.82361961791263, 45.78639425838364], [-68.82361394043963, 45.788194386048126], [-68.82618702918603, 45.78819832921284], [-68.82619262383807, 45.78639820130216], [-68.82361961791263, 45.78639425838364]]]}, "properties": {"res_m": 1.0, "why": "near the mainland shore", "water_px": 172, "water_ha": 1.72, "shore_m_median": 40.0, "island_m_median": 1178.4, "reach_m_median": 192.0, "open_water_frac": 0.0, "gap_frac": 0.349, "utm": [513510.0, 5070330.0, 513710.0, 5070530.0]}}, {"type": "Feature", "geometry": {"type": "Polygon", "coordinates": [[[-68.82104661252616, 45.786390257524346], [-68.8210408522323, 45.78819038493902], [-68.82361394043963, 45.788194386048126], [-68.82361961791263, 45.78639425838364], [-68.82104661252616, 45.786390257524346]]]}, "properties": {"res_m": 1.0, "why": "near the mainland shore", "water_px": 254, "water_ha": 2.54, "shore_m_median": 60.8, "island_m_median": 974.7, "reach_m_median": 200.0, "open_water_frac": 0.059, "gap_frac": 0.472, "utm": [513710.0, 5070330.0, 513910.0, 5070530.0]}}, {"type": "Feature", "geometry": {"type": "Polygon", "coordinates": [[[-68.81847360768658, 45.78638619872433], [-68.8184677645719, 45.788186325885576], [-68.8210408522323, 45.78819038493902], [-68.82104661252616, 45.786390257524346], [-68.81847360768658, 45.78638619872433]]]}, "properties": {"res_m": 1.0, "why": "near the mainland shore", "water_px": 287, "water_ha": 2.87, "shore_m_median": 70.7, "island_m_median": 805.0, "reach_m_median": 200.0, "open_water_frac": 0.139, "gap_frac": 0.397, "utm": [513910.0, 5070330.0, 514110.0, 5070530.0]}}, {"type": "Feature", "geometry": {"type": "Polygon", "coordinates": [[[-68.81590060340173, 45.78638208198361], [-68.81589467746628, 45.78818220888781], [-68.8184677645719, 45.788186325885576], [-68.81847360768658, 45.78638619872433], [-68.81590060340173, 45.78638208198361]]]}, "properties": {"res_m": 1.0, "why": "near the mainland shore", "water_px": 360, "water_ha": 3.6, "shore_m_median": 80.6, "island_m_median": 594.5, "reach_m_median": 208.0, "open_water_frac": 0.267, "gap_frac": 0.528, "utm": [514110.0, 5070330.0, 514310.0, 5070530.0]}}, {"type": "Feature", "geometry": {"type": "Polygon", "coordinates": [[[-68.81332759967947, 45.78637790730223], [-68.81332159092332, 45.78817803394577], [-68.81589467746628, 45.78818220888781], [-68.81590060340173, 45.78638208198361], [-68.81332759967947, 45.78637790730223]]]}, "properties": {"res_m": 1.0, "why": "near the mainland shore", "water_px": 373, "water_ha": 3.73, "shore_m_median": 92.2, "island_m_median": 406.1, "reach_m_median": 200.0, "open_water_frac": 0.327, "gap_frac": 0.483, "utm": [514310.0, 5070330.0, 514510.0, 5070530.0]}}, {"type": "Feature", "geometry": {"type": "Polygon", "coordinates": [[[-68.81075459652767, 45.78637367468023], [-68.8107485049509, 45.788173801059465], [-68.81332159092332, 45.78817803394577], [-68.81332759967947, 45.78637790730223], [-68.81075459652767, 45.78637367468023]]]}, "properties": {"res_m": 1.0, "why": "near the mainland shore", "water_px": 232, "water_ha": 2.32, "shore_m_median": 42.4, "island_m_median": 251.6, "reach_m_median": 136.0, "open_water_frac": 0.0, "gap_frac": 0.134, "utm": [514510.0, 5070330.0, 514710.0, 5070530.0]}}, {"type": "Feature", "geometry": {"type": "Polygon", "coordinates": [[[-68.80818159395417, 45.78636938411761], [-68.80817541955685, 45.78816951022897], [-68.8107485049509, 45.788173801059465], [-68.81075459652767, 45.78637367468023], [-68.80818159395417, 45.78636938411761]]]}, "properties": {"res_m": 1.0, "why": "near the mainland shore", "water_px": 262, "water_ha": 2.62, "shore_m_median": 50.0, "island_m_median": 111.1, "reach_m_median": 184.0, "open_water_frac": 0.023, "gap_frac": 0.366, "utm": [514710.0, 5070330.0, 514910.0, 5070530.0]}}, {"type": "Feature", "geometry": {"type": "Polygon", "coordinates": [[[-68.80560859196687, 45.786365035614445], [-68.80560233474905, 45.788165161454266], [-68.80817541955685, 45.78816951022897], [-68.80818159395417, 45.78636938411761], [-68.80560859196687, 45.786365035614445]]]}, "properties": {"res_m": 1.0, "why": "near the mainland shore", "water_px": 383, "water_ha": 3.83, "shore_m_median": 100.5, "island_m_median": 237.1, "reach_m_median": 176.0, "open_water_frac": 0.379, "gap_frac": 0.355, "utm": [514910.0, 5070330.0, 515110.0, 5070530.0]}}, {"type": "Feature", "geometry": {"type": "Polygon", "coordinates": [[[-68.8030355905736, 45.786360629170744], [-68.80302925053536, 45.78816075473542], [-68.80560233474905, 45.788165161454266], [-68.80560859196687, 45.786365035614445], [-68.8030355905736, 45.786360629170744]]]}, "properties": {"res_m": 1.0, "why": "near the mainland shore", "water_px": 304, "water_ha": 3.04, "shore_m_median": 70.0, "island_m_median": 394.2, "reach_m_median": 144.0, "open_water_frac": 0.161, "gap_frac": 0.132, "utm": [515110.0, 5070330.0, 515310.0, 5070530.0]}}, {"type": "Feature", "geometry": {"type": "Polygon", "coordinates": [[[-68.80046258978224, 45.78635616478654], [-68.80045616692364, 45.788156290072465], [-68.80302925053536, 45.78816075473542], [-68.8030355905736, 45.786360629170744], [-68.80046258978224, 45.78635616478654]]]}, "properties": {"res_m": 1.0, "why": "near the mainland shore", "water_px": 66, "water_ha": 0.66, "shore_m_median": 28.3, "island_m_median": 513.0, "reach_m_median": 128.0, "open_water_frac": 0.0, "gap_frac": 0.0, "utm": [515310.0, 5070330.0, 515510.0, 5070530.0]}}, {"type": "Feature", "geometry": {"type": "Polygon", "coordinates": [[[-68.79788958960063, 45.786351642461895], [-68.79788308392177, 45.78815176746544], [-68.80045616692364, 45.788156290072465], [-68.80046258978224, 45.78635616478654], [-68.79788958960063, 45.786351642461895]]]}, "properties": {"res_m": 0.6, "why": "far outside the survey's reach", "water_px": 61, "water_ha": 0.61, "shore_m_median": 20.0, "island_m_median": 222.0, "reach_m_median": 424.0, "open_water_frac": 0.0, "gap_frac": 0.967, "utm": [515510.0, 5070330.0, 515710.0, 5070530.0]}}, {"type": "Feature", "geometry": {"type": "Polygon", "coordinates": [[[-68.79531659003666, 45.7863470621968], [-68.7953100015376, 45.78814718691438], [-68.79788308392177, 45.78815176746544], [-68.79788958960063, 45.786351642461895], [-68.79531659003666, 45.7863470621968]]]}, "properties": {"res_m": 0.6, "why": "far outside the survey's reach", "water_px": 101, "water_ha": 1.01, "shore_m_median": 20.0, "island_m_median": 130.0, "reach_m_median": 504.0, "open_water_frac": 0.0, "gap_frac": 0.733, "utm": [515710.0, 5070330.0, 515910.0, 5070530.0]}}, {"type": "Feature", "geometry": {"type": "Polygon", "coordinates": [[[-68.79274359109819, 45.78634242399135], [-68.79273691977899, 45.78814254841931], [-68.7953100015376, 45.78814718691438], [-68.79531659003666, 45.7863470621968], [-68.79274359109819, 45.78634242399135]]]}, "properties": {"res_m": 1.0, "why": "near the mainland shore", "water_px": 100, "water_ha": 1.0, "shore_m_median": 20.0, "island_m_median": 10.0, "reach_m_median": 624.0, "open_water_frac": 0.0, "gap_frac": 0.27, "utm": [515910.0, 5070330.0, 516110.0, 5070530.0]}}, {"type": "Feature", "geometry": {"type": "Polygon", "coordinates": [[[-68.74900271246317, 45.786254709657264], [-68.7489946332138, 45.78805482860835], [-68.7515677031347, 45.78806045214543], [-68.75157569956531, 45.786260332843234], [-68.74900271246317, 45.786254709657264]]]}, "properties": {"res_m": 1.0, "why": "near the mainland shore", "water_px": 35, "water_ha": 0.35, "shore_m_median": 20.0, "island_m_median": 150.0, "reach_m_median": 152.0, "open_water_frac": 0.0, "gap_frac": 0.171, "utm": [519310.0, 5070330.0, 519510.0, 5070530.0]}}, {"type": "Feature", "geometry": {"type": "Polygon", "coordinates": [[[-68.74642972612803, 45.78624902853166], [-68.74642156406, 45.78804914712801], [-68.7489946332138, 45.78805482860835], [-68.74900271246317, 45.786254709657264], [-68.74642972612803, 45.78624902853166]]]}, "properties": {"res_m": 1.0, "why": "near the mainland shore", "water_px": 89, "water_ha": 0.89, "shore_m_median": 22.4, "island_m_median": 161.6, "reach_m_median": 56.0, "open_water_frac": 0.0, "gap_frac": 0.0, "utm": [519510.0, 5070330.0, 519710.0, 5070530.0]}}, {"type": "Feature", "geometry": {"type": "Polygon", "coordinates": [[[-68.8287711416024, 45.784601957556454], [-68.82876563029465, 45.7864020862799], [-68.83133863727453, 45.7864059133168], [-68.83134406576904, 45.78460578435441], [-68.8287711416024, 45.784601957556454]]]}, "properties": {"res_m": 1.0, "why": "near the mainland shore", "water_px": 24, "water_ha": 0.24, "shore_m_median": 17.1, "island_m_median": 1521.5, "reach_m_median": 280.0, "open_water_frac": 0.0, "gap_frac": 0.875, "utm": [513110.0, 5070130.0, 513310.0, 5070330.0]}}, {"type": "Feature", "geometry": {"type": "Polygon", "coordinates": [[[-68.82619821795896, 45.78459807282129], [-68.82619262383807, 45.78639820130216], [-68.82876563029465, 45.7864020862799], [-68.8287711416024, 45.784601957556454], [-68.82619821795896, 45.78459807282129]]]}, "properties": {"res_m": 1.0, "why": "near the mainland shore", "water_px": 131, "water_ha": 1.31, "shore_m_median": 30.0, "island_m_median": 1363.7, "reach_m_median": 128.0, "open_water_frac": 0.0, "gap_frac": 0.191, "utm": [513310.0, 5070130.0, 513510.0, 5070330.0]}}, {"type": "Feature", "geometry": {"type": "Polygon", "coordinates": [[[-68.8236252948466, 45.78459413014893], [-68.82361961791263, 45.78639425838364], [-68.82619262383807, 45.78639820130216], [-68.82619821795896, 45.78459807282129], [-68.8236252948466, 45.78459413014893]]]}, "properties": {"res_m": 1.0, "why": "near the mainland shore", "water_px": 400, "water_ha": 4.0, "shore_m_median": 114.0, "island_m_median": 1189.7, "reach_m_median": 76.0, "open_water_frac": 0.47, "gap_frac": 0.0, "utm": [513510.0, 5070130.0, 513710.0, 5070330.0]}}, {"type": "Feature", "geometry": {"type": "Polygon", "coordinates": [[[-68.82105237227317, 45.784590129539446], [-68.82104661252616, 45.786390257524346], [-68.82361961791263, 45.78639425838364], [-68.8236252948466, 45.78459413014893], [-68.82105237227317, 45.784590129539446]]]}, "properties": {"res_m": 0.6, "why": "open water", "water_px": 400, "water_ha": 4.0, "shore_m_median": 218.4, "island_m_median": 990.0, "reach_m_median": 88.0, "open_water_frac": 0.97, "gap_frac": 0.0, "utm": [513710.0, 5070130.0, 513910.0, 5070330.0]}}, {"type": "Feature", "geometry": {"type": "Polygon", "coordinates": [[[-68.81847945024656, 45.78458607099285], [-68.81847360768658, 45.78638619872433], [-68.82104661252616, 45.786390257524346], [-68.82105237227317, 45.784590129539446], [-68.81847945024656, 45.78458607099285]]]}, "properties": {"res_m": 0.6, "why": "open water", "water_px": 400, "water_ha": 4.0, "shore_m_median": 233.8, "island_m_median": 790.1, "reach_m_median": 80.0, "open_water_frac": 1.0, "gap_frac": 0.0, "utm": [513910.0, 5070130.0, 514110.0, 5070330.0]}}, {"type": "Feature", "geometry": {"type": "Polygon", "coordinates": [[[-68.81590652877459, 45.78458195450916], [-68.81590060340173, 45.78638208198361], [-68.81847360768658, 45.78638619872433], [-68.81847945024656, 45.78458607099285], [-68.81590652877459, 45.78458195450916]]]}, "properties": {"res_m": 0.6, "why": "open water", "water_px": 400, "water_ha": 4.0, "shore_m_median": 251.8, "island_m_median": 590.3, "reach_m_median": 80.0, "open_water_frac": 1.0, "gap_frac": 0.0, "utm": [514110.0, 5070130.0, 514310.0, 5070330.0]}}, {"type": "Feature", "geometry": {"type": "Polygon", "coordinates": [[[-68.81333360786518, 45.784577780088426], [-68.81332759967947, 45.78637790730223], [-68.81590060340173, 45.78638208198361], [-68.81590652877459, 45.78458195450916], [-68.81333360786518, 45.784577780088426]]]}, "properties": {"res_m": 0.6, "why": "open water", "water_px": 400, "water_ha": 4.0, "shore_m_median": 250.0, "island_m_median": 392.1, "reach_m_median": 80.0, "open_water_frac": 1.0, "gap_frac": 0.0, "utm": [514310.0, 5070130.0, 514510.0, 5070330.0]}}, {"type": "Feature", "geometry": {"type": "Polygon", "coordinates": [[[-68.81076068752613, 45.78457354773069], [-68.81075459652767, 45.78637367468023], [-68.81332759967947, 45.78637790730223], [-68.81333360786518, 45.784577780088426], [-68.81076068752613, 45.78457354773069]]]}, "properties": {"res_m": 0.6, "why": "open water", "water_px": 400, "water_ha": 4.0, "shore_m_median": 170.6, "island_m_median": 201.7, "reach_m_median": 72.0, "open_water_frac": 0.777, "gap_frac": 0.0, "utm": [514510.0, 5070130.0, 514710.0, 5070330.0]}}, {"type": "Feature", "geometry": {"type": "Polygon", "coordinates": [[[-68.80818776776533, 45.78456925743596], [-68.80818159395417, 45.78636938411761], [-68.81075459652767, 45.78637367468023], [-68.81076068752613, 45.78457354773069], [-68.80818776776533, 45.78456925743596]]]}, "properties": {"res_m": 0.6, "why": "open water", "water_px": 389, "water_ha": 3.89, "shore_m_median": 184.4, "island_m_median": 76.2, "reach_m_median": 104.0, "open_water_frac": 0.838, "gap_frac": 0.0, "utm": [514710.0, 5070130.0, 514910.0, 5070330.0]}}, {"type": "Feature", "geometry": {"type": "Polygon", "coordinates": [[[-68.80561484859065, 45.7845649092043], [-68.80560859196687, 45.786365035614445], [-68.80818159395417, 45.78636938411761], [-68.80818776776533, 45.78456925743596], [-68.80561484859065, 45.7845649092043]]]}, "properties": {"res_m": 0.6, "why": "open water", "water_px": 400, "water_ha": 4.0, "shore_m_median": 266.6, "island_m_median": 200.0, "reach_m_median": 72.0, "open_water_frac": 1.0, "gap_frac": 0.0, "utm": [514910.0, 5070130.0, 515110.0, 5070330.0]}}, {"type": "Feature", "geometry": {"type": "Polygon", "coordinates": [[[-68.80304193000994, 45.78456050303571], [-68.8030355905736, 45.786360629170744], [-68.80560859196687, 45.786365035614445], [-68.80561484859065, 45.7845649092043], [-68.80304193000994, 45.78456050303571]]]}, "properties": {"res_m": 0.6, "why": "open water", "water_px": 400, "water_ha": 4.0, "shore_m_median": 196.5, "island_m_median": 390.8, "reach_m_median": 88.0, "open_water_frac": 0.963, "gap_frac": 0.0, "utm": [515110.0, 5070130.0, 515310.0, 5070330.0]}}, {"type": "Feature", "geometry": {"type": "Polygon", "coordinates": [[[-68.80046901203106, 45.784556038930255], [-68.80046258978224, 45.78635616478654], [-68.8030355905736, 45.786360629170744], [-68.80304193000994, 45.78456050303571], [-68.80046901203106, 45.784556038930255]]]}, "properties": {"res_m": 1.0, "why": "near the mainland shore", "water_px": 289, "water_ha": 2.89, "shore_m_median": 60.0, "island_m_median": 491.6, "reach_m_median": 136.0, "open_water_frac": 0.069, "gap_frac": 0.107, "utm": [515310.0, 5070130.0, 515510.0, 5070330.0]}}, {"type": "Feature", "geometry": {"type": "Polygon", "coordinates": [[[-68.79789609466188, 45.78455151688796], [-68.79788958960063, 45.786351642461895], [-68.80046258978224, 45.78635616478654], [-68.80046901203106, 45.784556038930255], [-68.79789609466188, 45.78455151688796]]]}, "properties": {"res_m": 1.0, "why": "near the mainland shore", "water_px": 393, "water_ha": 3.93, "shore_m_median": 60.0, "island_m_median": 270.2, "reach_m_median": 352.0, "open_water_frac": 0.008, "gap_frac": 0.992, "utm": [515510.0, 5070130.0, 515710.0, 5070330.0]}}, {"type": "Feature", "geometry": {"type": "Polygon", "coordinates": [[[-68.79532317791025, 45.78454693690885], [-68.79531659003666, 45.7863470621968], [-68.79788958960063, 45.786351642461895], [-68.79789609466188, 45.78455151688796], [-68.79532317791025, 45.78454693690885]]]}, "properties": {"res_m": 1.0, "why": "near the mainland shore", "water_px": 277, "water_ha": 2.77, "shore_m_median": 31.6, "island_m_median": 107.7, "reach_m_median": 400.0, "open_water_frac": 0.011, "gap_frac": 0.827, "utm": [515710.0, 5070130.0, 515910.0, 5070330.0]}}, {"type": "Feature", "geometry": {"type": "Polygon", "coordinates": [[[-68.79275026178405, 45.78454229899299], [-68.79274359109819, 45.78634242399135], [-68.79531659003666, 45.7863470621968], [-68.79532317791025, 45.78454693690885], [-68.79275026178405, 45.78454229899299]]]}, "properties": {"res_m": 1.0, "why": "near the mainland shore", "water_px": 25, "water_ha": 0.25, "shore_m_median": 14.1, "island_m_median": 14.1, "reach_m_median": 464.0, "open_water_frac": 0.0, "gap_frac": 0.24, "utm": [515910.0, 5070130.0, 516110.0, 5070330.0]}}, {"type": "Feature", "geometry": {"type": "Polygon", "coordinates": [[[-68.75158369523677, 45.7844602129703], [-68.75157569956531, 45.786260332843234], [-68.75414868742662, 45.78626589808951], [-68.7541566002871, 45.784465777869094], [-68.75158369523677, 45.7844602129703]]]}, "properties": {"res_m": 1.0, "why": "near the mainland shore", "water_px": 63, "water_ha": 0.63, "shore_m_median": 28.3, "island_m_median": 145.6, "reach_m_median": 376.0, "open_water_frac": 0.0, "gap_frac": 1.0, "utm": [519110.0, 5070130.0, 519310.0, 5070330.0]}}, {"type": "Feature", "geometry": {"type": "Polygon", "coordinates": [[[-68.7490107909455, 45.78445459013542], [-68.74900271246317, 45.786254709657264], [-68.75157569956531, 45.786260332843234], [-68.75158369523677, 45.7844602129703], [-68.7490107909455, 45.78445459013542]]]}, "properties": {"res_m": 1.0, "why": "near the mainland shore", "water_px": 361, "water_ha": 3.61, "shore_m_median": 84.9, "island_m_median": 85.4, "reach_m_median": 232.0, "open_water_frac": 0.288, "gap_frac": 0.676, "utm": [519310.0, 5070130.0, 519510.0, 5070330.0]}}, {"type": "Feature", "geometry": {"type": "Polygon", "coordinates": [[[-68.74643788742117, 45.78444890936451], [-68.74642972612803, 45.78624902853166], [-68.74900271246317, 45.786254709657264], [-68.7490107909455, 45.78445459013542], [-68.74643788742117, 45.78444890936451]]]}, "properties": {"res_m": 1.0, "why": "near the mainland shore", "water_px": 322, "water_ha": 3.22, "shore_m_median": 72.8, "island_m_median": 68.5, "reach_m_median": 104.0, "open_water_frac": 0.161, "gap_frac": 0.037, "utm": [519510.0, 5070130.0, 519710.0, 5070330.0]}}, {"type": "Feature", "geometry": {"type": "Polygon", "coordinates": [[[-68.74386498467162, 45.78444317065762], [-68.74385674056778, 45.786243289466434], [-68.74642972612803, 45.78624902853166], [-68.74643788742117, 45.78444890936451], [-68.74386498467162, 45.78444317065762]]]}, "properties": {"res_m": 1.0, "why": "near the mainland shore", "water_px": 160, "water_ha": 1.6, "shore_m_median": 31.6, "island_m_median": 181.8, "reach_m_median": 280.0, "open_water_frac": 0.0, "gap_frac": 0.9, "utm": [519710.0, 5070130.0, 519910.0, 5070330.0]}}, {"type": "Feature", "geometry": {"type": "Polygon", "coordinates": [[[-68.7412920827047, 45.784437374014786], [-68.74128375579025, 45.786237492461666], [-68.74385674056778, 45.786243289466434], [-68.74386498467162, 45.78444317065762], [-68.7412920827047, 45.784437374014786]]]}, "properties": {"res_m": 1.0, "why": "near the mainland shore", "water_px": 107, "water_ha": 1.07, "shore_m_median": 30.0, "island_m_median": 310.6, "reach_m_median": 368.0, "open_water_frac": 0.0, "gap_frac": 0.813, "utm": [519910.0, 5070130.0, 520110.0, 5070330.0]}}, {"type": "Feature", "geometry": {"type": "Polygon", "coordinates": [[[-68.83134949374822, 45.782805654821864], [-68.83134406576904, 45.78460578435441], [-68.83391699045106, 45.78460955321514], [-68.83392233562482, 45.78280942344727], [-68.83134949374822, 45.782805654821864]]]}, "properties": {"res_m": 1.0, "why": "near the mainland shore", "water_px": 48, "water_ha": 0.48, "shore_m_median": 20.0, "island_m_median": 1738.8, "reach_m_median": 256.0, "open_water_frac": 0.0, "gap_frac": 0.938, "utm": [512910.0, 5069930.0, 513110.0, 5070130.0]}}, {"type": "Feature", "geometry": {"type": "Polygon", "coordinates": [[[-68.82877665238692, 45.78280182826283], [-68.8287711416024, 45.784601957556454], [-68.83134406576904, 45.78460578435441], [-68.83134949374822, 45.782805654821864], [-68.82877665238692, 45.78280182826283]]]}, "properties": {"res_m": 1.0, "why": "near the mainland shore", "water_px": 327, "water_ha": 3.27, "shore_m_median": 70.7, "island_m_median": 1588.6, "reach_m_median": 288.0, "open_water_frac": 0.159, "gap_frac": 0.994, "utm": [513110.0, 5069930.0, 513310.0, 5070130.0]}}, {"type": "Feature", "geometry": {"type": "Polygon", "coordinates": [[[-68.82620381154877, 45.782797943770206], [-68.82619821795896, 45.78459807282129], [-68.8287711416024, 45.784601957556454], [-68.82877665238692, 45.78280182826283], [-68.82620381154877, 45.782797943770206]]]}, "properties": {"res_m": 0.3, "why": "open water the 1954 survey never sounded", "water_px": 400, "water_ha": 4.0, "shore_m_median": 152.3, "island_m_median": 1409.7, "reach_m_median": 216.0, "open_water_frac": 0.682, "gap_frac": 0.627, "utm": [513310.0, 5069930.0, 513510.0, 5070130.0]}}, {"type": "Feature", "geometry": {"type": "Polygon", "coordinates": [[[-68.82363097124163, 45.78279400134403], [-68.8236252948466, 45.78459413014893], [-68.82619821795896, 45.78459807282129], [-68.82620381154877, 45.782797943770206], [-68.82363097124163, 45.78279400134403]]]}, "properties": {"res_m": 0.6, "why": "open water", "water_px": 400, "water_ha": 4.0, "shore_m_median": 236.5, "island_m_median": 1213.2, "reach_m_median": 164.0, "open_water_frac": 0.978, "gap_frac": 0.278, "utm": [513510.0, 5069930.0, 513710.0, 5070130.0]}}, {"type": "Feature", "geometry": {"type": "Polygon", "coordinates": [[[-68.82105813147338, 45.78279000098431], [-68.82105237227317, 45.784590129539446], [-68.8236252948466, 45.78459413014893], [-68.82363097124163, 45.78279400134403], [-68.82105813147338, 45.78279000098431]]]}, "properties": {"res_m": 0.6, "why": "open water", "water_px": 400, "water_ha": 4.0, "shore_m_median": 370.6, "island_m_median": 1018.9, "reach_m_median": 184.0, "open_water_frac": 1.0, "gap_frac": 0.345, "utm": [513710.0, 5069930.0, 513910.0, 5070130.0]}}, {"type": "Feature", "geometry": {"type": "Polygon", "coordinates": [[[-68.81848529225185, 45.78278594269111], [-68.81847945024656, 45.78458607099285], [-68.82105237227317, 45.784590129539446], [-68.82105813147338, 45.78279000098431], [-68.81848529225185, 45.78278594269111]]]}, "properties": {"res_m": 0.6, "why": "open water", "water_px": 400, "water_ha": 4.0, "shore_m_median": 430.0, "island_m_median": 827.6, "reach_m_median": 192.0, "open_water_frac": 1.0, "gap_frac": 0.4, "utm": [513910.0, 5069930.0, 514110.0, 5070130.0]}}, {"type": "Feature", "geometry": {"type": "Polygon", "coordinates": [[[-68.81591245358493, 45.78278182646445], [-68.81590652877459, 45.78458195450916], [-68.81847945024656, 45.78458607099285], [-68.81848529225185, 45.78278594269111], [-68.81591245358493, 45.78278182646445]]]}, "properties": {"res_m": 0.6, "why": "open water", "water_px": 400, "water_ha": 4.0, "shore_m_median": 441.6, "island_m_median": 641.1, "reach_m_median": 200.0, "open_water_frac": 1.0, "gap_frac": 0.468, "utm": [514110.0, 5069930.0, 514310.0, 5070130.0]}}, {"type": "Feature", "geometry": {"type": "Polygon", "coordinates": [[[-68.81333961548047, 45.782777652304354], [-68.81333360786518, 45.784577780088426], [-68.81590652877459, 45.78458195450916], [-68.81591245358493, 45.78278182646445], [-68.81333961548047, 45.782777652304354]]]}, "properties": {"res_m": 0.3, "why": "open water the 1954 survey never sounded", "water_px": 400, "water_ha": 4.0, "shore_m_median": 422.9, "island_m_median": 466.8, "reach_m_median": 208.0, "open_water_frac": 1.0, "gap_frac": 0.54, "utm": [514310.0, 5069930.0, 514510.0, 5070130.0]}}, {"type": "Feature", "geometry": {"type": "Polygon", "coordinates": [[[-68.81076677794633, 45.782773420210866], [-68.81076068752613, 45.78457354773069], [-68.81333360786518, 45.784577780088426], [-68.81333961548047, 45.782777652304354], [-68.81076677794633, 45.782773420210866]]]}, "properties": {"res_m": 0.3, "why": "open water the 1954 survey never sounded", "water_px": 400, "water_ha": 4.0, "shore_m_median": 370.0, "island_m_median": 321.1, "reach_m_median": 216.0, "open_water_frac": 1.0, "gap_frac": 0.598, "utm": [514510.0, 5069930.0, 514710.0, 5070130.0]}}, {"type": "Feature", "geometry": {"type": "Polygon", "coordinates": [[[-68.80819394099036, 45.782769130184], [-68.80818776776533, 45.78456925743596], [-68.81076068752613, 45.78457354773069], [-68.81076677794633, 45.782773420210866], [-68.80819394099036, 45.782769130184]]]}, "properties": {"res_m": 0.6, "why": "open water", "water_px": 400, "water_ha": 4.0, "shore_m_median": 372.8, "island_m_median": 250.1, "reach_m_median": 200.0, "open_water_frac": 1.0, "gap_frac": 0.482, "utm": [514710.0, 5069930.0, 514910.0, 5070130.0]}}, {"type": "Feature", "geometry": {"type": "Polygon", "coordinates": [[[-68.80562110462046, 45.78276478222382], [-68.80561484859065, 45.7845649092043], [-68.80818776776533, 45.78456925743596], [-68.80819394099036, 45.782769130184], [-68.80562110462046, 45.78276478222382]]]}, "properties": {"res_m": 0.6, "why": "open water", "water_px": 400, "water_ha": 4.0, "shore_m_median": 419.6, "island_m_median": 316.2, "reach_m_median": 192.0, "open_water_frac": 1.0, "gap_frac": 0.417, "utm": [514910.0, 5069930.0, 515110.0, 5070130.0]}}, {"type": "Feature", "geometry": {"type": "Polygon", "coordinates": [[[-68.80304826884444, 45.782760376330344], [-68.80304193000994, 45.78456050303571], [-68.80561484859065, 45.7845649092043], [-68.80562110462046, 45.78276478222382], [-68.80304826884444, 45.782760376330344]]]}, "properties": {"res_m": 0.6, "why": "open water", "water_px": 400, "water_ha": 4.0, "shore_m_median": 294.1, "island_m_median": 461.0, "reach_m_median": 200.0, "open_water_frac": 1.0, "gap_frac": 0.425, "utm": [515110.0, 5069930.0, 515310.0, 5070130.0]}}, {"type": "Feature", "geometry": {"type": "Polygon", "coordinates": [[[-68.80047543367019, 45.7827559125036], [-68.80046901203106, 45.784556038930255], [-68.80304193000994, 45.78456050303571], [-68.80304826884444, 45.782760376330344], [-68.80047543367019, 45.7827559125036]]]}, "properties": {"res_m": 0.3, "why": "open water the 1954 survey never sounded", "water_px": 397, "water_ha": 3.97, "shore_m_median": 136.0, "island_m_median": 516.1, "reach_m_median": 216.0, "open_water_frac": 0.62, "gap_frac": 0.592, "utm": [515310.0, 5069930.0, 515510.0, 5070130.0]}}, {"type": "Feature", "geometry": {"type": "Polygon", "coordinates": [[[-68.79790259910556, 45.78275139074364], [-68.79789609466188, 45.78455151688796], [-68.80046901203106, 45.784556038930255], [-68.80047543367019, 45.7827559125036], [-68.79790259910556, 45.78275139074364]]]}, "properties": {"res_m": 1.0, "why": "near the mainland shore", "water_px": 386, "water_ha": 3.86, "shore_m_median": 111.1, "island_m_median": 348.3, "reach_m_median": 240.0, "open_water_frac": 0.448, "gap_frac": 0.694, "utm": [515510.0, 5069930.0, 515710.0, 5070130.0]}}, {"type": "Feature", "geometry": {"type": "Polygon", "coordinates": [[[-68.79532976515841, 45.7827468110505], [-68.79532317791025, 45.78454693690885], [-68.79789609466188, 45.78455151688796], [-68.79790259910556, 45.78275139074364], [-68.79532976515841, 45.7827468110505]]]}, "properties": {"res_m": 1.0, "why": "near the mainland shore", "water_px": 341, "water_ha": 3.41, "shore_m_median": 76.2, "island_m_median": 247.0, "reach_m_median": 192.0, "open_water_frac": 0.205, "gap_frac": 0.416, "utm": [515710.0, 5069930.0, 515910.0, 5070130.0]}}, {"type": "Feature", "geometry": {"type": "Polygon", "coordinates": [[[-68.79275693183662, 45.782742173424204], [-68.79275026178405, 45.78454229899299], [-68.79532317791025, 45.78454693690885], [-68.79532976515841, 45.7827468110505], [-68.79275693183662, 45.782742173424204]]]}, "properties": {"res_m": 1.0, "why": "near the mainland shore", "water_px": 359, "water_ha": 3.59, "shore_m_median": 58.3, "island_m_median": 264.0, "reach_m_median": 184.0, "open_water_frac": 0.047, "gap_frac": 0.365, "utm": [515910.0, 5069930.0, 516110.0, 5070130.0]}}, {"type": "Feature", "geometry": {"type": "Polygon", "coordinates": [[[-68.79018409914802, 45.78273747786479], [-68.79017734629112, 45.784537603140386], [-68.79275026178405, 45.78454229899299], [-68.79275693183662, 45.782742173424204], [-68.79018409914802, 45.78273747786479]]]}, "properties": {"res_m": 1.0, "why": "near the mainland shore", "water_px": 60, "water_ha": 0.6, "shore_m_median": 25.3, "island_m_median": 368.4, "reach_m_median": 112.0, "open_water_frac": 0.0, "gap_frac": 0.0, "utm": [516110.0, 5069930.0, 516310.0, 5070130.0]}}, {"type": "Feature", "geometry": {"type": "Polygon", "coordinates": [[[-68.75159169014917, 45.78266009252662], [-68.75158369523677, 45.7844602129703], [-68.7541566002871, 45.784465777869094], [-68.75416451239639, 45.78266565707797], [-68.75159169014917, 45.78266009252662]]]}, "properties": {"res_m": 0.6, "why": "far outside the survey's reach", "water_px": 142, "water_ha": 1.42, "shore_m_median": 30.0, "island_m_median": 139.6, "reach_m_median": 416.0, "open_water_frac": 0.0, "gap_frac": 0.993, "utm": [519110.0, 5069930.0, 519310.0, 5070130.0]}}, {"type": "Feature", "geometry": {"type": "Polygon", "coordinates": [[[-68.74901886866093, 45.78265447004281], [-68.7490107909455, 45.78445459013542], [-68.75158369523677, 45.7844602129703], [-68.75159169014917, 45.78266009252662], [-68.74901886866093, 45.78265447004281]]]}, "properties": {"res_m": 0.3, "why": "open water the 1954 survey never sounded", "water_px": 291, "water_ha": 2.91, "shore_m_median": 122.1, "island_m_median": 50.0, "reach_m_median": 408.0, "open_water_frac": 0.536, "gap_frac": 0.911, "utm": [519310.0, 5069930.0, 519510.0, 5070130.0]}}, {"type": "Feature", "geometry": {"type": "Polygon", "coordinates": [[[-68.74644604793953, 45.78264878962658], [-68.74643788742117, 45.78444890936451], [-68.7490107909455, 45.78445459013542], [-68.74901886866093, 45.78265447004281], [-68.74644604793953, 45.78264878962658]]]}, "properties": {"res_m": 1.0, "why": "near the mainland shore", "water_px": 161, "water_ha": 1.61, "shore_m_median": 51.0, "island_m_median": 40.0, "reach_m_median": 304.0, "open_water_frac": 0.006, "gap_frac": 0.888, "utm": [519510.0, 5069930.0, 519710.0, 5070130.0]}}, {"type": "Feature", "geometry": {"type": "Polygon", "coordinates": [[[-68.74387322799281, 45.78264305127799], [-68.74386498467162, 45.78444317065762], [-68.74643788742117, 45.78444890936451], [-68.74644604793953, 45.78264878962658], [-68.74387322799281, 45.78264305127799]]]}, "properties": {"res_m": 1.0, "why": "near the mainland shore", "water_px": 110, "water_ha": 1.1, "shore_m_median": 22.4, "island_m_median": 166.4, "reach_m_median": 320.0, "open_water_frac": 0.0, "gap_frac": 0.809, "utm": [519710.0, 5069930.0, 519910.0, 5070130.0]}}, {"type": "Feature", "geometry": {"type": "Polygon", "coordinates": [[[-68.74130040882865, 45.78263725499707], [-68.7412920827047, 45.784437374014786], [-68.74386498467162, 45.78444317065762], [-68.74387322799281, 45.78264305127799], [-68.74130040882865, 45.78263725499707]]]}, "properties": {"res_m": 1.0, "why": "near the mainland shore", "water_px": 74, "water_ha": 0.74, "shore_m_median": 22.4, "island_m_median": 300.2, "reach_m_median": 416.0, "open_water_frac": 0.0, "gap_frac": 0.662, "utm": [519910.0, 5069930.0, 520110.0, 5070130.0]}}, {"type": "Feature", "geometry": {"type": "Polygon", "coordinates": [[[-68.8313549212121, 45.781005524719134], [-68.83134949374822, 45.782805654821864], [-68.83392233562482, 45.78280942344727], [-68.83392768029114, 45.78100929310926], [-68.8313549212121, 45.781005524719134]]]}, "properties": {"res_m": 1.0, "why": "near the mainland shore", "water_px": 245, "water_ha": 2.45, "shore_m_median": 58.3, "island_m_median": 1805.8, "reach_m_median": 128.0, "open_water_frac": 0.037, "gap_frac": 0.122, "utm": [512910.0, 5069730.0, 513110.0, 5069930.0]}}, {"type": "Feature", "geometry": {"type": "Polygon", "coordinates": [[[-68.82878216264828, 45.78100169839901], [-68.82877665238692, 45.78280182826283], [-68.83134949374822, 45.782805654821864], [-68.8313549212121, 45.781005524719134], [-68.82878216264828, 45.78100169839901]]]}, "properties": {"res_m": 0.6, "why": "open water", "water_px": 400, "water_ha": 4.0, "shore_m_median": 187.3, "island_m_median": 1650.3, "reach_m_median": 136.0, "open_water_frac": 0.91, "gap_frac": 0.122, "utm": [513110.0, 5069730.0, 513310.0, 5069930.0]}}, {"type": "Feature", "geometry": {"type": "Polygon", "coordinates": [[[-68.82620940460757, 45.780997814148925], [-68.82620381154877, 45.782797943770206], [-68.82877665238692, 45.78280182826283], [-68.82878216264828, 45.78100169839901], [-68.82620940460757, 45.780997814148925]]]}, "properties": {"res_m": 0.6, "why": "open water", "water_px": 400, "water_ha": 4.0, "shore_m_median": 320.4, "island_m_median": 1458.6, "reach_m_median": 112.0, "open_water_frac": 1.0, "gap_frac": 0.015, "utm": [513310.0, 5069730.0, 513510.0, 5069930.0]}}, {"type": "Feature", "geometry": {"type": "Polygon", "coordinates": [[[-68.82363664709779, 45.7809938719689], [-68.82363097124163, 45.78279400134403], [-68.82620381154877, 45.782797943770206], [-68.82620940460757, 45.780997814148925], [-68.82363664709779, 45.7809938719689]]]}, "properties": {"res_m": 0.6, "why": "open water", "water_px": 400, "water_ha": 4.0, "shore_m_median": 402.6, "island_m_median": 1271.3, "reach_m_median": 120.0, "open_water_frac": 1.0, "gap_frac": 0.075, "utm": [513510.0, 5069730.0, 513710.0, 5069930.0]}}, {"type": "Feature", "geometry": {"type": "Polygon", "coordinates": [[[-68.82106389012684, 45.78098987185895], [-68.82105813147338, 45.78279000098431], [-68.82363097124163, 45.78279400134403], [-68.82363664709779, 45.7809938719689], [-68.82106389012684, 45.78098987185895]]]}, "properties": {"res_m": 0.6, "why": "open water", "water_px": 400, "water_ha": 4.0, "shore_m_median": 515.5, "island_m_median": 1087.0, "reach_m_median": 120.0, "open_water_frac": 1.0, "gap_frac": 0.04, "utm": [513710.0, 5069730.0, 513910.0, 5069930.0]}}, {"type": "Feature", "geometry": {"type": "Polygon", "coordinates": [[[-68.81849113370257, 45.78098581381913], [-68.81848529225185, 45.78278594269111], [-68.82105813147338, 45.78279000098431], [-68.82106389012684, 45.78098987185895], [-68.81849113370257, 45.78098581381913]]]}, "properties": {"res_m": 0.6, "why": "open water", "water_px": 400, "water_ha": 4.0, "shore_m_median": 617.8, "island_m_median": 909.5, "reach_m_median": 112.0, "open_water_frac": 1.0, "gap_frac": 0.025, "utm": [513910.0, 5069730.0, 514110.0, 5069930.0]}}, {"type": "Feature", "geometry": {"type": "Polygon", "coordinates": [[[-68.8159183778328, 45.78098169784947], [-68.81591245358493, 45.78278182646445], [-68.81848529225185, 45.78278594269111], [-68.81849113370257, 45.78098581381913], [-68.8159183778328, 45.78098169784947]]]}, "properties": {"res_m": 0.6, "why": "open water", "water_px": 400, "water_ha": 4.0, "shore_m_median": 635.8, "island_m_median": 744.1, "reach_m_median": 112.0, "open_water_frac": 1.0, "gap_frac": 0.01, "utm": [514110.0, 5069730.0, 514310.0, 5069930.0]}}, {"type": "Feature", "geometry": {"type": "Polygon", "coordinates": [[[-68.81334562252546, 45.78097752394999], [-68.81333961548047, 45.782777652304354], [-68.81591245358493, 45.78278182646445], [-68.8159183778328, 45.78098169784947], [-68.81334562252546, 45.78097752394999]]]}, "properties": {"res_m": 0.6, "why": "open water", "water_px": 400, "water_ha": 4.0, "shore_m_median": 604.2, "island_m_median": 600.2, "reach_m_median": 112.0, "open_water_frac": 1.0, "gap_frac": 0.05, "utm": [514310.0, 5069730.0, 514510.0, 5069930.0]}}, {"type": "Feature", "geometry": {"type": "Polygon", "coordinates": [[[-68.81077286778836, 45.78097329212073], [-68.81076677794633, 45.782773420210866], [-68.81333961548047, 45.782777652304354], [-68.81334562252546, 45.78097752394999], [-68.81077286778836, 45.78097329212073]]]}, "properties": {"res_m": 0.6, "why": "open water", "water_px": 400, "water_ha": 4.0, "shore_m_median": 569.4, "island_m_median": 490.4, "reach_m_median": 112.0, "open_water_frac": 1.0, "gap_frac": 0.015, "utm": [514510.0, 5069730.0, 514710.0, 5069930.0]}}, {"type": "Feature", "geometry": {"type": "Polygon", "coordinates": [[[-68.80820011362938, 45.78096900236172], [-68.80819394099036, 45.782769130184], [-68.81076677794633, 45.782773420210866], [-68.81077286778836, 45.78097329212073], [-68.80820011362938, 45.78096900236172]]]}, "properties": {"res_m": 0.6, "why": "open water", "water_px": 400, "water_ha": 4.0, "shore_m_median": 570.1, "island_m_median": 449.6, "reach_m_median": 96.0, "open_water_frac": 1.0, "gap_frac": 0.0, "utm": [514710.0, 5069730.0, 514910.0, 5069930.0]}}, {"type": "Feature", "geometry": {"type": "Polygon", "coordinates": [[[-68.80562736005636, 45.78096465467301], [-68.80562110462046, 45.78276478222382], [-68.80819394099036, 45.782769130184], [-68.80820011362938, 45.78096900236172], [-68.80562736005636, 45.78096465467301]]]}, "properties": {"res_m": 0.6, "why": "open water", "water_px": 400, "water_ha": 4.0, "shore_m_median": 552.3, "island_m_median": 486.3, "reach_m_median": 88.0, "open_water_frac": 1.0, "gap_frac": 0.0, "utm": [514910.0, 5069730.0, 515110.0, 5069930.0]}}, {"type": "Feature", "geometry": {"type": "Polygon", "coordinates": [[[-68.80305460707717, 45.78096024905462], [-68.80304826884444, 45.782760376330344], [-68.80562110462046, 45.78276478222382], [-68.80562736005636, 45.78096465467301], [-68.80305460707717, 45.78096024905462]]]}, "properties": {"res_m": 0.6, "why": "open water", "water_px": 400, "water_ha": 4.0, "shore_m_median": 410.8, "island_m_median": 594.1, "reach_m_median": 88.0, "open_water_frac": 1.0, "gap_frac": 0.0, "utm": [515110.0, 5069730.0, 515310.0, 5069930.0]}}, {"type": "Feature", "geometry": {"type": "Polygon", "coordinates": [[[-68.8004818546997, 45.78095578550658], [-68.80047543367019, 45.7827559125036], [-68.80304826884444, 45.782760376330344], [-68.80305460707717, 45.78096024905462], [-68.8004818546997, 45.78095578550658]]]}, "properties": {"res_m": 0.6, "why": "open water", "water_px": 400, "water_ha": 4.0, "shore_m_median": 294.2, "island_m_median": 624.3, "reach_m_median": 88.0, "open_water_frac": 1.0, "gap_frac": 0.0, "utm": [515310.0, 5069730.0, 515510.0, 5069930.0]}}, {"type": "Feature", "geometry": {"type": "Polygon", "coordinates": [[[-68.79790910293177, 45.78095126402894], [-68.79790259910556, 45.78275139074364], [-68.80047543367019, 45.7827559125036], [-68.8004818546997, 45.78095578550658], [-68.79790910293177, 45.78095126402894]]]}, "properties": {"res_m": 0.6, "why": "open water", "water_px": 400, "water_ha": 4.0, "shore_m_median": 272.9, "island_m_median": 496.7, "reach_m_median": 88.0, "open_water_frac": 1.0, "gap_frac": 0.0, "utm": [515510.0, 5069730.0, 515710.0, 5069930.0]}}, {"type": "Feature", "geometry": {"type": "Polygon", "coordinates": [[[-68.79533635178124, 45.78094668462173], [-68.79532976515841, 45.7827468110505], [-68.79790259910556, 45.78275139074364], [-68.79790910293177, 45.78095126402894], [-68.79533635178124, 45.78094668462173]]]}, "properties": {"res_m": 0.6, "why": "open water", "water_px": 400, "water_ha": 4.0, "shore_m_median": 205.9, "island_m_median": 423.4, "reach_m_median": 80.0, "open_water_frac": 0.912, "gap_frac": 0.0, "utm": [515710.0, 5069730.0, 515910.0, 5069930.0]}}, {"type": "Feature", "geometry": {"type": "Polygon", "coordinates": [[[-68.792763601256, 45.780942047284995], [-68.79275693183662, 45.782742173424204], [-68.79532976515841, 45.7827468110505], [-68.79533635178124, 45.78094668462173], [-68.792763601256, 45.780942047284995]]]}, "properties": {"res_m": 0.6, "why": "open water", "water_px": 400, "water_ha": 4.0, "shore_m_median": 141.4, "island_m_median": 437.8, "reach_m_median": 72.0, "open_water_frac": 0.682, "gap_frac": 0.0, "utm": [515910.0, 5069730.0, 516110.0, 5069930.0]}}, {"type": "Feature", "geometry": {"type": "Polygon", "coordinates": [[[-68.79019085136387, 45.780937352018746], [-68.79018409914802, 45.78273747786479], [-68.79275693183662, 45.782742173424204], [-68.792763601256, 45.780942047284995], [-68.79019085136387, 45.780937352018746]]]}, "properties": {"res_m": 1.0, "why": "near the mainland shore", "water_px": 154, "water_ha": 1.54, "shore_m_median": 31.6, "island_m_median": 500.2, "reach_m_median": 72.0, "open_water_frac": 0.0, "gap_frac": 0.0, "utm": [516110.0, 5069730.0, 516310.0, 5069930.0]}}, {"type": "Feature", "geometry": {"type": "Polygon", "coordinates": [[[-68.75674516395756, 45.78087104199115], [-68.75673733539473, 45.78267116369682], [-68.7593101591363, 45.78267661238313], [-68.75931790490371, 45.78087649033726], [-68.75674516395756, 45.78087104199115]]]}, "properties": {"res_m": 1.0, "why": "near the mainland shore", "water_px": 111, "water_ha": 1.11, "shore_m_median": 31.6, "island_m_median": 310.6, "reach_m_median": 72.0, "open_water_frac": 0.0, "gap_frac": 0.0, "utm": [518710.0, 5069730.0, 518910.0, 5069930.0]}}, {"type": "Feature", "geometry": {"type": "Polygon", "coordinates": [[[-68.75417242375455, 45.78086553571611], [-68.75416451239639, 45.78266565707797], [-68.75673733539473, 45.78267116369682], [-68.75674516395756, 45.78087104199115], [-68.75417242375455, 45.78086553571611]]]}, "properties": {"res_m": 1.0, "why": "near the mainland shore", "water_px": 281, "water_ha": 2.81, "shore_m_median": 31.6, "island_m_median": 350.0, "reach_m_median": 112.0, "open_water_frac": 0.0, "gap_frac": 0.018, "utm": [518910.0, 5069730.0, 519110.0, 5069930.0]}}, {"type": "Feature", "geometry": {"type": "Polygon", "coordinates": [[[-68.75159968430259, 45.78085997151218], [-68.75159169014917, 45.78266009252662], [-68.75416451239639, 45.78266565707797], [-68.75417242375455, 45.78086553571611], [-68.75159968430259, 45.78085997151218]]]}, "properties": {"res_m": 1.0, "why": "near the mainland shore", "water_px": 259, "water_ha": 2.59, "shore_m_median": 36.1, "island_m_median": 255.5, "reach_m_median": 300.0, "open_water_frac": 0.0, "gap_frac": 0.888, "utm": [519110.0, 5069730.0, 519310.0, 5069930.0]}}, {"type": "Feature", "geometry": {"type": "Polygon", "coordinates": [[[-68.7490269456095, 45.7808543493794], [-68.74901886866093, 45.78265447004281], [-68.75159169014917, 45.78266009252662], [-68.75159968430259, 45.78085997151218], [-68.7490269456095, 45.7808543493794]]]}, "properties": {"res_m": 0.6, "why": "far outside the survey's reach", "water_px": 398, "water_ha": 3.98, "shore_m_median": 84.9, "island_m_median": 158.1, "reach_m_median": 472.0, "open_water_frac": 0.191, "gap_frac": 1.0, "utm": [519310.0, 5069730.0, 519510.0, 5069930.0]}}, {"type": "Feature", "geometry": {"type": "Polygon", "coordinates": [[[-68.74645420768317, 45.78084866931785], [-68.74644604793953, 45.78264878962658], [-68.74901886866093, 45.78265447004281], [-68.7490269456095, 45.7808543493794], [-68.74645420768317, 45.78084866931785]]]}, "properties": {"res_m": 0.6, "why": "far outside the survey's reach", "water_px": 185, "water_ha": 1.85, "shore_m_median": 31.6, "island_m_median": 58.3, "reach_m_median": 480.0, "open_water_frac": 0.0, "gap_frac": 0.811, "utm": [519510.0, 5069730.0, 519710.0, 5069930.0]}}, {"type": "Feature", "geometry": {"type": "Polygon", "coordinates": [[[-68.8339330244501, 45.77920916220107], [-68.83392768029114, 45.78100929310926], [-68.83650043987758, 45.781013003569335], [-68.83650570124678, 45.77921287242949], [-68.8339330244501, 45.77920916220107]]]}, "properties": {"res_m": 1.0, "why": "near the mainland shore", "water_px": 21, "water_ha": 0.21, "shore_m_median": 14.1, "island_m_median": 2029.7, "reach_m_median": 208.0, "open_water_frac": 0.0, "gap_frac": 0.524, "utm": [512710.0, 5069530.0, 512910.0, 5069730.0]}}, {"type": "Feature", "geometry": {"type": "Polygon", "coordinates": [[[-68.83136034816074, 45.77920539404624], [-68.8313549212121, 45.781005524719134], [-68.83392768029114, 45.78100929310926], [-68.8339330244501, 45.77920916220107], [-68.83136034816074, 45.77920539404624]]]}, "properties": {"res_m": 1.0, "why": "near the mainland shore", "water_px": 383, "water_ha": 3.83, "shore_m_median": 89.4, "island_m_median": 1897.8, "reach_m_median": 104.0, "open_water_frac": 0.321, "gap_frac": 0.008, "utm": [512910.0, 5069530.0, 513110.0, 5069730.0]}}, {"type": "Feature", "geometry": {"type": "Polygon", "coordinates": [[[-68.82878767238655, 45.779201567965025], [-68.82878216264828, 45.78100169839901], [-68.8313549212121, 45.781005524719134], [-68.83136034816074, 45.77920539404624], [-68.82878767238655, 45.779201567965025]]]}, "properties": {"res_m": 0.6, "why": "open water", "water_px": 400, "water_ha": 4.0, "shore_m_median": 262.5, "island_m_median": 1716.1, "reach_m_median": 108.0, "open_water_frac": 1.0, "gap_frac": 0.025, "utm": [513110.0, 5069530.0, 513310.0, 5069730.0]}}, {"type": "Feature", "geometry": {"type": "Polygon", "coordinates": [[[-68.82621499713541, 45.779197683957456], [-68.82620940460757, 45.780997814148925], [-68.82878216264828, 45.78100169839901], [-68.82878767238655, 45.779201567965025], [-68.82621499713541, 45.779197683957456]]]}, "properties": {"res_m": 0.6, "why": "open water", "water_px": 400, "water_ha": 4.0, "shore_m_median": 438.4, "island_m_median": 1534.0, "reach_m_median": 128.0, "open_water_frac": 1.0, "gap_frac": 0.07, "utm": [513310.0, 5069530.0, 513510.0, 5069730.0]}}, {"type": "Feature", "geometry": {"type": "Polygon", "coordinates": [[[-68.82364232241514, 45.77919374202356], [-68.82363664709779, 45.7809938719689], [-68.82620940460757, 45.780997814148925], [-68.82621499713541, 45.779197683957456], [-68.82364232241514, 45.77919374202356]]]}, "properties": {"res_m": 0.6, "why": "open water", "water_px": 400, "water_ha": 4.0, "shore_m_median": 563.4, "island_m_median": 1355.5, "reach_m_median": 116.0, "open_water_frac": 1.0, "gap_frac": 0.06, "utm": [513510.0, 5069530.0, 513710.0, 5069730.0]}}, {"type": "Feature", "geometry": {"type": "Polygon", "coordinates": [[[-68.82106964823363, 45.77918974216337], [-68.82106389012684, 45.78098987185895], [-68.82363664709779, 45.7809938719689], [-68.82364232241514, 45.77919374202356], [-68.82106964823363, 45.77918974216337]]]}, "properties": {"res_m": 0.6, "why": "open water", "water_px": 400, "water_ha": 4.0, "shore_m_median": 670.4, "island_m_median": 1184.9, "reach_m_median": 124.0, "open_water_frac": 1.0, "gap_frac": 0.075, "utm": [513710.0, 5069530.0, 513910.0, 5069730.0]}}, {"type": "Feature", "geometry": {"type": "Polygon", "coordinates": [[[-68.81849697459873, 45.779185684376905], [-68.81849113370257, 45.78098581381913], [-68.82106389012684, 45.78098987185895], [-68.82106964823363, 45.77918974216337], [-68.81849697459873, 45.779185684376905]]]}, "properties": {"res_m": 0.6, "why": "open water", "water_px": 400, "water_ha": 4.0, "shore_m_median": 785.8, "island_m_median": 1025.4, "reach_m_median": 128.0, "open_water_frac": 1.0, "gap_frac": 0.1, "utm": [513910.0, 5069530.0, 514110.0, 5069730.0]}}, {"type": "Feature", "geometry": {"type": "Polygon", "coordinates": [[[-68.8159243015183, 45.77918156866422], [-68.8159183778328, 45.78098169784947], [-68.81849113370257, 45.78098581381913], [-68.81849697459873, 45.779185684376905], [-68.8159243015183, 45.77918156866422]]]}, "properties": {"res_m": 0.6, "why": "open water", "water_px": 400, "water_ha": 4.0, "shore_m_median": 830.8, "island_m_median": 880.5, "reach_m_median": 128.0, "open_water_frac": 1.0, "gap_frac": 0.085, "utm": [514110.0, 5069530.0, 514310.0, 5069730.0]}}, {"type": "Feature", "geometry": {"type": "Polygon", "coordinates": [[[-68.8133516290002, 45.77917739502535], [-68.81334562252546, 45.78097752394999], [-68.8159183778328, 45.78098169784947], [-68.8159243015183, 45.77918156866422], [-68.8133516290002, 45.77917739502535]]]}, "properties": {"res_m": 0.6, "why": "open water", "water_px": 400, "water_ha": 4.0, "shore_m_median": 794.2, "island_m_median": 760.2, "reach_m_median": 124.0, "open_water_frac": 1.0, "gap_frac": 0.075, "utm": [514310.0, 5069530.0, 514510.0, 5069730.0]}}, {"type": "Feature", "geometry": {"type": "Polygon", "coordinates": [[[-68.81077895705228, 45.77917316346031], [-68.81077286778836, 45.78097329212073], [-68.81334562252546, 45.78097752394999], [-68.8133516290002, 45.77917739502535], [-68.81077895705228, 45.77917316346031]]]}, "properties": {"res_m": 0.6, "why": "open water", "water_px": 400, "water_ha": 4.0, "shore_m_median": 768.3, "island_m_median": 676.8, "reach_m_median": 132.0, "open_water_frac": 1.0, "gap_frac": 0.115, "utm": [514510.0, 5069530.0, 514710.0, 5069730.0]}}, {"type": "Feature", "geometry": {"type": "Polygon", "coordinates": [[[-68.8082062856824, 45.77916887396914], [-68.80820011362938, 45.78096900236172], [-68.81077286778836, 45.78097329212073], [-68.81077895705228, 45.77917316346031], [-68.8082062856824, 45.77916887396914]]]}, "properties": {"res_m": 0.6, "why": "open water", "water_px": 400, "water_ha": 4.0, "shore_m_median": 770.0, "island_m_median": 648.1, "reach_m_median": 160.0, "open_water_frac": 1.0, "gap_frac": 0.3, "utm": [514710.0, 5069530.0, 514910.0, 5069730.0]}}, {"type": "Feature", "geometry": {"type": "Polygon", "coordinates": [[[-68.80563361489844, 45.779164526551874], [-68.80562736005636, 45.78096465467301], [-68.80820011362938, 45.78096900236172], [-68.8082062856824, 45.77916887396914], [-68.80563361489844, 45.779164526551874]]]}, "properties": {"res_m": 0.6, "why": "open water", "water_px": 400, "water_ha": 4.0, "shore_m_median": 690.3, "island_m_median": 673.9, "reach_m_median": 160.0, "open_water_frac": 1.0, "gap_frac": 0.31, "utm": [514910.0, 5069530.0, 515110.0, 5069730.0]}}, {"type": "Feature", "geometry": {"type": "Polygon", "coordinates": [[[-68.80306094470824, 45.779160121208555], [-68.80305460707717, 45.78096024905462], [-68.80562736005636, 45.78096465467301], [-68.80563361489844, 45.779164526551874], [-68.80306094470824, 45.779160121208555]]]}, "properties": {"res_m": 0.6, "why": "open water", "water_px": 400, "water_ha": 4.0, "shore_m_median": 563.6, "island_m_median": 754.4, "reach_m_median": 184.0, "open_water_frac": 1.0, "gap_frac": 0.393, "utm": [515110.0, 5069530.0, 515310.0, 5069730.0]}}, {"type": "Feature", "geometry": {"type": "Polygon", "coordinates": [[[-68.80048827511965, 45.7791556579392], [-68.8004818546997, 45.78095578550658], [-68.80305460707717, 45.78096024905462], [-68.80306094470824, 45.779160121208555], [-68.80048827511965, 45.7791556579392]]]}, "properties": {"res_m": 0.6, "why": "open water", "water_px": 400, "water_ha": 4.0, "shore_m_median": 482.6, "island_m_median": 772.2, "reach_m_median": 192.0, "open_water_frac": 1.0, "gap_frac": 0.475, "utm": [515310.0, 5069530.0, 515510.0, 5069730.0]}}, {"type": "Feature", "geometry": {"type": "Polygon", "coordinates": [[[-68.79791560614055, 45.779151136743856], [-68.79790910293177, 45.78095126402894], [-68.8004818546997, 45.78095578550658], [-68.80048827511965, 45.7791556579392], [-68.79791560614055, 45.779151136743856]]]}, "properties": {"res_m": 0.6, "why": "open water", "water_px": 400, "water_ha": 4.0, "shore_m_median": 453.4, "island_m_median": 672.3, "reach_m_median": 188.0, "open_water_frac": 1.0, "gap_frac": 0.37, "utm": [515510.0, 5069530.0, 515710.0, 5069730.0]}}, {"type": "Feature", "geometry": {"type": "Polygon", "coordinates": [[[-68.79534293777878, 45.779146557622575], [-68.79533635178124, 45.78094668462173], [-68.79790910293177, 45.78095126402894], [-68.79791560614055, 45.779151136743856], [-68.79534293777878, 45.779146557622575]]]}, "properties": {"res_m": 0.3, "why": "open water the 1954 survey never sounded", "water_px": 400, "water_ha": 4.0, "shore_m_median": 364.0, "island_m_median": 620.5, "reach_m_median": 208.0, "open_water_frac": 1.0, "gap_frac": 0.53, "utm": [515710.0, 5069530.0, 515910.0, 5069730.0]}}, {"type": "Feature", "geometry": {"type": "Polygon", "coordinates": [[[-68.79277027004223, 45.779141920575356], [-68.792763601256, 45.780942047284995], [-68.79533635178124, 45.78094668462173], [-68.79534293777878, 45.779146557622575], [-68.79277027004223, 45.779141920575356]]]}, "properties": {"res_m": 0.6, "why": "open water", "water_px": 400, "water_ha": 4.0, "shore_m_median": 222.0, "island_m_median": 624.5, "reach_m_median": 204.0, "open_water_frac": 0.958, "gap_frac": 0.5, "utm": [515910.0, 5069530.0, 516110.0, 5069730.0]}}, {"type": "Feature", "geometry": {"type": "Polygon", "coordinates": [[[-68.79019760293872, 45.77913722560228], [-68.79019085136387, 45.780937352018746], [-68.792763601256, 45.780942047284995], [-68.79277027004223, 45.779141920575356], [-68.79019760293872, 45.77913722560228]]]}, "properties": {"res_m": 1.0, "why": "near the mainland shore", "water_px": 335, "water_ha": 3.35, "shore_m_median": 70.7, "island_m_median": 568.2, "reach_m_median": 264.0, "open_water_frac": 0.191, "gap_frac": 0.719, "utm": [516110.0, 5069530.0, 516310.0, 5069730.0]}}, {"type": "Feature", "geometry": {"type": "Polygon", "coordinates": [[[-68.78762493647613, 45.779132472703346], [-68.78761810211275, 45.78093259882305], [-68.79019085136387, 45.780937352018746], [-68.79019760293872, 45.77913722560228], [-68.78762493647613, 45.779132472703346]]]}, "properties": {"res_m": 1.0, "why": "near the mainland shore", "water_px": 8, "water_ha": 0.08, "shore_m_median": 12.1, "island_m_median": 412.6, "reach_m_median": 304.0, "open_water_frac": 0.0, "gap_frac": 0.5, "utm": [516310.0, 5069530.0, 516510.0, 5069730.0]}}, {"type": "Feature", "geometry": {"type": "Polygon", "coordinates": [[[-68.78247960550515, 45.77912279312812], [-68.78247260556492, 45.78092291864343], [-68.78504535351047, 45.78092778769794], [-68.78505227066232, 45.77912766187861], [-68.78247960550515, 45.77912279312812]]]}, "properties": {"res_m": 1.0, "why": "near the mainland shore", "water_px": 81, "water_ha": 0.81, "shore_m_median": 10.0, "island_m_median": 300.0, "reach_m_median": 264.0, "open_water_frac": 0.0, "gap_frac": 0.531, "utm": [516710.0, 5069530.0, 516910.0, 5069730.0]}}, {"type": "Feature", "geometry": {"type": "Polygon", "coordinates": [[[-68.77990694101247, 45.77911786645189], [-68.77989985828391, 45.78091799165958], [-68.78247260556492, 45.78092291864343], [-68.78247960550515, 45.77912279312812], [-68.77990694101247, 45.77911786645189]]]}, "properties": {"res_m": 1.0, "why": "near the mainland shore", "water_px": 88, "water_ha": 0.88, "shore_m_median": 17.1, "island_m_median": 440.1, "reach_m_median": 380.0, "open_water_frac": 0.0, "gap_frac": 0.705, "utm": [516910.0, 5069530.0, 517110.0, 5069730.0]}}, {"type": "Feature", "geometry": {"type": "Polygon", "coordinates": [[[-68.77733427719214, 45.779112881849976], [-68.77732711167536, 45.780913006746424], [-68.77989985828391, 45.78091799165958], [-68.77990694101247, 45.77911786645189], [-68.77733427719214, 45.779112881849976]]]}, "properties": {"res_m": 1.0, "why": "near the mainland shore", "water_px": 6, "water_ha": 0.06, "shore_m_median": 10.0, "island_m_median": 480.9, "reach_m_median": 416.0, "open_water_frac": 0.0, "gap_frac": 0.333, "utm": [517110.0, 5069530.0, 517310.0, 5069730.0]}}, {"type": "Feature", "geometry": {"type": "Polygon", "coordinates": [[[-68.75932564993582, 45.77907636772072], [-68.75931790490371, 45.78087649033726], [-68.76189064658519, 45.78088188075441], [-68.76189830882964, 45.779081757801315], [-68.75932564993582, 45.77907636772072]]]}, "properties": {"res_m": 1.0, "why": "near the mainland shore", "water_px": 31, "water_ha": 0.31, "shore_m_median": 10.0, "island_m_median": 172.0, "reach_m_median": 352.0, "open_water_frac": 0.0, "gap_frac": 0.935, "utm": [518510.0, 5069530.0, 518710.0, 5069730.0]}}, {"type": "Feature", "geometry": {"type": "Polygon", "coordinates": [[[-68.75675299177722, 45.77907091971479], [-68.75674516395756, 45.78087104199115], [-68.75931790490371, 45.78087649033726], [-68.75932564993582, 45.77907636772072], [-68.75675299177722, 45.77907091971479]]]}, "properties": {"res_m": 1.0, "why": "near the mainland shore", "water_px": 249, "water_ha": 2.49, "shore_m_median": 53.9, "island_m_median": 121.7, "reach_m_median": 216.0, "open_water_frac": 0.0, "gap_frac": 0.546, "utm": [518710.0, 5069530.0, 518910.0, 5069730.0]}}, {"type": "Feature", "geometry": {"type": "Polygon", "coordinates": [[[-68.7541803343617, 45.77906541378353], [-68.75417242375455, 45.78086553571611], [-68.75674516395756, 45.78087104199115], [-68.75675299177722, 45.77907091971479], [-68.7541803343617, 45.77906541378353]]]}, "properties": {"res_m": 1.0, "why": "near the mainland shore", "water_px": 228, "water_ha": 2.28, "shore_m_median": 22.4, "island_m_median": 144.4, "reach_m_median": 192.0, "open_water_frac": 0.0, "gap_frac": 0.373, "utm": [518910.0, 5069530.0, 519110.0, 5069730.0]}}, {"type": "Feature", "geometry": {"type": "Polygon", "coordinates": [[[-68.75160767769712, 45.779059849926995], [-68.75159968430259, 45.78085997151218], [-68.75417242375455, 45.78086553571611], [-68.7541803343617, 45.77906541378353], [-68.75160767769712, 45.779059849926995]]]}, "properties": {"res_m": 1.0, "why": "near the mainland shore", "water_px": 89, "water_ha": 0.89, "shore_m_median": 10.0, "island_m_median": 261.7, "reach_m_median": 320.0, "open_water_frac": 0.0, "gap_frac": 0.685, "utm": [519110.0, 5069530.0, 519310.0, 5069730.0]}}, {"type": "Feature", "geometry": {"type": "Polygon", "coordinates": [[[-68.74903502179134, 45.779054228145256], [-68.7490269456095, 45.7808543493794], [-68.75159968430259, 45.78085997151218], [-68.75160767769712, 45.779059849926995], [-68.74903502179134, 45.779054228145256]]]}, "properties": {"res_m": 0.6, "why": "far outside the survey's reach", "water_px": 148, "water_ha": 1.48, "shore_m_median": 20.0, "island_m_median": 282.6, "reach_m_median": 536.0, "open_water_frac": 0.0, "gap_frac": 0.635, "utm": [519310.0, 5069530.0, 519510.0, 5069730.0]}}, {"type": "Feature", "geometry": {"type": "Polygon", "coordinates": [[[-68.74646236665222, 45.77904854843832], [-68.74645420768317, 45.78084866931785], [-68.7490269456095, 45.7808543493794], [-68.74903502179134, 45.779054228145256], [-68.74646236665222, 45.77904854843832]]]}, "properties": {"res_m": 1.0, "why": "near the mainland shore", "water_px": 39, "water_ha": 0.39, "shore_m_median": 10.0, "island_m_median": 323.9, "reach_m_median": 652.0, "open_water_frac": 0.0, "gap_frac": 0.41, "utm": [519510.0, 5069530.0, 519710.0, 5069730.0]}}, {"type": "Feature", "geometry": {"type": "Polygon", "coordinates": [[[-68.83136577459422, 45.77740526280319], [-68.83136034816074, 45.77920539404624], [-68.8339330244501, 45.77920916220107], [-68.83393836810174, 45.77740903072276], [-68.83136577459422, 45.77740526280319]]]}, "properties": {"res_m": 1.0, "why": "near the mainland shore", "water_px": 294, "water_ha": 2.94, "shore_m_median": 64.0, "island_m_median": 1955.9, "reach_m_median": 264.0, "open_water_frac": 0.133, "gap_frac": 0.884, "utm": [512910.0, 5069330.0, 513110.0, 5069530.0]}}, {"type": "Feature", "geometry": {"type": "Polygon", "coordinates": [[[-68.8287931816018, 45.77740143696086], [-68.82878767238655, 45.779201567965025], [-68.83136034816074, 45.77920539404624], [-68.83136577459422, 45.77740526280319], [-68.8287931816018, 45.77740143696086]]]}, "properties": {"res_m": 0.3, "why": "open water the 1954 survey never sounded", "water_px": 400, "water_ha": 4.0, "shore_m_median": 198.0, "island_m_median": 1802.4, "reach_m_median": 252.0, "open_water_frac": 0.922, "gap_frac": 0.92, "utm": [513110.0, 5069330.0, 513310.0, 5069530.0]}}, {"type": "Feature", "geometry": {"type": "Polygon", "coordinates": [[[-68.82622058913236, 45.77739755319578], [-68.82621499713541, 45.779197683957456], [-68.82878767238655, 45.779201567965025], [-68.8287931816018, 45.77740143696086], [-68.82622058913236, 45.77739755319578]]]}, "properties": {"res_m": 0.3, "why": "open water the 1954 survey never sounded", "water_px": 400, "water_ha": 4.0, "shore_m_median": 352.3, "island_m_median": 1628.8, "reach_m_median": 248.0, "open_water_frac": 1.0, "gap_frac": 0.915, "utm": [513310.0, 5069330.0, 513510.0, 5069530.0]}}, {"type": "Feature", "geometry": {"type": "Polygon", "coordinates": [[[-68.82364799719373, 45.777393611508], [-68.82364232241514, 45.77919374202356], [-68.82621499713541, 45.779197683957456], [-68.82622058913236, 45.77739755319578], [-68.82364799719373, 45.777393611508]]]}, "properties": {"res_m": 0.3, "why": "open water the 1954 survey never sounded", "water_px": 400, "water_ha": 4.0, "shore_m_median": 505.9, "island_m_median": 1462.7, "reach_m_median": 256.0, "open_water_frac": 1.0, "gap_frac": 0.963, "utm": [513510.0, 5069330.0, 513710.0, 5069530.0]}}, {"type": "Feature", "geometry": {"type": "Polygon", "coordinates": [[[-68.8210754057938, 45.77738961189754], [-68.82106964823363, 45.77918974216337], [-68.82364232241514, 45.77919374202356], [-68.82364799719373, 45.777393611508], [-68.8210754057938, 45.77738961189754]]]}, "properties": {"res_m": 0.3, "why": "open water the 1954 survey never sounded", "water_px": 400, "water_ha": 4.0, "shore_m_median": 676.1, "island_m_median": 1307.7, "reach_m_median": 248.0, "open_water_frac": 1.0, "gap_frac": 0.895, "utm": [513710.0, 5069330.0, 513910.0, 5069530.0]}}, {"type": "Feature", "geometry": {"type": "Polygon", "coordinates": [[[-68.81850281494043, 45.77738555436444], [-68.81849697459873, 45.779185684376905], [-68.82106964823363, 45.77918974216337], [-68.8210754057938, 45.77738961189754], [-68.81850281494043, 45.77738555436444]]]}, "properties": {"res_m": 0.3, "why": "open water the 1954 survey never sounded", "water_px": 400, "water_ha": 4.0, "shore_m_median": 856.6, "island_m_median": 1162.0, "reach_m_median": 248.0, "open_water_frac": 1.0, "gap_frac": 0.875, "utm": [513910.0, 5069330.0, 514110.0, 5069530.0]}}, {"type": "Feature", "geometry": {"type": "Polygon", "coordinates": [[[-68.81593022464145, 45.777381438908726], [-68.8159243015183, 45.77918156866422], [-68.81849697459873, 45.779185684376905], [-68.81850281494043, 45.77738555436444], [-68.81593022464145, 45.777381438908726]]]}, "properties": {"res_m": 0.3, "why": "open water the 1954 survey never sounded", "water_px": 400, "water_ha": 4.0, "shore_m_median": 990.0, "island_m_median": 1035.9, "reach_m_median": 240.0, "open_water_frac": 1.0, "gap_frac": 0.745, "utm": [514110.0, 5069330.0, 514310.0, 5069530.0]}}, {"type": "Feature", "geometry": {"type": "Polygon", "coordinates": [[[-68.81335763490475, 45.77737726553044], [-68.8133516290002, 45.77917739502535], [-68.8159243015183, 45.77918156866422], [-68.81593022464145, 45.777381438908726], [-68.81335763490475, 45.77737726553044]]]}, "properties": {"res_m": 0.3, "why": "open water the 1954 survey never sounded", "water_px": 400, "water_ha": 4.0, "shore_m_median": 988.0, "island_m_median": 935.0, "reach_m_median": 240.0, "open_water_frac": 1.0, "gap_frac": 0.752, "utm": [514310.0, 5069330.0, 514510.0, 5069530.0]}}, {"type": "Feature", "geometry": {"type": "Polygon", "coordinates": [[[-68.81078504573814, 45.77737303422959], [-68.81077895705228, 45.77917316346031], [-68.8133516290002, 45.77917739502535], [-68.81335763490475, 45.77737726553044], [-68.81078504573814, 45.77737303422959]]]}, "properties": {"res_m": 0.3, "why": "open water the 1954 survey never sounded", "water_px": 400, "water_ha": 4.0, "shore_m_median": 967.6, "island_m_median": 869.3, "reach_m_median": 224.0, "open_water_frac": 1.0, "gap_frac": 0.593, "utm": [514510.0, 5069330.0, 514710.0, 5069530.0]}}, {"type": "Feature", "geometry": {"type": "Polygon", "coordinates": [[[-68.80821245714952, 45.777368745006235], [-68.8082062856824, 45.77916887396914], [-68.81077895705228, 45.77917316346031], [-68.81078504573814, 45.77737303422959], [-68.80821245714952, 45.777368745006235]]]}, "properties": {"res_m": 0.3, "why": "open water the 1954 survey never sounded", "water_px": 400, "water_ha": 4.0, "shore_m_median": 948.2, "island_m_median": 847.4, "reach_m_median": 232.0, "open_water_frac": 1.0, "gap_frac": 0.632, "utm": [514710.0, 5069330.0, 514910.0, 5069530.0]}}, {"type": "Feature", "geometry": {"type": "Polygon", "coordinates": [[[-68.80563986914675, 45.77736439786041], [-68.80563361489844, 45.779164526551874], [-68.8082062856824, 45.77916887396914], [-68.80821245714952, 45.777368745006235], [-68.80563986914675, 45.77736439786041]]]}, "properties": {"res_m": 0.3, "why": "open water the 1954 survey never sounded", "water_px": 400, "water_ha": 4.0, "shore_m_median": 840.6, "island_m_median": 866.8, "reach_m_median": 240.0, "open_water_frac": 1.0, "gap_frac": 0.677, "utm": [514910.0, 5069330.0, 515110.0, 5069530.0]}}, {"type": "Feature", "geometry": {"type": "Polygon", "coordinates": [[[-68.80306728173765, 45.77735999279214], [-68.80306094470824, 45.779160121208555], [-68.80563361489844, 45.779164526551874], [-68.80563986914675, 45.77736439786041], [-68.80306728173765, 45.77735999279214]]]}, "properties": {"res_m": 0.3, "why": "open water the 1954 survey never sounded", "water_px": 400, "water_ha": 4.0, "shore_m_median": 738.1, "island_m_median": 930.5, "reach_m_median": 224.0, "open_water_frac": 1.0, "gap_frac": 0.625, "utm": [515110.0, 5069330.0, 515310.0, 5069530.0]}}, {"type": "Feature", "geometry": {"type": "Polygon", "coordinates": [[[-68.80049469493012, 45.777355529801454], [-68.80048827511965, 45.7791556579392], [-68.80306094470824, 45.779160121208555], [-68.80306728173765, 45.77735999279214], [-68.80049469493012, 45.777355529801454]]]}, "properties": {"res_m": 0.3, "why": "open water the 1954 survey never sounded", "water_px": 400, "water_ha": 4.0, "shore_m_median": 677.3, "island_m_median": 939.8, "reach_m_median": 208.0, "open_water_frac": 1.0, "gap_frac": 0.507, "utm": [515310.0, 5069330.0, 515510.0, 5069530.0]}}, {"type": "Feature", "geometry": {"type": "Polygon", "coordinates": [[[-68.797922108732, 45.7773510088884], [-68.79791560614055, 45.779151136743856], [-68.80048827511965, 45.7791556579392], [-68.80049469493012, 45.777355529801454], [-68.797922108732, 45.7773510088884]]]}, "properties": {"res_m": 0.3, "why": "open water the 1954 survey never sounded", "water_px": 400, "water_ha": 4.0, "shore_m_median": 630.5, "island_m_median": 859.1, "reach_m_median": 216.0, "open_water_frac": 1.0, "gap_frac": 0.565, "utm": [515510.0, 5069330.0, 515710.0, 5069530.0]}}, {"type": "Feature", "geometry": {"type": "Polygon", "coordinates": [[[-68.79534952315113, 45.777346430053015], [-68.79534293777878, 45.779146557622575], [-68.79791560614055, 45.779151136743856], [-68.797922108732, 45.7773510088884], [-68.79534952315113, 45.777346430053015]]]}, "properties": {"res_m": 0.3, "why": "open water the 1954 survey never sounded", "water_px": 400, "water_ha": 4.0, "shore_m_median": 495.5, "island_m_median": 800.6, "reach_m_median": 216.0, "open_water_frac": 1.0, "gap_frac": 0.565, "utm": [515710.0, 5069330.0, 515910.0, 5069530.0]}}, {"type": "Feature", "geometry": {"type": "Polygon", "coordinates": [[[-68.7927769381954, 45.77734179329532], [-68.79277027004223, 45.779141920575356], [-68.79534293777878, 45.779146557622575], [-68.79534952315113, 45.777346430053015], [-68.7927769381954, 45.77734179329532]]]}, "properties": {"res_m": 0.6, "why": "open water", "water_px": 400, "water_ha": 4.0, "shore_m_median": 332.4, "island_m_median": 674.1, "reach_m_median": 200.0, "open_water_frac": 1.0, "gap_frac": 0.465, "utm": [515910.0, 5069330.0, 516110.0, 5069530.0]}}, {"type": "Feature", "geometry": {"type": "Polygon", "coordinates": [[[-68.79020435387265, 45.777337098615355], [-68.79019760293872, 45.77913722560228], [-68.79277027004223, 45.779141920575356], [-68.7927769381954, 45.77734179329532], [-68.79020435387265, 45.777337098615355]]]}, "properties": {"res_m": 0.6, "why": "open water", "water_px": 400, "water_ha": 4.0, "shore_m_median": 172.0, "island_m_median": 478.9, "reach_m_median": 176.0, "open_water_frac": 0.802, "gap_frac": 0.352, "utm": [516110.0, 5069330.0, 516310.0, 5069530.0]}}, {"type": "Feature", "geometry": {"type": "Polygon", "coordinates": [[[-68.78763177019074, 45.77733234601319], [-68.78762493647613, 45.779132472703346], [-68.79019760293872, 45.77913722560228], [-68.79020435387265, 45.777337098615355], [-68.78763177019074, 45.77733234601319]]]}, "properties": {"res_m": 1.0, "why": "near the mainland shore", "water_px": 327, "water_ha": 3.27, "shore_m_median": 80.0, "island_m_median": 288.6, "reach_m_median": 176.0, "open_water_frac": 0.232, "gap_frac": 0.239, "utm": [516310.0, 5069330.0, 516510.0, 5069530.0]}}, {"type": "Feature", "geometry": {"type": "Polygon", "coordinates": [[[-68.78505918715754, 45.77732753548882], [-68.78505227066232, 45.77912766187861], [-68.78762493647613, 45.779132472703346], [-68.78763177019074, 45.77733234601319], [-68.78505918715754, 45.77732753548882]]]}, "properties": {"res_m": 1.0, "why": "near the mainland shore", "water_px": 234, "water_ha": 2.34, "shore_m_median": 58.3, "island_m_median": 100.0, "reach_m_median": 144.0, "open_water_frac": 0.017, "gap_frac": 0.103, "utm": [516510.0, 5069330.0, 516710.0, 5069530.0]}}, {"type": "Feature", "geometry": {"type": "Polygon", "coordinates": [[[-68.7824866047809, 45.77732266704229], [-68.78247960550515, 45.77912279312812], [-68.78505227066232, 45.77912766187861], [-68.78505918715754, 45.77732753548882], [-68.7824866047809, 45.77732266704229]]]}, "properties": {"res_m": 1.0, "why": "near the mainland shore", "water_px": 359, "water_ha": 3.59, "shore_m_median": 36.1, "island_m_median": 164.0, "reach_m_median": 128.0, "open_water_frac": 0.006, "gap_frac": 0.072, "utm": [516710.0, 5069330.0, 516910.0, 5069530.0]}}, {"type": "Feature", "geometry": {"type": "Polygon", "coordinates": [[[-68.77991402306867, 45.77731774067368], [-68.77990694101247, 45.77911786645189], [-68.78247960550515, 45.77912279312812], [-68.7824866047809, 45.77732266704229], [-68.77991402306867, 45.77731774067368]]]}, "properties": {"res_m": 1.0, "why": "near the mainland shore", "water_px": 231, "water_ha": 2.31, "shore_m_median": 31.6, "island_m_median": 300.8, "reach_m_median": 248.0, "open_water_frac": 0.0, "gap_frac": 0.671, "utm": [516910.0, 5069330.0, 517110.0, 5069530.0]}}, {"type": "Feature", "geometry": {"type": "Polygon", "coordinates": [[[-68.76190597034672, 45.77728163427756], [-68.76189830882964, 45.779081757801315], [-68.76447096845082, 45.779087089956505], [-68.76447854718803, 45.77728696609984], [-68.76190597034672, 45.77728163427756]]]}, "properties": {"res_m": 1.0, "why": "near the mainland shore", "water_px": 7, "water_ha": 0.07, "shore_m_median": 10.0, "island_m_median": 199.2, "reach_m_median": 352.0, "open_water_frac": 0.0, "gap_frac": 1.0, "utm": [518310.0, 5069330.0, 518510.0, 5069530.0]}}, {"type": "Feature", "geometry": {"type": "Polygon", "coordinates": [[[-68.7593333942327, 45.7772762445335], [-68.75932564993582, 45.77907636772072], [-68.76189830882964, 45.779081757801315], [-68.76190597034672, 45.77728163427756], [-68.7593333942327, 45.7772762445335]]]}, "properties": {"res_m": 1.0, "why": "near the mainland shore", "water_px": 275, "water_ha": 2.75, "shore_m_median": 56.6, "island_m_median": 161.6, "reach_m_median": 272.0, "open_water_frac": 0.087, "gap_frac": 0.884, "utm": [518510.0, 5069330.0, 518710.0, 5069530.0]}}, {"type": "Feature", "geometry": {"type": "Polygon", "coordinates": [[[-68.7567608188538, 45.77727079686771], [-68.75675299177722, 45.77907091971479], [-68.75932564993582, 45.77907636772072], [-68.7593333942327, 45.7772762445335], [-68.7567608188538, 45.77727079686771]]]}, "properties": {"res_m": 0.6, "why": "open water", "water_px": 342, "water_ha": 3.42, "shore_m_median": 155.7, "island_m_median": 52.4, "reach_m_median": 176.0, "open_water_frac": 0.667, "gap_frac": 0.345, "utm": [518710.0, 5069330.0, 518910.0, 5069530.0]}}, {"type": "Feature", "geometry": {"type": "Polygon", "coordinates": [[[-68.7541882442179, 45.77726529128022], [-68.7541803343617, 45.77906541378353], [-68.75675299177722, 45.77907091971479], [-68.7567608188538, 45.77727079686771], [-68.7541882442179, 45.77726529128022]]]}, "properties": {"res_m": 1.0, "why": "near the mainland shore", "water_px": 347, "water_ha": 3.47, "shore_m_median": 80.0, "island_m_median": 89.4, "reach_m_median": 272.0, "open_water_frac": 0.233, "gap_frac": 0.801, "utm": [518910.0, 5069330.0, 519110.0, 5069530.0]}}, {"type": "Feature", "geometry": {"type": "Polygon", "coordinates": [[[-68.75161567033287, 45.77725972777108], [-68.75160767769712, 45.779059849926995], [-68.7541803343617, 45.77906541378353], [-68.7541882442179, 45.77726529128022], [-68.75161567033287, 45.77725972777108]]]}, "properties": {"res_m": 0.6, "why": "far outside the survey's reach", "water_px": 309, "water_ha": 3.09, "shore_m_median": 36.1, "island_m_median": 241.9, "reach_m_median": 424.0, "open_water_frac": 0.0, "gap_frac": 0.871, "utm": [519110.0, 5069330.0, 519310.0, 5069530.0]}}, {"type": "Feature", "geometry": {"type": "Polygon", "coordinates": [[[-68.74904309720652, 45.77725410634034], [-68.74903502179134, 45.779054228145256], [-68.75160767769712, 45.779059849926995], [-68.75161567033287, 45.77725972777108], [-68.74904309720652, 45.77725410634034]]]}, "properties": {"res_m": 0.6, "why": "far outside the survey's reach", "water_px": 183, "water_ha": 1.83, "shore_m_median": 20.0, "island_m_median": 420.0, "reach_m_median": 592.0, "open_water_frac": 0.0, "gap_frac": 0.803, "utm": [519310.0, 5069330.0, 519510.0, 5069530.0]}}, {"type": "Feature", "geometry": {"type": "Polygon", "coordinates": [[[-68.74647052484676, 45.77724842698802], [-68.74646236665222, 45.77904854843832], [-68.74903502179134, 45.779054228145256], [-68.74904309720652, 45.77725410634034], [-68.74647052484676, 45.77724842698802]]]}, "properties": {"res_m": 0.6, "why": "far outside the survey's reach", "water_px": 59, "water_ha": 0.59, "shore_m_median": 22.4, "island_m_median": 449.2, "reach_m_median": 672.0, "open_water_frac": 0.0, "gap_frac": 0.932, "utm": [519510.0, 5069330.0, 519710.0, 5069530.0]}}, {"type": "Feature", "geometry": {"type": "Polygon", "coordinates": [[[-68.83137120051256, 45.77560513098996], [-68.83136577459422, 45.77740526280319], [-68.83393836810174, 45.77740903072276], [-68.83394371124612, 45.77560889867428], [-68.83137120051256, 45.77560513098996]]]}, "properties": {"res_m": 1.0, "why": "near the mainland shore", "water_px": 35, "water_ha": 0.35, "shore_m_median": 22.4, "island_m_median": 1975.9, "reach_m_median": 256.0, "open_water_frac": 0.0, "gap_frac": 1.0, "utm": [512910.0, 5069130.0, 513110.0, 5069330.0]}}, {"type": "Feature", "geometry": {"type": "Polygon", "coordinates": [[[-68.82879869029406, 45.77560130538649], [-68.8287931816018, 45.77740143696086], [-68.83136577459422, 45.77740526280319], [-68.83137120051256, 45.77560513098996], [-68.82879869029406, 45.77560130538649]]]}, "properties": {"res_m": 1.0, "why": "near the mainland shore", "water_px": 343, "water_ha": 3.43, "shore_m_median": 80.6, "island_m_median": 1893.4, "reach_m_median": 136.0, "open_water_frac": 0.251, "gap_frac": 0.076, "utm": [513110.0, 5069130.0, 513310.0, 5069330.0]}}, {"type": "Feature", "geometry": {"type": "Polygon", "coordinates": [[[-68.82622618059847, 45.7755974218639], [-68.82622058913236, 45.77739755319578], [-68.8287931816018, 45.77740143696086], [-68.82879869029406, 45.77560130538649], [-68.82622618059847, 45.7755974218639]]]}, "properties": {"res_m": 0.6, "why": "open water", "water_px": 400, "water_ha": 4.0, "shore_m_median": 233.3, "island_m_median": 1742.7, "reach_m_median": 96.0, "open_water_frac": 0.985, "gap_frac": 0.0, "utm": [513310.0, 5069130.0, 513510.0, 5069330.0]}}, {"type": "Feature", "geometry": {"type": "Polygon", "coordinates": [[[-68.82365367143365, 45.775593480422216], [-68.82364799719373, 45.777393611508], [-68.82622058913236, 45.77739755319578], [-68.82622618059847, 45.7755974218639], [-68.82365367143365, 45.775593480422216]]]}, "properties": {"res_m": 0.6, "why": "open water", "water_px": 400, "water_ha": 4.0, "shore_m_median": 412.3, "island_m_median": 1588.7, "reach_m_median": 120.0, "open_water_frac": 1.0, "gap_frac": 0.025, "utm": [513510.0, 5069130.0, 513710.0, 5069330.0]}}, {"type": "Feature", "geometry": {"type": "Polygon", "coordinates": [[[-68.82108116280745, 45.77558948106149], [-68.8210754057938, 45.77738961189754], [-68.82364799719373, 45.777393611508], [-68.82365367143365, 45.775593480422216], [-68.82108116280745, 45.77558948106149]]]}, "properties": {"res_m": 0.6, "why": "open water", "water_px": 400, "water_ha": 4.0, "shore_m_median": 600.5, "island_m_median": 1444.2, "reach_m_median": 112.0, "open_water_frac": 1.0, "gap_frac": 0.01, "utm": [513710.0, 5069130.0, 513910.0, 5069330.0]}}, {"type": "Feature", "geometry": {"type": "Polygon", "coordinates": [[[-68.81850865472772, 45.77558542378172], [-68.81850281494043, 45.77738555436444], [-68.8210754057938, 45.77738961189754], [-68.82108116280745, 45.77558948106149], [-68.81850865472772, 45.77558542378172]]]}, "properties": {"res_m": 0.6, "why": "open water", "water_px": 400, "water_ha": 4.0, "shore_m_median": 791.2, "island_m_median": 1315.0, "reach_m_median": 104.0, "open_water_frac": 1.0, "gap_frac": 0.0, "utm": [513910.0, 5069130.0, 514110.0, 5069330.0]}}, {"type": "Feature", "geometry": {"type": "Polygon", "coordinates": [[[-68.81593614720235, 45.77558130858295], [-68.81593022464145, 45.777381438908726], [-68.81850281494043, 45.77738555436444], [-68.81850865472772, 45.77558542378172], [-68.81593614720235, 45.77558130858295]]]}, "properties": {"res_m": 0.6, "why": "open water", "water_px": 400, "water_ha": 4.0, "shore_m_median": 986.4, "island_m_median": 1203.9, "reach_m_median": 80.0, "open_water_frac": 1.0, "gap_frac": 0.0, "utm": [514110.0, 5069130.0, 514310.0, 5069330.0]}}, {"type": "Feature", "geometry": {"type": "Polygon", "coordinates": [[[-68.81336364023916, 45.77557713546523], [-68.81335763490475, 45.77737726553044], [-68.81593022464145, 45.777381438908726], [-68.81593614720235, 45.77558130858295], [-68.81336364023916, 45.77557713546523]]]}, "properties": {"res_m": 0.6, "why": "open water", "water_px": 400, "water_ha": 4.0, "shore_m_median": 1137.7, "island_m_median": 1119.2, "reach_m_median": 96.0, "open_water_frac": 1.0, "gap_frac": 0.0, "utm": [514310.0, 5069130.0, 514510.0, 5069330.0]}}, {"type": "Feature", "geometry": {"type": "Polygon", "coordinates": [[[-68.81079113384602, 45.77557290442857], [-68.81078504573814, 45.77737303422959], [-68.81335763490475, 45.77737726553044], [-68.81336364023916, 45.77557713546523], [-68.81079113384602, 45.77557290442857]]]}, "properties": {"res_m": 0.6, "why": "open water", "water_px": 400, "water_ha": 4.0, "shore_m_median": 1167.2, "island_m_median": 1065.0, "reach_m_median": 80.0, "open_water_frac": 1.0, "gap_frac": 0.0, "utm": [514510.0, 5069130.0, 514710.0, 5069330.0]}}, {"type": "Feature", "geometry": {"type": "Polygon", "coordinates": [[[-68.80821862803082, 45.77556861547303], [-68.80821245714952, 45.777368745006235], [-68.81078504573814, 45.77737303422959], [-68.81079113384602, 45.77557290442857], [-68.80821862803082, 45.77556861547303]]]}, "properties": {"res_m": 0.6, "why": "open water", "water_px": 400, "water_ha": 4.0, "shore_m_median": 1116.4, "island_m_median": 1046.9, "reach_m_median": 96.0, "open_water_frac": 1.0, "gap_frac": 0.0, "utm": [514710.0, 5069130.0, 514910.0, 5069330.0]}}, {"type": "Feature", "geometry": {"type": "Polygon", "coordinates": [[[-68.80564612280136, 45.77556426859861], [-68.80563986914675, 45.77736439786041], [-68.80821245714952, 45.777368745006235], [-68.80821862803082, 45.77556861547303], [-68.80564612280136, 45.77556426859861]]]}, "properties": {"res_m": 0.6, "why": "open water", "water_px": 400, "water_ha": 4.0, "shore_m_median": 1007.0, "island_m_median": 1063.3, "reach_m_median": 72.0, "open_water_frac": 1.0, "gap_frac": 0.0, "utm": [514910.0, 5069130.0, 515110.0, 5069330.0]}}, {"type": "Feature", "geometry": {"type": "Polygon", "coordinates": [[[-68.80307361816553, 45.775559863805356], [-68.80306728173765, 45.77735999279214], [-68.80563986914675, 45.77736439786041], [-68.80564612280136, 45.77556426859861], [-68.80307361816553, 45.775559863805356]]]}, "properties": {"res_m": 0.6, "why": "open water", "water_px": 400, "water_ha": 4.0, "shore_m_median": 922.5, "island_m_median": 1115.5, "reach_m_median": 80.0, "open_water_frac": 1.0, "gap_frac": 0.0, "utm": [515110.0, 5069130.0, 515310.0, 5069330.0]}}, {"type": "Feature", "geometry": {"type": "Polygon", "coordinates": [[[-68.80050111413118, 45.77555540109333], [-68.80049469493012, 45.777355529801454], [-68.80306728173765, 45.77735999279214], [-68.80307361816553, 45.775559863805356], [-68.80050111413118, 45.77555540109333]]]}, "properties": {"res_m": 0.6, "why": "open water", "water_px": 400, "water_ha": 4.0, "shore_m_median": 873.4, "island_m_median": 1118.1, "reach_m_median": 84.0, "open_water_frac": 1.0, "gap_frac": 0.0, "utm": [515310.0, 5069130.0, 515510.0, 5069330.0]}}, {"type": "Feature", "geometry": {"type": "Polygon", "coordinates": [[[-68.79792861070618, 45.77555088046253], [-68.797922108732, 45.7773510088884], [-68.80049469493012, 45.777355529801454], [-68.80050111413118, 45.77555540109333], [-68.79792861070618, 45.77555088046253]]]}, "properties": {"res_m": 0.6, "why": "open water", "water_px": 400, "water_ha": 4.0, "shore_m_median": 771.4, "island_m_median": 1024.4, "reach_m_median": 88.0, "open_water_frac": 1.0, "gap_frac": 0.0, "utm": [515510.0, 5069130.0, 515710.0, 5069330.0]}}, {"type": "Feature", "geometry": {"type": "Polygon", "coordinates": [[[-68.79535610789836, 45.77554630191303], [-68.79534952315113, 45.777346430053015], [-68.797922108732, 45.7773510088884], [-68.79792861070618, 45.77555088046253], [-68.79535610789836, 45.77554630191303]]]}, "properties": {"res_m": 0.6, "why": "open water", "water_px": 400, "water_ha": 4.0, "shore_m_median": 610.0, "island_m_median": 870.7, "reach_m_median": 80.0, "open_water_frac": 1.0, "gap_frac": 0.0, "utm": [515710.0, 5069130.0, 515910.0, 5069330.0]}}, {"type": "Feature", "geometry": {"type": "Polygon", "coordinates": [[[-68.7927836057156, 45.77554166544484], [-68.7927769381954, 45.77734179329532], [-68.79534952315113, 45.777346430053015], [-68.79535610789836, 45.77554630191303], [-68.7927836057156, 45.77554166544484]]]}, "properties": {"res_m": 0.6, "why": "open water", "water_px": 400, "water_ha": 4.0, "shore_m_median": 452.5, "island_m_median": 672.3, "reach_m_median": 84.0, "open_water_frac": 1.0, "gap_frac": 0.0, "utm": [515910.0, 5069130.0, 516110.0, 5069330.0]}}, {"type": "Feature", "geometry": {"type": "Polygon", "coordinates": [[[-68.79021110416575, 45.775536971057996], [-68.79020435387265, 45.777337098615355], [-68.7927769381954, 45.77734179329532], [-68.7927836057156, 45.77554166544484], [-68.79021110416575, 45.775536971057996]]]}, "properties": {"res_m": 0.6, "why": "open water", "water_px": 400, "water_ha": 4.0, "shore_m_median": 318.9, "island_m_median": 476.1, "reach_m_median": 80.0, "open_water_frac": 1.0, "gap_frac": 0.0, "utm": [516110.0, 5069130.0, 516310.0, 5069330.0]}}, {"type": "Feature", "geometry": {"type": "Polygon", "coordinates": [[[-68.78763860325667, 45.77553221875255], [-68.78763177019074, 45.77733234601319], [-68.79020435387265, 45.777337098615355], [-68.79021110416575, 45.775536971057996], [-68.78763860325667, 45.77553221875255]]]}, "properties": {"res_m": 0.6, "why": "open water", "water_px": 400, "water_ha": 4.0, "shore_m_median": 253.2, "island_m_median": 284.5, "reach_m_median": 96.0, "open_water_frac": 1.0, "gap_frac": 0.0, "utm": [516310.0, 5069130.0, 516510.0, 5069330.0]}}, {"type": "Feature", "geometry": {"type": "Polygon", "coordinates": [[[-68.7850661029962, 45.77552740852853], [-68.78505918715754, 45.77732753548882], [-68.78763177019074, 45.77733234601319], [-68.78763860325667, 45.77553221875255], [-68.7850661029962, 45.77552740852853]]]}, "properties": {"res_m": 0.6, "why": "open water", "water_px": 394, "water_ha": 3.94, "shore_m_median": 211.9, "island_m_median": 127.3, "reach_m_median": 80.0, "open_water_frac": 0.967, "gap_frac": 0.0, "utm": [516510.0, 5069130.0, 516710.0, 5069330.0]}}, {"type": "Feature", "geometry": {"type": "Polygon", "coordinates": [[[-68.78249360339223, 45.77552254038598], [-68.7824866047809, 45.77732266704229], [-68.78505918715754, 45.77732753548882], [-68.7850661029962, 45.77552740852853], [-68.78249360339223, 45.77552254038598]]]}, "properties": {"res_m": 0.6, "why": "open water", "water_px": 400, "water_ha": 4.0, "shore_m_median": 138.9, "island_m_median": 160.8, "reach_m_median": 128.0, "open_water_frac": 0.645, "gap_frac": 0.092, "utm": [516710.0, 5069130.0, 516910.0, 5069330.0]}}, {"type": "Feature", "geometry": {"type": "Polygon", "coordinates": [[[-68.77992110445258, 45.77551761432493], [-68.77991402306867, 45.77731774067368], [-68.7824866047809, 45.77732266704229], [-68.78249360339223, 45.77552254038598], [-68.77992110445258, 45.77551761432493]]]}, "properties": {"res_m": 1.0, "why": "near the mainland shore", "water_px": 241, "water_ha": 2.41, "shore_m_median": 22.4, "island_m_median": 305.9, "reach_m_median": 256.0, "open_water_frac": 0.0, "gap_frac": 0.697, "utm": [516910.0, 5069130.0, 517110.0, 5069330.0]}}, {"type": "Feature", "geometry": {"type": "Polygon", "coordinates": [[[-68.76705861999443, 45.775492115243686], [-68.76705112474875, 45.77729224000028], [-68.76962370302104, 45.777297455978854], [-68.76963111549453, 45.775497330896606], [-68.76705861999443, 45.775492115243686]]]}, "properties": {"res_m": 0.6, "why": "far outside the survey's reach", "water_px": 6, "water_ha": 0.06, "shore_m_median": 10.0, "island_m_median": 317.1, "reach_m_median": 500.0, "open_water_frac": 0.0, "gap_frac": 0.667, "utm": [517910.0, 5069130.0, 518110.0, 5069330.0]}}, {"type": "Feature", "geometry": {"type": "Polygon", "coordinates": [[[-68.7644861252058, 45.77548684167252], [-68.76447854718803, 45.77728696609984], [-68.76705112474875, 45.77729224000028], [-68.76705861999443, 45.775492115243686], [-68.7644861252058, 45.77548684167252]]]}, "properties": {"res_m": 0.6, "why": "far outside the survey's reach", "water_px": 34, "water_ha": 0.34, "shore_m_median": 14.1, "island_m_median": 216.1, "reach_m_median": 488.0, "open_water_frac": 0.0, "gap_frac": 1.0, "utm": [518110.0, 5069130.0, 518310.0, 5069330.0]}}, {"type": "Feature", "geometry": {"type": "Polygon", "coordinates": [[[-68.76191363113652, 45.775481510183134], [-68.76190597034672, 45.77728163427756], [-68.76447854718803, 45.77728696609984], [-68.7644861252058, 45.77548684167252], [-68.76191363113652, 45.775481510183134]]]}, "properties": {"res_m": 1.0, "why": "near the mainland shore", "water_px": 309, "water_ha": 3.09, "shore_m_median": 58.3, "island_m_median": 136.0, "reach_m_median": 400.0, "open_water_frac": 0.1, "gap_frac": 0.994, "utm": [518310.0, 5069130.0, 518510.0, 5069330.0]}}, {"type": "Feature", "geometry": {"type": "Polygon", "coordinates": [[[-68.75934113779444, 45.77547612077559], [-68.7593333942327, 45.7772762445335], [-68.76190597034672, 45.77728163427756], [-68.76191363113652, 45.775481510183134], [-68.75934113779444, 45.77547612077559]]]}, "properties": {"res_m": 0.3, "why": "open water the 1954 survey never sounded", "water_px": 394, "water_ha": 3.94, "shore_m_median": 164.0, "island_m_median": 120.0, "reach_m_median": 224.0, "open_water_frac": 0.789, "gap_frac": 0.579, "utm": [518510.0, 5069130.0, 518710.0, 5069330.0]}}, {"type": "Feature", "geometry": {"type": "Polygon", "coordinates": [[[-68.75676864518739, 45.77547067344992], [-68.7567608188538, 45.77727079686771], [-68.7593333942327, 45.7772762445335], [-68.75934113779444, 45.77547612077559], [-68.75676864518739, 45.77547067344992]]]}, "properties": {"res_m": 0.6, "why": "open water", "water_px": 400, "water_ha": 4.0, "shore_m_median": 247.6, "island_m_median": 130.0, "reach_m_median": 84.0, "open_water_frac": 1.0, "gap_frac": 0.0, "utm": [518710.0, 5069130.0, 518910.0, 5069330.0]}}, {"type": "Feature", "geometry": {"type": "Polygon", "coordinates": [[[-68.75419615332325, 45.77546516820617], [-68.7541882442179, 45.77726529128022], [-68.7567608188538, 45.77727079686771], [-68.75676864518739, 45.77547067344992], [-68.75419615332325, 45.77546516820617]]]}, "properties": {"res_m": 1.0, "why": "near the mainland shore", "water_px": 395, "water_ha": 3.95, "shore_m_median": 100.0, "island_m_median": 202.5, "reach_m_median": 192.0, "open_water_frac": 0.387, "gap_frac": 0.423, "utm": [518910.0, 5069130.0, 519110.0, 5069330.0]}}, {"type": "Feature", "geometry": {"type": "Polygon", "coordinates": [[[-68.75162366220988, 45.7754596050444], [-68.75161567033287, 45.77725972777108], [-68.7541882442179, 45.77726529128022], [-68.75419615332325, 45.77546516820617], [-68.75162366220988, 45.7754596050444]]]}, "properties": {"res_m": 1.0, "why": "near the mainland shore", "water_px": 28, "water_ha": 0.28, "shore_m_median": 10.0, "island_m_median": 268.2, "reach_m_median": 296.0, "open_water_frac": 0.0, "gap_frac": 0.25, "utm": [519110.0, 5069130.0, 519310.0, 5069330.0]}}, {"type": "Feature", "geometry": {"type": "Polygon", "coordinates": [[[-68.74905117185514, 45.77545398396462], [-68.74904309720652, 45.77725410634034], [-68.75161567033287, 45.77725972777108], [-68.75162366220988, 45.7754596050444], [-68.74905117185514, 45.77545398396462]]]}, "properties": {"res_m": 0.6, "why": "far outside the survey's reach", "water_px": 31, "water_ha": 0.31, "shore_m_median": 22.4, "island_m_median": 384.7, "reach_m_median": 640.0, "open_water_frac": 0.0, "gap_frac": 0.871, "utm": [519310.0, 5069130.0, 519510.0, 5069330.0]}}, {"type": "Feature", "geometry": {"type": "Polygon", "coordinates": [[[-68.74647868226687, 45.7754483049669], [-68.74647052484676, 45.77724842698802], [-68.74904309720652, 45.77725410634034], [-68.74905117185514, 45.77545398396462], [-68.74647868226687, 45.7754483049669]]]}, "properties": {"res_m": 0.6, "why": "far outside the survey's reach", "water_px": 153, "water_ha": 1.53, "shore_m_median": 22.4, "island_m_median": 351.1, "reach_m_median": 576.0, "open_water_frac": 0.0, "gap_frac": 0.882, "utm": [519510.0, 5069130.0, 519710.0, 5069330.0]}}, {"type": "Feature", "geometry": {"type": "Polygon", "coordinates": [[[-68.73876121817949, 45.775430920466505], [-68.73875281244543, 45.77723104140215], [-68.74132538245836, 45.777236894518886], [-68.74133370542118, 45.7754367732178], [-68.73876121817949, 45.775430920466505]]]}, "properties": {"res_m": 1.0, "why": "near the mainland shore", "water_px": 50, "water_ha": 0.5, "shore_m_median": 10.0, "island_m_median": 811.8, "reach_m_median": 748.0, "open_water_frac": 0.0, "gap_frac": 0.4, "utm": [520110.0, 5069130.0, 520310.0, 5069330.0]}}, {"type": "Feature", "geometry": {"type": "Polygon", "coordinates": [[[-68.7361887317357, 45.775425009797466], [-68.7361802432305, 45.77722513036405], [-68.73875281244543, 45.77723104140215], [-68.73876121817949, 45.775430920466505], [-68.7361887317357, 45.775425009797466]]]}, "properties": {"res_m": 1.0, "why": "near the mainland shore", "water_px": 41, "water_ha": 0.41, "shore_m_median": 10.0, "island_m_median": 968.4, "reach_m_median": 896.0, "open_water_frac": 0.0, "gap_frac": 0.366, "utm": [520310.0, 5069130.0, 520510.0, 5069330.0]}}, {"type": "Feature", "geometry": {"type": "Polygon", "coordinates": [[[-68.83137662591588, 45.77380499860655], [-68.83137120051256, 45.77560513098996], [-68.83394371124612, 45.77560889867428], [-68.83394905388332, 45.77380876605563], [-68.83137662591588, 45.77380499860655]]]}, "properties": {"res_m": 1.0, "why": "near the mainland shore", "water_px": 137, "water_ha": 1.37, "shore_m_median": 22.4, "island_m_median": 2166.9, "reach_m_median": 264.0, "open_water_frac": 0.0, "gap_frac": 0.891, "utm": [512910.0, 5068930.0, 513110.0, 5069130.0]}}, {"type": "Feature", "geometry": {"type": "Polygon", "coordinates": [[[-68.82880419846343, 45.77380117324194], [-68.82879869029406, 45.77560130538649], [-68.83137120051256, 45.77560513098996], [-68.83137662591588, 45.77380499860655], [-68.82880419846343, 45.77380117324194]]]}, "properties": {"res_m": 1.0, "why": "near the mainland shore", "water_px": 280, "water_ha": 2.8, "shore_m_median": 50.0, "island_m_median": 2020.2, "reach_m_median": 168.0, "open_water_frac": 0.0, "gap_frac": 0.236, "utm": [513110.0, 5068930.0, 513310.0, 5069130.0]}}, {"type": "Feature", "geometry": {"type": "Polygon", "coordinates": [[[-68.82623177153383, 45.77379728996182], [-68.82622618059847, 45.7755974218639], [-68.82879869029406, 45.77560130538649], [-68.82880419846343, 45.77380117324194], [-68.82623177153383, 45.77379728996182]]]}, "properties": {"res_m": 0.6, "why": "open water", "water_px": 400, "water_ha": 4.0, "shore_m_median": 173.6, "island_m_median": 1870.6, "reach_m_median": 136.0, "open_water_frac": 0.795, "gap_frac": 0.135, "utm": [513310.0, 5068930.0, 513510.0, 5069130.0]}}, {"type": "Feature", "geometry": {"type": "Polygon", "coordinates": [[[-68.82365934513494, 45.77379334876624], [-68.82365367143365, 45.775593480422216], [-68.82622618059847, 45.7755974218639], [-68.82623177153383, 45.77379728996182], [-68.82365934513494, 45.77379334876624]]]}, "properties": {"res_m": 0.6, "why": "open water", "water_px": 400, "water_ha": 4.0, "shore_m_median": 370.1, "island_m_median": 1726.5, "reach_m_median": 136.0, "open_water_frac": 1.0, "gap_frac": 0.095, "utm": [513510.0, 5068930.0, 513710.0, 5069130.0]}}, {"type": "Feature", "geometry": {"type": "Polygon", "coordinates": [[[-68.8210869192746, 45.773789349655196], [-68.82108116280745, 45.77558948106149], [-68.82365367143365, 45.775593480422216], [-68.82365934513494, 45.77379334876624], [-68.8210869192746, 45.773789349655196]]]}, "properties": {"res_m": 0.6, "why": "open water", "water_px": 400, "water_ha": 4.0, "shore_m_median": 568.6, "island_m_median": 1595.3, "reach_m_median": 152.0, "open_water_frac": 1.0, "gap_frac": 0.172, "utm": [513710.0, 5068930.0, 513910.0, 5069130.0]}}, {"type": "Feature", "geometry": {"type": "Polygon", "coordinates": [[[-68.81851449396069, 45.773785292628745], [-68.81850865472772, 45.77558542378172], [-68.82108116280745, 45.77558948106149], [-68.8210869192746, 45.773789349655196], [-68.81851449396069, 45.773785292628745]]]}, "properties": {"res_m": 0.6, "why": "open water", "water_px": 400, "water_ha": 4.0, "shore_m_median": 767.7, "island_m_median": 1478.6, "reach_m_median": 152.0, "open_water_frac": 1.0, "gap_frac": 0.225, "utm": [513910.0, 5068930.0, 514110.0, 5069130.0]}}, {"type": "Feature", "geometry": {"type": "Polygon", "coordinates": [[[-68.81594206920104, 45.773781177686914], [-68.81593614720235, 45.77558130858295], [-68.81850865472772, 45.77558542378172], [-68.81851449396069, 45.773785292628745], [-68.81594206920104, 45.773781177686914]]]}, "properties": {"res_m": 0.6, "why": "open water", "water_px": 400, "water_ha": 4.0, "shore_m_median": 967.1, "island_m_median": 1381.9, "reach_m_median": 168.0, "open_water_frac": 1.0, "gap_frac": 0.27, "utm": [514110.0, 5068930.0, 514310.0, 5069130.0]}}, {"type": "Feature", "geometry": {"type": "Polygon", "coordinates": [[[-68.81336964500353, 45.77377700482974], [-68.81336364023916, 45.77557713546523], [-68.81593614720235, 45.77558130858295], [-68.81594206920104, 45.773781177686914], [-68.81336964500353, 45.77377700482974]]]}, "properties": {"res_m": 0.6, "why": "open water", "water_px": 400, "water_ha": 4.0, "shore_m_median": 1166.7, "island_m_median": 1307.3, "reach_m_median": 184.0, "open_water_frac": 1.0, "gap_frac": 0.383, "utm": [514310.0, 5068930.0, 514510.0, 5069130.0]}}, {"type": "Feature", "geometry": {"type": "Polygon", "coordinates": [[[-68.810797221376, 45.77377277405725], [-68.81079113384602, 45.77557290442857], [-68.81336364023916, 45.77557713546523], [-68.81336964500353, 45.77377700482974], [-68.810797221376, 45.77377277405725]]]}, "properties": {"res_m": 0.6, "why": "open water", "water_px": 400, "water_ha": 4.0, "shore_m_median": 1320.6, "island_m_median": 1261.5, "reach_m_median": 200.0, "open_water_frac": 1.0, "gap_frac": 0.487, "utm": [514510.0, 5068930.0, 514710.0, 5069130.0]}}, {"type": "Feature", "geometry": {"type": "Polygon", "coordinates": [[[-68.80822479832634, 45.77376848536948], [-68.80821862803082, 45.77556861547303], [-68.81079113384602, 45.77557290442857], [-68.810797221376, 45.77377277405725], [-68.80822479832634, 45.77376848536948]]]}, "properties": {"res_m": 0.3, "why": "open water the 1954 survey never sounded", "water_px": 400, "water_ha": 4.0, "shore_m_median": 1281.9, "island_m_median": 1246.6, "reach_m_median": 208.0, "open_water_frac": 1.0, "gap_frac": 0.505, "utm": [514710.0, 5068930.0, 514910.0, 5069130.0]}}, {"type": "Feature", "geometry": {"type": "Polygon", "coordinates": [[[-68.80565237586235, 45.77376413876647], [-68.80564612280136, 45.77556426859861], [-68.80821862803082, 45.77556861547303], [-68.80822479832634, 45.77376848536948], [-68.80565237586235, 45.77376413876647]]]}, "properties": {"res_m": 0.6, "why": "open water", "water_px": 400, "water_ha": 4.0, "shore_m_median": 1185.1, "island_m_median": 1259.8, "reach_m_median": 184.0, "open_water_frac": 1.0, "gap_frac": 0.36, "utm": [514910.0, 5068930.0, 515110.0, 5069130.0]}}, {"type": "Feature", "geometry": {"type": "Polygon", "coordinates": [[[-68.80307995399191, 45.77375973424825], [-68.80307361816553, 45.775559863805356], [-68.80564612280136, 45.77556426859861], [-68.80565237586235, 45.77376413876647], [-68.80307995399191, 45.77375973424825]]]}, "properties": {"res_m": 0.6, "why": "open water", "water_px": 400, "water_ha": 4.0, "shore_m_median": 1112.6, "island_m_median": 1304.4, "reach_m_median": 184.0, "open_water_frac": 1.0, "gap_frac": 0.453, "utm": [515110.0, 5068930.0, 515310.0, 5069130.0]}}, {"type": "Feature", "geometry": {"type": "Polygon", "coordinates": [[[-68.8005075327229, 45.773755271814835], [-68.80050111413118, 45.77555540109333], [-68.80307361816553, 45.775559863805356], [-68.80307995399191, 45.77375973424825], [-68.8005075327229, 45.773755271814835]]]}, "properties": {"res_m": 0.3, "why": "open water the 1954 survey never sounded", "water_px": 400, "water_ha": 4.0, "shore_m_median": 1035.2, "island_m_median": 1270.7, "reach_m_median": 216.0, "open_water_frac": 1.0, "gap_frac": 0.565, "utm": [515310.0, 5068930.0, 515510.0, 5069130.0]}}, {"type": "Feature", "geometry": {"type": "Polygon", "coordinates": [[[-68.79793511206316, 45.773750751466295], [-68.79792861070618, 45.77555088046253], [-68.80050111413118, 45.77555540109333], [-68.8005075327229, 45.773755271814835], [-68.79793511206316, 45.773750751466295]]]}, "properties": {"res_m": 0.3, "why": "open water the 1954 survey never sounded", "water_px": 400, "water_ha": 4.0, "shore_m_median": 888.4, "island_m_median": 1104.0, "reach_m_median": 208.0, "open_water_frac": 1.0, "gap_frac": 0.522, "utm": [515510.0, 5068930.0, 515710.0, 5069130.0]}}, {"type": "Feature", "geometry": {"type": "Polygon", "coordinates": [[[-68.79536269202052, 45.77374617320265], [-68.79535610789836, 45.77554630191303], [-68.79792861070618, 45.77555088046253], [-68.79793511206316, 45.773750751466295], [-68.79536269202052, 45.77374617320265]]]}, "properties": {"res_m": 0.6, "why": "open water", "water_px": 400, "water_ha": 4.0, "shore_m_median": 733.3, "island_m_median": 912.5, "reach_m_median": 204.0, "open_water_frac": 1.0, "gap_frac": 0.5, "utm": [515710.0, 5068930.0, 515910.0, 5069130.0]}}, {"type": "Feature", "geometry": {"type": "Polygon", "coordinates": [[[-68.79279027260289, 45.77374153702394], [-68.7927836057156, 45.77554166544484], [-68.79535610789836, 45.77554630191303], [-68.79536269202052, 45.77374617320265], [-68.79279027260289, 45.77374153702394]]]}, "properties": {"res_m": 0.3, "why": "open water the 1954 survey never sounded", "water_px": 400, "water_ha": 4.0, "shore_m_median": 594.7, "island_m_median": 725.9, "reach_m_median": 224.0, "open_water_frac": 1.0, "gap_frac": 0.595, "utm": [515910.0, 5068930.0, 516110.0, 5069130.0]}}, {"type": "Feature", "geometry": {"type": "Polygon", "coordinates": [[[-68.79021785381808, 45.7737368429302], [-68.79021110416575, 45.775536971057996], [-68.7927836057156, 45.77554166544484], [-68.79279027260289, 45.77374153702394], [-68.79021785381808, 45.7737368429302]]]}, "properties": {"res_m": 0.3, "why": "open water the 1954 survey never sounded", "water_px": 400, "water_ha": 4.0, "shore_m_median": 496.9, "island_m_median": 550.0, "reach_m_median": 248.0, "open_water_frac": 1.0, "gap_frac": 0.71, "utm": [516110.0, 5068930.0, 516310.0, 5069130.0]}}, {"type": "Feature", "geometry": {"type": "Polygon", "coordinates": [[[-68.78764543567395, 45.773732090921456], [-68.78763860325667, 45.77553221875255], [-68.79021110416575, 45.775536971057996], [-68.79021785381808, 45.7737368429302], [-68.78764543567395, 45.773732090921456]]]}, "properties": {"res_m": 0.3, "why": "open water the 1954 survey never sounded", "water_px": 400, "water_ha": 4.0, "shore_m_median": 446.8, "island_m_median": 396.1, "reach_m_median": 240.0, "open_water_frac": 1.0, "gap_frac": 0.738, "utm": [516310.0, 5068930.0, 516510.0, 5069130.0]}}, {"type": "Feature", "geometry": {"type": "Polygon", "coordinates": [[[-68.78507301817838, 45.77372728099776], [-68.7850661029962, 45.77552740852853], [-68.78763860325667, 45.77553221875255], [-68.78764543567395, 45.773732090921456], [-68.78507301817838, 45.77372728099776]]]}, "properties": {"res_m": 0.3, "why": "open water the 1954 survey never sounded", "water_px": 400, "water_ha": 4.0, "shore_m_median": 371.1, "island_m_median": 290.9, "reach_m_median": 224.0, "open_water_frac": 1.0, "gap_frac": 0.62, "utm": [516510.0, 5068930.0, 516710.0, 5069130.0]}}, {"type": "Feature", "geometry": {"type": "Polygon", "coordinates": [[[-68.78250060133921, 45.773722413159156], [-68.78249360339223, 45.77552254038598], [-68.7850661029962, 45.77552740852853], [-68.78507301817838, 45.77372728099776], [-68.78250060133921, 45.773722413159156]]]}, "properties": {"res_m": 0.3, "why": "open water the 1954 survey never sounded", "water_px": 400, "water_ha": 4.0, "shore_m_median": 218.9, "island_m_median": 308.8, "reach_m_median": 288.0, "open_water_frac": 0.983, "gap_frac": 0.912, "utm": [516710.0, 5068930.0, 516910.0, 5069130.0]}}, {"type": "Feature", "geometry": {"type": "Polygon", "coordinates": [[[-68.77992818516431, 45.77371748740567], [-68.77992110445258, 45.77551761432493], [-68.78249360339223, 45.77552254038598], [-68.78250060133921, 45.773722413159156], [-68.77992818516431, 45.77371748740567]]]}, "properties": {"res_m": 1.0, "why": "near the mainland shore", "water_px": 346, "water_ha": 3.46, "shore_m_median": 40.0, "island_m_median": 427.6, "reach_m_median": 376.0, "open_water_frac": 0.0, "gap_frac": 0.908, "utm": [516910.0, 5068930.0, 517110.0, 5069130.0]}}, {"type": "Feature", "geometry": {"type": "Polygon", "coordinates": [[[-68.77735576966151, 45.77371250373735], [-68.77734860618513, 45.77551263034543], [-68.77992110445258, 45.77551761432493], [-68.77992818516431, 45.77371748740567], [-68.77735576966151, 45.77371250373735]]]}, "properties": {"res_m": 1.0, "why": "near the mainland shore", "water_px": 25, "water_ha": 0.25, "shore_m_median": 14.1, "island_m_median": 496.5, "reach_m_median": 424.0, "open_water_frac": 0.0, "gap_frac": 0.44, "utm": [517110.0, 5068930.0, 517310.0, 5069130.0]}}, {"type": "Feature", "geometry": {"type": "Polygon", "coordinates": [[[-68.7722109407037, 45.77370236265634], [-68.77220361169825, 45.77550248863122], [-68.77477610859773, 45.77550758844751], [-68.77478335483869, 45.77370746215422], [-68.7722109407037, 45.77370236265634]]]}, "properties": {"res_m": 1.0, "why": "near the mainland shore", "water_px": 60, "water_ha": 0.6, "shore_m_median": 28.3, "island_m_median": 141.8, "reach_m_median": 304.0, "open_water_frac": 0.0, "gap_frac": 1.0, "utm": [517510.0, 5068930.0, 517710.0, 5069130.0]}}, {"type": "Feature", "geometry": {"type": "Polygon", "coordinates": [[[-68.76963852726439, 45.77369720524374], [-68.76963111549453, 45.775497330896606], [-68.77220361169825, 45.77550248863122], [-68.7722109407037, 45.77370236265634], [-68.76963852726439, 45.77369720524374]]]}, "properties": {"res_m": 1.0, "why": "near the mainland shore", "water_px": 266, "water_ha": 2.66, "shore_m_median": 50.0, "island_m_median": 117.0, "reach_m_median": 328.0, "open_water_frac": 0.015, "gap_frac": 0.97, "utm": [517710.0, 5068930.0, 517910.0, 5069130.0]}}, {"type": "Feature", "geometry": {"type": "Polygon", "coordinates": [[[-68.76706611452863, 45.773691989916465], [-68.76705861999443, 45.775492115243686], [-68.76963111549453, 45.775497330896606], [-68.76963852726439, 45.77369720524374], [-68.76706611452863, 45.773691989916465]]]}, "properties": {"res_m": 1.0, "why": "near the mainland shore", "water_px": 334, "water_ha": 3.34, "shore_m_median": 70.0, "island_m_median": 256.7, "reach_m_median": 360.0, "open_water_frac": 0.165, "gap_frac": 0.991, "utm": [517910.0, 5068930.0, 518110.0, 5069130.0]}}, {"type": "Feature", "geometry": {"type": "Polygon", "coordinates": [[[-68.76449370250425, 45.773686716674554], [-68.7644861252058, 45.77548684167252], [-68.76705861999443, 45.775492115243686], [-68.76706611452863, 45.773691989916465], [-68.76449370250425, 45.773686716674554]]]}, "properties": {"res_m": 1.0, "why": "near the mainland shore", "water_px": 400, "water_ha": 4.0, "shore_m_median": 109.1, "island_m_median": 200.6, "reach_m_median": 384.0, "open_water_frac": 0.435, "gap_frac": 0.995, "utm": [518110.0, 5068930.0, 518310.0, 5069130.0]}}, {"type": "Feature", "geometry": {"type": "Polygon", "coordinates": [[[-68.76192129119913, 45.773681385518046], [-68.76191363113652, 45.775481510183134], [-68.7644861252058, 45.77548684167252], [-68.76449370250425, 45.773686716674554], [-68.76192129119913, 45.773681385518046]]]}, "properties": {"res_m": 0.3, "why": "open water the 1954 survey never sounded", "water_px": 393, "water_ha": 3.93, "shore_m_median": 191.0, "island_m_median": 72.1, "reach_m_median": 376.0, "open_water_frac": 0.888, "gap_frac": 0.98, "utm": [518310.0, 5068930.0, 518510.0, 5069130.0]}}, {"type": "Feature", "geometry": {"type": "Polygon", "coordinates": [[[-68.75934888062112, 45.773675996447], [-68.75934113779444, 45.77547612077559], [-68.76191363113652, 45.775481510183134], [-68.76192129119913, 45.773681385518046], [-68.75934888062112, 45.773675996447]]]}, "properties": {"res_m": 0.3, "why": "open water the 1954 survey never sounded", "water_px": 302, "water_ha": 3.02, "shore_m_median": 298.3, "island_m_median": 50.0, "reach_m_median": 312.0, "open_water_frac": 1.0, "gap_frac": 0.825, "utm": [518510.0, 5068930.0, 518710.0, 5069130.0]}}, {"type": "Feature", "geometry": {"type": "Polygon", "coordinates": [[[-68.75677647077808, 45.773670549461436], [-68.75676864518739, 45.77547067344992], [-68.75934113779444, 45.77547612077559], [-68.75934888062112, 45.773675996447], [-68.75677647077808, 45.773670549461436]]]}, "properties": {"res_m": 0.6, "why": "open water", "water_px": 154, "water_ha": 1.54, "shore_m_median": 211.4, "island_m_median": 30.0, "reach_m_median": 168.0, "open_water_frac": 1.0, "gap_frac": 0.253, "utm": [518710.0, 5068930.0, 518910.0, 5069130.0]}}, {"type": "Feature", "geometry": {"type": "Polygon", "coordinates": [[[-68.75420406167784, 45.773665044561405], [-68.75419615332325, 45.77546516820617], [-68.75676864518739, 45.77547067344992], [-68.75677647077808, 45.773670549461436], [-68.75420406167784, 45.773665044561405]]]}, "properties": {"res_m": 1.0, "why": "near the mainland shore", "water_px": 379, "water_ha": 3.79, "shore_m_median": 110.5, "island_m_median": 134.2, "reach_m_median": 304.0, "open_water_frac": 0.443, "gap_frac": 0.923, "utm": [518910.0, 5068930.0, 519110.0, 5069130.0]}}, {"type": "Feature", "geometry": {"type": "Polygon", "coordinates": [[[-68.75163165332829, 45.77365948174696], [-68.75162366220988, 45.7754596050444], [-68.75419615332325, 45.77546516820617], [-68.75420406167784, 45.773665044561405], [-68.75163165332829, 45.77365948174696]]]}, "properties": {"res_m": 0.6, "why": "far outside the survey's reach", "water_px": 335, "water_ha": 3.35, "shore_m_median": 80.0, "island_m_median": 141.4, "reach_m_median": 440.0, "open_water_frac": 0.227, "gap_frac": 0.991, "utm": [519110.0, 5068930.0, 519310.0, 5069130.0]}}, {"type": "Feature", "geometry": {"type": "Polygon", "coordinates": [[[-68.74905924573729, 45.77365386101815], [-68.74905117185514, 45.77545398396462], [-68.75162366220988, 45.7754596050444], [-68.75163165332829, 45.77365948174696], [-68.74905924573729, 45.77365386101815]]]}, "properties": {"res_m": 1.0, "why": "near the mainland shore", "water_px": 200, "water_ha": 2.0, "shore_m_median": 44.7, "island_m_median": 70.7, "reach_m_median": 376.0, "open_water_frac": 0.0, "gap_frac": 0.98, "utm": [519310.0, 5068930.0, 519510.0, 5069130.0]}}, {"type": "Feature", "geometry": {"type": "Polygon", "coordinates": [[[-68.74648683891265, 45.77364818237499], [-68.74647868226687, 45.7754483049669], [-68.74905117185514, 45.77545398396462], [-68.74905924573729, 45.77365386101815], [-68.74648683891265, 45.77364818237499]]]}, "properties": {"res_m": 1.0, "why": "near the mainland shore", "water_px": 40, "water_ha": 0.4, "shore_m_median": 14.1, "island_m_median": 248.0, "reach_m_median": 424.0, "open_water_frac": 0.0, "gap_frac": 0.85, "utm": [519510.0, 5068930.0, 519710.0, 5069130.0]}}, {"type": "Feature", "geometry": {"type": "Polygon", "coordinates": [[[-68.74391443286225, 45.77364244581756], [-68.74390619345293, 45.775442568051275], [-68.74647868226687, 45.7754483049669], [-68.74648683891265, 45.77364818237499], [-68.74391443286225, 45.77364244581756]]]}, "properties": {"res_m": 1.0, "why": "near the mainland shore", "water_px": 84, "water_ha": 0.84, "shore_m_median": 12.1, "island_m_median": 380.9, "reach_m_median": 328.0, "open_water_frac": 0.0, "gap_frac": 0.667, "utm": [519710.0, 5068930.0, 519910.0, 5069130.0]}}, {"type": "Feature", "geometry": {"type": "Polygon", "coordinates": [[[-68.74134202759396, 45.77363665134588], [-68.74133370542118, 45.7754367732178], [-68.74390619345293, 45.775442568051275], [-68.74391443286225, 45.77364244581756], [-68.74134202759396, 45.77363665134588]]]}, "properties": {"res_m": 0.6, "why": "far outside the survey's reach", "water_px": 131, "water_ha": 1.31, "shore_m_median": 20.0, "island_m_median": 591.4, "reach_m_median": 544.0, "open_water_frac": 0.0, "gap_frac": 0.748, "utm": [519910.0, 5068930.0, 520110.0, 5069130.0]}}, {"type": "Feature", "geometry": {"type": "Polygon", "coordinates": [[[-68.73876962311563, 45.77363079896001], [-68.73876121817949, 45.775430920466505], [-68.74133370542118, 45.7754367732178], [-68.74134202759396, 45.77363665134588], [-68.73876962311563, 45.77363079896001]]]}, "properties": {"res_m": 1.0, "why": "near the mainland shore", "water_px": 18, "water_ha": 0.18, "shore_m_median": 10.0, "island_m_median": 724.0, "reach_m_median": 672.0, "open_water_frac": 0.0, "gap_frac": 0.389, "utm": [520110.0, 5068930.0, 520310.0, 5069130.0]}}, {"type": "Feature", "geometry": {"type": "Polygon", "coordinates": [[[-68.8390990879451, 45.772015993558654], [-68.83909391133174, 45.77381612720705], [-68.84166634079702, 45.77381972090934], [-68.84167143465196, 45.77201958703657], [-68.8390990879451, 45.772015993558654]]]}, "properties": {"res_m": 1.0, "why": "near the mainland shore", "water_px": 97, "water_ha": 0.97, "shore_m_median": 28.3, "island_m_median": 2716.4, "reach_m_median": 392.0, "open_water_frac": 0.0, "gap_frac": 0.99, "utm": [512310.0, 5068730.0, 512510.0, 5068930.0]}}, {"type": "Feature", "geometry": {"type": "Polygon", "coordinates": [[[-68.83652674172963, 45.772012342168736], [-68.83652148235788, 45.77381247558914], [-68.83909391133174, 45.77381612720705], [-68.8390990879451, 45.772015993558654], [-68.83652674172963, 45.772012342168736]]]}, "properties": {"res_m": 1.0, "why": "near the mainland shore", "water_px": 301, "water_ha": 3.01, "shore_m_median": 70.0, "island_m_median": 2641.5, "reach_m_median": 376.0, "open_water_frac": 0.12, "gap_frac": 0.9, "utm": [512510.0, 5068730.0, 512710.0, 5068930.0]}}, {"type": "Feature", "geometry": {"type": "Polygon", "coordinates": [[[-68.83395439601337, 45.772008632866836], [-68.83394905388332, 45.77380876605563], [-68.83652148235788, 45.77381247558914], [-68.83652674172963, 45.772012342168736], [-68.83395439601337, 45.772008632866836]]]}, "properties": {"res_m": 1.0, "why": "near the mainland shore", "water_px": 270, "water_ha": 2.7, "shore_m_median": 42.4, "island_m_median": 2466.9, "reach_m_median": 352.0, "open_water_frac": 0.0, "gap_frac": 0.944, "utm": [512710.0, 5068730.0, 512910.0, 5068930.0]}}, {"type": "Feature", "geometry": {"type": "Polygon", "coordinates": [[[-68.83138205080418, 45.77200486565299], [-68.83137662591588, 45.77380499860655], [-68.83394905388332, 45.77380876605563], [-68.83395439601337, 45.772008632866836], [-68.83138205080418, 45.77200486565299]]]}, "properties": {"res_m": 1.0, "why": "near the mainland shore", "water_px": 391, "water_ha": 3.91, "shore_m_median": 90.6, "island_m_median": 2306.0, "reach_m_median": 352.0, "open_water_frac": 0.302, "gap_frac": 0.98, "utm": [512910.0, 5068730.0, 513110.0, 5068930.0]}}, {"type": "Feature", "geometry": {"type": "Polygon", "coordinates": [[[-68.82880970610994, 45.77200104052721], [-68.82880419846343, 45.77380117324194], [-68.83137662591588, 45.77380499860655], [-68.83138205080418, 45.77200486565299], [-68.82880970610994, 45.77200104052721]]]}, "properties": {"res_m": 0.3, "why": "open water the 1954 survey never sounded", "water_px": 400, "water_ha": 4.0, "shore_m_median": 170.1, "island_m_median": 2152.5, "reach_m_median": 312.0, "open_water_frac": 0.812, "gap_frac": 1.0, "utm": [513110.0, 5068730.0, 513310.0, 5068930.0]}}, {"type": "Feature", "geometry": {"type": "Polygon", "coordinates": [[[-68.82623736193847, 45.771997157489544], [-68.82623177153383, 45.77379728996182], [-68.82880419846343, 45.77380117324194], [-68.82880970610994, 45.77200104052721], [-68.82623736193847, 45.771997157489544]]]}, "properties": {"res_m": 0.3, "why": "open water the 1954 survey never sounded", "water_px": 400, "water_ha": 4.0, "shore_m_median": 266.3, "island_m_median": 2009.2, "reach_m_median": 304.0, "open_water_frac": 1.0, "gap_frac": 1.0, "utm": [513310.0, 5068730.0, 513510.0, 5068930.0]}}, {"type": "Feature", "geometry": {"type": "Polygon", "coordinates": [[[-68.82366501829765, 45.77199321654002], [-68.82365934513494, 45.77379334876624], [-68.82623177153383, 45.77379728996182], [-68.82623736193847, 45.771997157489544], [-68.82366501829765, 45.77199321654002]]]}, "properties": {"res_m": 0.3, "why": "open water the 1954 survey never sounded", "water_px": 400, "water_ha": 4.0, "shore_m_median": 418.7, "island_m_median": 1876.2, "reach_m_median": 288.0, "open_water_frac": 1.0, "gap_frac": 1.0, "utm": [513510.0, 5068730.0, 513710.0, 5068930.0]}}, {"type": "Feature", "geometry": {"type": "Polygon", "coordinates": [[[-68.82109267519533, 45.771989217678666], [-68.8210869192746, 45.773789349655196], [-68.82365934513494, 45.77379334876624], [-68.82366501829765, 45.77199321654002], [-68.82109267519533, 45.771989217678666]]]}, "properties": {"res_m": 0.3, "why": "open water the 1954 survey never sounded", "water_px": 400, "water_ha": 4.0, "shore_m_median": 600.5, "island_m_median": 1755.9, "reach_m_median": 304.0, "open_water_frac": 1.0, "gap_frac": 1.0, "utm": [513710.0, 5068730.0, 513910.0, 5068930.0]}}, {"type": "Feature", "geometry": {"type": "Polygon", "coordinates": [[[-68.81852033263938, 45.77198516090552], [-68.81851449396069, 45.773785292628745], [-68.8210869192746, 45.773789349655196], [-68.82109267519533, 45.771989217678666], [-68.81852033263938, 45.77198516090552]]]}, "properties": {"res_m": 0.3, "why": "open water the 1954 survey never sounded", "water_px": 400, "water_ha": 4.0, "shore_m_median": 791.2, "island_m_median": 1650.5, "reach_m_median": 296.0, "open_water_frac": 1.0, "gap_frac": 1.0, "utm": [513910.0, 5068730.0, 514110.0, 5068930.0]}}, {"type": "Feature", "geometry": {"type": "Polygon", "coordinates": [[[-68.81594799063761, 45.77198104622062], [-68.81594206920104, 45.773781177686914], [-68.81851449396069, 45.773785292628745], [-68.81852033263938, 45.77198516090552], [-68.81594799063761, 45.77198104622062]]]}, "properties": {"res_m": 0.3, "why": "open water the 1954 survey never sounded", "water_px": 400, "water_ha": 4.0, "shore_m_median": 986.4, "island_m_median": 1563.8, "reach_m_median": 304.0, "open_water_frac": 1.0, "gap_frac": 1.0, "utm": [514110.0, 5068730.0, 514310.0, 5068930.0]}}, {"type": "Feature", "geometry": {"type": "Polygon", "coordinates": [[[-68.81337564919792, 45.77197687362397], [-68.81336964500353, 45.77377700482974], [-68.81594206920104, 45.773781177686914], [-68.81594799063761, 45.77198104622062], [-68.81337564919792, 45.77197687362397]]]}, "properties": {"res_m": 0.3, "why": "open water the 1954 survey never sounded", "water_px": 400, "water_ha": 4.0, "shore_m_median": 1183.1, "island_m_median": 1499.1, "reach_m_median": 296.0, "open_water_frac": 1.0, "gap_frac": 0.995, "utm": [514310.0, 5068730.0, 514510.0, 5068930.0]}}, {"type": "Feature", "geometry": {"type": "Polygon", "coordinates": [[[-68.81080330832815, 45.77197264311563], [-68.810797221376, 45.77377277405725], [-68.81336964500353, 45.77377700482974], [-68.81337564919792, 45.77197687362397], [-68.81080330832815, 45.77197264311563]]]}, "properties": {"res_m": 0.3, "why": "open water the 1954 survey never sounded", "water_px": 400, "water_ha": 4.0, "shore_m_median": 1379.9, "island_m_median": 1459.0, "reach_m_median": 296.0, "open_water_frac": 1.0, "gap_frac": 0.968, "utm": [514510.0, 5068730.0, 514710.0, 5068930.0]}}, {"type": "Feature", "geometry": {"type": "Polygon", "coordinates": [[[-68.80823096803614, 45.77196835469564], [-68.80822479832634, 45.77376848536948], [-68.810797221376, 45.77377277405725], [-68.81080330832815, 45.77197264311563], [-68.80823096803614, 45.77196835469564]]]}, "properties": {"res_m": 0.3, "why": "open water the 1954 survey never sounded", "water_px": 400, "water_ha": 4.0, "shore_m_median": 1453.5, "island_m_median": 1446.4, "reach_m_median": 296.0, "open_water_frac": 1.0, "gap_frac": 0.975, "utm": [514710.0, 5068730.0, 514910.0, 5068930.0]}}, {"type": "Feature", "geometry": {"type": "Polygon", "coordinates": [[[-68.80565862832978, 45.771964008363994], [-68.80565237586235, 45.77376413876647], [-68.80822479832634, 45.77376848536948], [-68.80823096803614, 45.77196835469564], [-68.80565862832978, 45.771964008363994]]]}, "properties": {"res_m": 0.3, "why": "open water the 1954 survey never sounded", "water_px": 400, "water_ha": 4.0, "shore_m_median": 1367.0, "island_m_median": 1457.4, "reach_m_median": 288.0, "open_water_frac": 1.0, "gap_frac": 0.963, "utm": [514910.0, 5068730.0, 515110.0, 5068930.0]}}, {"type": "Feature", "geometry": {"type": "Polygon", "coordinates": [[[-68.8030862892169, 45.77195960412077], [-68.80307995399191, 45.77375973424825], [-68.80565237586235, 45.77376413876647], [-68.80565862832978, 45.771964008363994], [-68.8030862892169, 45.77195960412077]]]}, "properties": {"res_m": 0.3, "why": "open water the 1954 survey never sounded", "water_px": 400, "water_ha": 4.0, "shore_m_median": 1295.8, "island_m_median": 1481.4, "reach_m_median": 288.0, "open_water_frac": 1.0, "gap_frac": 0.958, "utm": [515110.0, 5068730.0, 515310.0, 5068930.0]}}, {"type": "Feature", "geometry": {"type": "Polygon", "coordinates": [[[-68.80051395070537, 45.771955141965975], [-68.8005075327229, 45.773755271814835], [-68.80307995399191, 45.77375973424825], [-68.8030862892169, 45.77195960412077], [-68.80051395070537, 45.771955141965975]]]}, "properties": {"res_m": 0.3, "why": "open water the 1954 survey never sounded", "water_px": 400, "water_ha": 4.0, "shore_m_median": 1168.4, "island_m_median": 1356.6, "reach_m_median": 280.0, "open_water_frac": 1.0, "gap_frac": 0.91, "utm": [515310.0, 5068730.0, 515510.0, 5068930.0]}}, {"type": "Feature", "geometry": {"type": "Polygon", "coordinates": [[[-68.79794161280302, 45.77195062189966], [-68.79793511206316, 45.773750751466295], [-68.8005075327229, 45.773755271814835], [-68.80051395070537, 45.771955141965975], [-68.79794161280302, 45.77195062189966]]]}, "properties": {"res_m": 0.3, "why": "open water the 1954 survey never sounded", "water_px": 400, "water_ha": 4.0, "shore_m_median": 1014.1, "island_m_median": 1171.9, "reach_m_median": 280.0, "open_water_frac": 1.0, "gap_frac": 0.875, "utm": [515510.0, 5068730.0, 515710.0, 5068930.0]}}, {"type": "Feature", "geometry": {"type": "Polygon", "coordinates": [[[-68.79536927551771, 45.771946043921865], [-68.79536269202052, 45.77374617320265], [-68.79793511206316, 45.773750751466295], [-68.79794161280302, 45.77195062189966], [-68.79536927551771, 45.771946043921865]]]}, "properties": {"res_m": 0.3, "why": "open water the 1954 survey never sounded", "water_px": 400, "water_ha": 4.0, "shore_m_median": 876.7, "island_m_median": 993.4, "reach_m_median": 264.0, "open_water_frac": 1.0, "gap_frac": 0.823, "utm": [515710.0, 5068730.0, 515910.0, 5068930.0]}}, {"type": "Feature", "geometry": {"type": "Polygon", "coordinates": [[[-68.79279693885734, 45.77194140803262], [-68.79279027260289, 45.77374153702394], [-68.79536269202052, 45.77374617320265], [-68.79536927551771, 45.771946043921865], [-68.79279693885734, 45.77194140803262]]]}, "properties": {"res_m": 0.3, "why": "open water the 1954 survey never sounded", "water_px": 400, "water_ha": 4.0, "shore_m_median": 761.1, "island_m_median": 826.7, "reach_m_median": 264.0, "open_water_frac": 1.0, "gap_frac": 0.82, "utm": [515910.0, 5068730.0, 516110.0, 5068930.0]}}, {"type": "Feature", "geometry": {"type": "Polygon", "coordinates": [[[-68.79022460282971, 45.77193671423194], [-68.79021785381808, 45.7737368429302], [-68.79279027260289, 45.77374153702394], [-68.79279693885734, 45.77194140803262], [-68.79022460282971, 45.77193671423194]]]}, "properties": {"res_m": 0.3, "why": "open water the 1954 survey never sounded", "water_px": 400, "water_ha": 4.0, "shore_m_median": 664.9, "island_m_median": 675.5, "reach_m_median": 264.0, "open_water_frac": 1.0, "gap_frac": 0.79, "utm": [516110.0, 5068730.0, 516310.0, 5068930.0]}}, {"type": "Feature", "geometry": {"type": "Polygon", "coordinates": [[[-68.7876522674427, 45.77193196251991], [-68.78764543567395, 45.773732090921456], [-68.79021785381808, 45.7737368429302], [-68.79022460282971, 45.77193671423194], [-68.7876522674427, 45.77193196251991]]]}, "properties": {"res_m": 0.3, "why": "open water the 1954 survey never sounded", "water_px": 400, "water_ha": 4.0, "shore_m_median": 535.4, "island_m_median": 552.7, "reach_m_median": 248.0, "open_water_frac": 1.0, "gap_frac": 0.71, "utm": [516310.0, 5068730.0, 516510.0, 5068930.0]}}, {"type": "Feature", "geometry": {"type": "Polygon", "coordinates": [[[-68.78507993270415, 45.77192715289652], [-68.78507301817838, 45.77372728099776], [-68.78764543567395, 45.773732090921456], [-68.7876522674427, 45.77193196251991], [-68.78507993270415, 45.77192715289652]]]}, "properties": {"res_m": 0.3, "why": "open water the 1954 survey never sounded", "water_px": 400, "water_ha": 4.0, "shore_m_median": 348.6, "island_m_median": 483.8, "reach_m_median": 240.0, "open_water_frac": 1.0, "gap_frac": 0.63, "utm": [516510.0, 5068730.0, 516710.0, 5068930.0]}}, {"type": "Feature", "geometry": {"type": "Polygon", "coordinates": [[[-68.78250759862195, 45.77192228536184], [-68.78250060133921, 45.773722413159156], [-68.78507301817838, 45.77372728099776], [-68.78507993270415, 45.77192715289652], [-68.78250759862195, 45.77192228536184]]]}, "properties": {"res_m": 0.3, "why": "open water the 1954 survey never sounded", "water_px": 400, "water_ha": 4.0, "shore_m_median": 178.5, "island_m_median": 494.4, "reach_m_median": 232.0, "open_water_frac": 0.85, "gap_frac": 0.63, "utm": [516710.0, 5068730.0, 516910.0, 5068930.0]}}, {"type": "Feature", "geometry": {"type": "Polygon", "coordinates": [[[-68.77993526520392, 45.771917359915896], [-68.77992818516431, 45.77371748740567], [-68.78250060133921, 45.773722413159156], [-68.78250759862195, 45.77192228536184], [-68.77993526520392, 45.771917359915896]]]}, "properties": {"res_m": 1.0, "why": "near the mainland shore", "water_px": 298, "water_ha": 2.98, "shore_m_median": 40.0, "island_m_median": 566.1, "reach_m_median": 280.0, "open_water_frac": 0.0, "gap_frac": 0.809, "utm": [516910.0, 5068730.0, 517110.0, 5068930.0]}}, {"type": "Feature", "geometry": {"type": "Polygon", "coordinates": [[[-68.77479060039182, 45.77190733529038], [-68.77478335483869, 45.77370746215422], [-68.77735576966151, 45.77371250373735], [-68.77736293245792, 45.771912376558724], [-68.77479060039182, 45.77190733529038]]]}, "properties": {"res_m": 1.0, "why": "near the mainland shore", "water_px": 128, "water_ha": 1.28, "shore_m_median": 29.1, "island_m_median": 310.3, "reach_m_median": 128.0, "open_water_frac": 0.0, "gap_frac": 0.062, "utm": [517310.0, 5068730.0, 517510.0, 5068930.0]}}, {"type": "Feature", "geometry": {"type": "Polygon", "coordinates": [[[-68.77221826901346, 45.77190223611088], [-68.7722109407037, 45.77370236265634], [-68.77478335483869, 45.77370746215422], [-68.77479060039182, 45.77190733529038], [-68.77221826901346, 45.77190223611088]]]}, "properties": {"res_m": 1.0, "why": "near the mainland shore", "water_px": 393, "water_ha": 3.93, "shore_m_median": 94.9, "island_m_median": 162.8, "reach_m_median": 184.0, "open_water_frac": 0.354, "gap_frac": 0.379, "utm": [517510.0, 5068730.0, 517710.0, 5068930.0]}}, {"type": "Feature", "geometry": {"type": "Polygon", "coordinates": [[[-68.76964593833073, 45.771897079020285], [-68.76963852726439, 45.77369720524374], [-68.7722109407037, 45.77370236265634], [-68.77221826901346, 45.77190223611088], [-68.76964593833073, 45.771897079020285]]]}, "properties": {"res_m": 0.6, "why": "open water", "water_px": 375, "water_ha": 3.75, "shore_m_median": 200.2, "island_m_median": 60.0, "reach_m_median": 168.0, "open_water_frac": 0.917, "gap_frac": 0.304, "utm": [517710.0, 5068730.0, 517910.0, 5068930.0]}}, {"type": "Feature", "geometry": {"type": "Polygon", "coordinates": [[[-68.76707360835142, 45.77189186401863], [-68.76706611452863, 45.773691989916465], [-68.76963852726439, 45.77369720524374], [-68.76964593833073, 45.771897079020285], [-68.76707360835142, 45.77189186401863]]]}, "properties": {"res_m": 0.6, "why": "open water", "water_px": 400, "water_ha": 4.0, "shore_m_median": 230.2, "island_m_median": 202.5, "reach_m_median": 184.0, "open_water_frac": 0.985, "gap_frac": 0.415, "utm": [517910.0, 5068730.0, 518110.0, 5068930.0]}}, {"type": "Feature", "geometry": {"type": "Polygon", "coordinates": [[[-68.76450127908345, 45.77188659110596], [-68.76449370250425, 45.773686716674554], [-68.76706611452863, 45.773691989916465], [-68.76707360835142, 45.77189186401863], [-68.76450127908345, 45.77188659110596]]]}, "properties": {"res_m": 0.6, "why": "open water", "water_px": 400, "water_ha": 4.0, "shore_m_median": 300.0, "island_m_median": 158.1, "reach_m_median": 184.0, "open_water_frac": 1.0, "gap_frac": 0.415, "utm": [518110.0, 5068730.0, 518310.0, 5068930.0]}}, {"type": "Feature", "geometry": {"type": "Polygon", "coordinates": [[[-68.76192895053464, 45.7718812602823], [-68.76192129119913, 45.773681385518046], [-68.76449370250425, 45.773686716674554], [-68.76450127908345, 45.77188659110596], [-68.76192895053464, 45.7718812602823]]]}, "properties": {"res_m": 0.3, "why": "open water the 1954 survey never sounded", "water_px": 342, "water_ha": 3.42, "shore_m_median": 340.1, "island_m_median": 56.6, "reach_m_median": 220.0, "open_water_frac": 1.0, "gap_frac": 0.526, "utm": [518310.0, 5068730.0, 518510.0, 5068930.0]}}, {"type": "Feature", "geometry": {"type": "Polygon", "coordinates": [[[-68.75935662271284, 45.771875871547714], [-68.75934888062112, 45.773675996447], [-68.76192129119913, 45.773681385518046], [-68.76192895053464, 45.7718812602823], [-68.75935662271284, 45.771875871547714]]]}, "properties": {"res_m": 0.6, "why": "open water", "water_px": 131, "water_ha": 1.31, "shore_m_median": 411.5, "island_m_median": 31.6, "reach_m_median": 224.0, "open_water_frac": 1.0, "gap_frac": 0.466, "utm": [518510.0, 5068730.0, 518710.0, 5068930.0]}}, {"type": "Feature", "geometry": {"type": "Polygon", "coordinates": [[[-68.75421196928176, 45.771864920345905], [-68.75420406167784, 45.773665044561405], [-68.75677647077808, 45.773670549461436], [-68.75678429562593, 45.77187042490224], [-68.75421196928176, 45.771864920345905]]]}, "properties": {"res_m": 0.3, "why": "open water the 1954 survey never sounded", "water_px": 333, "water_ha": 3.33, "shore_m_median": 255.5, "island_m_median": 80.6, "reach_m_median": 464.0, "open_water_frac": 1.0, "gap_frac": 0.991, "utm": [518910.0, 5068730.0, 519110.0, 5068930.0]}}, {"type": "Feature", "geometry": {"type": "Polygon", "coordinates": [[[-68.75163964368816, 45.77185935787878], [-68.75163165332829, 45.77365948174696], [-68.75420406167784, 45.773665044561405], [-68.75421196928176, 45.771864920345905], [-68.75163964368816, 45.77185935787878]]]}, "properties": {"res_m": 0.3, "why": "open water the 1954 survey never sounded", "water_px": 351, "water_ha": 3.51, "shore_m_median": 255.0, "island_m_median": 50.0, "reach_m_median": 456.0, "open_water_frac": 1.0, "gap_frac": 0.937, "utm": [519110.0, 5068730.0, 519310.0, 5068930.0]}}, {"type": "Feature", "geometry": {"type": "Polygon", "coordinates": [[[-68.74906731885302, 45.77185373750089], [-68.74905924573729, 45.77365386101815], [-68.75163165332829, 45.77365948174696], [-68.75163964368816, 45.77185935787878], [-68.74906731885302, 45.77185373750089]]]}, "properties": {"res_m": 0.3, "why": "open water the 1954 survey never sounded", "water_px": 338, "water_ha": 3.38, "shore_m_median": 143.7, "island_m_median": 58.3, "reach_m_median": 248.0, "open_water_frac": 0.698, "gap_frac": 0.716, "utm": [519310.0, 5068730.0, 519510.0, 5068930.0]}}, {"type": "Feature", "geometry": {"type": "Polygon", "coordinates": [[[-68.74649499478417, 45.77184805921229], [-68.74648683891265, 45.77364818237499], [-68.74905924573729, 45.77365386101815], [-68.74906731885302, 45.77185373750089], [-68.74649499478417, 45.77184805921229]]]}, "properties": {"res_m": 1.0, "why": "near the mainland shore", "water_px": 243, "water_ha": 2.43, "shore_m_median": 41.2, "island_m_median": 178.0, "reach_m_median": 120.0, "open_water_frac": 0.0, "gap_frac": 0.095, "utm": [519510.0, 5068730.0, 519710.0, 5068930.0]}}, {"type": "Feature", "geometry": {"type": "Polygon", "coordinates": [[[-68.74392267148947, 45.771842323013004], [-68.74391443286225, 45.77364244581756], [-68.74648683891265, 45.77364818237499], [-68.74649499478417, 45.77184805921229], [-68.74392267148947, 45.771842323013004]]]}, "properties": {"res_m": 1.0, "why": "near the mainland shore", "water_px": 264, "water_ha": 2.64, "shore_m_median": 50.0, "island_m_median": 379.7, "reach_m_median": 216.0, "open_water_frac": 0.0, "gap_frac": 0.564, "utm": [519710.0, 5068730.0, 519910.0, 5068930.0]}}, {"type": "Feature", "geometry": {"type": "Polygon", "coordinates": [[[-68.7413503489768, 45.77183652890311], [-68.74134202759396, 45.77363665134588], [-68.74391443286225, 45.77364244581756], [-68.74392267148947, 45.771842323013004], [-68.7413503489768, 45.77183652890311]]]}, "properties": {"res_m": 1.0, "why": "near the mainland shore", "water_px": 56, "water_ha": 0.56, "shore_m_median": 29.1, "island_m_median": 516.0, "reach_m_median": 328.0, "open_water_frac": 0.0, "gap_frac": 0.875, "utm": [519910.0, 5068730.0, 520110.0, 5068930.0]}}, {"type": "Feature", "geometry": {"type": "Polygon", "coordinates": [[[-68.84167652802336, 45.77021945259368], [-68.84167143465196, 45.77201958703657], [-68.8442437818423, 45.772023122602434], [-68.84424879246308, 45.7702229879388], [-68.84167652802336, 45.77021945259368]]]}, "properties": {"res_m": 1.0, "why": "near the mainland shore", "water_px": 18, "water_ha": 0.18, "shore_m_median": 14.1, "island_m_median": 2585.1, "reach_m_median": 328.0, "open_water_frac": 0.0, "gap_frac": 1.0, "utm": [512110.0, 5068530.0, 512310.0, 5068730.0]}}, {"type": "Feature", "geometry": {"type": "Polygon", "coordinates": [[[-68.83910426406709, 45.77021585934012], [-68.8390990879451, 45.772015993558654], [-68.84167143465196, 45.77201958703657], [-68.84167652802336, 45.77021945259368], [-68.83910426406709, 45.77021585934012]]]}, "properties": {"res_m": 1.0, "why": "near the mainland shore", "water_px": 320, "water_ha": 3.2, "shore_m_median": 67.1, "island_m_median": 2590.5, "reach_m_median": 276.0, "open_water_frac": 0.144, "gap_frac": 0.878, "utm": [512310.0, 5068530.0, 512510.0, 5068730.0]}}, {"type": "Feature", "geometry": {"type": "Polygon", "coordinates": [[[-68.83653200060213, 45.77021220817818], [-68.83652674172963, 45.772012342168736], [-68.8390990879451, 45.772015993558654], [-68.83910426406709, 45.77021585934012], [-68.83653200060213, 45.77021220817818]]]}, "properties": {"res_m": 0.3, "why": "open water the 1954 survey never sounded", "water_px": 400, "water_ha": 4.0, "shore_m_median": 197.0, "island_m_median": 2544.2, "reach_m_median": 212.0, "open_water_frac": 0.983, "gap_frac": 0.552, "utm": [512510.0, 5068530.0, 512710.0, 5068730.0]}}, {"type": "Feature", "geometry": {"type": "Polygon", "coordinates": [[[-68.83395973763633, 45.77020849910787], [-68.83395439601337, 45.772008632866836], [-68.83652674172963, 45.772012342168736], [-68.83653200060213, 45.77021220817818], [-68.83395973763633, 45.77020849910787]]]}, "properties": {"res_m": 0.6, "why": "open water", "water_px": 400, "water_ha": 4.0, "shore_m_median": 181.1, "island_m_median": 2485.1, "reach_m_median": 192.0, "open_water_frac": 0.838, "gap_frac": 0.42, "utm": [512710.0, 5068530.0, 512910.0, 5068730.0]}}, {"type": "Feature", "geometry": {"type": "Polygon", "coordinates": [[[-68.83138747517756, 45.77020473212923], [-68.83138205080418, 45.77200486565299], [-68.83395439601337, 45.772008632866836], [-68.83395973763633, 45.77020849910787], [-68.83138747517756, 45.77020473212923]]]}, "properties": {"res_m": 0.6, "why": "open water", "water_px": 400, "water_ha": 4.0, "shore_m_median": 237.1, "island_m_median": 2401.6, "reach_m_median": 200.0, "open_water_frac": 1.0, "gap_frac": 0.445, "utm": [512910.0, 5068530.0, 513110.0, 5068730.0]}}, {"type": "Feature", "geometry": {"type": "Polygon", "coordinates": [[[-68.82881521323365, 45.77020090724228], [-68.82880970610994, 45.77200104052721], [-68.83138205080418, 45.77200486565299], [-68.83138747517756, 45.77020473212923], [-68.82881521323365, 45.77020090724228]]]}, "properties": {"res_m": 0.6, "why": "open water", "water_px": 400, "water_ha": 4.0, "shore_m_median": 326.5, "island_m_median": 2291.9, "reach_m_median": 200.0, "open_water_frac": 1.0, "gap_frac": 0.46, "utm": [513110.0, 5068530.0, 513310.0, 5068730.0]}}, {"type": "Feature", "geometry": {"type": "Polygon", "coordinates": [[[-68.82624295181247, 45.77019702444705], [-68.82623736193847, 45.771997157489544], [-68.82880970610994, 45.77200104052721], [-68.82881521323365, 45.77020090724228], [-68.82624295181247, 45.77019702444705]]]}, "properties": {"res_m": 0.6, "why": "open water", "water_px": 400, "water_ha": 4.0, "shore_m_median": 431.8, "island_m_median": 2158.3, "reach_m_median": 184.0, "open_water_frac": 1.0, "gap_frac": 0.385, "utm": [513310.0, 5068530.0, 513510.0, 5068730.0]}}, {"type": "Feature", "geometry": {"type": "Polygon", "coordinates": [[[-68.82367069092189, 45.77019308374358], [-68.82366501829765, 45.77199321654002], [-68.82623736193847, 45.771997157489544], [-68.82624295181247, 45.77019702444705], [-68.82367069092189, 45.77019308374358]]]}, "properties": {"res_m": 0.6, "why": "open water", "water_px": 400, "water_ha": 4.0, "shore_m_median": 544.1, "island_m_median": 2034.2, "reach_m_median": 168.0, "open_water_frac": 1.0, "gap_frac": 0.35, "utm": [513510.0, 5068530.0, 513710.0, 5068730.0]}}, {"type": "Feature", "geometry": {"type": "Polygon", "coordinates": [[[-68.8210984305697, 45.7701890851319], [-68.82109267519533, 45.771989217678666], [-68.82366501829765, 45.77199321654002], [-68.82367069092189, 45.77019308374358], [-68.8210984305697, 45.7701890851319]]]}, "properties": {"res_m": 0.6, "why": "open water", "water_px": 400, "water_ha": 4.0, "shore_m_median": 693.3, "island_m_median": 1923.9, "reach_m_median": 160.0, "open_water_frac": 1.0, "gap_frac": 0.305, "utm": [513710.0, 5068530.0, 513910.0, 5068730.0]}}, {"type": "Feature", "geometry": {"type": "Polygon", "coordinates": [[[-68.81852617076385, 45.77018502861204], [-68.81852033263938, 45.77198516090552], [-68.82109267519533, 45.771989217678666], [-68.8210984305697, 45.7701890851319], [-68.81852617076385, 45.77018502861204]]]}, "properties": {"res_m": 0.6, "why": "open water", "water_px": 400, "water_ha": 4.0, "shore_m_median": 863.4, "island_m_median": 1829.1, "reach_m_median": 164.0, "open_water_frac": 1.0, "gap_frac": 0.265, "utm": [513910.0, 5068530.0, 514110.0, 5068730.0]}}, {"type": "Feature", "geometry": {"type": "Polygon", "coordinates": [[[-68.81595391151211, 45.77018091418403], [-68.81594799063761, 45.77198104622062], [-68.81852033263938, 45.77198516090552], [-68.81852617076385, 45.77018502861204], [-68.81595391151211, 45.77018091418403]]]}, "properties": {"res_m": 0.6, "why": "open water", "water_px": 400, "water_ha": 4.0, "shore_m_median": 1044.0, "island_m_median": 1750.5, "reach_m_median": 152.0, "open_water_frac": 1.0, "gap_frac": 0.24, "utm": [514110.0, 5068530.0, 514310.0, 5068730.0]}}, {"type": "Feature", "geometry": {"type": "Polygon", "coordinates": [[[-68.81338165282239, 45.770176741847905], [-68.81337564919792, 45.77197687362397], [-68.81594799063761, 45.77198104622062], [-68.81595391151211, 45.77018091418403], [-68.81338165282239, 45.770176741847905]]]}, "properties": {"res_m": 0.6, "why": "open water", "water_px": 400, "water_ha": 4.0, "shore_m_median": 1231.5, "island_m_median": 1692.7, "reach_m_median": 128.0, "open_water_frac": 1.0, "gap_frac": 0.068, "utm": [514310.0, 5068530.0, 514510.0, 5068730.0]}}, {"type": "Feature", "geometry": {"type": "Polygon", "coordinates": [[[-68.81080939470252, 45.7701725116037], [-68.81080330832815, 45.77197264311563], [-68.81337564919792, 45.77197687362397], [-68.81338165282239, 45.770176741847905], [-68.81080939470252, 45.7701725116037]]]}, "properties": {"res_m": 0.6, "why": "open water", "water_px": 400, "water_ha": 4.0, "shore_m_median": 1422.5, "island_m_median": 1657.1, "reach_m_median": 112.0, "open_water_frac": 1.0, "gap_frac": 0.018, "utm": [514510.0, 5068530.0, 514710.0, 5068730.0]}}, {"type": "Feature", "geometry": {"type": "Polygon", "coordinates": [[[-68.80823713716033, 45.77016822345145], [-68.80823096803614, 45.77196835469564], [-68.81080330832815, 45.77197264311563], [-68.81080939470252, 45.7701725116037], [-68.80823713716033, 45.77016822345145]]]}, "properties": {"res_m": 0.6, "why": "open water", "water_px": 400, "water_ha": 4.0, "shore_m_median": 1579.1, "island_m_median": 1646.2, "reach_m_median": 120.0, "open_water_frac": 1.0, "gap_frac": 0.04, "utm": [514710.0, 5068530.0, 514910.0, 5068730.0]}}, {"type": "Feature", "geometry": {"type": "Polygon", "coordinates": [[[-68.80566488020374, 45.77016387739118], [-68.80565862832978, 45.771964008363994], [-68.80823096803614, 45.77196835469564], [-68.80823713716033, 45.77016822345145], [-68.80566488020374, 45.77016387739118]]]}, "properties": {"res_m": 0.6, "why": "open water", "water_px": 400, "water_ha": 4.0, "shore_m_median": 1553.4, "island_m_median": 1656.0, "reach_m_median": 112.0, "open_water_frac": 1.0, "gap_frac": 0.013, "utm": [514910.0, 5068530.0, 515110.0, 5068730.0]}}, {"type": "Feature", "geometry": {"type": "Polygon", "coordinates": [[[-68.80309262384054, 45.77015947342292], [-68.8030862892169, 45.77195960412077], [-68.80565862832978, 45.771964008363994], [-68.80566488020374, 45.77016387739118], [-68.80309262384054, 45.77015947342292]]]}, "properties": {"res_m": 0.6, "why": "open water", "water_px": 400, "water_ha": 4.0, "shore_m_median": 1444.8, "island_m_median": 1608.5, "reach_m_median": 104.0, "open_water_frac": 1.0, "gap_frac": 0.007, "utm": [515110.0, 5068530.0, 515310.0, 5068730.0]}}, {"type": "Feature", "geometry": {"type": "Polygon", "coordinates": [[[-68.80052036807861, 45.770155011546734], [-68.80051395070537, 45.771955141965975], [-68.8030862892169, 45.77195960412077], [-68.80309262384054, 45.77015947342292], [-68.80052036807861, 45.770155011546734]]]}, "properties": {"res_m": 0.6, "why": "open water", "water_px": 400, "water_ha": 4.0, "shore_m_median": 1295.9, "island_m_median": 1440.2, "reach_m_median": 112.0, "open_water_frac": 1.0, "gap_frac": 0.013, "utm": [515310.0, 5068530.0, 515510.0, 5068730.0]}}, {"type": "Feature", "geometry": {"type": "Polygon", "coordinates": [[[-68.79794811292582, 45.770150491762635], [-68.79794161280302, 45.77195062189966], [-68.80051395070537, 45.771955141965975], [-68.80052036807861, 45.770155011546734], [-68.79794811292582, 45.770150491762635]]]}, "properties": {"res_m": 0.6, "why": "open water", "water_px": 400, "water_ha": 4.0, "shore_m_median": 1157.7, "island_m_median": 1268.0, "reach_m_median": 104.0, "open_water_frac": 1.0, "gap_frac": 0.0, "utm": [515510.0, 5068530.0, 515710.0, 5068730.0]}}, {"type": "Feature", "geometry": {"type": "Polygon", "coordinates": [[[-68.79537585839, 45.77014591407067], [-68.79536927551771, 45.771946043921865], [-68.79794161280302, 45.77195062189966], [-68.79794811292582, 45.770150491762635], [-68.79537585839, 45.77014591407067]]]}, "properties": {"res_m": 0.6, "why": "open water", "water_px": 400, "water_ha": 4.0, "shore_m_median": 1033.8, "island_m_median": 1105.7, "reach_m_median": 96.0, "open_water_frac": 1.0, "gap_frac": 0.0, "utm": [515710.0, 5068530.0, 515910.0, 5068730.0]}}, {"type": "Feature", "geometry": {"type": "Polygon", "coordinates": [[[-68.79280360447902, 45.77014127847085], [-68.79279693885734, 45.77194140803262], [-68.79536927551771, 45.771946043921865], [-68.79537585839, 45.77014591407067], [-68.79280360447902, 45.77014127847085]]]}, "properties": {"res_m": 0.6, "why": "open water", "water_px": 400, "water_ha": 4.0, "shore_m_median": 899.2, "island_m_median": 956.7, "reach_m_median": 88.0, "open_water_frac": 1.0, "gap_frac": 0.0, "utm": [515910.0, 5068530.0, 516110.0, 5068730.0]}}, {"type": "Feature", "geometry": {"type": "Polygon", "coordinates": [[[-68.79023135120072, 45.77013658496325], [-68.79022460282971, 45.77193671423194], [-68.79279693885734, 45.77194140803262], [-68.79280360447902, 45.77014127847085], [-68.79023135120072, 45.77013658496325]]]}, "properties": {"res_m": 0.6, "why": "open water", "water_px": 400, "water_ha": 4.0, "shore_m_median": 720.3, "island_m_median": 828.3, "reach_m_median": 80.0, "open_water_frac": 1.0, "gap_frac": 0.0, "utm": [516110.0, 5068530.0, 516310.0, 5068730.0]}}, {"type": "Feature", "geometry": {"type": "Polygon", "coordinates": [[[-68.78765909856295, 45.77013183354787], [-68.7876522674427, 45.77193196251991], [-68.79022460282971, 45.77193671423194], [-68.79023135120072, 45.77013658496325], [-68.78765909856295, 45.77013183354787]]]}, "properties": {"res_m": 0.6, "why": "open water", "water_px": 400, "water_ha": 4.0, "shore_m_median": 521.6, "island_m_median": 731.2, "reach_m_median": 88.0, "open_water_frac": 1.0, "gap_frac": 0.0, "utm": [516310.0, 5068530.0, 516510.0, 5068730.0]}}, {"type": "Feature", "geometry": {"type": "Polygon", "coordinates": [[[-68.7850868465736, 45.770127024224784], [-68.78507993270415, 45.77192715289652], [-68.7876522674427, 45.77193196251991], [-68.78765909856295, 45.77013183354787], [-68.7850868465736, 45.770127024224784]]]}, "properties": {"res_m": 0.6, "why": "open water", "water_px": 400, "water_ha": 4.0, "shore_m_median": 327.3, "island_m_median": 680.9, "reach_m_median": 80.0, "open_water_frac": 1.0, "gap_frac": 0.0, "utm": [516510.0, 5068530.0, 516710.0, 5068730.0]}}, {"type": "Feature", "geometry": {"type": "Polygon", "coordinates": [[[-68.78251459524049, 45.770122156994006], [-68.78250759862195, 45.77192228536184], [-68.78507993270415, 45.77192715289652], [-68.7850868465736, 45.770127024224784], [-68.78251459524049, 45.770122156994006]]]}, "properties": {"res_m": 0.6, "why": "open water", "water_px": 400, "water_ha": 4.0, "shore_m_median": 150.0, "island_m_median": 673.1, "reach_m_median": 72.0, "open_water_frac": 0.68, "gap_frac": 0.0, "utm": [516710.0, 5068530.0, 516910.0, 5068730.0]}}, {"type": "Feature", "geometry": {"type": "Polygon", "coordinates": [[[-68.77994234457148, 45.770117231855586], [-68.77993526520392, 45.771917359915896], [-68.78250759862195, 45.77192228536184], [-68.78251459524049, 45.770122156994006], [-68.77994234457148, 45.770117231855586]]]}, "properties": {"res_m": 1.0, "why": "near the mainland shore", "water_px": 335, "water_ha": 3.35, "shore_m_median": 67.1, "island_m_median": 653.0, "reach_m_median": 184.0, "open_water_frac": 0.152, "gap_frac": 0.287, "utm": [516910.0, 5068530.0, 517110.0, 5068730.0]}}, {"type": "Feature", "geometry": {"type": "Polygon", "coordinates": [[[-68.77737009457444, 45.77011224880956], [-68.77736293245792, 45.771912376558724], [-68.77993526520392, 45.771917359915896], [-68.77994234457148, 45.770117231855586], [-68.77737009457444, 45.77011224880956]]]}, "properties": {"res_m": 1.0, "why": "near the mainland shore", "water_px": 324, "water_ha": 3.24, "shore_m_median": 76.2, "island_m_median": 563.0, "reach_m_median": 80.0, "open_water_frac": 0.213, "gap_frac": 0.0, "utm": [517110.0, 5068530.0, 517310.0, 5068730.0]}}, {"type": "Feature", "geometry": {"type": "Polygon", "coordinates": [[[-68.77479784525721, 45.77010720785595], [-68.77479060039182, 45.77190733529038], [-68.77736293245792, 45.771912376558724], [-68.77737009457444, 45.77011224880956], [-68.77479784525721, 45.77010720785595]]]}, "properties": {"res_m": 0.6, "why": "open water", "water_px": 400, "water_ha": 4.0, "shore_m_median": 136.0, "island_m_median": 410.8, "reach_m_median": 92.0, "open_water_frac": 0.605, "gap_frac": 0.0, "utm": [517310.0, 5068530.0, 517510.0, 5068730.0]}}, {"type": "Feature", "geometry": {"type": "Polygon", "coordinates": [[[-68.77222559662764, 45.77010210899483], [-68.77221826901346, 45.77190223611088], [-68.77479060039182, 45.77190733529038], [-68.77479784525721, 45.77010720785595], [-68.77222559662764, 45.77010210899483]]]}, "properties": {"res_m": 0.6, "why": "open water", "water_px": 400, "water_ha": 4.0, "shore_m_median": 246.0, "island_m_median": 252.4, "reach_m_median": 104.0, "open_water_frac": 0.99, "gap_frac": 0.0, "utm": [517510.0, 5068530.0, 517710.0, 5068730.0]}}, {"type": "Feature", "geometry": {"type": "Polygon", "coordinates": [[[-68.76965334869358, 45.77009695222622], [-68.76964593833073, 45.771897079020285], [-68.77221826901346, 45.77190223611088], [-68.77222559662764, 45.77010210899483], [-68.76965334869358, 45.77009695222622]]]}, "properties": {"res_m": 0.6, "why": "open water", "water_px": 400, "water_ha": 4.0, "shore_m_median": 365.1, "island_m_median": 190.3, "reach_m_median": 64.0, "open_water_frac": 1.0, "gap_frac": 0.0, "utm": [517710.0, 5068530.0, 517910.0, 5068730.0]}}, {"type": "Feature", "geometry": {"type": "Polygon", "coordinates": [[[-68.76708110146292, 45.77009173755015], [-68.76707360835142, 45.77189186401863], [-68.76964593833073, 45.771897079020285], [-68.76965334869358, 45.77009695222622], [-68.76708110146292, 45.77009173755015]]]}, "properties": {"res_m": 0.6, "why": "open water", "water_px": 400, "water_ha": 4.0, "shore_m_median": 420.3, "island_m_median": 258.1, "reach_m_median": 88.0, "open_water_frac": 1.0, "gap_frac": 0.0, "utm": [517910.0, 5068530.0, 518110.0, 5068730.0]}}, {"type": "Feature", "geometry": {"type": "Polygon", "coordinates": [[[-68.76450885494347, 45.77008646496671], [-68.76450127908345, 45.77188659110596], [-68.76707360835142, 45.77189186401863], [-68.76708110146292, 45.77009173755015], [-68.76450885494347, 45.77008646496671]]]}, "properties": {"res_m": 0.6, "why": "open water", "water_px": 400, "water_ha": 4.0, "shore_m_median": 485.1, "island_m_median": 184.1, "reach_m_median": 80.0, "open_water_frac": 1.0, "gap_frac": 0.0, "utm": [518110.0, 5068530.0, 518310.0, 5068730.0]}}, {"type": "Feature", "geometry": {"type": "Polygon", "coordinates": [[[-68.76193660914312, 45.77008113447588], [-68.76192895053464, 45.7718812602823], [-68.76450127908345, 45.77188659110596], [-68.76450885494347, 45.77008646496671], [-68.76193660914312, 45.77008113447588]]]}, "properties": {"res_m": 0.6, "why": "open water", "water_px": 395, "water_ha": 3.95, "shore_m_median": 536.0, "island_m_median": 100.0, "reach_m_median": 88.0, "open_water_frac": 1.0, "gap_frac": 0.0, "utm": [518310.0, 5068530.0, 518510.0, 5068730.0]}}, {"type": "Feature", "geometry": {"type": "Polygon", "coordinates": [[[-68.7593643640697, 45.77007574607773], [-68.75935662271284, 45.771875871547714], [-68.76192895053464, 45.7718812602823], [-68.76193660914312, 45.77008113447588], [-68.7593643640697, 45.77007574607773]]]}, "properties": {"res_m": 0.6, "why": "open water", "water_px": 360, "water_ha": 3.6, "shore_m_median": 613.5, "island_m_median": 76.2, "reach_m_median": 136.0, "open_water_frac": 1.0, "gap_frac": 0.128, "utm": [518510.0, 5068530.0, 518710.0, 5068730.0]}}, {"type": "Feature", "geometry": {"type": "Polygon", "coordinates": [[[-68.75679211973107, 45.77007029977232], [-68.75678429562593, 45.77187042490224], [-68.75935662271284, 45.771875871547714], [-68.7593643640697, 45.77007574607773], [-68.75679211973107, 45.77007029977232]]]}, "properties": {"res_m": 0.3, "why": "open water the 1954 survey never sounded", "water_px": 232, "water_ha": 2.32, "shore_m_median": 559.9, "island_m_median": 40.0, "reach_m_median": 312.0, "open_water_frac": 1.0, "gap_frac": 0.927, "utm": [518710.0, 5068530.0, 518910.0, 5068730.0]}}, {"type": "Feature", "geometry": {"type": "Polygon", "coordinates": [[[-68.75421987613508, 45.770064795559676], [-68.75421196928176, 45.771864920345905], [-68.75678429562593, 45.77187042490224], [-68.75679211973107, 45.77007029977232], [-68.75421987613508, 45.770064795559676]]]}, "properties": {"res_m": 0.3, "why": "open water the 1954 survey never sounded", "water_px": 142, "water_ha": 1.42, "shore_m_median": 412.5, "island_m_median": 30.0, "reach_m_median": 456.0, "open_water_frac": 1.0, "gap_frac": 0.915, "utm": [518910.0, 5068530.0, 519110.0, 5068730.0]}}, {"type": "Feature", "geometry": {"type": "Polygon", "coordinates": [[[-68.75164763328961, 45.77005923343983], [-68.75163964368816, 45.77185935787878], [-68.75421196928176, 45.771864920345905], [-68.75421987613508, 45.770064795559676], [-68.75164763328961, 45.77005923343983]]]}, "properties": {"res_m": 0.3, "why": "open water the 1954 survey never sounded", "water_px": 302, "water_ha": 3.02, "shore_m_median": 305.6, "island_m_median": 65.6, "reach_m_median": 368.0, "open_water_frac": 1.0, "gap_frac": 0.964, "utm": [519110.0, 5068530.0, 519310.0, 5068730.0]}}, {"type": "Feature", "geometry": {"type": "Polygon", "coordinates": [[[-68.74907539120247, 45.770053613412855], [-68.74906731885302, 45.77185373750089], [-68.75163964368816, 45.77185935787878], [-68.75164763328961, 45.77005923343983], [-68.74907539120247, 45.770053613412855]]]}, "properties": {"res_m": 0.3, "why": "open water the 1954 survey never sounded", "water_px": 400, "water_ha": 4.0, "shore_m_median": 143.2, "island_m_median": 178.9, "reach_m_median": 240.0, "open_water_frac": 0.642, "gap_frac": 0.703, "utm": [519310.0, 5068530.0, 519510.0, 5068730.0]}}, {"type": "Feature", "geometry": {"type": "Polygon", "coordinates": [[[-68.74650314988155, 45.770047935478765], [-68.74649499478417, 45.77184805921229], [-68.74906731885302, 45.77185373750089], [-68.74907539120247, 45.770053613412855], [-68.74650314988155, 45.770047935478765]]]}, "properties": {"res_m": 1.0, "why": "near the mainland shore", "water_px": 355, "water_ha": 3.55, "shore_m_median": 41.2, "island_m_median": 319.1, "reach_m_median": 100.0, "open_water_frac": 0.0, "gap_frac": 0.0, "utm": [519510.0, 5068530.0, 519710.0, 5068730.0]}}, {"type": "Feature", "geometry": {"type": "Polygon", "coordinates": [[[-68.7439309093347, 45.77004219963763], [-68.74392267148947, 45.771842323013004], [-68.74649499478417, 45.77184805921229], [-68.74650314988155, 45.770047935478765], [-68.7439309093347, 45.77004219963763]]]}, "properties": {"res_m": 1.0, "why": "near the mainland shore", "water_px": 228, "water_ha": 2.28, "shore_m_median": 53.9, "island_m_median": 434.2, "reach_m_median": 200.0, "open_water_frac": 0.0, "gap_frac": 0.351, "utm": [519710.0, 5068530.0, 519910.0, 5068730.0]}}, {"type": "Feature", "geometry": {"type": "Polygon", "coordinates": [[[-68.74135866956975, 45.770036405889485], [-68.7413503489768, 45.77183652890311], [-68.74392267148947, 45.771842323013004], [-68.7439309093347, 45.77004219963763], [-68.74135866956975, 45.770036405889485]]]}, "properties": {"res_m": 1.0, "why": "near the mainland shore", "water_px": 48, "water_ha": 0.48, "shore_m_median": 22.4, "island_m_median": 544.9, "reach_m_median": 320.0, "open_water_frac": 0.0, "gap_frac": 0.625, "utm": [519910.0, 5068530.0, 520110.0, 5068730.0]}}, {"type": "Feature", "geometry": {"type": "Polygon", "coordinates": [[[-68.83910943969778, 45.76841572455147], [-68.83910426406709, 45.77021585934012], [-68.84167652802336, 45.77021945259368], [-68.8416816209113, 45.76841931758067], [-68.83910943969778, 45.76841572455147]]]}, "properties": {"res_m": 1.0, "why": "near the mainland shore", "water_px": 272, "water_ha": 2.72, "shore_m_median": 50.0, "island_m_median": 2423.6, "reach_m_median": 152.0, "open_water_frac": 0.062, "gap_frac": 0.14, "utm": [512310.0, 5068330.0, 512510.0, 5068530.0]}}, {"type": "Feature", "geometry": {"type": "Polygon", "coordinates": [[[-68.83653725897548, 45.76841207361749], [-68.83653200060213, 45.77021220817818], [-68.83910426406709, 45.77021585934012], [-68.83910943969778, 45.76841572455147], [-68.83653725897548, 45.76841207361749]]]}, "properties": {"res_m": 0.6, "why": "open water", "water_px": 400, "water_ha": 4.0, "shore_m_median": 133.4, "island_m_median": 2353.2, "reach_m_median": 80.0, "open_water_frac": 0.578, "gap_frac": 0.0, "utm": [512510.0, 5068330.0, 512710.0, 5068530.0]}}, {"type": "Feature", "geometry": {"type": "Polygon", "coordinates": [[[-68.83396507875229, 45.76840836477876], [-68.83395973763633, 45.77020849910787], [-68.83653200060213, 45.77021220817818], [-68.83653725897548, 45.76841207361749], [-68.83396507875229, 45.76840836477876]]]}, "properties": {"res_m": 0.6, "why": "open water", "water_px": 400, "water_ha": 4.0, "shore_m_median": 124.5, "island_m_median": 2298.9, "reach_m_median": 88.0, "open_water_frac": 0.527, "gap_frac": 0.0, "utm": [512710.0, 5068330.0, 512910.0, 5068530.0]}}, {"type": "Feature", "geometry": {"type": "Polygon", "coordinates": [[[-68.83139289903608, 45.7684045980353], [-68.83138747517756, 45.77020473212923], [-68.83395973763633, 45.77020849910787], [-68.83396507875229, 45.76840836477876], [-68.83139289903608, 45.7684045980353]]]}, "properties": {"res_m": 0.6, "why": "open water", "water_px": 400, "water_ha": 4.0, "shore_m_median": 148.7, "island_m_median": 2260.9, "reach_m_median": 80.0, "open_water_frac": 0.665, "gap_frac": 0.0, "utm": [512910.0, 5068330.0, 513110.0, 5068530.0]}}, {"type": "Feature", "geometry": {"type": "Polygon", "coordinates": [[[-68.82882071983465, 45.76840077338716], [-68.82881521323365, 45.77020090724228], [-68.83138747517756, 45.77020473212923], [-68.83139289903608, 45.7684045980353], [-68.82882071983465, 45.76840077338716]]]}, "properties": {"res_m": 0.6, "why": "open water", "water_px": 400, "water_ha": 4.0, "shore_m_median": 300.7, "island_m_median": 2240.7, "reach_m_median": 80.0, "open_water_frac": 1.0, "gap_frac": 0.0, "utm": [513110.0, 5068330.0, 513310.0, 5068530.0]}}, {"type": "Feature", "geometry": {"type": "Polygon", "coordinates": [[[-68.8262485411559, 45.76839689083436], [-68.82624295181247, 45.77019702444705], [-68.82881521323365, 45.77020090724228], [-68.82882071983465, 45.76840077338716], [-68.8262485411559, 45.76839689083436]]]}, "properties": {"res_m": 0.6, "why": "open water", "water_px": 400, "water_ha": 4.0, "shore_m_median": 489.4, "island_m_median": 2222.4, "reach_m_median": 104.0, "open_water_frac": 1.0, "gap_frac": 0.0, "utm": [513310.0, 5068330.0, 513510.0, 5068530.0]}}, {"type": "Feature", "geometry": {"type": "Polygon", "coordinates": [[[-68.82367636300768, 45.768392950376935], [-68.82367069092189, 45.77019308374358], [-68.82624295181247, 45.77019702444705], [-68.8262485411559, 45.76839689083436], [-68.82367636300768, 45.768392950376935]]]}, "properties": {"res_m": 0.6, "why": "open water", "water_px": 400, "water_ha": 4.0, "shore_m_median": 657.8, "island_m_median": 2169.1, "reach_m_median": 88.0, "open_water_frac": 1.0, "gap_frac": 0.0, "utm": [513510.0, 5068330.0, 513710.0, 5068530.0]}}, {"type": "Feature", "geometry": {"type": "Polygon", "coordinates": [[[-68.82110418539781, 45.76838895201491], [-68.8210984305697, 45.7701890851319], [-68.82367069092189, 45.77019308374358], [-68.82367636300768, 45.768392950376935], [-68.82110418539781, 45.76838895201491]]]}, "properties": {"res_m": 0.6, "why": "open water", "water_px": 400, "water_ha": 4.0, "shore_m_median": 806.4, "island_m_median": 2071.4, "reach_m_median": 84.0, "open_water_frac": 1.0, "gap_frac": 0.0, "utm": [513710.0, 5068330.0, 513910.0, 5068530.0]}}, {"type": "Feature", "geometry": {"type": "Polygon", "coordinates": [[[-68.81853200833417, 45.76838489574831], [-68.81852617076385, 45.77018502861204], [-68.8210984305697, 45.7701890851319], [-68.82110418539781, 45.76838895201491], [-68.81853200833417, 45.76838489574831]]]}, "properties": {"res_m": 0.6, "why": "open water", "water_px": 400, "water_ha": 4.0, "shore_m_median": 965.5, "island_m_median": 1983.0, "reach_m_median": 96.0, "open_water_frac": 1.0, "gap_frac": 0.0, "utm": [513910.0, 5068330.0, 514110.0, 5068530.0]}}, {"type": "Feature", "geometry": {"type": "Polygon", "coordinates": [[[-68.81595983182461, 45.768380781577186], [-68.81595391151211, 45.77018091418403], [-68.81852617076385, 45.77018502861204], [-68.81853200833417, 45.76838489574831], [-68.81595983182461, 45.768380781577186]]]}, "properties": {"res_m": 0.6, "why": "open water", "water_px": 400, "water_ha": 4.0, "shore_m_median": 1134.5, "island_m_median": 1910.6, "reach_m_median": 96.0, "open_water_frac": 1.0, "gap_frac": 0.0, "utm": [514110.0, 5068330.0, 514310.0, 5068530.0]}}, {"type": "Feature", "geometry": {"type": "Polygon", "coordinates": [[[-68.813387655877, 45.768376609501566], [-68.81338165282239, 45.770176741847905], [-68.81595391151211, 45.77018091418403], [-68.81595983182461, 45.768380781577186], [-68.813387655877, 45.768376609501566]]]}, "properties": {"res_m": 0.6, "why": "open water", "water_px": 400, "water_ha": 4.0, "shore_m_median": 1310.3, "island_m_median": 1856.0, "reach_m_median": 112.0, "open_water_frac": 1.0, "gap_frac": 0.01, "utm": [514310.0, 5068330.0, 514510.0, 5068530.0]}}, {"type": "Feature", "geometry": {"type": "Polygon", "coordinates": [[[-68.81081548049917, 45.768372379521466], [-68.81080939470252, 45.7701725116037], [-68.81338165282239, 45.770176741847905], [-68.813387655877, 45.768376609501566], [-68.81081548049917, 45.768372379521466]]]}, "properties": {"res_m": 0.6, "why": "open water", "water_px": 400, "water_ha": 4.0, "shore_m_median": 1489.9, "island_m_median": 1821.0, "reach_m_median": 128.0, "open_water_frac": 1.0, "gap_frac": 0.087, "utm": [514510.0, 5068330.0, 514710.0, 5068530.0]}}, {"type": "Feature", "geometry": {"type": "Polygon", "coordinates": [[[-68.80824330569897, 45.76836809163695], [-68.80823713716033, 45.77016822345145], [-68.81080939470252, 45.7701725116037], [-68.81081548049917, 45.768372379521466], [-68.80824330569897, 45.76836809163695]]]}, "properties": {"res_m": 0.6, "why": "open water", "water_px": 400, "water_ha": 4.0, "shore_m_median": 1660.2, "island_m_median": 1808.5, "reach_m_median": 136.0, "open_water_frac": 1.0, "gap_frac": 0.102, "utm": [514710.0, 5068330.0, 514910.0, 5068530.0]}}, {"type": "Feature", "geometry": {"type": "Polygon", "coordinates": [[[-68.80567113148426, 45.76836374584803], [-68.80566488020374, 45.77016387739118], [-68.80823713716033, 45.77016822345145], [-68.80824330569897, 45.76836809163695], [-68.80567113148426, 45.76836374584803]]]}, "properties": {"res_m": 0.6, "why": "open water", "water_px": 400, "water_ha": 4.0, "shore_m_median": 1714.9, "island_m_median": 1808.0, "reach_m_median": 128.0, "open_water_frac": 1.0, "gap_frac": 0.087, "utm": [514910.0, 5068330.0, 515110.0, 5068530.0]}}, {"type": "Feature", "geometry": {"type": "Polygon", "coordinates": [[[-68.80309895786291, 45.768359342154746], [-68.80309262384054, 45.77015947342292], [-68.80566488020374, 45.77016387739118], [-68.80567113148426, 45.76836374584803], [-68.80309895786291, 45.768359342154746]]]}, "properties": {"res_m": 0.6, "why": "open water", "water_px": 400, "water_ha": 4.0, "shore_m_median": 1578.1, "island_m_median": 1713.2, "reach_m_median": 128.0, "open_water_frac": 1.0, "gap_frac": 0.08, "utm": [515110.0, 5068330.0, 515310.0, 5068530.0]}}, {"type": "Feature", "geometry": {"type": "Polygon", "coordinates": [[[-68.80052678484276, 45.768354880557126], [-68.80052036807861, 45.770155011546734], [-68.80309262384054, 45.77015947342292], [-68.80309895786291, 45.768359342154746], [-68.80052678484276, 45.768354880557126]]]}, "properties": {"res_m": 0.6, "why": "open water", "water_px": 400, "water_ha": 4.0, "shore_m_median": 1438.9, "island_m_median": 1545.3, "reach_m_median": 152.0, "open_water_frac": 1.0, "gap_frac": 0.237, "utm": [515310.0, 5068330.0, 515510.0, 5068530.0]}}, {"type": "Feature", "geometry": {"type": "Polygon", "coordinates": [[[-68.79795461243165, 45.76835036105523], [-68.79794811292582, 45.770150491762635], [-68.80052036807861, 45.770155011546734], [-68.80052678484276, 45.768354880557126], [-68.79795461243165, 45.76835036105523]]]}, "properties": {"res_m": 0.6, "why": "open water", "water_px": 400, "water_ha": 4.0, "shore_m_median": 1302.5, "island_m_median": 1386.7, "reach_m_median": 152.0, "open_water_frac": 1.0, "gap_frac": 0.23, "utm": [515510.0, 5068330.0, 515710.0, 5068530.0]}}, {"type": "Feature", "geometry": {"type": "Polygon", "coordinates": [[[-68.79538244063745, 45.76834578364906], [-68.79537585839, 45.77014591407067], [-68.79794811292582, 45.770150491762635], [-68.79795461243165, 45.76835036105523], [-68.79538244063745, 45.76834578364906]]]}, "properties": {"res_m": 0.6, "why": "open water", "water_px": 400, "water_ha": 4.0, "shore_m_median": 1145.7, "island_m_median": 1239.1, "reach_m_median": 160.0, "open_water_frac": 1.0, "gap_frac": 0.253, "utm": [515710.0, 5068330.0, 515910.0, 5068530.0]}}, {"type": "Feature", "geometry": {"type": "Polygon", "coordinates": [[[-68.79281026946802, 45.76834114833867], [-68.79280360447902, 45.77014127847085], [-68.79537585839, 45.77014591407067], [-68.79538244063745, 45.76834578364906], [-68.79281026946802, 45.76834114833867]]]}, "properties": {"res_m": 0.6, "why": "open water", "water_px": 400, "water_ha": 4.0, "shore_m_median": 955.1, "island_m_median": 1107.2, "reach_m_median": 160.0, "open_water_frac": 1.0, "gap_frac": 0.245, "utm": [515910.0, 5068330.0, 516110.0, 5068530.0]}}, {"type": "Feature", "geometry": {"type": "Polygon", "coordinates": [[[-68.79023809893118, 45.76833645512411], [-68.79023135120072, 45.77013658496325], [-68.79280360447902, 45.77014127847085], [-68.79281026946802, 45.76834114833867], [-68.79023809893118, 45.76833645512411]]]}, "properties": {"res_m": 0.6, "why": "open water", "water_px": 400, "water_ha": 4.0, "shore_m_median": 765.1, "island_m_median": 988.4, "reach_m_median": 152.0, "open_water_frac": 1.0, "gap_frac": 0.23, "utm": [516110.0, 5068330.0, 516310.0, 5068530.0]}}, {"type": "Feature", "geometry": {"type": "Polygon", "coordinates": [[[-68.78766592903483, 45.7683317040054], [-68.78765909856295, 45.77013183354787], [-68.79023135120072, 45.77013658496325], [-68.79023809893118, 45.76833645512411], [-68.78766592903483, 45.7683317040054]]]}, "properties": {"res_m": 0.6, "why": "open water", "water_px": 400, "water_ha": 4.0, "shore_m_median": 582.8, "island_m_median": 868.3, "reach_m_median": 176.0, "open_water_frac": 1.0, "gap_frac": 0.375, "utm": [516310.0, 5068330.0, 516510.0, 5068530.0]}}, {"type": "Feature", "geometry": {"type": "Polygon", "coordinates": [[[-68.7850937597868, 45.768326894982565], [-68.7850868465736, 45.770127024224784], [-68.78765909856295, 45.77013183354787], [-68.78766592903483, 45.7683317040054], [-68.7850937597868, 45.768326894982565]]]}, "properties": {"res_m": 0.6, "why": "open water", "water_px": 400, "water_ha": 4.0, "shore_m_median": 418.7, "island_m_median": 742.5, "reach_m_median": 184.0, "open_water_frac": 1.0, "gap_frac": 0.395, "utm": [516510.0, 5068330.0, 516710.0, 5068530.0]}}, {"type": "Feature", "geometry": {"type": "Polygon", "coordinates": [[[-68.78252159119494, 45.768322028055685], [-68.78251459524049, 45.770122156994006], [-68.7850868465736, 45.770127024224784], [-68.7850937597868, 45.768326894982565], [-68.78252159119494, 45.768322028055685]]]}, "properties": {"res_m": 0.6, "why": "open water", "water_px": 400, "water_ha": 4.0, "shore_m_median": 295.8, "island_m_median": 600.2, "reach_m_median": 184.0, "open_water_frac": 1.0, "gap_frac": 0.415, "utm": [516710.0, 5068330.0, 516910.0, 5068530.0]}}, {"type": "Feature", "geometry": {"type": "Polygon", "coordinates": [[[-68.7799494232671, 45.76831710322477], [-68.77994234457148, 45.770117231855586], [-68.78251459524049, 45.770122156994006], [-68.78252159119494, 45.768322028055685], [-68.7799494232671, 45.76831710322477]]]}, "properties": {"res_m": 0.3, "why": "open water the 1954 survey never sounded", "water_px": 400, "water_ha": 4.0, "shore_m_median": 237.4, "island_m_median": 489.6, "reach_m_median": 240.0, "open_water_frac": 0.995, "gap_frac": 0.843, "utm": [516910.0, 5068330.0, 517110.0, 5068530.0]}}, {"type": "Feature", "geometry": {"type": "Polygon", "coordinates": [[[-68.77737725601115, 45.768312120489846], [-68.77737009457444, 45.77011224880956], [-68.77994234457148, 45.770117231855586], [-68.7799494232671, 45.76831710322477], [-68.77737725601115, 45.768312120489846]]]}, "properties": {"res_m": 0.3, "why": "open water the 1954 survey never sounded", "water_px": 400, "water_ha": 4.0, "shore_m_median": 241.7, "island_m_median": 434.9, "reach_m_median": 216.0, "open_water_frac": 0.998, "gap_frac": 0.665, "utm": [517110.0, 5068330.0, 517310.0, 5068530.0]}}, {"type": "Feature", "geometry": {"type": "Polygon", "coordinates": [[[-68.77480508943492, 45.76830707985098], [-68.77479784525721, 45.77010720785595], [-68.77737009457444, 45.77011224880956], [-68.77737725601115, 45.768312120489846], [-68.77480508943492, 45.76830707985098]]]}, "properties": {"res_m": 0.3, "why": "open water the 1954 survey never sounded", "water_px": 400, "water_ha": 4.0, "shore_m_median": 316.9, "island_m_median": 347.9, "reach_m_median": 208.0, "open_water_frac": 1.0, "gap_frac": 0.53, "utm": [517310.0, 5068330.0, 517510.0, 5068530.0]}}, {"type": "Feature", "geometry": {"type": "Polygon", "coordinates": [[[-68.77223292354628, 45.76830198130819], [-68.77222559662764, 45.77010210899483], [-68.77479784525721, 45.77010720785595], [-68.77480508943492, 45.76830707985098], [-68.77223292354628, 45.76830198130819]]]}, "properties": {"res_m": 0.6, "why": "open water", "water_px": 400, "water_ha": 4.0, "shore_m_median": 407.1, "island_m_median": 201.1, "reach_m_median": 192.0, "open_water_frac": 1.0, "gap_frac": 0.325, "utm": [517510.0, 5068330.0, 517710.0, 5068530.0]}}, {"type": "Feature", "geometry": {"type": "Polygon", "coordinates": [[[-68.76966075835308, 45.76829682486155], [-68.76965334869358, 45.77009695222622], [-68.77222559662764, 45.77010210899483], [-68.77223292354628, 45.76830198130819], [-68.76966075835308, 45.76829682486155]]]}, "properties": {"res_m": 0.3, "why": "open water the 1954 survey never sounded", "water_px": 355, "water_ha": 3.55, "shore_m_median": 514.0, "island_m_median": 80.0, "reach_m_median": 208.0, "open_water_frac": 1.0, "gap_frac": 0.524, "utm": [517710.0, 5068330.0, 517910.0, 5068530.0]}}, {"type": "Feature", "geometry": {"type": "Polygon", "coordinates": [[[-68.76708859386318, 45.76829161051107], [-68.76708110146292, 45.77009173755015], [-68.76965334869358, 45.77009695222622], [-68.76966075835308, 45.76829682486155], [-68.76708859386318, 45.76829161051107]]]}, "properties": {"res_m": 0.6, "why": "open water", "water_px": 400, "water_ha": 4.0, "shore_m_median": 613.4, "island_m_median": 155.6, "reach_m_median": 200.0, "open_water_frac": 1.0, "gap_frac": 0.4, "utm": [517910.0, 5068330.0, 518110.0, 5068530.0]}}, {"type": "Feature", "geometry": {"type": "Polygon", "coordinates": [[[-68.76451643008441, 45.76828633825681], [-68.76450885494347, 45.77008646496671], [-68.76708110146292, 45.77009173755015], [-68.76708859386318, 45.76829161051107], [-68.76451643008441, 45.76828633825681]]]}, "properties": {"res_m": 0.6, "why": "open water", "water_px": 400, "water_ha": 4.0, "shore_m_median": 671.2, "island_m_median": 284.3, "reach_m_median": 192.0, "open_water_frac": 1.0, "gap_frac": 0.355, "utm": [518110.0, 5068330.0, 518310.0, 5068530.0]}}, {"type": "Feature", "geometry": {"type": "Polygon", "coordinates": [[[-68.76194426702466, 45.76828100809879], [-68.76193660914312, 45.77008113447588], [-68.76450885494347, 45.77008646496671], [-68.76451643008441, 45.76828633825681], [-68.76194426702466, 45.76828100809879]]]}, "properties": {"res_m": 0.6, "why": "open water", "water_px": 400, "water_ha": 4.0, "shore_m_median": 726.3, "island_m_median": 263.1, "reach_m_median": 176.0, "open_water_frac": 1.0, "gap_frac": 0.175, "utm": [518310.0, 5068330.0, 518510.0, 5068530.0]}}, {"type": "Feature", "geometry": {"type": "Polygon", "coordinates": [[[-68.75937210469176, 45.76827562003708], [-68.7593643640697, 45.77007574607773], [-68.76193660914312, 45.77008113447588], [-68.76194426702466, 45.76828100809879], [-68.75937210469176, 45.76827562003708]]]}, "properties": {"res_m": 0.6, "why": "open water", "water_px": 400, "water_ha": 4.0, "shore_m_median": 774.1, "island_m_median": 123.7, "reach_m_median": 192.0, "open_water_frac": 1.0, "gap_frac": 0.315, "utm": [518510.0, 5068330.0, 518710.0, 5068530.0]}}, {"type": "Feature", "geometry": {"type": "Polygon", "coordinates": [[[-68.75679994309355, 45.7682701740717], [-68.75679211973107, 45.77007029977232], [-68.7593643640697, 45.77007574607773], [-68.75937210469176, 45.76827562003708], [-68.75679994309355, 45.7682701740717]]]}, "properties": {"res_m": 0.3, "why": "open water the 1954 survey never sounded", "water_px": 348, "water_ha": 3.48, "shore_m_median": 676.8, "island_m_median": 50.0, "reach_m_median": 208.0, "open_water_frac": 1.0, "gap_frac": 0.517, "utm": [518710.0, 5068330.0, 518910.0, 5068530.0]}}, {"type": "Feature", "geometry": {"type": "Polygon", "coordinates": [[[-68.75422778223792, 45.768264670202704], [-68.75421987613508, 45.770064795559676], [-68.75679211973107, 45.77007029977232], [-68.75679994309355, 45.7682701740717], [-68.75422778223792, 45.768264670202704]]]}, "properties": {"res_m": 0.6, "why": "open water", "water_px": 239, "water_ha": 2.39, "shore_m_median": 516.2, "island_m_median": 60.0, "reach_m_median": 184.0, "open_water_frac": 1.0, "gap_frac": 0.335, "utm": [518910.0, 5068330.0, 519110.0, 5068530.0]}}, {"type": "Feature", "geometry": {"type": "Polygon", "coordinates": [[[-68.75165562213269, 45.768259108430144], [-68.75164763328961, 45.77005923343983], [-68.75421987613508, 45.770064795559676], [-68.75422778223792, 45.768264670202704], [-68.75165562213269, 45.768259108430144]]]}, "properties": {"res_m": 0.6, "why": "open water", "water_px": 365, "water_ha": 3.65, "shore_m_median": 300.2, "island_m_median": 99.0, "reach_m_median": 184.0, "open_water_frac": 1.0, "gap_frac": 0.403, "utm": [519110.0, 5068330.0, 519310.0, 5068530.0]}}, {"type": "Feature", "geometry": {"type": "Polygon", "coordinates": [[[-68.74908346278572, 45.76825348875405], [-68.74907539120247, 45.770053613412855], [-68.75164763328961, 45.77005923343983], [-68.75165562213269, 45.768259108430144], [-68.74908346278572, 45.76825348875405]]]}, "properties": {"res_m": 1.0, "why": "near the mainland shore", "water_px": 400, "water_ha": 4.0, "shore_m_median": 111.8, "island_m_median": 247.2, "reach_m_median": 168.0, "open_water_frac": 0.46, "gap_frac": 0.282, "utm": [519310.0, 5068330.0, 519510.0, 5068530.0]}}, {"type": "Feature", "geometry": {"type": "Polygon", "coordinates": [[[-68.74651130420487, 45.76824781117447], [-68.74650314988155, 45.770047935478765], [-68.74907539120247, 45.770053613412855], [-68.74908346278572, 45.76825348875405], [-68.74651130420487, 45.76824781117447]]]}, "properties": {"res_m": 1.0, "why": "near the mainland shore", "water_px": 107, "water_ha": 1.07, "shore_m_median": 20.0, "island_m_median": 414.4, "reach_m_median": 192.0, "open_water_frac": 0.0, "gap_frac": 0.29, "utm": [519510.0, 5068330.0, 519710.0, 5068530.0]}}, {"type": "Feature", "geometry": {"type": "Polygon", "coordinates": [[[-68.83654251684972, 45.76661193848665], [-68.83653725897548, 45.76841207361749], [-68.83910943969778, 45.76841572455147], [-68.8391146148372, 45.766615589192675], [-68.83654251684972, 45.76661193848665]]]}, "properties": {"res_m": 1.0, "why": "near the mainland shore", "water_px": 85, "water_ha": 0.85, "shore_m_median": 22.4, "island_m_median": 2226.4, "reach_m_median": 120.0, "open_water_frac": 0.0, "gap_frac": 0.047, "utm": [512510.0, 5068130.0, 512710.0, 5068330.0]}}, {"type": "Feature", "geometry": {"type": "Polygon", "coordinates": [[[-68.8339704193613, 45.76660822987948], [-68.83396507875229, 45.76840836477876], [-68.83653725897548, 45.76841207361749], [-68.83654251684972, 45.76661193848665], [-68.8339704193613, 45.76660822987948]]]}, "properties": {"res_m": 1.0, "why": "near the mainland shore", "water_px": 82, "water_ha": 0.82, "shore_m_median": 22.4, "island_m_median": 2182.1, "reach_m_median": 160.0, "open_water_frac": 0.0, "gap_frac": 0.085, "utm": [512710.0, 5068130.0, 512910.0, 5068330.0]}}, {"type": "Feature", "geometry": {"type": "Polygon", "coordinates": [[[-68.83139832237977, 45.766604463371195], [-68.83139289903608, 45.7684045980353], [-68.83396507875229, 45.76840836477876], [-68.8339704193613, 45.76660822987948], [-68.83139832237977, 45.766604463371195]]]}, "properties": {"res_m": 1.0, "why": "near the mainland shore", "water_px": 362, "water_ha": 3.62, "shore_m_median": 72.5, "island_m_median": 2068.6, "reach_m_median": 232.0, "open_water_frac": 0.21, "gap_frac": 0.61, "utm": [512910.0, 5068130.0, 513110.0, 5068330.0]}}, {"type": "Feature", "geometry": {"type": "Polygon", "coordinates": [[[-68.82882622591298, 45.766600638961854], [-68.82882071983465, 45.76840077338716], [-68.83139289903608, 45.7684045980353], [-68.83139832237977, 45.766604463371195], [-68.82882622591298, 45.766600638961854]]]}, "properties": {"res_m": 0.3, "why": "open water the 1954 survey never sounded", "water_px": 400, "water_ha": 4.0, "shore_m_median": 241.9, "island_m_median": 2040.9, "reach_m_median": 208.0, "open_water_frac": 1.0, "gap_frac": 0.532, "utm": [513110.0, 5068130.0, 513310.0, 5068330.0]}}, {"type": "Feature", "geometry": {"type": "Polygon", "coordinates": [[[-68.8262541299688, 45.76659675665146], [-68.8262485411559, 45.76839689083436], [-68.82882071983465, 45.76840077338716], [-68.82882622591298, 45.766600638961854], [-68.8262541299688, 45.76659675665146]]]}, "properties": {"res_m": 0.3, "why": "open water the 1954 survey never sounded", "water_px": 400, "water_ha": 4.0, "shore_m_median": 416.5, "island_m_median": 2037.8, "reach_m_median": 216.0, "open_water_frac": 1.0, "gap_frac": 0.62, "utm": [513310.0, 5068130.0, 513510.0, 5068330.0]}}, {"type": "Feature", "geometry": {"type": "Polygon", "coordinates": [[[-68.82368203455508, 45.76659281644005], [-68.82367636300768, 45.768392950376935], [-68.8262485411559, 45.76839689083436], [-68.8262541299688, 45.76659675665146], [-68.82368203455508, 45.76659281644005]]]}, "properties": {"res_m": 0.3, "why": "open water the 1954 survey never sounded", "water_px": 400, "water_ha": 4.0, "shore_m_median": 588.3, "island_m_median": 2043.6, "reach_m_median": 208.0, "open_water_frac": 1.0, "gap_frac": 0.515, "utm": [513510.0, 5068130.0, 513710.0, 5068330.0]}}, {"type": "Feature", "geometry": {"type": "Polygon", "coordinates": [[[-68.82110993967969, 45.76658881832766], [-68.82110418539781, 45.76838895201491], [-68.82367636300768, 45.768392950376935], [-68.82368203455508, 45.76659281644005], [-68.82110993967969, 45.76658881832766]]]}, "properties": {"res_m": 0.3, "why": "open water the 1954 survey never sounded", "water_px": 400, "water_ha": 4.0, "shore_m_median": 766.6, "island_m_median": 1964.6, "reach_m_median": 208.0, "open_water_frac": 1.0, "gap_frac": 0.54, "utm": [513710.0, 5068130.0, 513910.0, 5068330.0]}}, {"type": "Feature", "geometry": {"type": "Polygon", "coordinates": [[[-68.81853784535043, 45.76658476231433], [-68.81853200833417, 45.76838489574831], [-68.82110418539781, 45.76838895201491], [-68.82110993967969, 45.76658881832766], [-68.81853784535043, 45.76658476231433]]]}, "properties": {"res_m": 0.6, "why": "open water", "water_px": 400, "water_ha": 4.0, "shore_m_median": 953.4, "island_m_median": 1868.9, "reach_m_median": 200.0, "open_water_frac": 1.0, "gap_frac": 0.492, "utm": [513910.0, 5068130.0, 514110.0, 5068330.0]}}, {"type": "Feature", "geometry": {"type": "Polygon", "coordinates": [[[-68.81596575157519, 45.76658064840007], [-68.81595983182461, 45.768380781577186], [-68.81853200833417, 45.76838489574831], [-68.81853784535043, 45.76658476231433], [-68.81596575157519, 45.76658064840007]]]}, "properties": {"res_m": 0.3, "why": "open water the 1954 survey never sounded", "water_px": 400, "water_ha": 4.0, "shore_m_median": 1145.2, "island_m_median": 1789.2, "reach_m_median": 208.0, "open_water_frac": 1.0, "gap_frac": 0.51, "utm": [514110.0, 5068130.0, 514310.0, 5068330.0]}}, {"type": "Feature", "geometry": {"type": "Polygon", "coordinates": [[[-68.81339365836183, 45.76657647658493], [-68.813387655877, 45.768376609501566], [-68.81595983182461, 45.768380781577186], [-68.81596575157519, 45.76658064840007], [-68.81339365836183, 45.76657647658493]]]}, "properties": {"res_m": 0.3, "why": "open water the 1954 survey never sounded", "water_px": 400, "water_ha": 4.0, "shore_m_median": 1310.4, "island_m_median": 1729.3, "reach_m_median": 224.0, "open_water_frac": 1.0, "gap_frac": 0.69, "utm": [514310.0, 5068130.0, 514510.0, 5068330.0]}}, {"type": "Feature", "geometry": {"type": "Polygon", "coordinates": [[[-68.81082156571819, 45.76657224686894], [-68.81081548049917, 45.768372379521466], [-68.813387655877, 45.768376609501566], [-68.81339365836183, 45.76657647658493], [-68.81082156571819, 45.76657224686894]]]}, "properties": {"res_m": 0.3, "why": "open water the 1954 survey never sounded", "water_px": 400, "water_ha": 4.0, "shore_m_median": 1434.1, "island_m_median": 1687.0, "reach_m_median": 208.0, "open_water_frac": 1.0, "gap_frac": 0.517, "utm": [514510.0, 5068130.0, 514710.0, 5068330.0]}}, {"type": "Feature", "geometry": {"type": "Polygon", "coordinates": [[[-68.8082494736521, 45.766567959252136], [-68.80824330569897, 45.76836809163695], [-68.81081548049917, 45.768372379521466], [-68.81082156571819, 45.76657224686894], [-68.8082494736521, 45.766567959252136]]]}, "properties": {"res_m": 0.3, "why": "open water the 1954 survey never sounded", "water_px": 400, "water_ha": 4.0, "shore_m_median": 1551.7, "island_m_median": 1668.8, "reach_m_median": 224.0, "open_water_frac": 1.0, "gap_frac": 0.565, "utm": [514710.0, 5068130.0, 514910.0, 5068330.0]}}, {"type": "Feature", "geometry": {"type": "Polygon", "coordinates": [[[-68.80567738217145, 45.76656361373455], [-68.80567113148426, 45.76836374584803], [-68.80824330569897, 45.76836809163695], [-68.8082494736521, 45.766567959252136], [-68.80567738217145, 45.76656361373455]]]}, "properties": {"res_m": 0.6, "why": "open water", "water_px": 400, "water_ha": 4.0, "shore_m_median": 1684.4, "island_m_median": 1670.0, "reach_m_median": 200.0, "open_water_frac": 1.0, "gap_frac": 0.47, "utm": [514910.0, 5068130.0, 515110.0, 5068330.0]}}, {"type": "Feature", "geometry": {"type": "Polygon", "coordinates": [[[-68.80310529128407, 45.766559210316196], [-68.80309895786291, 45.768359342154746], [-68.80567113148426, 45.76836374584803], [-68.80567738217145, 45.76656361373455], [-68.80310529128407, 45.766559210316196]]]}, "properties": {"res_m": 0.6, "why": "open water", "water_px": 400, "water_ha": 4.0, "shore_m_median": 1718.3, "island_m_median": 1691.8, "reach_m_median": 192.0, "open_water_frac": 1.0, "gap_frac": 0.455, "utm": [515110.0, 5068130.0, 515310.0, 5068330.0]}}, {"type": "Feature", "geometry": {"type": "Polygon", "coordinates": [[[-68.80053320099783, 45.76655474899715], [-68.80052678484276, 45.768354880557126], [-68.80309895786291, 45.768359342154746], [-68.80310529128407, 45.766559210316196], [-68.80053320099783, 45.76655474899715]]]}, "properties": {"res_m": 0.6, "why": "open water", "water_px": 400, "water_ha": 4.0, "shore_m_median": 1571.4, "island_m_median": 1655.6, "reach_m_median": 192.0, "open_water_frac": 1.0, "gap_frac": 0.453, "utm": [515310.0, 5068130.0, 515510.0, 5068330.0]}}, {"type": "Feature", "geometry": {"type": "Polygon", "coordinates": [[[-68.79796111132057, 45.766550229777415], [-68.79795461243165, 45.76835036105523], [-68.80052678484276, 45.768354880557126], [-68.80053320099783, 45.76655474899715], [-68.79796111132057, 45.766550229777415]]]}, "properties": {"res_m": 0.6, "why": "open water", "water_px": 400, "water_ha": 4.0, "shore_m_median": 1396.0, "island_m_median": 1518.9, "reach_m_median": 200.0, "open_water_frac": 1.0, "gap_frac": 0.445, "utm": [515510.0, 5068130.0, 515710.0, 5068330.0]}}, {"type": "Feature", "geometry": {"type": "Polygon", "coordinates": [[[-68.79538902226015, 45.766545652657044], [-68.79538244063745, 45.76834578364906], [-68.79795461243165, 45.76835036105523], [-68.79796111132057, 45.766550229777415], [-68.79538902226015, 45.766545652657044]]]}, "properties": {"res_m": 0.6, "why": "open water", "water_px": 400, "water_ha": 4.0, "shore_m_median": 1209.2, "island_m_median": 1362.7, "reach_m_median": 168.0, "open_water_frac": 1.0, "gap_frac": 0.33, "utm": [515710.0, 5068130.0, 515910.0, 5068330.0]}}, {"type": "Feature", "geometry": {"type": "Polygon", "coordinates": [[[-68.7928169338244, 45.766541017636065], [-68.79281026946802, 45.76834114833867], [-68.79538244063745, 45.76834578364906], [-68.79538902226015, 45.766545652657044], [-68.7928169338244, 45.766541017636065]]]}, "properties": {"res_m": 0.6, "why": "open water", "water_px": 400, "water_ha": 4.0, "shore_m_median": 1028.8, "island_m_median": 1195.6, "reach_m_median": 184.0, "open_water_frac": 1.0, "gap_frac": 0.395, "utm": [515910.0, 5068130.0, 516110.0, 5068330.0]}}, {"type": "Feature", "geometry": {"type": "Polygon", "coordinates": [[[-68.79024484602121, 45.766536324714515], [-68.79023809893118, 45.76833645512411], [-68.79281026946802, 45.76834114833867], [-68.7928169338244, 45.766541017636065], [-68.79024484602121, 45.766536324714515]]]}, "properties": {"res_m": 0.6, "why": "open water", "water_px": 400, "water_ha": 4.0, "shore_m_median": 855.3, "island_m_median": 1005.7, "reach_m_median": 168.0, "open_water_frac": 1.0, "gap_frac": 0.33, "utm": [516110.0, 5068130.0, 516310.0, 5068330.0]}}, {"type": "Feature", "geometry": {"type": "Polygon", "coordinates": [[[-68.78767275885839, 45.76653157389244], [-68.78766592903483, 45.7683317040054], [-68.79023809893118, 45.76833645512411], [-68.79024484602121, 45.766536324714515], [-68.78767275885839, 45.76653157389244]]]}, "properties": {"res_m": 0.6, "why": "open water", "water_px": 400, "water_ha": 4.0, "shore_m_median": 698.5, "island_m_median": 815.2, "reach_m_median": 152.0, "open_water_frac": 1.0, "gap_frac": 0.217, "utm": [516310.0, 5068130.0, 516510.0, 5068330.0]}}, {"type": "Feature", "geometry": {"type": "Polygon", "coordinates": [[[-68.78510067234383, 45.76652676516987], [-68.7850937597868, 45.768326894982565], [-68.78766592903483, 45.7683317040054], [-68.78767275885839, 45.76653157389244], [-68.78510067234383, 45.76652676516987]]]}, "properties": {"res_m": 0.6, "why": "open water", "water_px": 400, "water_ha": 4.0, "shore_m_median": 566.0, "island_m_median": 631.5, "reach_m_median": 144.0, "open_water_frac": 1.0, "gap_frac": 0.18, "utm": [516510.0, 5068130.0, 516710.0, 5068330.0]}}, {"type": "Feature", "geometry": {"type": "Polygon", "coordinates": [[[-68.78252858648536, 45.76652189854685], [-68.78252159119494, 45.768322028055685], [-68.7850937597868, 45.768326894982565], [-68.78510067234383, 45.76652676516987], [-68.78252858648536, 45.76652189854685]]]}, "properties": {"res_m": 0.6, "why": "open water", "water_px": 400, "water_ha": 4.0, "shore_m_median": 481.8, "island_m_median": 461.2, "reach_m_median": 152.0, "open_water_frac": 1.0, "gap_frac": 0.198, "utm": [516710.0, 5068130.0, 516910.0, 5068330.0]}}, {"type": "Feature", "geometry": {"type": "Polygon", "coordinates": [[[-68.77995650129084, 45.7665169740234], [-68.7799494232671, 45.76831710322477], [-68.78252159119494, 45.768322028055685], [-68.78252858648536, 45.76652189854685], [-68.77995650129084, 45.7665169740234]]]}, "properties": {"res_m": 0.6, "why": "open water", "water_px": 400, "water_ha": 4.0, "shore_m_median": 428.5, "island_m_median": 319.3, "reach_m_median": 128.0, "open_water_frac": 1.0, "gap_frac": 0.095, "utm": [516910.0, 5068130.0, 517110.0, 5068330.0]}}, {"type": "Feature", "geometry": {"type": "Polygon", "coordinates": [[[-68.77738441676811, 45.76651199159959], [-68.77737725601115, 45.768312120489846], [-68.7799494232671, 45.76831710322477], [-68.77995650129084, 45.7665169740234], [-68.77738441676811, 45.76651199159959]]]}, "properties": {"res_m": 0.6, "why": "open water", "water_px": 400, "water_ha": 4.0, "shore_m_median": 430.1, "island_m_median": 241.9, "reach_m_median": 120.0, "open_water_frac": 1.0, "gap_frac": 0.037, "utm": [517110.0, 5068130.0, 517310.0, 5068330.0]}}, {"type": "Feature", "geometry": {"type": "Polygon", "coordinates": [[[-68.77481233292505, 45.76650695127544], [-68.77480508943492, 45.76830707985098], [-68.77737725601115, 45.768312120489846], [-68.77738441676811, 45.76651199159959], [-68.77481233292505, 45.76650695127544]]]}, "properties": {"res_m": 0.6, "why": "open water", "water_px": 400, "water_ha": 4.0, "shore_m_median": 500.9, "island_m_median": 193.6, "reach_m_median": 104.0, "open_water_frac": 1.0, "gap_frac": 0.0, "utm": [517310.0, 5068130.0, 517510.0, 5068330.0]}}, {"type": "Feature", "geometry": {"type": "Polygon", "coordinates": [[[-68.7722402497695, 45.76650185305098], [-68.77223292354628, 45.76830198130819], [-68.77480508943492, 45.76830707985098], [-68.77481233292505, 45.76650695127544], [-68.7722402497695, 45.76650185305098]]]}, "properties": {"res_m": 0.6, "why": "open water", "water_px": 400, "water_ha": 4.0, "shore_m_median": 578.4, "island_m_median": 124.5, "reach_m_median": 80.0, "open_water_frac": 1.0, "gap_frac": 0.0, "utm": [517510.0, 5068130.0, 517710.0, 5068330.0]}}, {"type": "Feature", "geometry": {"type": "Polygon", "coordinates": [[[-68.76966816730928, 45.76649669692628], [-68.76966075835308, 45.76829682486155], [-68.77223292354628, 45.76830198130819], [-68.7722402497695, 45.76650185305098], [-68.76966816730928, 45.76649669692628]]]}, "properties": {"res_m": 0.6, "why": "open water", "water_px": 346, "water_ha": 3.46, "shore_m_median": 693.3, "island_m_median": 84.9, "reach_m_median": 80.0, "open_water_frac": 1.0, "gap_frac": 0.0, "utm": [517710.0, 5068130.0, 517910.0, 5068330.0]}}, {"type": "Feature", "geometry": {"type": "Polygon", "coordinates": [[[-68.7670960855523, 45.76649148290136], [-68.76708859386318, 45.76829161051107], [-68.76966075835308, 45.76829682486155], [-68.76966816730928, 45.76649669692628], [-68.7670960855523, 45.76649148290136]]]}, "properties": {"res_m": 0.6, "why": "open water", "water_px": 400, "water_ha": 4.0, "shore_m_median": 790.7, "island_m_median": 130.0, "reach_m_median": 88.0, "open_water_frac": 1.0, "gap_frac": 0.0, "utm": [517910.0, 5068130.0, 518110.0, 5068330.0]}}, {"type": "Feature", "geometry": {"type": "Polygon", "coordinates": [[[-68.76452400450636, 45.76648621097626], [-68.76451643008441, 45.76828633825681], [-68.76708859386318, 45.76829161051107], [-68.7670960855523, 45.76649148290136], [-68.76452400450636, 45.76648621097626]]]}, "properties": {"res_m": 0.6, "why": "open water", "water_px": 400, "water_ha": 4.0, "shore_m_median": 858.3, "island_m_median": 310.3, "reach_m_median": 80.0, "open_water_frac": 1.0, "gap_frac": 0.0, "utm": [518110.0, 5068130.0, 518310.0, 5068330.0]}}, {"type": "Feature", "geometry": {"type": "Polygon", "coordinates": [[[-68.76195192417934, 45.76648088115104], [-68.76194426702466, 45.76828100809879], [-68.76451643008441, 45.76828633825681], [-68.76452400450636, 45.76648621097626], [-68.76195192417934, 45.76648088115104]]]}, "properties": {"res_m": 0.6, "why": "open water", "water_px": 400, "water_ha": 4.0, "shore_m_median": 919.5, "island_m_median": 260.8, "reach_m_median": 80.0, "open_water_frac": 1.0, "gap_frac": 0.0, "utm": [518310.0, 5068130.0, 518510.0, 5068330.0]}}, {"type": "Feature", "geometry": {"type": "Polygon", "coordinates": [[[-68.7593798445791, 45.76647549342572], [-68.75937210469176, 45.76827562003708], [-68.76194426702466, 45.76828100809879], [-68.76195192417934, 45.76648088115104], [-68.7593798445791, 45.76647549342572]]]}, "properties": {"res_m": 0.6, "why": "open water", "water_px": 400, "water_ha": 4.0, "shore_m_median": 905.8, "island_m_median": 120.2, "reach_m_median": 88.0, "open_water_frac": 1.0, "gap_frac": 0.0, "utm": [518510.0, 5068130.0, 518710.0, 5068330.0]}}, {"type": "Feature", "geometry": {"type": "Polygon", "coordinates": [[[-68.75680776571348, 45.76647004780037], [-68.75679994309355, 45.7682701740717], [-68.75937210469176, 45.76827562003708], [-68.7593798445791, 45.76647549342572], [-68.75680776571348, 45.76647004780037]]]}, "properties": {"res_m": 0.6, "why": "open water", "water_px": 400, "water_ha": 4.0, "shore_m_median": 731.4, "island_m_median": 130.4, "reach_m_median": 88.0, "open_water_frac": 1.0, "gap_frac": 0.0, "utm": [518710.0, 5068130.0, 518910.0, 5068330.0]}}, {"type": "Feature", "geometry": {"type": "Polygon", "coordinates": [[[-68.75423568759032, 45.76646454427501], [-68.75422778223792, 45.768264670202704], [-68.75679994309355, 45.7682701740717], [-68.75680776571348, 45.76647004780037], [-68.75423568759032, 45.76646454427501]]]}, "properties": {"res_m": 0.6, "why": "open water", "water_px": 400, "water_ha": 4.0, "shore_m_median": 533.5, "island_m_median": 196.7, "reach_m_median": 80.0, "open_water_frac": 1.0, "gap_frac": 0.0, "utm": [518910.0, 5068130.0, 519110.0, 5068330.0]}}, {"type": "Feature", "geometry": {"type": "Polygon", "coordinates": [[[-68.75166361021749, 45.76645898284969], [-68.75165562213269, 45.768259108430144], [-68.75422778223792, 45.768264670202704], [-68.75423568759032, 45.76646454427501], [-68.75166361021749, 45.76645898284969]]]}, "properties": {"res_m": 0.6, "why": "open water", "water_px": 400, "water_ha": 4.0, "shore_m_median": 337.3, "island_m_median": 244.6, "reach_m_median": 72.0, "open_water_frac": 1.0, "gap_frac": 0.0, "utm": [519110.0, 5068130.0, 519310.0, 5068330.0]}}, {"type": "Feature", "geometry": {"type": "Polygon", "coordinates": [[[-68.74909153360284, 45.766453363524455], [-68.74908346278572, 45.76825348875405], [-68.75165562213269, 45.768259108430144], [-68.75166361021749, 45.76645898284969], [-68.74909153360284, 45.766453363524455]]]}, "properties": {"res_m": 0.6, "why": "open water", "water_px": 400, "water_ha": 4.0, "shore_m_median": 140.9, "island_m_median": 368.8, "reach_m_median": 80.0, "open_water_frac": 0.613, "gap_frac": 0.0, "utm": [519310.0, 5068130.0, 519510.0, 5068330.0]}}, {"type": "Feature", "geometry": {"type": "Polygon", "coordinates": [[[-68.7465194577542, 45.76644768629936], [-68.74651130420487, 45.76824781117447], [-68.74908346278572, 45.76825348875405], [-68.74909153360284, 45.766453363524455], [-68.7465194577542, 45.76644768629936]]]}, "properties": {"res_m": 1.0, "why": "near the mainland shore", "water_px": 89, "water_ha": 0.89, "shore_m_median": 22.4, "island_m_median": 466.9, "reach_m_median": 88.0, "open_water_frac": 0.0, "gap_frac": 0.0, "utm": [519510.0, 5068130.0, 519710.0, 5068330.0]}}, {"type": "Feature", "geometry": {"type": "Polygon", "coordinates": [[[-68.8314037452087, 45.76480432813692], [-68.83139832237977, 45.766604463371195], [-68.8339704193613, 45.76660822987948], [-68.83397575946339, 45.764808094410036], [-68.8314037452087, 45.76480432813692]]]}, "properties": {"res_m": 1.0, "why": "near the mainland shore", "water_px": 210, "water_ha": 2.1, "shore_m_median": 40.0, "island_m_median": 1899.9, "reach_m_median": 248.0, "open_water_frac": 0.01, "gap_frac": 0.752, "utm": [512910.0, 5067930.0, 513110.0, 5068130.0]}}, {"type": "Feature", "geometry": {"type": "Polygon", "coordinates": [[[-68.8288317314687, 45.76480050396635], [-68.82882622591298, 45.766600638961854], [-68.83139832237977, 45.766604463371195], [-68.8314037452087, 45.76480432813692], [-68.8288317314687, 45.76480050396635]]]}, "properties": {"res_m": 0.6, "why": "open water", "water_px": 400, "water_ha": 4.0, "shore_m_median": 146.6, "island_m_median": 1841.2, "reach_m_median": 112.0, "open_water_frac": 0.665, "gap_frac": 0.015, "utm": [513110.0, 5067930.0, 513310.0, 5068130.0]}}, {"type": "Feature", "geometry": {"type": "Polygon", "coordinates": [[[-68.82625971825125, 45.76479662189835], [-68.8262541299688, 45.76659675665146], [-68.82882622591298, 45.766600638961854], [-68.8288317314687, 45.76480050396635], [-68.82625971825125, 45.76479662189835]]]}, "properties": {"res_m": 0.6, "why": "open water", "water_px": 400, "water_ha": 4.0, "shore_m_median": 325.0, "island_m_median": 1838.1, "reach_m_median": 88.0, "open_water_frac": 1.0, "gap_frac": 0.0, "utm": [513310.0, 5067930.0, 513510.0, 5068130.0]}}, {"type": "Feature", "geometry": {"type": "Polygon", "coordinates": [[[-68.8236877055642, 45.764792681932946], [-68.82368203455508, 45.76659281644005], [-68.8262541299688, 45.76659675665146], [-68.82625971825125, 45.76479662189835], [-68.8236877055642, 45.764792681932946]]]}, "properties": {"res_m": 0.6, "why": "open water", "water_px": 400, "water_ha": 4.0, "shore_m_median": 517.3, "island_m_median": 1853.0, "reach_m_median": 88.0, "open_water_frac": 1.0, "gap_frac": 0.0, "utm": [513510.0, 5067930.0, 513710.0, 5068130.0]}}, {"type": "Feature", "geometry": {"type": "Polygon", "coordinates": [[[-68.82111569341538, 45.764788684070176], [-68.82110993967969, 45.76658881832766], [-68.82368203455508, 45.76659281644005], [-68.8236877055642, 45.764792681932946], [-68.82111569341538, 45.764788684070176]]]}, "properties": {"res_m": 0.6, "why": "open water", "water_px": 400, "water_ha": 4.0, "shore_m_median": 713.3, "island_m_median": 1797.6, "reach_m_median": 88.0, "open_water_frac": 1.0, "gap_frac": 0.0, "utm": [513710.0, 5067930.0, 513910.0, 5068130.0]}}, {"type": "Feature", "geometry": {"type": "Polygon", "coordinates": [[[-68.81854368181267, 45.76478462831008], [-68.81853784535043, 45.76658476231433], [-68.82110993967969, 45.76658881832766], [-68.82111569341538, 45.764788684070176], [-68.81854368181267, 45.76478462831008]]]}, "properties": {"res_m": 0.6, "why": "open water", "water_px": 400, "water_ha": 4.0, "shore_m_median": 911.1, "island_m_median": 1691.1, "reach_m_median": 88.0, "open_water_frac": 1.0, "gap_frac": 0.0, "utm": [513910.0, 5067930.0, 514110.0, 5068130.0]}}, {"type": "Feature", "geometry": {"type": "Polygon", "coordinates": [[[-68.8159716707639, 45.76478051465268], [-68.81596575157519, 45.76658064840007], [-68.81853784535043, 45.76658476231433], [-68.81854368181267, 45.76478462831008], [-68.8159716707639, 45.76478051465268]]]}, "properties": {"res_m": 0.6, "why": "open water", "water_px": 400, "water_ha": 4.0, "shore_m_median": 1056.9, "island_m_median": 1602.9, "reach_m_median": 88.0, "open_water_frac": 1.0, "gap_frac": 0.0, "utm": [514110.0, 5067930.0, 514310.0, 5068130.0]}}, {"type": "Feature", "geometry": {"type": "Polygon", "coordinates": [[[-68.81339966027693, 45.764776343098], [-68.81339365836183, 45.76657647658493], [-68.81596575157519, 45.76658064840007], [-68.8159716707639, 45.76478051465268], [-68.81339966027693, 45.764776343098]]]}, "properties": {"res_m": 0.6, "why": "open water", "water_px": 400, "water_ha": 4.0, "shore_m_median": 1159.5, "island_m_median": 1536.3, "reach_m_median": 96.0, "open_water_frac": 1.0, "gap_frac": 0.0, "utm": [514310.0, 5067930.0, 514510.0, 5068130.0]}}, {"type": "Feature", "geometry": {"type": "Polygon", "coordinates": [[[-68.81082765035963, 45.7647721136461], [-68.81082156571819, 45.76657224686894], [-68.81339365836183, 45.76657647658493], [-68.81339966027693, 45.764776343098], [-68.81082765035963, 45.7647721136461]]]}, "properties": {"res_m": 0.6, "why": "open water", "water_px": 400, "water_ha": 4.0, "shore_m_median": 1271.0, "island_m_median": 1490.1, "reach_m_median": 80.0, "open_water_frac": 1.0, "gap_frac": 0.0, "utm": [514510.0, 5067930.0, 514710.0, 5068130.0]}}, {"type": "Feature", "geometry": {"type": "Polygon", "coordinates": [[[-68.80825564101983, 45.76476782629698], [-68.8082494736521, 45.766567959252136], [-68.81082156571819, 45.76657224686894], [-68.81082765035963, 45.7647721136461], [-68.80825564101983, 45.76476782629698]]]}, "properties": {"res_m": 0.6, "why": "open water", "water_px": 400, "water_ha": 4.0, "shore_m_median": 1401.9, "island_m_median": 1469.4, "reach_m_median": 88.0, "open_water_frac": 1.0, "gap_frac": 0.0, "utm": [514710.0, 5067930.0, 514910.0, 5068130.0]}}, {"type": "Feature", "geometry": {"type": "Polygon", "coordinates": [[[-68.80568363226537, 45.7647634810507], [-68.80567738217145, 45.76656361373455], [-68.8082494736521, 45.766567959252136], [-68.80825564101983, 45.76476782629698], [-68.80568363226537, 45.7647634810507]]]}, "properties": {"res_m": 0.6, "why": "open water", "water_px": 400, "water_ha": 4.0, "shore_m_median": 1548.6, "island_m_median": 1470.1, "reach_m_median": 88.0, "open_water_frac": 1.0, "gap_frac": 0.0, "utm": [514910.0, 5067930.0, 515110.0, 5068130.0]}}, {"type": "Feature", "geometry": {"type": "Polygon", "coordinates": [[[-68.80311162410412, 45.76475907790729], [-68.80310529128407, 45.766559210316196], [-68.80567738217145, 45.76656361373455], [-68.80568363226537, 45.7647634810507], [-68.80311162410412, 45.76475907790729]]]}, "properties": {"res_m": 0.6, "why": "open water", "water_px": 400, "water_ha": 4.0, "shore_m_median": 1704.2, "island_m_median": 1495.5, "reach_m_median": 84.0, "open_water_frac": 1.0, "gap_frac": 0.0, "utm": [515110.0, 5067930.0, 515310.0, 5068130.0]}}, {"type": "Feature", "geometry": {"type": "Polygon", "coordinates": [[[-68.80053961654394, 45.76475461686678], [-68.80053320099783, 45.76655474899715], [-68.80310529128407, 45.766559210316196], [-68.80311162410412, 45.76475907790729], [-68.80053961654394, 45.76475461686678]]]}, "properties": {"res_m": 0.6, "why": "open water", "water_px": 400, "water_ha": 4.0, "shore_m_median": 1655.1, "island_m_median": 1547.1, "reach_m_median": 84.0, "open_water_frac": 1.0, "gap_frac": 0.0, "utm": [515310.0, 5067930.0, 515510.0, 5068130.0]}}, {"type": "Feature", "geometry": {"type": "Polygon", "coordinates": [[[-68.79796760959266, 45.76475009792921], [-68.79796111132057, 45.766550229777415], [-68.80053320099783, 45.76655474899715], [-68.80053961654394, 45.76475461686678], [-68.79796760959266, 45.76475009792921]]]}, "properties": {"res_m": 0.6, "why": "open water", "water_px": 400, "water_ha": 4.0, "shore_m_median": 1475.4, "island_m_median": 1547.3, "reach_m_median": 88.0, "open_water_frac": 1.0, "gap_frac": 0.0, "utm": [515510.0, 5067930.0, 515710.0, 5068130.0]}}, {"type": "Feature", "geometry": {"type": "Polygon", "coordinates": [[[-68.79539560325816, 45.76474552109461], [-68.79538902226015, 45.766545652657044], [-68.79796111132057, 45.766550229777415], [-68.79796760959266, 45.76475009792921], [-68.79539560325816, 45.76474552109461]]]}, "properties": {"res_m": 0.6, "why": "open water", "water_px": 400, "water_ha": 4.0, "shore_m_median": 1300.4, "island_m_median": 1370.0, "reach_m_median": 88.0, "open_water_frac": 1.0, "gap_frac": 0.0, "utm": [515710.0, 5067930.0, 515910.0, 5068130.0]}}, {"type": "Feature", "geometry": {"type": "Polygon", "coordinates": [[[-68.79282359754825, 45.76474088636302], [-68.7928169338244, 45.766541017636065], [-68.79538902226015, 45.766545652657044], [-68.79539560325816, 45.76474552109461], [-68.79282359754825, 45.76474088636302]]]}, "properties": {"res_m": 0.6, "why": "open water", "water_px": 400, "water_ha": 4.0, "shore_m_median": 1133.6, "island_m_median": 1170.0, "reach_m_median": 88.0, "open_water_frac": 1.0, "gap_frac": 0.0, "utm": [515910.0, 5067930.0, 516110.0, 5068130.0]}}, {"type": "Feature", "geometry": {"type": "Polygon", "coordinates": [[[-68.79025159247082, 45.76473619373447], [-68.79024484602121, 45.766536324714515], [-68.7928169338244, 45.766541017636065], [-68.79282359754825, 45.76474088636302], [-68.79025159247082, 45.76473619373447]]]}, "properties": {"res_m": 0.6, "why": "open water", "water_px": 400, "water_ha": 4.0, "shore_m_median": 979.5, "island_m_median": 970.1, "reach_m_median": 88.0, "open_water_frac": 1.0, "gap_frac": 0.0, "utm": [516110.0, 5067930.0, 516310.0, 5068130.0]}}, {"type": "Feature", "geometry": {"type": "Polygon", "coordinates": [[[-68.7876795880337, 45.76473144320901], [-68.78767275885839, 45.76653157389244], [-68.79024484602121, 45.766536324714515], [-68.79025159247082, 45.76473619373447], [-68.7876795880337, 45.76473144320901]]]}, "properties": {"res_m": 0.6, "why": "open water", "water_px": 400, "water_ha": 4.0, "shore_m_median": 843.8, "island_m_median": 770.4, "reach_m_median": 88.0, "open_water_frac": 1.0, "gap_frac": 0.0, "utm": [516310.0, 5067930.0, 516510.0, 5068130.0]}}, {"type": "Feature", "geometry": {"type": "Polygon", "coordinates": [[[-68.78510758424476, 45.76472663478668], [-68.78510067234383, 45.76652676516987], [-68.78767275885839, 45.76653157389244], [-68.7876795880337, 45.76473144320901], [-68.78510758424476, 45.76472663478668]]]}, "properties": {"res_m": 0.6, "why": "open water", "water_px": 400, "water_ha": 4.0, "shore_m_median": 738.2, "island_m_median": 572.5, "reach_m_median": 104.0, "open_water_frac": 1.0, "gap_frac": 0.0, "utm": [516510.0, 5067930.0, 516710.0, 5068130.0]}}, {"type": "Feature", "geometry": {"type": "Polygon", "coordinates": [[[-68.78253558111183, 45.7647217684675], [-68.78252858648536, 45.76652189854685], [-68.78510067234383, 45.76652676516987], [-68.78510758424476, 45.76472663478668], [-68.78253558111183, 45.7647217684675]]]}, "properties": {"res_m": 0.6, "why": "open water", "water_px": 400, "water_ha": 4.0, "shore_m_median": 672.1, "island_m_median": 377.8, "reach_m_median": 88.0, "open_water_frac": 1.0, "gap_frac": 0.0, "utm": [516710.0, 5067930.0, 516910.0, 5068130.0]}}, {"type": "Feature", "geometry": {"type": "Polygon", "coordinates": [[[-68.77996357864276, 45.764716844251524], [-68.77995650129084, 45.7665169740234], [-68.78252858648536, 45.76652189854685], [-68.78253558111183, 45.7647217684675], [-68.77996357864276, 45.764716844251524]]]}, "properties": {"res_m": 0.6, "why": "open water", "water_px": 400, "water_ha": 4.0, "shore_m_median": 623.3, "island_m_median": 191.0, "reach_m_median": 120.0, "open_water_frac": 1.0, "gap_frac": 0.03, "utm": [516910.0, 5067930.0, 517110.0, 5068130.0]}}, {"type": "Feature", "geometry": {"type": "Polygon", "coordinates": [[[-68.77739157684543, 45.76471186213878], [-68.77738441676811, 45.76651199159959], [-68.77995650129084, 45.7665169740234], [-68.77996357864276, 45.764716844251524], [-68.77739157684543, 45.76471186213878]]]}, "properties": {"res_m": 0.6, "why": "open water", "water_px": 321, "water_ha": 3.21, "shore_m_median": 605.3, "island_m_median": 72.1, "reach_m_median": 104.0, "open_water_frac": 1.0, "gap_frac": 0.006, "utm": [517110.0, 5067930.0, 517310.0, 5068130.0]}}, {"type": "Feature", "geometry": {"type": "Polygon", "coordinates": [[[-68.77481957572766, 45.76470682212932], [-68.77481233292505, 45.76650695127544], [-68.77738441676811, 45.76651199159959], [-68.77739157684543, 45.76471186213878], [-68.77481957572766, 45.76470682212932]]]}, "properties": {"res_m": 0.6, "why": "open water", "water_px": 258, "water_ha": 2.58, "shore_m_median": 651.9, "island_m_median": 58.3, "reach_m_median": 104.0, "open_water_frac": 1.0, "gap_frac": 0.0, "utm": [517310.0, 5067930.0, 517510.0, 5068130.0]}}, {"type": "Feature", "geometry": {"type": "Polygon", "coordinates": [[[-68.77224757529733, 45.76470172422317], [-68.7722402497695, 45.76650185305098], [-68.77481233292505, 45.76650695127544], [-68.77481957572766, 45.76470682212932], [-68.77224757529733, 45.76470172422317]]]}, "properties": {"res_m": 0.6, "why": "open water", "water_px": 221, "water_ha": 2.21, "shore_m_median": 773.9, "island_m_median": 40.0, "reach_m_median": 192.0, "open_water_frac": 1.0, "gap_frac": 0.43, "utm": [517510.0, 5067930.0, 517710.0, 5068130.0]}}, {"type": "Feature", "geometry": {"type": "Polygon", "coordinates": [[[-68.76967557556227, 45.7646965684204], [-68.76966816730928, 45.76649669692628], [-68.7722402497695, 45.76650185305098], [-68.77224757529733, 45.76470172422317], [-68.76967557556227, 45.7646965684204]]]}, "properties": {"res_m": 0.6, "why": "open water", "water_px": 387, "water_ha": 3.87, "shore_m_median": 849.1, "island_m_median": 80.0, "reach_m_median": 168.0, "open_water_frac": 1.0, "gap_frac": 0.326, "utm": [517710.0, 5067930.0, 517910.0, 5068130.0]}}, {"type": "Feature", "geometry": {"type": "Polygon", "coordinates": [[[-68.76710357653035, 45.764691354721016], [-68.7670960855523, 45.76649148290136], [-68.76966816730928, 45.76649669692628], [-68.76967557556227, 45.7646965684204], [-68.76710357653035, 45.764691354721016]]]}, "properties": {"res_m": 0.6, "why": "open water", "water_px": 400, "water_ha": 4.0, "shore_m_median": 960.3, "island_m_median": 130.4, "reach_m_median": 192.0, "open_water_frac": 1.0, "gap_frac": 0.403, "utm": [517910.0, 5067930.0, 518110.0, 5068130.0]}}, {"type": "Feature", "geometry": {"type": "Polygon", "coordinates": [[[-68.7645315782094, 45.76468608312507], [-68.76452400450636, 45.76648621097626], [-68.7670960855523, 45.76649148290136], [-68.76710357653035, 45.764691354721016], [-68.7645315782094, 45.76468608312507]]]}, "properties": {"res_m": 0.6, "why": "open water", "water_px": 400, "water_ha": 4.0, "shore_m_median": 1048.0, "island_m_median": 286.4, "reach_m_median": 184.0, "open_water_frac": 1.0, "gap_frac": 0.372, "utm": [518110.0, 5067930.0, 518310.0, 5068130.0]}}, {"type": "Feature", "geometry": {"type": "Polygon", "coordinates": [[[-68.76195958060728, 45.764680753632604], [-68.76195192417934, 45.76648088115104], [-68.76452400450636, 45.76648621097626], [-68.7645315782094, 45.76468608312507], [-68.76195958060728, 45.764680753632604]]]}, "properties": {"res_m": 0.3, "why": "open water the 1954 survey never sounded", "water_px": 400, "water_ha": 4.0, "shore_m_median": 1052.1, "island_m_median": 170.1, "reach_m_median": 212.0, "open_water_frac": 1.0, "gap_frac": 0.51, "utm": [518310.0, 5067930.0, 518510.0, 5068130.0]}}, {"type": "Feature", "geometry": {"type": "Polygon", "coordinates": [[[-68.75938758373184, 45.76467536624368], [-68.7593798445791, 45.76647549342572], [-68.76195192417934, 45.76648088115104], [-68.76195958060728, 45.764680753632604], [-68.75938758373184, 45.76467536624368]]]}, "properties": {"res_m": 0.6, "why": "open water", "water_px": 245, "water_ha": 2.45, "shore_m_median": 943.7, "island_m_median": 36.1, "reach_m_median": 224.0, "open_water_frac": 1.0, "gap_frac": 0.49, "utm": [518510.0, 5067930.0, 518710.0, 5068130.0]}}, {"type": "Feature", "geometry": {"type": "Polygon", "coordinates": [[[-68.75681558759094, 45.76466992095832], [-68.75680776571348, 45.76647004780037], [-68.7593798445791, 45.76647549342572], [-68.75938758373184, 45.76467536624368], [-68.75681558759094, 45.76466992095832]]]}, "properties": {"res_m": 0.3, "why": "open water the 1954 survey never sounded", "water_px": 400, "water_ha": 4.0, "shore_m_median": 731.7, "island_m_median": 100.0, "reach_m_median": 212.0, "open_water_frac": 1.0, "gap_frac": 0.537, "utm": [518710.0, 5067930.0, 518910.0, 5068130.0]}}, {"type": "Feature", "geometry": {"type": "Polygon", "coordinates": [[[-68.75424359219241, 45.764664417776565], [-68.75423568759032, 45.76646454427501], [-68.75680776571348, 45.76647004780037], [-68.75681558759094, 45.76466992095832], [-68.75424359219241, 45.764664417776565]]]}, "properties": {"res_m": 0.6, "why": "open water", "water_px": 378, "water_ha": 3.78, "shore_m_median": 540.4, "island_m_median": 94.6, "reach_m_median": 192.0, "open_water_frac": 1.0, "gap_frac": 0.407, "utm": [518910.0, 5067930.0, 519110.0, 5068130.0]}}, {"type": "Feature", "geometry": {"type": "Polygon", "coordinates": [[[-68.75167159754413, 45.764658856698475], [-68.75166361021749, 45.76645898284969], [-68.75423568759032, 45.76646454427501], [-68.75424359219241, 45.764664417776565], [-68.75167159754413, 45.764658856698475]]]}, "properties": {"res_m": 0.3, "why": "open water the 1954 survey never sounded", "water_px": 400, "water_ha": 4.0, "shore_m_median": 350.1, "island_m_median": 232.9, "reach_m_median": 224.0, "open_water_frac": 1.0, "gap_frac": 0.613, "utm": [519110.0, 5067930.0, 519310.0, 5068130.0]}}, {"type": "Feature", "geometry": {"type": "Polygon", "coordinates": [[[-68.74909960365393, 45.76465323772409], [-68.74909153360284, 45.766453363524455], [-68.75166361021749, 45.76645898284969], [-68.75167159754413, 45.764658856698475], [-68.74909960365393, 45.76465323772409]]]}, "properties": {"res_m": 0.3, "why": "open water the 1954 survey never sounded", "water_px": 400, "water_ha": 4.0, "shore_m_median": 151.3, "island_m_median": 420.5, "reach_m_median": 248.0, "open_water_frac": 0.662, "gap_frac": 0.715, "utm": [519310.0, 5067930.0, 519510.0, 5068130.0]}}, {"type": "Feature", "geometry": {"type": "Polygon", "coordinates": [[[-68.74652761052968, 45.76464756085345], [-68.7465194577542, 45.76644768629936], [-68.74909153360284, 45.766453363524455], [-68.74909960365393, 45.76465323772409], [-68.74652761052968, 45.76464756085345]]]}, "properties": {"res_m": 1.0, "why": "near the mainland shore", "water_px": 106, "water_ha": 1.06, "shore_m_median": 30.0, "island_m_median": 540.0, "reach_m_median": 272.0, "open_water_frac": 0.0, "gap_frac": 0.613, "utm": [519510.0, 5067930.0, 519710.0, 5068130.0]}}, {"type": "Feature", "geometry": {"type": "Polygon", "coordinates": [[[-68.83398109905865, 45.76300795837042], [-68.83397575946339, 45.764808094410036], [-68.83654777422491, 45.76481180278566], [-68.83655303110112, 45.76301166651452], [-68.83398109905865, 45.76300795837042]]]}, "properties": {"res_m": 1.0, "why": "near the mainland shore", "water_px": 5, "water_ha": 0.05, "shore_m_median": 10.0, "island_m_median": 1717.3, "reach_m_median": 360.0, "open_water_frac": 0.0, "gap_frac": 1.0, "utm": [512710.0, 5067730.0, 512910.0, 5067930.0]}}, {"type": "Feature", "geometry": {"type": "Polygon", "coordinates": [[[-68.83140916752295, 45.76300419233246], [-68.8314037452087, 45.76480432813692], [-68.83397575946339, 45.764808094410036], [-68.83398109905865, 45.76300795837042], [-68.83140916752295, 45.76300419233246]]]}, "properties": {"res_m": 1.0, "why": "near the mainland shore", "water_px": 259, "water_ha": 2.59, "shore_m_median": 31.6, "island_m_median": 1673.7, "reach_m_median": 264.0, "open_water_frac": 0.0, "gap_frac": 0.842, "utm": [512910.0, 5067730.0, 513110.0, 5067930.0]}}, {"type": "Feature", "geometry": {"type": "Polygon", "coordinates": [[[-68.82883723650188, 45.763000368400654], [-68.8288317314687, 45.76480050396635], [-68.8314037452087, 45.76480432813692], [-68.83140916752295, 45.76300419233246], [-68.82883723650188, 45.763000368400654]]]}, "properties": {"res_m": 0.6, "why": "open water", "water_px": 400, "water_ha": 4.0, "shore_m_median": 134.4, "island_m_median": 1641.7, "reach_m_median": 152.0, "open_water_frac": 0.603, "gap_frac": 0.223, "utm": [513110.0, 5067730.0, 513310.0, 5067930.0]}}, {"type": "Feature", "geometry": {"type": "Polygon", "coordinates": [[[-68.8262653060033, 45.76299648657503], [-68.82625971825125, 45.76479662189835], [-68.8288317314687, 45.76480050396635], [-68.82883723650188, 45.763000368400654], [-68.8262653060033, 45.76299648657503]]]}, "properties": {"res_m": 0.6, "why": "open water", "water_px": 400, "water_ha": 4.0, "shore_m_median": 318.7, "island_m_median": 1638.4, "reach_m_median": 152.0, "open_water_frac": 1.0, "gap_frac": 0.225, "utm": [513310.0, 5067730.0, 513510.0, 5067930.0]}}, {"type": "Feature", "geometry": {"type": "Polygon", "coordinates": [[[-68.82369337603505, 45.762992546855614], [-68.8236877055642, 45.764792681932946], [-68.82625971825125, 45.76479662189835], [-68.8262653060033, 45.76299648657503], [-68.82369337603505, 45.762992546855614]]]}, "properties": {"res_m": 0.6, "why": "open water", "water_px": 400, "water_ha": 4.0, "shore_m_median": 512.2, "island_m_median": 1655.8, "reach_m_median": 176.0, "open_water_frac": 1.0, "gap_frac": 0.323, "utm": [513510.0, 5067730.0, 513710.0, 5067930.0]}}, {"type": "Feature", "geometry": {"type": "Polygon", "coordinates": [[[-68.82112144660499, 45.762988549242465], [-68.82111569341538, 45.764788684070176], [-68.8236877055642, 45.764792681932946], [-68.82369337603505, 45.762992546855614], [-68.82112144660499, 45.762988549242465]]]}, "properties": {"res_m": 0.6, "why": "open water", "water_px": 400, "water_ha": 4.0, "shore_m_median": 702.1, "island_m_median": 1633.1, "reach_m_median": 176.0, "open_water_frac": 1.0, "gap_frac": 0.33, "utm": [513710.0, 5067730.0, 513910.0, 5067930.0]}}, {"type": "Feature", "geometry": {"type": "Polygon", "coordinates": [[[-68.81854951772095, 45.76298449373559], [-68.81854368181267, 45.76478462831008], [-68.82111569341538, 45.764788684070176], [-68.82112144660499, 45.762988549242465], [-68.81854951772095, 45.76298449373559]]]}, "properties": {"res_m": 0.6, "why": "open water", "water_px": 400, "water_ha": 4.0, "shore_m_median": 819.1, "island_m_median": 1520.1, "reach_m_median": 188.0, "open_water_frac": 1.0, "gap_frac": 0.45, "utm": [513910.0, 5067730.0, 514110.0, 5067930.0]}}, {"type": "Feature", "geometry": {"type": "Polygon", "coordinates": [[[-68.8159775893908, 45.76298038033501], [-68.8159716707639, 45.76478051465268], [-68.81854368181267, 45.76478462831008], [-68.81854951772095, 45.76298449373559], [-68.8159775893908, 45.76298038033501]]]}, "properties": {"res_m": 0.6, "why": "open water", "water_px": 400, "water_ha": 4.0, "shore_m_median": 890.3, "island_m_median": 1422.2, "reach_m_median": 192.0, "open_water_frac": 1.0, "gap_frac": 0.46, "utm": [514110.0, 5067730.0, 514310.0, 5067930.0]}}, {"type": "Feature", "geometry": {"type": "Polygon", "coordinates": [[[-68.8134056616224, 45.76297620904079], [-68.81339966027693, 45.764776343098], [-68.8159716707639, 45.76478051465268], [-68.8159775893908, 45.76298038033501], [-68.8134056616224, 45.76297620904079]]]}, "properties": {"res_m": 0.6, "why": "open water", "water_px": 400, "water_ha": 4.0, "shore_m_median": 991.8, "island_m_median": 1344.8, "reach_m_median": 184.0, "open_water_frac": 1.0, "gap_frac": 0.35, "utm": [514310.0, 5067730.0, 514510.0, 5067930.0]}}, {"type": "Feature", "geometry": {"type": "Polygon", "coordinates": [[[-68.81083373442355, 45.76297197985296], [-68.81082765035963, 45.7647721136461], [-68.81339966027693, 45.764776343098], [-68.8134056616224, 45.76297620904079], [-68.81083373442355, 45.76297197985296]]]}, "properties": {"res_m": 0.3, "why": "open water the 1954 survey never sounded", "water_px": 400, "water_ha": 4.0, "shore_m_median": 1119.8, "island_m_median": 1293.5, "reach_m_median": 208.0, "open_water_frac": 1.0, "gap_frac": 0.535, "utm": [514510.0, 5067730.0, 514710.0, 5067930.0]}}, {"type": "Feature", "geometry": {"type": "Polygon", "coordinates": [[[-68.80826180780217, 45.76296769277152], [-68.80825564101983, 45.76476782629698], [-68.81082765035963, 45.7647721136461], [-68.81083373442355, 45.76297197985296], [-68.80826180780217, 45.76296769277152]]]}, "properties": {"res_m": 0.6, "why": "open water", "water_px": 400, "water_ha": 4.0, "shore_m_median": 1266.4, "island_m_median": 1270.0, "reach_m_median": 200.0, "open_water_frac": 1.0, "gap_frac": 0.465, "utm": [514710.0, 5067730.0, 514910.0, 5067930.0]}}, {"type": "Feature", "geometry": {"type": "Polygon", "coordinates": [[[-68.80568988176606, 45.762963347796536], [-68.80568363226537, 45.7647634810507], [-68.80825564101983, 45.76476782629698], [-68.80826180780217, 45.76296769277152], [-68.80568988176606, 45.762963347796536]]]}, "properties": {"res_m": 0.3, "why": "open water the 1954 survey never sounded", "water_px": 400, "water_ha": 4.0, "shore_m_median": 1426.0, "island_m_median": 1270.3, "reach_m_median": 224.0, "open_water_frac": 1.0, "gap_frac": 0.62, "utm": [514910.0, 5067730.0, 515110.0, 5067930.0]}}, {"type": "Feature", "geometry": {"type": "Polygon", "coordinates": [[[-68.8031179563231, 45.76295894492803], [-68.80311162410412, 45.76475907790729], [-68.80568363226537, 45.7647634810507], [-68.80568988176606, 45.762963347796536], [-68.8031179563231, 45.76295894492803]]]}, "properties": {"res_m": 0.3, "why": "open water the 1954 survey never sounded", "water_px": 400, "water_ha": 4.0, "shore_m_median": 1594.9, "island_m_median": 1300.2, "reach_m_median": 224.0, "open_water_frac": 1.0, "gap_frac": 0.625, "utm": [515110.0, 5067730.0, 515310.0, 5067930.0]}}, {"type": "Feature", "geometry": {"type": "Polygon", "coordinates": [[[-68.80054603148112, 45.762954484166045], [-68.80053961654394, 45.76475461686678], [-68.80311162410412, 45.76475907790729], [-68.8031179563231, 45.76295894492803], [-68.80054603148112, 45.762954484166045]]]}, "properties": {"res_m": 0.3, "why": "open water the 1954 survey never sounded", "water_px": 400, "water_ha": 4.0, "shore_m_median": 1713.2, "island_m_median": 1360.0, "reach_m_median": 224.0, "open_water_frac": 1.0, "gap_frac": 0.625, "utm": [515310.0, 5067730.0, 515510.0, 5067930.0]}}, {"type": "Feature", "geometry": {"type": "Polygon", "coordinates": [[[-68.79797410724798, 45.762949965510614], [-68.79796760959266, 45.76475009792921], [-68.80053961654394, 45.76475461686678], [-68.80054603148112, 45.762954484166045], [-68.79797410724798, 45.762949965510614]]]}, "properties": {"res_m": 0.3, "why": "open water the 1954 survey never sounded", "water_px": 400, "water_ha": 4.0, "shore_m_median": 1575.8, "island_m_median": 1444.9, "reach_m_median": 224.0, "open_water_frac": 1.0, "gap_frac": 0.63, "utm": [515510.0, 5067730.0, 515710.0, 5067930.0]}}, {"type": "Feature", "geometry": {"type": "Polygon", "coordinates": [[[-68.79540218363154, 45.76294538896177], [-68.79539560325816, 45.76474552109461], [-68.79796760959266, 45.76475009792921], [-68.79797410724798, 45.762949965510614], [-68.79540218363154, 45.76294538896177]]]}, "properties": {"res_m": 0.3, "why": "open water the 1954 survey never sounded", "water_px": 400, "water_ha": 4.0, "shore_m_median": 1413.0, "island_m_median": 1370.2, "reach_m_median": 248.0, "open_water_frac": 1.0, "gap_frac": 0.718, "utm": [515710.0, 5067730.0, 515910.0, 5067930.0]}}, {"type": "Feature", "geometry": {"type": "Polygon", "coordinates": [[[-68.79283026063963, 45.76294075451955], [-68.79282359754825, 45.76474088636302], [-68.79539560325816, 45.76474552109461], [-68.79540218363154, 45.76294538896177], [-68.79283026063963, 45.76294075451955]]]}, "properties": {"res_m": 0.3, "why": "open water the 1954 survey never sounded", "water_px": 400, "water_ha": 4.0, "shore_m_median": 1261.1, "island_m_median": 1170.5, "reach_m_median": 232.0, "open_water_frac": 1.0, "gap_frac": 0.665, "utm": [515910.0, 5067730.0, 516110.0, 5067930.0]}}, {"type": "Feature", "geometry": {"type": "Polygon", "coordinates": [[[-68.79025833828011, 45.76293606218399], [-68.79025159247082, 45.76473619373447], [-68.79282359754825, 45.76474088636302], [-68.79283026063963, 45.76294075451955], [-68.79025833828011, 45.76293606218399]]]}, "properties": {"res_m": 0.3, "why": "open water the 1954 survey never sounded", "water_px": 400, "water_ha": 4.0, "shore_m_median": 1124.5, "island_m_median": 971.1, "reach_m_median": 248.0, "open_water_frac": 1.0, "gap_frac": 0.723, "utm": [516110.0, 5067730.0, 516310.0, 5067930.0]}}, {"type": "Feature", "geometry": {"type": "Polygon", "coordinates": [[[-68.78768641656085, 45.76293131195512], [-68.7876795880337, 45.76473144320901], [-68.79025159247082, 45.76473619373447], [-68.79025833828011, 45.76293606218399], [-68.78768641656085, 45.76293131195512]]]}, "properties": {"res_m": 0.3, "why": "open water the 1954 survey never sounded", "water_px": 400, "water_ha": 4.0, "shore_m_median": 1009.0, "island_m_median": 772.6, "reach_m_median": 264.0, "open_water_frac": 1.0, "gap_frac": 0.855, "utm": [516310.0, 5067730.0, 516510.0, 5067930.0]}}, {"type": "Feature", "geometry": {"type": "Polygon", "coordinates": [[[-68.78511449548967, 45.762926503833], [-68.78510758424476, 45.76472663478668], [-68.7876795880337, 45.76473144320901], [-68.78768641656085, 45.76293131195512], [-68.78511449548967, 45.762926503833]]]}, "properties": {"res_m": 0.3, "why": "open water the 1954 survey never sounded", "water_px": 400, "water_ha": 4.0, "shore_m_median": 922.5, "island_m_median": 575.6, "reach_m_median": 280.0, "open_water_frac": 1.0, "gap_frac": 0.91, "utm": [516510.0, 5067730.0, 516710.0, 5067930.0]}}, {"type": "Feature", "geometry": {"type": "Polygon", "coordinates": [[[-68.78254257507442, 45.76292163781765], [-68.78253558111183, 45.7647217684675], [-68.78510758424476, 45.76472663478668], [-68.78511449548967, 45.762926503833], [-68.78254257507442, 45.76292163781765]]]}, "properties": {"res_m": 0.3, "why": "open water the 1954 survey never sounded", "water_px": 400, "water_ha": 4.0, "shore_m_median": 863.6, "island_m_median": 380.8, "reach_m_median": 284.0, "open_water_frac": 1.0, "gap_frac": 0.88, "utm": [516710.0, 5067730.0, 516910.0, 5067930.0]}}, {"type": "Feature", "geometry": {"type": "Polygon", "coordinates": [[[-68.77997065532298, 45.76291671390912], [-68.77996357864276, 45.764716844251524], [-68.78253558111183, 45.7647217684675], [-68.78254257507442, 45.76292163781765], [-68.77997065532298, 45.76291671390912]]]}, "properties": {"res_m": 0.3, "why": "open water the 1954 survey never sounded", "water_px": 400, "water_ha": 4.0, "shore_m_median": 820.8, "island_m_median": 189.9, "reach_m_median": 288.0, "open_water_frac": 1.0, "gap_frac": 1.0, "utm": [516910.0, 5067730.0, 517110.0, 5067930.0]}}, {"type": "Feature", "geometry": {"type": "Polygon", "coordinates": [[[-68.77739873624317, 45.76291173210743], [-68.77739157684543, 45.76471186213878], [-68.77996357864276, 45.764716844251524], [-68.77997065532298, 45.76291671390912], [-68.77739873624317, 45.76291173210743]]]}, "properties": {"res_m": 0.3, "why": "open water the 1954 survey never sounded", "water_px": 207, "water_ha": 2.07, "shore_m_median": 840.2, "island_m_median": 50.0, "reach_m_median": 280.0, "open_water_frac": 1.0, "gap_frac": 0.947, "utm": [517110.0, 5067730.0, 517310.0, 5067930.0]}}, {"type": "Feature", "geometry": {"type": "Polygon", "coordinates": [[[-68.77482681784286, 45.76290669241264], [-68.77481957572766, 45.76470682212932], [-68.77739157684543, 45.76471186213878], [-68.77739873624317, 45.76291173210743], [-68.77482681784286, 45.76290669241264]]]}, "properties": {"res_m": 0.3, "why": "open water the 1954 survey never sounded", "water_px": 207, "water_ha": 2.07, "shore_m_median": 914.2, "island_m_median": 44.7, "reach_m_median": 288.0, "open_water_frac": 1.0, "gap_frac": 1.0, "utm": [517310.0, 5067730.0, 517510.0, 5067930.0]}}, {"type": "Feature", "geometry": {"type": "Polygon", "coordinates": [[[-68.77225490012991, 45.76290159482478], [-68.77224757529733, 45.76470172422317], [-68.77481957572766, 45.76470682212932], [-68.77482681784286, 45.76290669241264], [-68.77225490012991, 45.76290159482478]]]}, "properties": {"res_m": 0.3, "why": "open water the 1954 survey never sounded", "water_px": 373, "water_ha": 3.73, "shore_m_median": 950.8, "island_m_median": 106.3, "reach_m_median": 312.0, "open_water_frac": 1.0, "gap_frac": 1.0, "utm": [517510.0, 5067730.0, 517710.0, 5067930.0]}}, {"type": "Feature", "geometry": {"type": "Polygon", "coordinates": [[[-68.76968298311213, 45.76289643934391], [-68.76967557556227, 45.7646965684204], [-68.77224757529733, 45.76470172422317], [-68.77225490012991, 45.76290159482478], [-68.76968298311213, 45.76289643934391]]]}, "properties": {"res_m": 0.3, "why": "open water the 1954 survey never sounded", "water_px": 400, "water_ha": 4.0, "shore_m_median": 1024.2, "island_m_median": 172.6, "reach_m_median": 304.0, "open_water_frac": 1.0, "gap_frac": 1.0, "utm": [517710.0, 5067730.0, 517910.0, 5067930.0]}}, {"type": "Feature", "geometry": {"type": "Polygon", "coordinates": [[[-68.76711106679741, 45.762891225970044], [-68.76710357653035, 45.764691354721016], [-68.76967557556227, 45.7646965684204], [-68.76968298311213, 45.76289643934391], [-68.76711106679741, 45.762891225970044]]]}, "properties": {"res_m": 0.3, "why": "open water the 1954 survey never sounded", "water_px": 400, "water_ha": 4.0, "shore_m_median": 1126.8, "island_m_median": 223.6, "reach_m_median": 304.0, "open_water_frac": 1.0, "gap_frac": 1.0, "utm": [517910.0, 5067730.0, 518110.0, 5067930.0]}}, {"type": "Feature", "geometry": {"type": "Polygon", "coordinates": [[[-68.76453915119359, 45.76288595470322], [-68.7645315782094, 45.76468608312507], [-68.76710357653035, 45.764691354721016], [-68.76711106679741, 45.762891225970044], [-68.76453915119359, 45.76288595470322]]]}, "properties": {"res_m": 0.3, "why": "open water the 1954 survey never sounded", "water_px": 400, "water_ha": 4.0, "shore_m_median": 1150.2, "island_m_median": 228.1, "reach_m_median": 296.0, "open_water_frac": 1.0, "gap_frac": 1.0, "utm": [518110.0, 5067730.0, 518310.0, 5067930.0]}}, {"type": "Feature", "geometry": {"type": "Polygon", "coordinates": [[[-68.76196723630851, 45.76288062554352], [-68.76195958060728, 45.764680753632604], [-68.7645315782094, 45.76468608312507], [-68.76453915119359, 45.76288595470322], [-68.76196723630851, 45.76288062554352]]]}, "properties": {"res_m": 0.3, "why": "open water the 1954 survey never sounded", "water_px": 397, "water_ha": 3.97, "shore_m_median": 1008.5, "island_m_median": 103.0, "reach_m_median": 312.0, "open_water_frac": 1.0, "gap_frac": 0.97, "utm": [518310.0, 5067730.0, 518510.0, 5067930.0]}}, {"type": "Feature", "geometry": {"type": "Polygon", "coordinates": [[[-68.75939532215004, 45.76287523849094], [-68.75938758373184, 45.76467536624368], [-68.76195958060728, 45.764680753632604], [-68.76196723630851, 45.76288062554352], [-68.75939532215004, 45.76287523849094]]]}, "properties": {"res_m": 0.3, "why": "open water the 1954 survey never sounded", "water_px": 385, "water_ha": 3.85, "shore_m_median": 817.1, "island_m_median": 86.0, "reach_m_median": 280.0, "open_water_frac": 1.0, "gap_frac": 0.922, "utm": [518510.0, 5067730.0, 518710.0, 5067930.0]}}, {"type": "Feature", "geometry": {"type": "Polygon", "coordinates": [[[-68.756823408726, 45.762869793545555], [-68.75681558759094, 45.76466992095832], [-68.75938758373184, 45.76467536624368], [-68.75939532215004, 45.76287523849094], [-68.756823408726, 45.762869793545555]]]}, "properties": {"res_m": 0.3, "why": "open water the 1954 survey never sounded", "water_px": 400, "water_ha": 4.0, "shore_m_median": 639.9, "island_m_median": 134.2, "reach_m_median": 292.0, "open_water_frac": 1.0, "gap_frac": 0.902, "utm": [518710.0, 5067730.0, 518910.0, 5067930.0]}}, {"type": "Feature", "geometry": {"type": "Polygon", "coordinates": [[[-68.75425149604428, 45.762864290707405], [-68.75424359219241, 45.764664417776565], [-68.75681558759094, 45.76466992095832], [-68.756823408726, 45.762869793545555], [-68.75425149604428, 45.762864290707405]]]}, "properties": {"res_m": 0.3, "why": "open water the 1954 survey never sounded", "water_px": 352, "water_ha": 3.52, "shore_m_median": 460.4, "island_m_median": 70.7, "reach_m_median": 264.0, "open_water_frac": 1.0, "gap_frac": 0.838, "utm": [518910.0, 5067730.0, 519110.0, 5067930.0]}}, {"type": "Feature", "geometry": {"type": "Polygon", "coordinates": [[[-68.75167958411268, 45.762858729976514], [-68.75167159754413, 45.764658856698475], [-68.75424359219241, 45.764664417776565], [-68.75425149604428, 45.762864290707405], [-68.75167958411268, 45.762858729976514]]]}, "properties": {"res_m": 0.3, "why": "open water the 1954 survey never sounded", "water_px": 400, "water_ha": 4.0, "shore_m_median": 303.2, "island_m_median": 215.1, "reach_m_median": 288.0, "open_water_frac": 1.0, "gap_frac": 0.895, "utm": [519110.0, 5067730.0, 519310.0, 5067930.0]}}, {"type": "Feature", "geometry": {"type": "Polygon", "coordinates": [[[-68.74910767293909, 45.762853111352946], [-68.74909960365393, 45.76465323772409], [-68.75167159754413, 45.764658856698475], [-68.75167958411268, 45.762858729976514], [-68.74910767293909, 45.762853111352946]]]}, "properties": {"res_m": 0.3, "why": "open water the 1954 survey never sounded", "water_px": 399, "water_ha": 3.99, "shore_m_median": 133.4, "island_m_median": 410.0, "reach_m_median": 368.0, "open_water_frac": 0.581, "gap_frac": 0.99, "utm": [519310.0, 5067730.0, 519510.0, 5067930.0]}}, {"type": "Feature", "geometry": {"type": "Polygon", "coordinates": [[[-68.74653576253135, 45.76284743483673], [-68.74652761052968, 45.76464756085345], [-68.74909960365393, 45.76465323772409], [-68.74910767293909, 45.762853111352946], [-68.74653576253135, 45.76284743483673]]]}, "properties": {"res_m": 0.6, "why": "far outside the survey's reach", "water_px": 161, "water_ha": 1.61, "shore_m_median": 30.0, "island_m_median": 520.1, "reach_m_median": 448.0, "open_water_frac": 0.0, "gap_frac": 0.888, "utm": [519510.0, 5067730.0, 519710.0, 5067930.0]}}, {"type": "Feature", "geometry": {"type": "Polygon", "coordinates": [[[-68.74396385289731, 45.762841700427934], [-68.74395561817921, 45.764641826086596], [-68.74652761052968, 45.76464756085345], [-68.74653576253135, 45.76284743483673], [-68.74396385289731, 45.762841700427934]]]}, "properties": {"res_m": 0.6, "why": "far outside the survey's reach", "water_px": 16, "water_ha": 0.16, "shore_m_median": 17.1, "island_m_median": 362.3, "reach_m_median": 584.0, "open_water_frac": 0.0, "gap_frac": 0.938, "utm": [519710.0, 5067730.0, 519910.0, 5067930.0]}}, {"type": "Feature", "geometry": {"type": "Polygon", "coordinates": [[[-68.83141458932258, 45.76120405595783], [-68.83140916752295, 45.76300419233246], [-68.83398109905865, 45.76300795837042], [-68.83398643814712, 45.761207821760664], [-68.83141458932258, 45.76120405595783]]]}, "properties": {"res_m": 1.0, "why": "near the mainland shore", "water_px": 189, "water_ha": 1.89, "shore_m_median": 30.0, "island_m_median": 1443.6, "reach_m_median": 328.0, "open_water_frac": 0.0, "gap_frac": 0.989, "utm": [512910.0, 5067530.0, 513110.0, 5067730.0]}}, {"type": "Feature", "geometry": {"type": "Polygon", "coordinates": [[[-68.82884274101258, 45.76120023226477], [-68.82883723650188, 45.763000368400654], [-68.83140916752295, 45.76300419233246], [-68.83141458932258, 45.76120405595783], [-68.82884274101258, 45.76120023226477]]]}, "properties": {"res_m": 0.3, "why": "open water the 1954 survey never sounded", "water_px": 400, "water_ha": 4.0, "shore_m_median": 129.0, "island_m_median": 1442.4, "reach_m_median": 272.0, "open_water_frac": 0.555, "gap_frac": 0.978, "utm": [513110.0, 5067530.0, 513310.0, 5067730.0]}}, {"type": "Feature", "geometry": {"type": "Polygon", "coordinates": [[[-68.82627089322501, 45.7611963506815], [-68.8262653060033, 45.76299648657503], [-68.82883723650188, 45.763000368400654], [-68.82884274101258, 45.76120023226477], [-68.82627089322501, 45.7611963506815]]]}, "properties": {"res_m": 0.3, "why": "open water the 1954 survey never sounded", "water_px": 400, "water_ha": 4.0, "shore_m_median": 320.2, "island_m_median": 1438.9, "reach_m_median": 280.0, "open_water_frac": 1.0, "gap_frac": 0.998, "utm": [513310.0, 5067530.0, 513510.0, 5067730.0]}}, {"type": "Feature", "geometry": {"type": "Polygon", "coordinates": [[[-68.82369904596773, 45.76119241120808], [-68.82369337603505, 45.762992546855614], [-68.8262653060033, 45.76299648657503], [-68.82627089322501, 45.7611963506815], [-68.82369904596773, 45.76119241120808]]]}, "properties": {"res_m": 0.3, "why": "open water the 1954 survey never sounded", "water_px": 400, "water_ha": 4.0, "shore_m_median": 480.9, "island_m_median": 1459.0, "reach_m_median": 288.0, "open_water_frac": 1.0, "gap_frac": 0.975, "utm": [513510.0, 5067530.0, 513710.0, 5067730.0]}}, {"type": "Feature", "geometry": {"type": "Polygon", "coordinates": [[[-68.82112719924855, 45.76118841384451], [-68.82112144660499, 45.762988549242465], [-68.82369337603505, 45.762992546855614], [-68.82369904596773, 45.76119241120808], [-68.82112719924855, 45.76118841384451]]]}, "properties": {"res_m": 0.3, "why": "open water the 1954 survey never sounded", "water_px": 400, "water_ha": 4.0, "shore_m_median": 579.1, "island_m_median": 1468.5, "reach_m_median": 288.0, "open_water_frac": 1.0, "gap_frac": 0.97, "utm": [513710.0, 5067530.0, 513910.0, 5067730.0]}}, {"type": "Feature", "geometry": {"type": "Polygon", "coordinates": [[[-68.81855535307535, 45.76118435859083], [-68.81854951772095, 45.76298449373559], [-68.82112144660499, 45.762988549242465], [-68.82112719924855, 45.76118841384451], [-68.81855535307535, 45.76118435859083]]]}, "properties": {"res_m": 0.3, "why": "open water the 1954 survey never sounded", "water_px": 400, "water_ha": 4.0, "shore_m_median": 631.1, "island_m_median": 1356.9, "reach_m_median": 272.0, "open_water_frac": 1.0, "gap_frac": 0.845, "utm": [513910.0, 5067530.0, 514110.0, 5067730.0]}}, {"type": "Feature", "geometry": {"type": "Polygon", "coordinates": [[[-68.81598350745597, 45.761180245447086], [-68.8159775893908, 45.76298038033501], [-68.81854951772095, 45.76298449373559], [-68.81855535307535, 45.76118435859083], [-68.81598350745597, 45.761180245447086]]]}, "properties": {"res_m": 0.3, "why": "open water the 1954 survey never sounded", "water_px": 400, "water_ha": 4.0, "shore_m_median": 715.8, "island_m_median": 1245.3, "reach_m_median": 280.0, "open_water_frac": 1.0, "gap_frac": 0.865, "utm": [514110.0, 5067530.0, 514310.0, 5067730.0]}}, {"type": "Feature", "geometry": {"type": "Polygon", "coordinates": [[[-68.81341166239825, 45.76117607441331], [-68.8134056616224, 45.76297620904079], [-68.8159775893908, 45.76298038033501], [-68.81598350745597, 45.761180245447086], [-68.81341166239825, 45.76117607441331]]]}, "properties": {"res_m": 0.3, "why": "open water the 1954 survey never sounded", "water_px": 400, "water_ha": 4.0, "shore_m_median": 838.4, "island_m_median": 1157.8, "reach_m_median": 288.0, "open_water_frac": 1.0, "gap_frac": 0.91, "utm": [514310.0, 5067530.0, 514510.0, 5067730.0]}}, {"type": "Feature", "geometry": {"type": "Polygon", "coordinates": [[[-68.81083981791006, 45.76117184548951], [-68.81083373442355, 45.76297197985296], [-68.8134056616224, 45.76297620904079], [-68.81341166239825, 45.76117607441331], [-68.81083981791006, 45.76117184548951]]]}, "properties": {"res_m": 0.3, "why": "open water the 1954 survey never sounded", "water_px": 400, "water_ha": 4.0, "shore_m_median": 985.4, "island_m_median": 1098.6, "reach_m_median": 280.0, "open_water_frac": 1.0, "gap_frac": 0.895, "utm": [514510.0, 5067530.0, 514710.0, 5067730.0]}}, {"type": "Feature", "geometry": {"type": "Polygon", "coordinates": [[[-68.80826797399924, 45.76116755867574], [-68.80826180780217, 45.76296769277152], [-68.81083373442355, 45.76297197985296], [-68.81083981791006, 45.76117184548951], [-68.80826797399924, 45.76116755867574]]]}, "properties": {"res_m": 0.3, "why": "open water the 1954 survey never sounded", "water_px": 400, "water_ha": 4.0, "shore_m_median": 1149.4, "island_m_median": 1070.0, "reach_m_median": 272.0, "open_water_frac": 1.0, "gap_frac": 0.81, "utm": [514710.0, 5067530.0, 514910.0, 5067730.0]}}, {"type": "Feature", "geometry": {"type": "Polygon", "coordinates": [[[-68.80569613067364, 45.761163213972026], [-68.80568988176606, 45.762963347796536], [-68.80826180780217, 45.76296769277152], [-68.80826797399924, 45.76116755867574], [-68.80569613067364, 45.761163213972026]]]}, "properties": {"res_m": 0.3, "why": "open water the 1954 survey never sounded", "water_px": 400, "water_ha": 4.0, "shore_m_median": 1323.8, "island_m_median": 1070.7, "reach_m_median": 256.0, "open_water_frac": 1.0, "gap_frac": 0.8, "utm": [514910.0, 5067530.0, 515110.0, 5067730.0]}}, {"type": "Feature", "geometry": {"type": "Polygon", "coordinates": [[[-68.80312428794109, 45.76115881137842], [-68.8031179563231, 45.76295894492803], [-68.80568988176606, 45.762963347796536], [-68.80569613067364, 45.761163213972026], [-68.80312428794109, 45.76115881137842]]]}, "properties": {"res_m": 0.3, "why": "open water the 1954 survey never sounded", "water_px": 400, "water_ha": 4.0, "shore_m_median": 1494.4, "island_m_median": 1107.0, "reach_m_median": 248.0, "open_water_frac": 1.0, "gap_frac": 0.718, "utm": [515110.0, 5067530.0, 515310.0, 5067730.0]}}, {"type": "Feature", "geometry": {"type": "Polygon", "coordinates": [[[-68.80055244580947, 45.76115435089494], [-68.80054603148112, 45.762954484166045], [-68.8031179563231, 45.76295894492803], [-68.80312428794109, 45.76115881137842], [-68.80055244580947, 45.76115435089494]]]}, "properties": {"res_m": 0.3, "why": "open water the 1954 survey never sounded", "water_px": 400, "water_ha": 4.0, "shore_m_median": 1658.6, "island_m_median": 1176.4, "reach_m_median": 224.0, "open_water_frac": 1.0, "gap_frac": 0.59, "utm": [515310.0, 5067530.0, 515510.0, 5067730.0]}}, {"type": "Feature", "geometry": {"type": "Polygon", "coordinates": [[[-68.79798060428662, 45.76114983252163], [-68.79797410724798, 45.762949965510614], [-68.80054603148112, 45.762954484166045], [-68.80055244580947, 45.76115435089494], [-68.79798060428662, 45.76114983252163]]]}, "properties": {"res_m": 0.3, "why": "open water the 1954 survey never sounded", "water_px": 400, "water_ha": 4.0, "shore_m_median": 1693.1, "island_m_median": 1273.7, "reach_m_median": 232.0, "open_water_frac": 1.0, "gap_frac": 0.65, "utm": [515510.0, 5067530.0, 515710.0, 5067730.0]}}, {"type": "Feature", "geometry": {"type": "Polygon", "coordinates": [[[-68.7954087633804, 45.76114525625852], [-68.79540218363154, 45.76294538896177], [-68.79797410724798, 45.762949965510614], [-68.79798060428662, 45.76114983252163], [-68.7954087633804, 45.76114525625852]]]}, "properties": {"res_m": 0.6, "why": "open water", "water_px": 400, "water_ha": 4.0, "shore_m_median": 1543.1, "island_m_median": 1349.9, "reach_m_median": 192.0, "open_water_frac": 1.0, "gap_frac": 0.45, "utm": [515710.0, 5067530.0, 515910.0, 5067730.0]}}, {"type": "Feature", "geometry": {"type": "Polygon", "coordinates": [[[-68.79283692309862, 45.76114062210566], [-68.79283026063963, 45.76294075451955], [-68.79540218363154, 45.76294538896177], [-68.7954087633804, 45.76114525625852], [-68.79283692309862, 45.76114062210566]]]}, "properties": {"res_m": 0.3, "why": "open water the 1954 survey never sounded", "water_px": 400, "water_ha": 4.0, "shore_m_median": 1407.2, "island_m_median": 1203.2, "reach_m_median": 216.0, "open_water_frac": 1.0, "gap_frac": 0.552, "utm": [515910.0, 5067530.0, 516110.0, 5067730.0]}}, {"type": "Feature", "geometry": {"type": "Polygon", "coordinates": [[[-68.79026508344917, 45.76113593006305], [-68.79025833828011, 45.76293606218399], [-68.79283026063963, 45.76294075451955], [-68.79283692309862, 45.76114062210566], [-68.79026508344917, 45.76113593006305]]]}, "properties": {"res_m": 0.6, "why": "open water", "water_px": 400, "water_ha": 4.0, "shore_m_median": 1284.6, "island_m_median": 1010.7, "reach_m_median": 200.0, "open_water_frac": 1.0, "gap_frac": 0.475, "utm": [516110.0, 5067530.0, 516310.0, 5067730.0]}}, {"type": "Feature", "geometry": {"type": "Polygon", "coordinates": [[[-68.7876932444399, 45.761131180130775], [-68.78768641656085, 45.76293131195512], [-68.79025833828011, 45.76293606218399], [-68.79026508344917, 45.76113593006305], [-68.7876932444399, 45.761131180130775]]]}, "properties": {"res_m": 0.6, "why": "open water", "water_px": 400, "water_ha": 4.0, "shore_m_median": 1185.2, "island_m_median": 820.4, "reach_m_median": 192.0, "open_water_frac": 1.0, "gap_frac": 0.425, "utm": [516310.0, 5067530.0, 516510.0, 5067730.0]}}, {"type": "Feature", "geometry": {"type": "Polygon", "coordinates": [[[-68.78512140607862, 45.761126372308844], [-68.78511449548967, 45.762926503833], [-68.78768641656085, 45.76293131195512], [-68.7876932444399, 45.761131180130775], [-68.78512140607862, 45.761126372308844]]]}, "properties": {"res_m": 0.6, "why": "open water", "water_px": 400, "water_ha": 4.0, "shore_m_median": 1112.2, "island_m_median": 633.2, "reach_m_median": 196.0, "open_water_frac": 1.0, "gap_frac": 0.445, "utm": [516510.0, 5067530.0, 516710.0, 5067730.0]}}, {"type": "Feature", "geometry": {"type": "Polygon", "coordinates": [[[-68.78254956837323, 45.7611215065973], [-68.78254257507442, 45.76292163781765], [-68.78511449548967, 45.762926503833], [-68.78512140607862, 45.761126372308844], [-68.78254956837323, 45.7611215065973]]]}, "properties": {"res_m": 0.6, "why": "open water", "water_px": 400, "water_ha": 4.0, "shore_m_median": 1056.4, "island_m_median": 451.8, "reach_m_median": 188.0, "open_water_frac": 1.0, "gap_frac": 0.41, "utm": [516710.0, 5067530.0, 516910.0, 5067730.0]}}, {"type": "Feature", "geometry": {"type": "Polygon", "coordinates": [[[-68.77997773133154, 45.76111658299619], [-68.77997065532298, 45.76291671390912], [-68.78254257507442, 45.76292163781765], [-68.78254956837323, 45.7611215065973], [-68.77997773133154, 45.76111658299619]]]}, "properties": {"res_m": 0.6, "why": "open water", "water_px": 400, "water_ha": 4.0, "shore_m_median": 1020.3, "island_m_median": 273.8, "reach_m_median": 168.0, "open_water_frac": 1.0, "gap_frac": 0.28, "utm": [516910.0, 5067530.0, 517110.0, 5067730.0]}}, {"type": "Feature", "geometry": {"type": "Polygon", "coordinates": [[[-68.77740589496142, 45.76111160150554], [-68.77739873624317, 45.76291173210743], [-68.77997065532298, 45.76291671390912], [-68.77997773133154, 45.76111658299619], [-68.77740589496142, 45.76111160150554]]]}, "properties": {"res_m": 0.6, "why": "open water", "water_px": 400, "water_ha": 4.0, "shore_m_median": 1020.9, "island_m_median": 134.4, "reach_m_median": 156.0, "open_water_frac": 1.0, "gap_frac": 0.27, "utm": [517110.0, 5067530.0, 517310.0, 5067730.0]}}, {"type": "Feature", "geometry": {"type": "Polygon", "coordinates": [[[-68.77483405927072, 45.7611065621254], [-68.77482681784286, 45.76290669241264], [-68.77739873624317, 45.76291173210743], [-68.77740589496142, 45.76111160150554], [-68.77483405927072, 45.7611065621254]]]}, "properties": {"res_m": 0.6, "why": "open water", "water_px": 400, "water_ha": 4.0, "shore_m_median": 1059.3, "island_m_median": 161.4, "reach_m_median": 144.0, "open_water_frac": 1.0, "gap_frac": 0.185, "utm": [517310.0, 5067530.0, 517510.0, 5067730.0]}}, {"type": "Feature", "geometry": {"type": "Polygon", "coordinates": [[[-68.77226222426728, 45.76110146485581], [-68.77225490012991, 45.76290159482478], [-68.77482681784286, 45.76290669241264], [-68.77483405927072, 45.7611065621254], [-68.77226222426728, 45.76110146485581]]]}, "properties": {"res_m": 0.6, "why": "open water", "water_px": 400, "water_ha": 4.0, "shore_m_median": 1129.1, "island_m_median": 259.5, "reach_m_median": 136.0, "open_water_frac": 1.0, "gap_frac": 0.155, "utm": [517510.0, 5067530.0, 517710.0, 5067730.0]}}, {"type": "Feature", "geometry": {"type": "Polygon", "coordinates": [[[-68.76969038995895, 45.76109630969682], [-68.76968298311213, 45.76289643934391], [-68.77225490012991, 45.76290159482478], [-68.77226222426728, 45.76110146485581], [-68.76969038995895, 45.76109630969682]]]}, "properties": {"res_m": 0.6, "why": "open water", "water_px": 400, "water_ha": 4.0, "shore_m_median": 1159.6, "island_m_median": 350.4, "reach_m_median": 136.0, "open_water_frac": 1.0, "gap_frac": 0.16, "utm": [517710.0, 5067530.0, 517910.0, 5067730.0]}}, {"type": "Feature", "geometry": {"type": "Polygon", "coordinates": [[[-68.7671185563536, 45.761091096648435], [-68.76711106679741, 45.762891225970044], [-68.76968298311213, 45.76289643934391], [-68.76969038995895, 45.76109630969682], [-68.7671185563536, 45.761091096648435]]]}, "properties": {"res_m": 0.6, "why": "open water", "water_px": 400, "water_ha": 4.0, "shore_m_median": 1091.3, "island_m_median": 329.9, "reach_m_median": 128.0, "open_water_frac": 1.0, "gap_frac": 0.098, "utm": [517910.0, 5067530.0, 518110.0, 5067730.0]}}, {"type": "Feature", "geometry": {"type": "Polygon", "coordinates": [[[-68.76454672345903, 45.761085825710744], [-68.76453915119359, 45.76288595470322], [-68.76711106679741, 45.762891225970044], [-68.7671185563536, 45.761091096648435], [-68.76454672345903, 45.761085825710744]]]}, "properties": {"res_m": 0.6, "why": "open water", "water_px": 400, "water_ha": 4.0, "shore_m_median": 997.9, "island_m_median": 161.6, "reach_m_median": 120.0, "open_water_frac": 1.0, "gap_frac": 0.045, "utm": [518110.0, 5067530.0, 518310.0, 5067730.0]}}, {"type": "Feature", "geometry": {"type": "Polygon", "coordinates": [[[-68.76197489128316, 45.76108049688376], [-68.76196723630851, 45.76288062554352], [-68.76453915119359, 45.76288595470322], [-68.76454672345903, 45.761085825710744], [-68.76197489128316, 45.76108049688376]]]}, "properties": {"res_m": 0.6, "why": "open water", "water_px": 334, "water_ha": 3.34, "shore_m_median": 902.4, "island_m_median": 50.0, "reach_m_median": 104.0, "open_water_frac": 1.0, "gap_frac": 0.012, "utm": [518310.0, 5067530.0, 518510.0, 5067730.0]}}, {"type": "Feature", "geometry": {"type": "Polygon", "coordinates": [[[-68.75940305983379, 45.761075110167525], [-68.75939532215004, 45.76287523849094], [-68.76196723630851, 45.76288062554352], [-68.76197489128316, 45.76108049688376], [-68.75940305983379, 45.761075110167525]]]}, "properties": {"res_m": 0.6, "why": "open water", "water_px": 400, "water_ha": 4.0, "shore_m_median": 765.9, "island_m_median": 175.9, "reach_m_median": 104.0, "open_water_frac": 1.0, "gap_frac": 0.0, "utm": [518510.0, 5067530.0, 518710.0, 5067730.0]}}, {"type": "Feature", "geometry": {"type": "Polygon", "coordinates": [[[-68.75683122911877, 45.7610696655621], [-68.756823408726, 45.762869793545555], [-68.75939532215004, 45.76287523849094], [-68.75940305983379, 45.761075110167525], [-68.75683122911877, 45.7610696655621]]]}, "properties": {"res_m": 0.6, "why": "open water", "water_px": 400, "water_ha": 4.0, "shore_m_median": 570.2, "island_m_median": 272.9, "reach_m_median": 104.0, "open_water_frac": 1.0, "gap_frac": 0.0, "utm": [518710.0, 5067530.0, 518910.0, 5067730.0]}}, {"type": "Feature", "geometry": {"type": "Polygon", "coordinates": [[[-68.75425939914597, 45.7610641630675], [-68.75425149604428, 45.762864290707405], [-68.756823408726, 45.762869793545555], [-68.75683122911877, 45.7610696655621], [-68.75425939914597, 45.7610641630675]]]}, "properties": {"res_m": 0.6, "why": "open water", "water_px": 400, "water_ha": 4.0, "shore_m_median": 377.8, "island_m_median": 230.9, "reach_m_median": 96.0, "open_water_frac": 1.0, "gap_frac": 0.0, "utm": [518910.0, 5067530.0, 519110.0, 5067730.0]}}, {"type": "Feature", "geometry": {"type": "Polygon", "coordinates": [[[-68.75168756992322, 45.761058602683796], [-68.75167958411268, 45.762858729976514], [-68.75425149604428, 45.762864290707405], [-68.75425939914597, 45.7610641630675], [-68.75168756992322, 45.761058602683796]]]}, "properties": {"res_m": 0.6, "why": "open water", "water_px": 400, "water_ha": 4.0, "shore_m_median": 197.1, "island_m_median": 319.0, "reach_m_median": 112.0, "open_water_frac": 0.895, "gap_frac": 0.022, "utm": [519110.0, 5067530.0, 519310.0, 5067730.0]}}, {"type": "Feature", "geometry": {"type": "Polygon", "coordinates": [[[-68.7491157414584, 45.761052984411016], [-68.74910767293909, 45.762853111352946], [-68.75167958411268, 45.762858729976514], [-68.75168756992322, 45.761058602683796], [-68.7491157414584, 45.761052984411016]]]}, "properties": {"res_m": 1.0, "why": "near the mainland shore", "water_px": 268, "water_ha": 2.68, "shore_m_median": 56.6, "island_m_median": 439.2, "reach_m_median": 232.0, "open_water_frac": 0.101, "gap_frac": 0.642, "utm": [519310.0, 5067530.0, 519510.0, 5067730.0]}}, {"type": "Feature", "geometry": {"type": "Polygon", "coordinates": [[[-68.74654391375934, 45.761047308249225], [-68.74653576253135, 45.76284743483673], [-68.74910767293909, 45.762853111352946], [-68.7491157414584, 45.761052984411016], [-68.74654391375934, 45.761047308249225]]]}, "properties": {"res_m": 0.6, "why": "far outside the survey's reach", "water_px": 101, "water_ha": 1.01, "shore_m_median": 14.1, "island_m_median": 359.0, "reach_m_median": 456.0, "open_water_frac": 0.0, "gap_frac": 0.743, "utm": [519510.0, 5067530.0, 519710.0, 5067730.0]}}, {"type": "Feature", "geometry": {"type": "Polygon", "coordinates": [[[-68.74397208683386, 45.761041574198444], [-68.74396385289731, 45.762841700427934], [-68.74653576253135, 45.76284743483673], [-68.74654391375934, 45.761047308249225], [-68.74397208683386, 45.761041574198444]]]}, "properties": {"res_m": 0.6, "why": "far outside the survey's reach", "water_px": 223, "water_ha": 2.23, "shore_m_median": 30.0, "island_m_median": 205.9, "reach_m_median": 576.0, "open_water_frac": 0.0, "gap_frac": 0.892, "utm": [519710.0, 5067530.0, 519910.0, 5067730.0]}}, {"type": "Feature", "geometry": {"type": "Polygon", "coordinates": [[[-68.74140026068986, 45.76103578225872], [-68.74139194404482, 45.76283590812657], [-68.74396385289731, 45.762841700427934], [-68.74397208683386, 45.761041574198444], [-68.74140026068986, 45.76103578225872]]]}, "properties": {"res_m": 0.6, "why": "far outside the survey's reach", "water_px": 148, "water_ha": 1.48, "shore_m_median": 36.1, "island_m_median": 164.0, "reach_m_median": 432.0, "open_water_frac": 0.0, "gap_frac": 0.966, "utm": [519910.0, 5067530.0, 520110.0, 5067730.0]}}, {"type": "Feature", "geometry": {"type": "Polygon", "coordinates": [[[-68.73882843533518, 45.76102993243013], [-68.73882003598173, 45.76283005793272], [-68.74139194404482, 45.76283590812657], [-68.74140026068986, 45.76103578225872], [-68.73882843533518, 45.76102993243013]]]}, "properties": {"res_m": 0.6, "why": "far outside the survey's reach", "water_px": 319, "water_ha": 3.19, "shore_m_median": 67.1, "island_m_median": 328.0, "reach_m_median": 408.0, "open_water_frac": 0.103, "gap_frac": 1.0, "utm": [520110.0, 5067530.0, 520310.0, 5067730.0]}}, {"type": "Feature", "geometry": {"type": "Polygon", "coordinates": [[[-68.73625661077763, 45.76102402471269], [-68.7362481287159, 45.76282414984641], [-68.73882003598173, 45.76283005793272], [-68.73882843533518, 45.76102993243013], [-68.73625661077763, 45.76102402471269]]]}, "properties": {"res_m": 1.0, "why": "near the mainland shore", "water_px": 63, "water_ha": 0.63, "shore_m_median": 22.4, "island_m_median": 424.9, "reach_m_median": 368.0, "open_water_frac": 0.0, "gap_frac": 0.984, "utm": [520310.0, 5067530.0, 520510.0, 5067730.0]}}, {"type": "Feature", "geometry": {"type": "Polygon", "coordinates": [[[-68.83142001060762, 45.759403919013], [-68.83141458932258, 45.76120405595783], [-68.83398643814712, 45.761207821760664], [-68.83399177672888, 45.75940768458072], [-68.83142001060762, 45.759403919013]]]}, "properties": {"res_m": 1.0, "why": "near the mainland shore", "water_px": 125, "water_ha": 1.25, "shore_m_median": 40.0, "island_m_median": 1309.7, "reach_m_median": 256.0, "open_water_frac": 0.0, "gap_frac": 0.92, "utm": [512910.0, 5067330.0, 513110.0, 5067530.0]}}, {"type": "Feature", "geometry": {"type": "Polygon", "coordinates": [[[-68.82884824500087, 45.75940009555868], [-68.82884274101258, 45.76120023226477], [-68.83141458932258, 45.76120405595783], [-68.83142001060762, 45.759403919013], [-68.82884824500087, 45.75940009555868]]]}, "properties": {"res_m": 1.0, "why": "near the mainland shore", "water_px": 378, "water_ha": 3.78, "shore_m_median": 106.3, "island_m_median": 1249.9, "reach_m_median": 132.0, "open_water_frac": 0.405, "gap_frac": 0.09, "utm": [513110.0, 5067330.0, 513310.0, 5067530.0]}}, {"type": "Feature", "geometry": {"type": "Polygon", "coordinates": [[[-68.82627647991647, 45.75939621421776], [-68.82627089322501, 45.7611963506815], [-68.82884274101258, 45.76120023226477], [-68.82884824500087, 45.75940009555868], [-68.82627647991647, 45.75939621421776]]]}, "properties": {"res_m": 0.6, "why": "open water", "water_px": 400, "water_ha": 4.0, "shore_m_median": 234.3, "island_m_median": 1239.6, "reach_m_median": 116.0, "open_water_frac": 0.993, "gap_frac": 0.048, "utm": [513310.0, 5067330.0, 513510.0, 5067530.0]}}, {"type": "Feature", "geometry": {"type": "Polygon", "coordinates": [[[-68.82370471536228, 45.75939227499029], [-68.82369904596773, 45.76119241120808], [-68.82627089322501, 45.7611963506815], [-68.82627647991647, 45.75939621421776], [-68.82370471536228, 45.75939227499029]]]}, "properties": {"res_m": 0.6, "why": "open water", "water_px": 400, "water_ha": 4.0, "shore_m_median": 327.3, "island_m_median": 1262.2, "reach_m_median": 120.0, "open_water_frac": 1.0, "gap_frac": 0.025, "utm": [513510.0, 5067330.0, 513710.0, 5067530.0]}}, {"type": "Feature", "geometry": {"type": "Polygon", "coordinates": [[[-68.82113295134616, 45.7593882778763], [-68.82112719924855, 45.76118841384451], [-68.82369904596773, 45.76119241120808], [-68.82370471536228, 45.75939227499029], [-68.82113295134616, 45.7593882778763]]]}, "properties": {"res_m": 0.6, "why": "open water", "water_px": 400, "water_ha": 4.0, "shore_m_median": 390.5, "island_m_median": 1302.0, "reach_m_median": 120.0, "open_water_frac": 1.0, "gap_frac": 0.02, "utm": [513710.0, 5067330.0, 513910.0, 5067530.0]}}, {"type": "Feature", "geometry": {"type": "Polygon", "coordinates": [[[-68.81856118787594, 45.7593842228758], [-68.81855535307535, 45.76118435859083], [-68.82112719924855, 45.76118841384451], [-68.82113295134616, 45.7593882778763], [-68.81856118787594, 45.7593842228758]]]}, "properties": {"res_m": 0.6, "why": "open water", "water_px": 400, "water_ha": 4.0, "shore_m_median": 445.1, "island_m_median": 1204.2, "reach_m_median": 88.0, "open_water_frac": 1.0, "gap_frac": 0.0, "utm": [513910.0, 5067330.0, 514110.0, 5067530.0]}}, {"type": "Feature", "geometry": {"type": "Polygon", "coordinates": [[[-68.81598942495947, 45.75938010998887], [-68.81598350745597, 45.761180245447086], [-68.81855535307535, 45.76118435859083], [-68.81856118787594, 45.7593842228758], [-68.81598942495947, 45.75938010998887]]]}, "properties": {"res_m": 0.6, "why": "open water", "water_px": 400, "water_ha": 4.0, "shore_m_median": 558.0, "island_m_median": 1077.6, "reach_m_median": 88.0, "open_water_frac": 1.0, "gap_frac": 0.0, "utm": [514110.0, 5067330.0, 514310.0, 5067530.0]}}, {"type": "Feature", "geometry": {"type": "Polygon", "coordinates": [[[-68.8134176626046, 45.7593759392155], [-68.81341166239825, 45.76117607441331], [-68.81598350745597, 45.761180245447086], [-68.81598942495947, 45.75938010998887], [-68.8134176626046, 45.7593759392155]]]}, "properties": {"res_m": 0.6, "why": "open water", "water_px": 400, "water_ha": 4.0, "shore_m_median": 707.2, "island_m_median": 975.0, "reach_m_median": 104.0, "open_water_frac": 1.0, "gap_frac": 0.005, "utm": [514310.0, 5067330.0, 514510.0, 5067530.0]}}, {"type": "Feature", "geometry": {"type": "Polygon", "coordinates": [[[-68.81084590081919, 45.75937171055573], [-68.81083981791006, 45.76117184548951], [-68.81341166239825, 45.76117607441331], [-68.8134176626046, 45.7593759392155], [-68.81084590081919, 45.75937171055573]]]}, "properties": {"res_m": 0.6, "why": "open water", "water_px": 400, "water_ha": 4.0, "shore_m_median": 876.6, "island_m_median": 904.7, "reach_m_median": 120.0, "open_water_frac": 1.0, "gap_frac": 0.02, "utm": [514510.0, 5067330.0, 514710.0, 5067530.0]}}, {"type": "Feature", "geometry": {"type": "Polygon", "coordinates": [[[-68.80827413961109, 45.75936742400962], [-68.80826797399924, 45.76116755867574], [-68.81083981791006, 45.76117184548951], [-68.81084590081919, 45.75937171055573], [-68.80827413961109, 45.75936742400962]]]}, "properties": {"res_m": 0.6, "why": "open water", "water_px": 400, "water_ha": 4.0, "shore_m_median": 1053.7, "island_m_median": 870.0, "reach_m_median": 88.0, "open_water_frac": 1.0, "gap_frac": 0.0, "utm": [514710.0, 5067330.0, 514910.0, 5067530.0]}}, {"type": "Feature", "geometry": {"type": "Polygon", "coordinates": [[[-68.80570237898813, 45.75936307957717], [-68.80569613067364, 45.761163213972026], [-68.80826797399924, 45.76116755867574], [-68.80827413961109, 45.75936742400962], [-68.80570237898813, 45.75936307957717]]]}, "properties": {"res_m": 0.6, "why": "open water", "water_px": 400, "water_ha": 4.0, "shore_m_median": 1218.4, "island_m_median": 871.4, "reach_m_median": 80.0, "open_water_frac": 1.0, "gap_frac": 0.0, "utm": [514910.0, 5067330.0, 515110.0, 5067530.0]}}, {"type": "Feature", "geometry": {"type": "Polygon", "coordinates": [[[-68.80313061895818, 45.75935867725843], [-68.80312428794109, 45.76115881137842], [-68.80569613067364, 45.761163213972026], [-68.80570237898813, 45.75936307957717], [-68.80313061895818, 45.75935867725843]]]}, "properties": {"res_m": 0.6, "why": "open water", "water_px": 400, "water_ha": 4.0, "shore_m_median": 1379.1, "island_m_median": 916.1, "reach_m_median": 88.0, "open_water_frac": 1.0, "gap_frac": 0.0, "utm": [515110.0, 5067330.0, 515310.0, 5067530.0]}}, {"type": "Feature", "geometry": {"type": "Polygon", "coordinates": [[[-68.80055885952905, 45.75935421705344], [-68.80055244580947, 45.76115435089494], [-68.80312428794109, 45.76115881137842], [-68.80313061895818, 45.75935867725843], [-68.80055885952905, 45.75935421705344]]]}, "properties": {"res_m": 0.6, "why": "open water", "water_px": 400, "water_ha": 4.0, "shore_m_median": 1547.2, "island_m_median": 998.5, "reach_m_median": 88.0, "open_water_frac": 1.0, "gap_frac": 0.0, "utm": [515310.0, 5067330.0, 515510.0, 5067530.0]}}, {"type": "Feature", "geometry": {"type": "Polygon", "coordinates": [[[-68.79798710070864, 45.75934969896223], [-68.79798060428662, 45.76114983252163], [-68.80055244580947, 45.76115435089494], [-68.80055885952905, 45.75935421705344], [-68.79798710070864, 45.75934969896223]]]}, "properties": {"res_m": 0.6, "why": "open water", "water_px": 400, "water_ha": 4.0, "shore_m_median": 1717.3, "island_m_median": 1112.0, "reach_m_median": 88.0, "open_water_frac": 1.0, "gap_frac": 0.0, "utm": [515510.0, 5067330.0, 515710.0, 5067530.0]}}, {"type": "Feature", "geometry": {"type": "Polygon", "coordinates": [[[-68.79541534250477, 45.75934512298484], [-68.7954087633804, 45.76114525625852], [-68.79798060428662, 45.76114983252163], [-68.79798710070864, 45.75934969896223], [-68.79541534250477, 45.75934512298484]]]}, "properties": {"res_m": 0.6, "why": "open water", "water_px": 400, "water_ha": 4.0, "shore_m_median": 1688.6, "island_m_median": 1245.5, "reach_m_median": 88.0, "open_water_frac": 1.0, "gap_frac": 0.0, "utm": [515710.0, 5067330.0, 515910.0, 5067530.0]}}, {"type": "Feature", "geometry": {"type": "Polygon", "coordinates": [[[-68.7928435849253, 45.759340489121314], [-68.79283692309862, 45.76114062210566], [-68.7954087633804, 45.76114525625852], [-68.79541534250477, 45.75934512298484], [-68.7928435849253, 45.759340489121314]]]}, "properties": {"res_m": 0.6, "why": "open water", "water_px": 400, "water_ha": 4.0, "shore_m_median": 1562.4, "island_m_median": 1261.3, "reach_m_median": 88.0, "open_water_frac": 1.0, "gap_frac": 0.0, "utm": [515910.0, 5067330.0, 516110.0, 5067530.0]}}, {"type": "Feature", "geometry": {"type": "Polygon", "coordinates": [[[-68.79027182797806, 45.759335797371655], [-68.79026508344917, 45.76113593006305], [-68.79283692309862, 45.76114062210566], [-68.7928435849253, 45.759340489121314], [-68.79027182797806, 45.759335797371655]]]}, "properties": {"res_m": 0.6, "why": "open water", "water_px": 400, "water_ha": 4.0, "shore_m_median": 1454.3, "island_m_median": 1079.1, "reach_m_median": 80.0, "open_water_frac": 1.0, "gap_frac": 0.0, "utm": [516110.0, 5067330.0, 516310.0, 5067530.0]}}, {"type": "Feature", "geometry": {"type": "Polygon", "coordinates": [[[-68.78770007167093, 45.75933104773594], [-68.7876932444399, 45.761131180130775], [-68.79026508344917, 45.76113593006305], [-68.79027182797806, 45.759335797371655], [-68.78770007167093, 45.75933104773594]]]}, "properties": {"res_m": 0.6, "why": "open water", "water_px": 400, "water_ha": 4.0, "shore_m_median": 1367.0, "island_m_median": 898.9, "reach_m_median": 80.0, "open_water_frac": 1.0, "gap_frac": 0.0, "utm": [516310.0, 5067330.0, 516510.0, 5067530.0]}}, {"type": "Feature", "geometry": {"type": "Polygon", "coordinates": [[[-68.78512831601172, 45.75932624021418], [-68.78512140607862, 45.761126372308844], [-68.7876932444399, 45.761131180130775], [-68.78770007167093, 45.75933104773594], [-68.78512831601172, 45.75932624021418]]]}, "properties": {"res_m": 0.6, "why": "open water", "water_px": 400, "water_ha": 4.0, "shore_m_median": 1303.0, "island_m_median": 720.1, "reach_m_median": 88.0, "open_water_frac": 1.0, "gap_frac": 0.0, "utm": [516510.0, 5067330.0, 516710.0, 5067530.0]}}, {"type": "Feature", "geometry": {"type": "Polygon", "coordinates": [[[-68.7825565610083, 45.75932137480643], [-68.78254956837323, 45.7611215065973], [-68.78512140607862, 45.761126372308844], [-68.78512831601172, 45.75932624021418], [-68.7825565610083, 45.75932137480643]]]}, "properties": {"res_m": 0.6, "why": "open water", "water_px": 400, "water_ha": 4.0, "shore_m_median": 1249.4, "island_m_median": 550.1, "reach_m_median": 80.0, "open_water_frac": 1.0, "gap_frac": 0.0, "utm": [516710.0, 5067330.0, 516910.0, 5067530.0]}}, {"type": "Feature", "geometry": {"type": "Polygon", "coordinates": [[[-68.77998480666855, 45.75931645151272], [-68.77997773133154, 45.76111658299619], [-68.78254956837323, 45.7611215065973], [-68.7825565610083, 45.75932137480643], [-68.77998480666855, 45.75931645151272]]]}, "properties": {"res_m": 0.6, "why": "open water", "water_px": 400, "water_ha": 4.0, "shore_m_median": 1220.1, "island_m_median": 403.6, "reach_m_median": 88.0, "open_water_frac": 1.0, "gap_frac": 0.0, "utm": [516910.0, 5067330.0, 517110.0, 5067530.0]}}, {"type": "Feature", "geometry": {"type": "Polygon", "coordinates": [[[-68.77741305300025, 45.75931147033308], [-68.77740589496142, 45.76111160150554], [-68.77997773133154, 45.76111658299619], [-68.77998480666855, 45.75931645151272], [-68.77741305300025, 45.75931147033308]]]}, "properties": {"res_m": 0.6, "why": "open water", "water_px": 400, "water_ha": 4.0, "shore_m_median": 1194.1, "island_m_median": 314.9, "reach_m_median": 104.0, "open_water_frac": 1.0, "gap_frac": 0.0, "utm": [517110.0, 5067330.0, 517310.0, 5067530.0]}}, {"type": "Feature", "geometry": {"type": "Polygon", "coordinates": [[[-68.7748413000113, 45.75930643126758], [-68.77483405927072, 45.7611065621254], [-68.77740589496142, 45.76111160150554], [-68.77741305300025, 45.75931147033308], [-68.7748413000113, 45.75930643126758]]]}, "properties": {"res_m": 0.6, "why": "open water", "water_px": 400, "water_ha": 4.0, "shore_m_median": 1155.4, "island_m_median": 331.9, "reach_m_median": 104.0, "open_water_frac": 1.0, "gap_frac": 0.0, "utm": [517310.0, 5067330.0, 517510.0, 5067530.0]}}, {"type": "Feature", "geometry": {"type": "Polygon", "coordinates": [[[-68.77226954770954, 45.75930133431624], [-68.77226222426728, 45.76110146485581], [-68.77483405927072, 45.7611065621254], [-68.7748413000113, 45.75930643126758], [-68.77226954770954, 45.75930133431624]]]}, "properties": {"res_m": 0.6, "why": "open water", "water_px": 400, "water_ha": 4.0, "shore_m_median": 1083.0, "island_m_median": 430.3, "reach_m_median": 104.0, "open_water_frac": 1.0, "gap_frac": 0.005, "utm": [517510.0, 5067330.0, 517710.0, 5067530.0]}}, {"type": "Feature", "geometry": {"type": "Polygon", "coordinates": [[[-68.7696977961028, 45.759296179479094], [-68.76969038995895, 45.76109630969682], [-68.77226222426728, 45.76110146485581], [-68.77226954770954, 45.75930133431624], [-68.7696977961028, 45.759296179479094]]]}, "properties": {"res_m": 0.6, "why": "open water", "water_px": 400, "water_ha": 4.0, "shore_m_median": 1029.6, "island_m_median": 518.7, "reach_m_median": 112.0, "open_water_frac": 1.0, "gap_frac": 0.01, "utm": [517710.0, 5067330.0, 517910.0, 5067530.0]}}, {"type": "Feature", "geometry": {"type": "Polygon", "coordinates": [[[-68.76712604519896, 45.759290966756204], [-68.7671185563536, 45.761091096648435], [-68.76969038995895, 45.76109630969682], [-68.7696977961028, 45.759296179479094], [-68.76712604519896, 45.759290966756204]]]}, "properties": {"res_m": 0.6, "why": "open water", "water_px": 400, "water_ha": 4.0, "shore_m_median": 927.8, "island_m_median": 410.8, "reach_m_median": 112.0, "open_water_frac": 1.0, "gap_frac": 0.007, "utm": [517910.0, 5067330.0, 518110.0, 5067530.0]}}, {"type": "Feature", "geometry": {"type": "Polygon", "coordinates": [[[-68.76455429500582, 45.75928569614759], [-68.76454672345903, 45.761085825710744], [-68.7671185563536, 45.761091096648435], [-68.76712604519896, 45.759290966756204], [-68.76455429500582, 45.75928569614759]]]}, "properties": {"res_m": 0.6, "why": "open water", "water_px": 400, "water_ha": 4.0, "shore_m_median": 818.4, "island_m_median": 258.1, "reach_m_median": 120.0, "open_water_frac": 1.0, "gap_frac": 0.06, "utm": [518110.0, 5067330.0, 518310.0, 5067530.0]}}, {"type": "Feature", "geometry": {"type": "Polygon", "coordinates": [[[-68.7619825455313, 45.759280367653304], [-68.76197489128316, 45.76108049688376], [-68.76454672345903, 45.761085825710744], [-68.76455429500582, 45.75928569614759], [-68.7619825455313, 45.759280367653304]]]}, "properties": {"res_m": 0.6, "why": "open water", "water_px": 400, "water_ha": 4.0, "shore_m_median": 743.3, "island_m_median": 194.2, "reach_m_median": 128.0, "open_water_frac": 1.0, "gap_frac": 0.075, "utm": [518310.0, 5067330.0, 518510.0, 5067530.0]}}, {"type": "Feature", "geometry": {"type": "Polygon", "coordinates": [[[-68.75941079678317, 45.75927498127339], [-68.75940305983379, 45.761075110167525], [-68.76197489128316, 45.76108049688376], [-68.7619825455313, 45.759280367653304], [-68.75941079678317, 45.75927498127339]]]}, "properties": {"res_m": 0.6, "why": "open water", "water_px": 400, "water_ha": 4.0, "shore_m_median": 691.8, "island_m_median": 290.3, "reach_m_median": 136.0, "open_water_frac": 1.0, "gap_frac": 0.155, "utm": [518510.0, 5067330.0, 518710.0, 5067530.0]}}, {"type": "Feature", "geometry": {"type": "Polygon", "coordinates": [[[-68.75683904876934, 45.7592695370079], [-68.75683122911877, 45.7610696655621], [-68.75940305983379, 45.761075110167525], [-68.75941079678317, 45.75927498127339], [-68.75683904876934, 45.7592695370079]]]}, "properties": {"res_m": 0.6, "why": "open water", "water_px": 400, "water_ha": 4.0, "shore_m_median": 560.2, "island_m_median": 410.1, "reach_m_median": 136.0, "open_water_frac": 1.0, "gap_frac": 0.165, "utm": [518710.0, 5067330.0, 518910.0, 5067530.0]}}, {"type": "Feature", "geometry": {"type": "Polygon", "coordinates": [[[-68.75426730149762, 45.75926403485684], [-68.75425939914597, 45.7610641630675], [-68.75683122911877, 45.7610696655621], [-68.75683904876934, 45.7592695370079], [-68.75426730149762, 45.75926403485684]]]}, "properties": {"res_m": 0.6, "why": "open water", "water_px": 400, "water_ha": 4.0, "shore_m_median": 363.0, "island_m_median": 368.4, "reach_m_median": 144.0, "open_water_frac": 1.0, "gap_frac": 0.185, "utm": [518910.0, 5067330.0, 519110.0, 5067530.0]}}, {"type": "Feature", "geometry": {"type": "Polygon", "coordinates": [[[-68.75169555497587, 45.75925847482031], [-68.75168756992322, 45.761058602683796], [-68.75425939914597, 45.7610641630675], [-68.75426730149762, 45.75926403485684], [-68.75169555497587, 45.75925847482031]]]}, "properties": {"res_m": 0.6, "why": "open water", "water_px": 400, "water_ha": 4.0, "shore_m_median": 172.3, "island_m_median": 322.3, "reach_m_median": 160.0, "open_water_frac": 0.795, "gap_frac": 0.215, "utm": [519110.0, 5067330.0, 519310.0, 5067530.0]}}, {"type": "Feature", "geometry": {"type": "Polygon", "coordinates": [[[-68.74912380921194, 45.75925285689831], [-68.7491157414584, 45.761052984411016], [-68.75168756992322, 45.761058602683796], [-68.75169555497587, 45.75925847482031], [-68.74912380921194, 45.75925285689831]]]}, "properties": {"res_m": 1.0, "why": "near the mainland shore", "water_px": 321, "water_ha": 3.21, "shore_m_median": 58.3, "island_m_median": 331.2, "reach_m_median": 256.0, "open_water_frac": 0.056, "gap_frac": 0.875, "utm": [519310.0, 5067330.0, 519510.0, 5067530.0]}}, {"type": "Feature", "geometry": {"type": "Polygon", "coordinates": [[[-68.7465520642137, 45.75924718109089], [-68.74654391375934, 45.761047308249225], [-68.7491157414584, 45.761052984411016], [-68.74912380921194, 45.75925285689831], [-68.7465520642137, 45.75924718109089]]]}, "properties": {"res_m": 1.0, "why": "near the mainland shore", "water_px": 373, "water_ha": 3.73, "shore_m_median": 76.2, "island_m_median": 335.4, "reach_m_median": 360.0, "open_water_frac": 0.214, "gap_frac": 1.0, "utm": [519510.0, 5067330.0, 519710.0, 5067530.0]}}, {"type": "Feature", "geometry": {"type": "Polygon", "coordinates": [[[-68.74398031998896, 45.75924144739811], [-68.74397208683386, 45.761041574198444], [-68.74654391375934, 45.761047308249225], [-68.7465520642137, 45.75924718109089], [-68.74398031998896, 45.75924144739811]]]}, "properties": {"res_m": 0.6, "why": "far outside the survey's reach", "water_px": 270, "water_ha": 2.7, "shore_m_median": 41.2, "island_m_median": 114.0, "reach_m_median": 464.0, "open_water_frac": 0.0, "gap_frac": 0.922, "utm": [519710.0, 5067330.0, 519910.0, 5067530.0]}}, {"type": "Feature", "geometry": {"type": "Polygon", "coordinates": [[[-68.7414085765456, 45.75923565582002], [-68.74140026068986, 45.76103578225872], [-68.74397208683386, 45.761041574198444], [-68.74398031998896, 45.75924144739811], [-68.7414085765456, 45.75923565582002]]]}, "properties": {"res_m": 0.3, "why": "open water the 1954 survey never sounded", "water_px": 399, "water_ha": 3.99, "shore_m_median": 125.3, "island_m_median": 103.0, "reach_m_median": 344.0, "open_water_frac": 0.564, "gap_frac": 0.992, "utm": [519910.0, 5067330.0, 520110.0, 5067530.0]}}, {"type": "Feature", "geometry": {"type": "Polygon", "coordinates": [[[-68.73883683389144, 45.75922980635665], [-68.73882843533518, 45.76102993243013], [-68.74140026068986, 45.76103578225872], [-68.7414085765456, 45.75923565582002], [-68.73883683389144, 45.75922980635665]]]}, "properties": {"res_m": 0.3, "why": "open water the 1954 survey never sounded", "water_px": 400, "water_ha": 4.0, "shore_m_median": 160.3, "island_m_median": 253.9, "reach_m_median": 232.0, "open_water_frac": 0.78, "gap_frac": 0.65, "utm": [520110.0, 5067330.0, 520310.0, 5067530.0]}}, {"type": "Feature", "geometry": {"type": "Polygon", "coordinates": [[[-68.73626509203434, 45.75922389900805], [-68.73625661077763, 45.76102402471269], [-68.73882843533518, 45.76102993243013], [-68.73883683389144, 45.75922980635665], [-68.73626509203434, 45.75922389900805]]]}, "properties": {"res_m": 1.0, "why": "near the mainland shore", "water_px": 153, "water_ha": 1.53, "shore_m_median": 40.0, "island_m_median": 372.0, "reach_m_median": 216.0, "open_water_frac": 0.0, "gap_frac": 0.582, "utm": [520310.0, 5067330.0, 520510.0, 5067530.0]}}, {"type": "Feature", "geometry": {"type": "Polygon", "coordinates": [[[-68.82885374846678, 45.75759995828239], [-68.82884824500087, 45.75940009555868], [-68.83142001060762, 45.759403919013], [-68.83142543137816, 45.757603781498], [-68.82885374846678, 45.75759995828239]]]}, "properties": {"res_m": 1.0, "why": "near the mainland shore", "water_px": 139, "water_ha": 1.39, "shore_m_median": 31.6, "island_m_median": 1071.2, "reach_m_median": 88.0, "open_water_frac": 0.0, "gap_frac": 0.0, "utm": [513110.0, 5067130.0, 513310.0, 5067330.0]}}, {"type": "Feature", "geometry": {"type": "Polygon", "coordinates": [[[-68.82628206607771, 45.757596077183806], [-68.82627647991647, 45.75939621421776], [-68.82884824500087, 45.75940009555868], [-68.82885374846678, 45.75759995828239], [-68.82628206607771, 45.757596077183806]]]}, "properties": {"res_m": 1.0, "why": "near the mainland shore", "water_px": 359, "water_ha": 3.59, "shore_m_median": 90.0, "island_m_median": 1050.0, "reach_m_median": 104.0, "open_water_frac": 0.29, "gap_frac": 0.006, "utm": [513310.0, 5067130.0, 513510.0, 5067330.0]}}, {"type": "Feature", "geometry": {"type": "Polygon", "coordinates": [[[-68.82371038421878, 45.757592138202284], [-68.82370471536228, 45.75939227499029], [-68.82627647991647, 45.75939621421776], [-68.82628206607771, 45.757596077183806], [-68.82371038421878, 45.757592138202284]]]}, "properties": {"res_m": 0.6, "why": "open water", "water_px": 400, "water_ha": 4.0, "shore_m_median": 144.9, "island_m_median": 1067.4, "reach_m_median": 128.0, "open_water_frac": 0.642, "gap_frac": 0.1, "utm": [513510.0, 5067130.0, 513710.0, 5067330.0]}}, {"type": "Feature", "geometry": {"type": "Polygon", "coordinates": [[[-68.82113870289785, 45.75758814133785], [-68.82113295134616, 45.7593882778763], [-68.82370471536228, 45.75939227499029], [-68.82371038421878, 45.757592138202284], [-68.82113870289785, 45.75758814133785]]]}, "properties": {"res_m": 0.6, "why": "open water", "water_px": 400, "water_ha": 4.0, "shore_m_median": 199.2, "island_m_median": 1127.7, "reach_m_median": 136.0, "open_water_frac": 0.902, "gap_frac": 0.113, "utm": [513710.0, 5067130.0, 513910.0, 5067330.0]}}, {"type": "Feature", "geometry": {"type": "Polygon", "coordinates": [[[-68.81856702212276, 45.757584086590526], [-68.81856118787594, 45.7593842228758], [-68.82113295134616, 45.7593882778763], [-68.82113870289785, 45.75758814133785], [-68.81856702212276, 45.757584086590526]]]}, "properties": {"res_m": 0.6, "why": "open water", "water_px": 400, "water_ha": 4.0, "shore_m_median": 280.2, "island_m_median": 1067.8, "reach_m_median": 152.0, "open_water_frac": 1.0, "gap_frac": 0.188, "utm": [513910.0, 5067130.0, 514110.0, 5067330.0]}}, {"type": "Feature", "geometry": {"type": "Polygon", "coordinates": [[[-68.81599534190137, 45.757579973960375], [-68.81598942495947, 45.75938010998887], [-68.81856118787594, 45.7593842228758], [-68.81856702212276, 45.757584086590526], [-68.81599534190137, 45.757579973960375]]]}, "properties": {"res_m": 0.6, "why": "open water", "water_px": 400, "water_ha": 4.0, "shore_m_median": 432.7, "island_m_median": 922.6, "reach_m_median": 152.0, "open_water_frac": 1.0, "gap_frac": 0.23, "utm": [514110.0, 5067130.0, 514310.0, 5067330.0]}}, {"type": "Feature", "geometry": {"type": "Polygon", "coordinates": [[[-68.8134236622415, 45.75757580344741], [-68.8134176626046, 45.7593759392155], [-68.81598942495947, 45.75938010998887], [-68.81599534190137, 45.757579973960375], [-68.8134236622415, 45.75757580344741]]]}, "properties": {"res_m": 0.6, "why": "open water", "water_px": 400, "water_ha": 4.0, "shore_m_median": 612.7, "island_m_median": 800.9, "reach_m_median": 144.0, "open_water_frac": 1.0, "gap_frac": 0.135, "utm": [514310.0, 5067130.0, 514510.0, 5067330.0]}}, {"type": "Feature", "geometry": {"type": "Polygon", "coordinates": [[[-68.81085198315103, 45.75757157505167], [-68.81084590081919, 45.75937171055573], [-68.8134176626046, 45.7593759392155], [-68.8134236622415, 45.75757580344741], [-68.81085198315103, 45.75757157505167]]]}, "properties": {"res_m": 0.6, "why": "open water", "water_px": 400, "water_ha": 4.0, "shore_m_median": 783.1, "island_m_median": 713.9, "reach_m_median": 168.0, "open_water_frac": 1.0, "gap_frac": 0.305, "utm": [514510.0, 5067130.0, 514710.0, 5067330.0]}}, {"type": "Feature", "geometry": {"type": "Polygon", "coordinates": [[[-68.80828030463779, 45.757567288773174], [-68.80827413961109, 45.75936742400962], [-68.81084590081919, 45.75937171055573], [-68.81085198315103, 45.75757157505167], [-68.80828030463779, 45.757567288773174]]]}, "properties": {"res_m": 0.6, "why": "open water", "water_px": 400, "water_ha": 4.0, "shore_m_median": 940.5, "island_m_median": 670.2, "reach_m_median": 152.0, "open_water_frac": 1.0, "gap_frac": 0.233, "utm": [514710.0, 5067130.0, 514910.0, 5067330.0]}}, {"type": "Feature", "geometry": {"type": "Polygon", "coordinates": [[[-68.80570862670962, 45.75756294461197], [-68.80570237898813, 45.75936307957717], [-68.80827413961109, 45.75936742400962], [-68.80828030463779, 45.757567288773174], [-68.80570862670962, 45.75756294461197]]]}, "properties": {"res_m": 0.6, "why": "open water", "water_px": 400, "water_ha": 4.0, "shore_m_median": 1101.8, "island_m_median": 674.1, "reach_m_median": 160.0, "open_water_frac": 1.0, "gap_frac": 0.26, "utm": [514910.0, 5067130.0, 515110.0, 5067330.0]}}, {"type": "Feature", "geometry": {"type": "Polygon", "coordinates": [[[-68.80313694937439, 45.75755854256809], [-68.80313061895818, 45.75935867725843], [-68.80570237898813, 45.75936307957717], [-68.80570862670962, 45.75756294461197], [-68.80313694937439, 45.75755854256809]]]}, "properties": {"res_m": 0.6, "why": "open water", "water_px": 400, "water_ha": 4.0, "shore_m_median": 1274.7, "island_m_median": 730.3, "reach_m_median": 180.0, "open_water_frac": 1.0, "gap_frac": 0.328, "utm": [515110.0, 5067130.0, 515310.0, 5067330.0]}}, {"type": "Feature", "geometry": {"type": "Polygon", "coordinates": [[[-68.80056527263994, 45.757554082641576], [-68.80055885952905, 45.75935421705344], [-68.80313061895818, 45.75935867725843], [-68.80313694937439, 45.75755854256809], [-68.80056527263994, 45.757554082641576]]]}, "properties": {"res_m": 0.6, "why": "open water", "water_px": 400, "water_ha": 4.0, "shore_m_median": 1453.8, "island_m_median": 832.4, "reach_m_median": 200.0, "open_water_frac": 1.0, "gap_frac": 0.487, "utm": [515310.0, 5067130.0, 515510.0, 5067330.0]}}, {"type": "Feature", "geometry": {"type": "Polygon", "coordinates": [[[-68.7979935965141, 45.75754956483245], [-68.79798710070864, 45.75934969896223], [-68.80055885952905, 45.75935421705344], [-68.80056527263994, 45.757554082641576], [-68.7979935965141, 45.75754956483245]]]}, "properties": {"res_m": 0.6, "why": "open water", "water_px": 400, "water_ha": 4.0, "shore_m_median": 1638.1, "island_m_median": 964.1, "reach_m_median": 184.0, "open_water_frac": 1.0, "gap_frac": 0.36, "utm": [515510.0, 5067130.0, 515710.0, 5067330.0]}}, {"type": "Feature", "geometry": {"type": "Polygon", "coordinates": [[[-68.79542192100476, 45.75754498914075], [-68.79541534250477, 45.75934512298484], [-68.79798710070864, 45.75934969896223], [-68.7979935965141, 45.75754956483245], [-68.79542192100476, 45.75754498914075]]]}, "properties": {"res_m": 0.6, "why": "open water", "water_px": 400, "water_ha": 4.0, "shore_m_median": 1788.6, "island_m_median": 1095.8, "reach_m_median": 200.0, "open_water_frac": 1.0, "gap_frac": 0.487, "utm": [515710.0, 5067130.0, 515910.0, 5067330.0]}}, {"type": "Feature", "geometry": {"type": "Polygon", "coordinates": [[[-68.79285024611973, 45.75754035556653], [-68.7928435849253, 45.759340489121314], [-68.79541534250477, 45.75934512298484], [-68.79542192100476, 45.75754498914075], [-68.79285024611973, 45.75754035556653]]]}, "properties": {"res_m": 0.6, "why": "open water", "water_px": 400, "water_ha": 4.0, "shore_m_median": 1714.5, "island_m_median": 1197.6, "reach_m_median": 192.0, "open_water_frac": 1.0, "gap_frac": 0.355, "utm": [515910.0, 5067130.0, 516110.0, 5067330.0]}}, {"type": "Feature", "geometry": {"type": "Polygon", "coordinates": [[[-68.79027857186686, 45.75753566410981], [-68.79027182797806, 45.759335797371655], [-68.7928435849253, 45.759340489121314], [-68.79285024611973, 45.75754035556653], [-68.79027857186686, 45.75753566410981]]]}, "properties": {"res_m": 0.6, "why": "open water", "water_px": 400, "water_ha": 4.0, "shore_m_median": 1610.5, "island_m_median": 1166.7, "reach_m_median": 192.0, "open_water_frac": 1.0, "gap_frac": 0.383, "utm": [516110.0, 5067130.0, 516310.0, 5067330.0]}}, {"type": "Feature", "geometry": {"type": "Polygon", "coordinates": [[[-68.78770689825402, 45.75753091477063], [-68.78770007167093, 45.75933104773594], [-68.79027182797806, 45.759335797371655], [-68.79027857186686, 45.75753566410981], [-68.78770689825402, 45.75753091477063]]]}, "properties": {"res_m": 0.6, "why": "open water", "water_px": 400, "water_ha": 4.0, "shore_m_median": 1524.3, "island_m_median": 992.4, "reach_m_median": 184.0, "open_water_frac": 1.0, "gap_frac": 0.275, "utm": [516310.0, 5067130.0, 516510.0, 5067330.0]}}, {"type": "Feature", "geometry": {"type": "Polygon", "coordinates": [[[-68.78513522528904, 45.75752610754903], [-68.78512831601172, 45.75932624021418], [-68.78770007167093, 45.75933104773594], [-68.78770689825402, 45.75753091477063], [-68.78513522528904, 45.75752610754903]]]}, "properties": {"res_m": 0.6, "why": "open water", "water_px": 400, "water_ha": 4.0, "shore_m_median": 1435.9, "island_m_median": 828.0, "reach_m_median": 184.0, "open_water_frac": 1.0, "gap_frac": 0.273, "utm": [516510.0, 5067130.0, 516710.0, 5067330.0]}}, {"type": "Feature", "geometry": {"type": "Polygon", "coordinates": [[[-68.78256355297977, 45.75752124244505], [-68.7825565610083, 45.75932137480643], [-68.78512831601172, 45.75932624021418], [-68.78513522528904, 45.75752610754903], [-68.78256355297977, 45.75752124244505]]]}, "properties": {"res_m": 0.6, "why": "open water", "water_px": 400, "water_ha": 4.0, "shore_m_median": 1329.2, "island_m_median": 684.1, "reach_m_median": 192.0, "open_water_frac": 1.0, "gap_frac": 0.355, "utm": [516710.0, 5067130.0, 516910.0, 5067330.0]}}, {"type": "Feature", "geometry": {"type": "Polygon", "coordinates": [[[-68.77999188133406, 45.75751631945872], [-68.77998480666855, 45.75931645151272], [-68.7825565610083, 45.75932137480643], [-68.78256355297977, 45.75752124244505], [-68.77999188133406, 45.75751631945872]]]}, "properties": {"res_m": 0.6, "why": "open water", "water_px": 400, "water_ha": 4.0, "shore_m_median": 1207.1, "island_m_median": 569.3, "reach_m_median": 200.0, "open_water_frac": 1.0, "gap_frac": 0.46, "utm": [516910.0, 5067130.0, 517110.0, 5067330.0]}}, {"type": "Feature", "geometry": {"type": "Polygon", "coordinates": [[[-68.77742021035976, 45.7575113385901], [-68.77741305300025, 45.75931147033308], [-68.77998480666855, 45.75931645151272], [-68.77999188133406, 45.75751631945872], [-68.77742021035976, 45.7575113385901]]]}, "properties": {"res_m": 0.3, "why": "open water the 1954 survey never sounded", "water_px": 400, "water_ha": 4.0, "shore_m_median": 1100.2, "island_m_median": 510.2, "reach_m_median": 208.0, "open_water_frac": 1.0, "gap_frac": 0.525, "utm": [517110.0, 5067130.0, 517310.0, 5067330.0]}}, {"type": "Feature", "geometry": {"type": "Polygon", "coordinates": [[[-68.77484854006471, 45.7575062998392], [-68.7748413000113, 45.75930643126758], [-68.77741305300025, 45.75931147033308], [-68.77742021035976, 45.7575113385901], [-68.77484854006471, 45.7575062998392]]]}, "properties": {"res_m": 0.6, "why": "open water", "water_px": 400, "water_ha": 4.0, "shore_m_median": 988.5, "island_m_median": 521.6, "reach_m_median": 200.0, "open_water_frac": 1.0, "gap_frac": 0.435, "utm": [517310.0, 5067130.0, 517510.0, 5067330.0]}}, {"type": "Feature", "geometry": {"type": "Polygon", "coordinates": [[[-68.77227687045676, 45.757501203206076], [-68.77226954770954, 45.75930133431624], [-68.7748413000113, 45.75930643126758], [-68.77484854006471, 45.7575062998392], [-68.77227687045676, 45.757501203206076]]]}, "properties": {"res_m": 0.6, "why": "open water", "water_px": 400, "water_ha": 4.0, "shore_m_median": 895.6, "island_m_median": 599.4, "reach_m_median": 192.0, "open_water_frac": 1.0, "gap_frac": 0.362, "utm": [517510.0, 5067130.0, 517710.0, 5067330.0]}}, {"type": "Feature", "geometry": {"type": "Polygon", "coordinates": [[[-68.76970520154377, 45.75749604869078], [-68.7696977961028, 45.759296179479094], [-68.77226954770954, 45.75930133431624], [-68.77227687045676, 45.757501203206076], [-68.76970520154377, 45.75749604869078]]]}, "properties": {"res_m": 0.6, "why": "open water", "water_px": 400, "water_ha": 4.0, "shore_m_median": 839.8, "island_m_median": 658.0, "reach_m_median": 192.0, "open_water_frac": 1.0, "gap_frac": 0.367, "utm": [517710.0, 5067130.0, 517910.0, 5067330.0]}}, {"type": "Feature", "geometry": {"type": "Polygon", "coordinates": [[[-68.76713353333359, 45.757490836293336], [-68.76712604519896, 45.759290966756204], [-68.7696977961028, 45.759296179479094], [-68.76970520154377, 45.75749604869078], [-68.76713353333359, 45.757490836293336]]]}, "properties": {"res_m": 0.6, "why": "open water", "water_px": 400, "water_ha": 4.0, "shore_m_median": 773.4, "island_m_median": 536.0, "reach_m_median": 192.0, "open_water_frac": 1.0, "gap_frac": 0.388, "utm": [517910.0, 5067130.0, 518110.0, 5067330.0]}}, {"type": "Feature", "geometry": {"type": "Polygon", "coordinates": [[[-68.76456186583405, 45.7574855660138], [-68.76455429500582, 45.75928569614759], [-68.76712604519896, 45.759290966756204], [-68.76713353333359, 45.757490836293336], [-68.76456186583405, 45.7574855660138]]]}, "properties": {"res_m": 0.6, "why": "open water", "water_px": 400, "water_ha": 4.0, "shore_m_median": 649.5, "island_m_median": 424.1, "reach_m_median": 184.0, "open_water_frac": 1.0, "gap_frac": 0.35, "utm": [518110.0, 5067130.0, 518310.0, 5067330.0]}}, {"type": "Feature", "geometry": {"type": "Polygon", "coordinates": [[[-68.761990199053, 45.75748023785219], [-68.7619825455313, 45.759280367653304], [-68.76455429500582, 45.75928569614759], [-68.76456186583405, 45.7574855660138], [-68.761990199053, 45.75748023785219]]]}, "properties": {"res_m": 0.6, "why": "open water", "water_px": 400, "water_ha": 4.0, "shore_m_median": 554.1, "island_m_median": 390.3, "reach_m_median": 176.0, "open_water_frac": 1.0, "gap_frac": 0.343, "utm": [518310.0, 5067130.0, 518510.0, 5067330.0]}}, {"type": "Feature", "geometry": {"type": "Polygon", "coordinates": [[[-68.75941853299828, 45.757474851808574], [-68.75941079678317, 45.75927498127339], [-68.7619825455313, 45.759280367653304], [-68.761990199053, 45.75748023785219], [-68.75941853299828, 45.757474851808574]]]}, "properties": {"res_m": 0.6, "why": "open water", "water_px": 400, "water_ha": 4.0, "shore_m_median": 518.9, "island_m_median": 449.4, "reach_m_median": 144.0, "open_water_frac": 1.0, "gap_frac": 0.152, "utm": [518510.0, 5067130.0, 518710.0, 5067330.0]}}, {"type": "Feature", "geometry": {"type": "Polygon", "coordinates": [[[-68.75684686767777, 45.75746940788299], [-68.75683904876934, 45.7592695370079], [-68.75941079678317, 45.75927498127339], [-68.75941853299828, 45.757474851808574], [-68.75684686767777, 45.75746940788299]]]}, "properties": {"res_m": 0.6, "why": "open water", "water_px": 400, "water_ha": 4.0, "shore_m_median": 532.7, "island_m_median": 397.0, "reach_m_median": 160.0, "open_water_frac": 1.0, "gap_frac": 0.245, "utm": [518710.0, 5067130.0, 518910.0, 5067330.0]}}, {"type": "Feature", "geometry": {"type": "Polygon", "coordinates": [[[-68.75427520309928, 45.75746390607546], [-68.75426730149762, 45.75926403485684], [-68.75683904876934, 45.7592695370079], [-68.75684686767777, 45.75746940788299], [-68.75427520309928, 45.75746390607546]]]}, "properties": {"res_m": 0.6, "why": "open water", "water_px": 400, "water_ha": 4.0, "shore_m_median": 438.6, "island_m_median": 247.3, "reach_m_median": 152.0, "open_water_frac": 1.0, "gap_frac": 0.19, "utm": [518910.0, 5067130.0, 519110.0, 5067330.0]}}, {"type": "Feature", "geometry": {"type": "Polygon", "coordinates": [[[-68.7517035392707, 45.75745834638605], [-68.75169555497587, 45.75925847482031], [-68.75426730149762, 45.75926403485684], [-68.75427520309928, 45.75746390607546], [-68.7517035392707, 45.75745834638605]]]}, "properties": {"res_m": 0.6, "why": "open water", "water_px": 400, "water_ha": 4.0, "shore_m_median": 291.5, "island_m_median": 134.2, "reach_m_median": 184.0, "open_water_frac": 1.0, "gap_frac": 0.338, "utm": [519110.0, 5067130.0, 519310.0, 5067330.0]}}, {"type": "Feature", "geometry": {"type": "Polygon", "coordinates": [[[-68.74913187619983, 45.757452728814805], [-68.74912380921194, 45.75925285689831], [-68.75169555497587, 45.75925847482031], [-68.7517035392707, 45.75745834638605], [-68.74913187619983, 45.757452728814805]]]}, "properties": {"res_m": 0.6, "why": "open water", "water_px": 400, "water_ha": 4.0, "shore_m_median": 220.6, "island_m_median": 190.4, "reach_m_median": 128.0, "open_water_frac": 0.993, "gap_frac": 0.115, "utm": [519310.0, 5067130.0, 519510.0, 5067330.0]}}, {"type": "Feature", "geometry": {"type": "Polygon", "coordinates": [[[-68.74656021389454, 45.75744705336176], [-68.7465520642137, 45.75924718109089], [-68.74912380921194, 45.75925285689831], [-68.74913187619983, 45.757452728814805], [-68.74656021389454, 45.75744705336176]]]}, "properties": {"res_m": 0.3, "why": "open water the 1954 survey never sounded", "water_px": 400, "water_ha": 4.0, "shore_m_median": 183.6, "island_m_median": 320.2, "reach_m_median": 232.0, "open_water_frac": 0.863, "gap_frac": 0.623, "utm": [519510.0, 5067130.0, 519710.0, 5067330.0]}}, {"type": "Feature", "geometry": {"type": "Polygon", "coordinates": [[[-68.74398855236268, 45.75744132002696], [-68.74398031998896, 45.75924144739811], [-68.7465520642137, 45.75924718109089], [-68.74656021389454, 45.75744705336176], [-68.74398855236268, 45.75744132002696]]]}, "properties": {"res_m": 1.0, "why": "near the mainland shore", "water_px": 312, "water_ha": 3.12, "shore_m_median": 53.9, "island_m_median": 210.2, "reach_m_median": 376.0, "open_water_frac": 0.099, "gap_frac": 0.978, "utm": [519710.0, 5067130.0, 519910.0, 5067330.0]}}, {"type": "Feature", "geometry": {"type": "Polygon", "coordinates": [[[-68.7414168916121, 45.75743552881046], [-68.7414085765456, 45.75923565582002], [-68.74398031998896, 45.75924144739811], [-68.74398855236268, 45.75744132002696], [-68.7414168916121, 45.75743552881046]]]}, "properties": {"res_m": 1.0, "why": "near the mainland shore", "water_px": 340, "water_ha": 3.4, "shore_m_median": 86.0, "island_m_median": 53.9, "reach_m_median": 260.0, "open_water_frac": 0.306, "gap_frac": 0.7, "utm": [519910.0, 5067130.0, 520110.0, 5067330.0]}}, {"type": "Feature", "geometry": {"type": "Polygon", "coordinates": [[[-68.73884523165064, 45.757429679712295], [-68.73883683389144, 45.75922980635665], [-68.7414085765456, 45.75923565582002], [-68.7414168916121, 45.75743552881046], [-68.73884523165064, 45.757429679712295]]]}, "properties": {"res_m": 0.6, "why": "open water", "water_px": 400, "water_ha": 4.0, "shore_m_median": 190.9, "island_m_median": 172.6, "reach_m_median": 96.0, "open_water_frac": 0.98, "gap_frac": 0.0, "utm": [520110.0, 5067130.0, 520310.0, 5067330.0]}}, {"type": "Feature", "geometry": {"type": "Polygon", "coordinates": [[[-68.73627357248616, 45.75742377273252], [-68.73626509203434, 45.75922389900805], [-68.73883683389144, 45.75922980635665], [-68.73884523165064, 45.757429679712295], [-68.73627357248616, 45.75742377273252]]]}, "properties": {"res_m": 1.0, "why": "near the mainland shore", "water_px": 279, "water_ha": 2.79, "shore_m_median": 64.0, "island_m_median": 331.2, "reach_m_median": 136.0, "open_water_frac": 0.104, "gap_frac": 0.072, "utm": [520310.0, 5067130.0, 520510.0, 5067330.0]}}, {"type": "Feature", "geometry": {"type": "Polygon", "coordinates": [[[-68.7337019141265, 45.757417807871185], [-68.73369335098218, 45.75921793377427], [-68.73626509203434, 45.75922389900805], [-68.73627357248616, 45.75742377273252], [-68.7337019141265, 45.757417807871185]]]}, "properties": {"res_m": 1.0, "why": "near the mainland shore", "water_px": 25, "water_ha": 0.25, "shore_m_median": 14.1, "island_m_median": 462.3, "reach_m_median": 344.0, "open_water_frac": 0.0, "gap_frac": 1.0, "utm": [520510.0, 5067130.0, 520710.0, 5067330.0]}}, {"type": "Feature", "geometry": {"type": "Polygon", "coordinates": [[[-68.82628765170881, 45.75579593957964], [-68.82628206607771, 45.757596077183806], [-68.82885374846678, 45.75759995828239], [-68.82885925141042, 45.75579982043591], [-68.82628765170881, 45.75579593957964]]]}, "properties": {"res_m": 1.0, "why": "near the mainland shore", "water_px": 7, "water_ha": 0.07, "shore_m_median": 10.0, "island_m_median": 937.7, "reach_m_median": 200.0, "open_water_frac": 0.0, "gap_frac": 0.286, "utm": [513310.0, 5066930.0, 513510.0, 5067130.0]}}, {"type": "Feature", "geometry": {"type": "Polygon", "coordinates": [[[-68.82371605253729, 45.75579200084404], [-68.82371038421878, 45.757592138202284], [-68.82628206607771, 45.757596077183806], [-68.82628765170881, 45.75579593957964], [-68.82371605253729, 45.75579200084404]]]}, "properties": {"res_m": 1.0, "why": "near the mainland shore", "water_px": 123, "water_ha": 1.23, "shore_m_median": 31.6, "island_m_median": 941.5, "reach_m_median": 264.0, "open_water_frac": 0.0, "gap_frac": 0.976, "utm": [513510.0, 5066930.0, 513710.0, 5067130.0]}}, {"type": "Feature", "geometry": {"type": "Polygon", "coordinates": [[[-68.82114445390371, 45.755788004229146], [-68.82113870289785, 45.75758814133785], [-68.82371038421878, 45.757592138202284], [-68.82371605253729, 45.75579200084404], [-68.82114445390371, 45.755788004229146]]]}, "properties": {"res_m": 1.0, "why": "near the mainland shore", "water_px": 268, "water_ha": 2.68, "shore_m_median": 50.0, "island_m_median": 974.5, "reach_m_median": 224.0, "open_water_frac": 0.004, "gap_frac": 0.608, "utm": [513710.0, 5066930.0, 513910.0, 5067130.0]}}, {"type": "Feature", "geometry": {"type": "Polygon", "coordinates": [[[-68.8185728558159, 45.755783949735], [-68.81856702212276, 45.757584086590526], [-68.82113870289785, 45.75758814133785], [-68.82114445390371, 45.755788004229146], [-68.8185728558159, 45.755783949735]]]}, "properties": {"res_m": 0.6, "why": "open water", "water_px": 400, "water_ha": 4.0, "shore_m_median": 170.0, "island_m_median": 943.5, "reach_m_median": 152.0, "open_water_frac": 0.78, "gap_frac": 0.217, "utm": [513910.0, 5066930.0, 514110.0, 5067130.0]}}, {"type": "Feature", "geometry": {"type": "Polygon", "coordinates": [[[-68.81600125828172, 45.75577983736161], [-68.81599534190137, 45.757579973960375], [-68.81856702212276, 45.757584086590526], [-68.8185728558159, 45.755783949735], [-68.81600125828172, 45.75577983736161]]]}, "properties": {"res_m": 0.6, "why": "open water", "water_px": 400, "water_ha": 4.0, "shore_m_median": 350.6, "island_m_median": 785.8, "reach_m_median": 136.0, "open_water_frac": 1.0, "gap_frac": 0.122, "utm": [514110.0, 5066930.0, 514310.0, 5067130.0]}}, {"type": "Feature", "geometry": {"type": "Polygon", "coordinates": [[[-68.81342966130902, 45.75577566710903], [-68.8134236622415, 45.75757580344741], [-68.81599534190137, 45.757579973960375], [-68.81600125828172, 45.75577983736161], [-68.81342966130902, 45.75577566710903]]]}, "properties": {"res_m": 0.6, "why": "open water", "water_px": 400, "water_ha": 4.0, "shore_m_median": 509.1, "island_m_median": 642.0, "reach_m_median": 144.0, "open_water_frac": 1.0, "gap_frac": 0.16, "utm": [514310.0, 5066930.0, 514510.0, 5067130.0]}}, {"type": "Feature", "geometry": {"type": "Polygon", "coordinates": [[[-68.81085806490562, 45.75577143897727], [-68.81085198315103, 45.75757157505167], [-68.8134236622415, 45.75757580344741], [-68.81342966130902, 45.75577566710903], [-68.81085806490562, 45.75577143897727]]]}, "properties": {"res_m": 0.6, "why": "open water", "water_px": 400, "water_ha": 4.0, "shore_m_median": 660.5, "island_m_median": 529.1, "reach_m_median": 120.0, "open_water_frac": 1.0, "gap_frac": 0.065, "utm": [514510.0, 5066930.0, 514710.0, 5067130.0]}}, {"type": "Feature", "geometry": {"type": "Polygon", "coordinates": [[[-68.8082864690794, 45.755767152966406], [-68.80828030463779, 45.757567288773174], [-68.81085198315103, 45.75757157505167], [-68.81085806490562, 45.75577143897727], [-68.8082864690794, 45.755767152966406]]]}, "properties": {"res_m": 0.6, "why": "open water", "water_px": 400, "water_ha": 4.0, "shore_m_median": 828.1, "island_m_median": 472.2, "reach_m_median": 112.0, "open_water_frac": 1.0, "gap_frac": 0.048, "utm": [514710.0, 5066930.0, 514910.0, 5067130.0]}}, {"type": "Feature", "geometry": {"type": "Polygon", "coordinates": [[[-68.8057148738382, 45.75576280907643], [-68.80570862670962, 45.75756294461197], [-68.80828030463779, 45.757567288773174], [-68.8082864690794, 45.755767152966406], [-68.8057148738382, 45.75576280907643]]]}, "properties": {"res_m": 0.6, "why": "open water", "water_px": 400, "water_ha": 4.0, "shore_m_median": 1007.2, "island_m_median": 478.9, "reach_m_median": 120.0, "open_water_frac": 1.0, "gap_frac": 0.037, "utm": [514910.0, 5066930.0, 515110.0, 5067130.0]}}, {"type": "Feature", "geometry": {"type": "Polygon", "coordinates": [[[-68.80314327918984, 45.755758407307376], [-68.80313694937439, 45.75755854256809], [-68.80570862670962, 45.75756294461197], [-68.8057148738382, 45.75576280907643], [-68.80314327918984, 45.755758407307376]]]}, "properties": {"res_m": 0.6, "why": "open water", "water_px": 400, "water_ha": 4.0, "shore_m_median": 1193.9, "island_m_median": 554.7, "reach_m_median": 112.0, "open_water_frac": 1.0, "gap_frac": 0.025, "utm": [515110.0, 5066930.0, 515310.0, 5067130.0]}}, {"type": "Feature", "geometry": {"type": "Polygon", "coordinates": [[[-68.8005716851422, 45.75575394765932], [-68.80056527263994, 45.757554082641576], [-68.80313694937439, 45.75755854256809], [-68.80314327918984, 45.755758407307376], [-68.8005716851422, 45.75575394765932]]]}, "properties": {"res_m": 0.6, "why": "open water", "water_px": 400, "water_ha": 4.0, "shore_m_median": 1384.1, "island_m_median": 682.5, "reach_m_median": 112.0, "open_water_frac": 1.0, "gap_frac": 0.05, "utm": [515310.0, 5066930.0, 515510.0, 5067130.0]}}, {"type": "Feature", "geometry": {"type": "Polygon", "coordinates": [[[-68.79800009170312, 45.75574943013226], [-68.7979935965141, 45.75754956483245], [-68.80056527263994, 45.757554082641576], [-68.8005716851422, 45.75575394765932], [-68.79800009170312, 45.75574943013226]]]}, "properties": {"res_m": 0.6, "why": "open water", "water_px": 400, "water_ha": 4.0, "shore_m_median": 1576.7, "island_m_median": 822.5, "reach_m_median": 96.0, "open_water_frac": 1.0, "gap_frac": 0.025, "utm": [515510.0, 5066930.0, 515710.0, 5067130.0]}}, {"type": "Feature", "geometry": {"type": "Polygon", "coordinates": [[[-68.79542849888043, 45.75574485472625], [-68.79542192100476, 45.75754498914075], [-68.7979935965141, 45.75754956483245], [-68.79800009170312, 45.75574943013226], [-68.79542849888043, 45.75574485472625]]]}, "properties": {"res_m": 0.6, "why": "open water", "water_px": 400, "water_ha": 4.0, "shore_m_median": 1732.2, "island_m_median": 926.0, "reach_m_median": 104.0, "open_water_frac": 1.0, "gap_frac": 0.0, "utm": [515710.0, 5066930.0, 515910.0, 5067130.0]}}, {"type": "Feature", "geometry": {"type": "Polygon", "coordinates": [[[-68.79285690668199, 45.75574022144132], [-68.79285024611973, 45.75754035556653], [-68.79542192100476, 45.75754498914075], [-68.79542849888043, 45.75574485472625], [-68.79285690668199, 45.75574022144132]]]}, "properties": {"res_m": 0.6, "why": "open water", "water_px": 400, "water_ha": 4.0, "shore_m_median": 1645.0, "island_m_median": 1032.0, "reach_m_median": 88.0, "open_water_frac": 1.0, "gap_frac": 0.0, "utm": [515910.0, 5066930.0, 516110.0, 5067130.0]}}, {"type": "Feature", "geometry": {"type": "Polygon", "coordinates": [[[-68.79028531511565, 45.75573553027751], [-68.79027857186686, 45.75753566410981], [-68.79285024611973, 45.75754035556653], [-68.79285690668199, 45.75574022144132], [-68.79028531511565, 45.75573553027751]]]}, "properties": {"res_m": 0.6, "why": "open water", "water_px": 400, "water_ha": 4.0, "shore_m_median": 1518.4, "island_m_median": 1159.5, "reach_m_median": 96.0, "open_water_frac": 1.0, "gap_frac": 0.0, "utm": [516110.0, 5066930.0, 516310.0, 5067130.0]}}, {"type": "Feature", "geometry": {"type": "Polygon", "coordinates": [[[-68.78771372418925, 45.75573078123486], [-68.78770689825402, 45.75753091477063], [-68.79027857186686, 45.75753566410981], [-68.79028531511565, 45.75573553027751], [-68.78771372418925, 45.75573078123486]]]}, "properties": {"res_m": 0.6, "why": "open water", "water_px": 400, "water_ha": 4.0, "shore_m_median": 1409.6, "island_m_median": 1109.8, "reach_m_median": 72.0, "open_water_frac": 1.0, "gap_frac": 0.0, "utm": [516310.0, 5066930.0, 516510.0, 5067130.0]}}, {"type": "Feature", "geometry": {"type": "Polygon", "coordinates": [[[-68.78514213391064, 45.755725974313386], [-68.78513522528904, 45.75752610754903], [-68.78770689825402, 45.75753091477063], [-68.78771372418925, 45.75573078123486], [-68.78514213391064, 45.755725974313386]]]}, "properties": {"res_m": 0.6, "why": "open water", "water_px": 400, "water_ha": 4.0, "shore_m_median": 1312.1, "island_m_median": 964.8, "reach_m_median": 88.0, "open_water_frac": 1.0, "gap_frac": 0.0, "utm": [516510.0, 5066930.0, 516710.0, 5067130.0]}}, {"type": "Feature", "geometry": {"type": "Polygon", "coordinates": [[[-68.78257054428765, 45.755721109513146], [-68.78256355297977, 45.75752124244505], [-68.78513522528904, 45.75752610754903], [-68.78514213391064, 45.755725974313386], [-68.78257054428765, 45.755721109513146]]]}, "properties": {"res_m": 0.6, "why": "open water", "water_px": 400, "water_ha": 4.0, "shore_m_median": 1183.7, "island_m_median": 841.6, "reach_m_median": 96.0, "open_water_frac": 1.0, "gap_frac": 0.0, "utm": [516710.0, 5066930.0, 516910.0, 5067130.0]}}, {"type": "Feature", "geometry": {"type": "Polygon", "coordinates": [[[-68.77999895532815, 45.75571618683419], [-68.77999188133406, 45.75751631945872], [-68.78256355297977, 45.75752124244505], [-68.78257054428765, 45.755721109513146], [-68.77999895532815, 45.75571618683419]]]}, "properties": {"res_m": 0.6, "why": "open water", "water_px": 400, "water_ha": 4.0, "shore_m_median": 1046.8, "island_m_median": 752.1, "reach_m_median": 96.0, "open_water_frac": 1.0, "gap_frac": 0.0, "utm": [516910.0, 5066930.0, 517110.0, 5067130.0]}}, {"type": "Feature", "geometry": {"type": "Polygon", "coordinates": [[[-68.77742736703999, 45.75571120627655], [-68.77742021035976, 45.7575113385901], [-68.77999188133406, 45.75751631945872], [-68.77999895532815, 45.75571618683419], [-68.77742736703999, 45.75571120627655]]]}, "properties": {"res_m": 0.6, "why": "open water", "water_px": 400, "water_ha": 4.0, "shore_m_median": 931.7, "island_m_median": 710.0, "reach_m_median": 88.0, "open_water_frac": 1.0, "gap_frac": 0.0, "utm": [517110.0, 5066930.0, 517310.0, 5067130.0]}}, {"type": "Feature", "geometry": {"type": "Polygon", "coordinates": [[[-68.77485577943101, 45.755706167840245], [-68.77484854006471, 45.7575062998392], [-68.77742021035976, 45.7575113385901], [-68.77742736703999, 45.75571120627655], [-68.77485577943101, 45.755706167840245]]]}, "properties": {"res_m": 0.6, "why": "open water", "water_px": 400, "water_ha": 4.0, "shore_m_median": 824.0, "island_m_median": 716.4, "reach_m_median": 80.0, "open_water_frac": 1.0, "gap_frac": 0.0, "utm": [517310.0, 5066930.0, 517510.0, 5067130.0]}}, {"type": "Feature", "geometry": {"type": "Polygon", "coordinates": [[[-68.77228419250905, 45.75570107152534], [-68.77227687045676, 45.757501203206076], [-68.77484854006471, 45.7575062998392], [-68.77485577943101, 45.755706167840245], [-68.77228419250905, 45.75570107152534]]]}, "properties": {"res_m": 0.6, "why": "open water", "water_px": 400, "water_ha": 4.0, "shore_m_median": 715.8, "island_m_median": 774.8, "reach_m_median": 88.0, "open_water_frac": 1.0, "gap_frac": 0.0, "utm": [517510.0, 5066930.0, 517710.0, 5067130.0]}}, {"type": "Feature", "geometry": {"type": "Polygon", "coordinates": [[[-68.76971260628196, 45.755695917331856], [-68.76970520154377, 45.75749604869078], [-68.77227687045676, 45.757501203206076], [-68.77228419250905, 45.75570107152534], [-68.76971260628196, 45.755695917331856]]]}, "properties": {"res_m": 0.6, "why": "open water", "water_px": 400, "water_ha": 4.0, "shore_m_median": 644.4, "island_m_median": 806.1, "reach_m_median": 80.0, "open_water_frac": 1.0, "gap_frac": 0.0, "utm": [517710.0, 5066930.0, 517910.0, 5067130.0]}}, {"type": "Feature", "geometry": {"type": "Polygon", "coordinates": [[[-68.76714102075758, 45.755690705259845], [-68.76713353333359, 45.757490836293336], [-68.76970520154377, 45.75749604869078], [-68.76971260628196, 45.755695917331856], [-68.76714102075758, 45.755690705259845]]]}, "properties": {"res_m": 0.6, "why": "open water", "water_px": 400, "water_ha": 4.0, "shore_m_median": 610.3, "island_m_median": 693.5, "reach_m_median": 84.0, "open_water_frac": 1.0, "gap_frac": 0.0, "utm": [517910.0, 5066930.0, 518110.0, 5067130.0]}}, {"type": "Feature", "geometry": {"type": "Polygon", "coordinates": [[[-68.76456943594376, 45.755685435309346], [-68.76456186583405, 45.7574855660138], [-68.76713353333359, 45.757490836293336], [-68.76714102075758, 45.755690705259845], [-68.76456943594376, 45.755685435309346]]]}, "properties": {"res_m": 0.6, "why": "open water", "water_px": 400, "water_ha": 4.0, "shore_m_median": 501.0, "island_m_median": 610.7, "reach_m_median": 64.0, "open_water_frac": 1.0, "gap_frac": 0.0, "utm": [518110.0, 5066930.0, 518310.0, 5067130.0]}}, {"type": "Feature", "geometry": {"type": "Polygon", "coordinates": [[[-68.76199785184835, 45.7556801074804], [-68.761990199053, 45.75748023785219], [-68.76456186583405, 45.7574855660138], [-68.76456943594376, 45.755685435309346], [-68.76199785184835, 45.7556801074804]]]}, "properties": {"res_m": 0.6, "why": "open water", "water_px": 400, "water_ha": 4.0, "shore_m_median": 374.6, "island_m_median": 590.0, "reach_m_median": 88.0, "open_water_frac": 1.0, "gap_frac": 0.0, "utm": [518310.0, 5066930.0, 518510.0, 5067130.0]}}, {"type": "Feature", "geometry": {"type": "Polygon", "coordinates": [[[-68.7594262684792, 45.755674721773055], [-68.75941853299828, 45.757474851808574], [-68.761990199053, 45.75748023785219], [-68.76199785184835, 45.7556801074804], [-68.7594262684792, 45.755674721773055]]]}, "properties": {"res_m": 0.6, "why": "open water", "water_px": 400, "water_ha": 4.0, "shore_m_median": 320.1, "island_m_median": 517.3, "reach_m_median": 88.0, "open_water_frac": 1.0, "gap_frac": 0.0, "utm": [518510.0, 5066930.0, 518710.0, 5067130.0]}}, {"type": "Feature", "geometry": {"type": "Polygon", "coordinates": [[[-68.75685468584416, 45.755669278187355], [-68.75684686767777, 45.75746940788299], [-68.75941853299828, 45.757474851808574], [-68.7594262684792, 45.755674721773055], [-68.75685468584416, 45.755669278187355]]]}, "properties": {"res_m": 0.6, "why": "open water", "water_px": 400, "water_ha": 4.0, "shore_m_median": 371.4, "island_m_median": 321.0, "reach_m_median": 112.0, "open_water_frac": 1.0, "gap_frac": 0.0, "utm": [518710.0, 5066930.0, 518910.0, 5067130.0]}}, {"type": "Feature", "geometry": {"type": "Polygon", "coordinates": [[[-68.75428310395107, 45.755663776723324], [-68.75427520309928, 45.75746390607546], [-68.75684686767777, 45.75746940788299], [-68.75685468584416, 45.755669278187355], [-68.75428310395107, 45.755663776723324]]]}, "properties": {"res_m": 0.6, "why": "open water", "water_px": 400, "water_ha": 4.0, "shore_m_median": 425.1, "island_m_median": 132.5, "reach_m_median": 96.0, "open_water_frac": 1.0, "gap_frac": 0.0, "utm": [518910.0, 5066930.0, 519110.0, 5067130.0]}}, {"type": "Feature", "geometry": {"type": "Polygon", "coordinates": [[[-68.75171152280777, 45.75565821738105], [-68.7517035392707, 45.75745834638605], [-68.75427520309928, 45.75746390607546], [-68.75428310395107, 45.755663776723324], [-68.75171152280777, 45.75565821738105]]]}, "properties": {"res_m": 0.6, "why": "open water", "water_px": 234, "water_ha": 2.34, "shore_m_median": 388.7, "island_m_median": 28.3, "reach_m_median": 168.0, "open_water_frac": 1.0, "gap_frac": 0.209, "utm": [519110.0, 5066930.0, 519310.0, 5067130.0]}}, {"type": "Feature", "geometry": {"type": "Polygon", "coordinates": [[[-68.74913994242212, 45.75565260016053], [-68.74913187619983, 45.757452728814805], [-68.7517035392707, 45.75745834638605], [-68.75171152280777, 45.75565821738105], [-68.74913994242212, 45.75565260016053]]]}, "properties": {"res_m": 0.6, "why": "open water", "water_px": 400, "water_ha": 4.0, "shore_m_median": 396.8, "island_m_median": 135.3, "reach_m_median": 112.0, "open_water_frac": 1.0, "gap_frac": 0.04, "utm": [519310.0, 5066930.0, 519510.0, 5067130.0]}}, {"type": "Feature", "geometry": {"type": "Polygon", "coordinates": [[[-68.74656836280195, 45.75564692506183], [-68.74656021389454, 45.75744705336176], [-68.74913187619983, 45.757452728814805], [-68.74913994242212, 45.75565260016053], [-68.74656836280195, 45.75564692506183]]]}, "properties": {"res_m": 0.3, "why": "open water the 1954 survey never sounded", "water_px": 400, "water_ha": 4.0, "shore_m_median": 316.9, "island_m_median": 321.0, "reach_m_median": 224.0, "open_water_frac": 1.0, "gap_frac": 0.583, "utm": [519510.0, 5066930.0, 519710.0, 5067130.0]}}, {"type": "Feature", "geometry": {"type": "Polygon", "coordinates": [[[-68.74399678395514, 45.75564119208498], [-68.74398855236268, 45.75744132002696], [-68.74656021389454, 45.75744705336176], [-68.74656836280195, 45.75564692506183], [-68.74399678395514, 45.75564119208498]]]}, "properties": {"res_m": 0.3, "why": "open water the 1954 survey never sounded", "water_px": 400, "water_ha": 4.0, "shore_m_median": 170.0, "island_m_median": 255.0, "reach_m_median": 400.0, "open_water_frac": 0.818, "gap_frac": 1.0, "utm": [519710.0, 5066930.0, 519910.0, 5067130.0]}}, {"type": "Feature", "geometry": {"type": "Polygon", "coordinates": [[[-68.7414252058895, 45.75563540123005], [-68.7414168916121, 45.75743552881046], [-68.74398855236268, 45.75744132002696], [-68.74399678395514, 45.75564119208498], [-68.7414252058895, 45.75563540123005]]]}, "properties": {"res_m": 1.0, "why": "near the mainland shore", "water_px": 379, "water_ha": 3.79, "shore_m_median": 58.3, "island_m_median": 140.4, "reach_m_median": 336.0, "open_water_frac": 0.026, "gap_frac": 0.955, "utm": [519910.0, 5066930.0, 520110.0, 5067130.0]}}, {"type": "Feature", "geometry": {"type": "Polygon", "coordinates": [[[-68.73885362861289, 45.75562955249707], [-68.73884523165064, 45.757429679712295], [-68.7414168916121, 45.75743552881046], [-68.7414252058895, 45.75563540123005], [-68.73885362861289, 45.75562955249707]]]}, "properties": {"res_m": 0.3, "why": "open water the 1954 survey never sounded", "water_px": 400, "water_ha": 4.0, "shore_m_median": 183.0, "island_m_median": 144.2, "reach_m_median": 212.0, "open_water_frac": 0.863, "gap_frac": 0.53, "utm": [520110.0, 5066930.0, 520310.0, 5067130.0]}}, {"type": "Feature", "geometry": {"type": "Polygon", "coordinates": [[[-68.73628205213316, 45.755623645886104], [-68.73627357248616, 45.75742377273252], [-68.73884523165064, 45.757429679712295], [-68.73885362861289, 45.75562955249707], [-68.73628205213316, 45.755623645886104]]]}, "properties": {"res_m": 0.3, "why": "open water the 1954 survey never sounded", "water_px": 400, "water_ha": 4.0, "shore_m_median": 155.4, "island_m_median": 248.4, "reach_m_median": 208.0, "open_water_frac": 0.708, "gap_frac": 0.578, "utm": [520310.0, 5066930.0, 520510.0, 5067130.0]}}, {"type": "Feature", "geometry": {"type": "Polygon", "coordinates": [[[-68.73371047645814, 45.75561768139716], [-68.7337019141265, 45.757417807871185], [-68.73627357248616, 45.75742377273252], [-68.73628205213316, 45.755623645886104], [-68.73371047645814, 45.75561768139716]]]}, "properties": {"res_m": 1.0, "why": "near the mainland shore", "water_px": 334, "water_ha": 3.34, "shore_m_median": 60.0, "island_m_median": 396.1, "reach_m_median": 240.0, "open_water_frac": 0.105, "gap_frac": 0.707, "utm": [520510.0, 5066930.0, 520710.0, 5067130.0]}}, {"type": "Feature", "geometry": {"type": "Polygon", "coordinates": [[[-68.73113890159571, 45.755611659030336], [-68.73113025657949, 45.757411785128326], [-68.7337019141265, 45.757417807871185], [-68.73371047645814, 45.75561768139716], [-68.73113890159571, 45.755611659030336]]]}, "properties": {"res_m": 1.0, "why": "near the mainland shore", "water_px": 21, "water_ha": 0.21, "shore_m_median": 14.1, "island_m_median": 504.5, "reach_m_median": 272.0, "open_water_frac": 0.0, "gap_frac": 0.952, "utm": [520710.0, 5066930.0, 520910.0, 5067130.0]}}, {"type": "Feature", "geometry": {"type": "Polygon", "coordinates": [[[-68.84943690814686, 45.75402864340172], [-68.8494320671646, 45.755828783626704], [-68.85200367128384, 45.7558321435677], [-68.85200842958595, 45.754032003132934], [-68.84943690814686, 45.75402864340172]]]}, "properties": {"res_m": 1.0, "why": "near the mainland shore", "water_px": 15, "water_ha": 0.15, "shore_m_median": 10.0, "island_m_median": 1542.4, "reach_m_median": 1844.0, "open_water_frac": 0.0, "gap_frac": 0.133, "utm": [511510.0, 5066730.0, 511710.0, 5066930.0]}}, {"type": "Feature", "geometry": {"type": "Polygon", "coordinates": [[[-68.82115020436378, 45.753987866550204], [-68.82114445390371, 45.755788004229146], [-68.82371605253729, 45.75579200084404], [-68.82372172031786, 45.75399186291557], [-68.82115020436378, 45.753987866550204]]]}, "properties": {"res_m": 1.0, "why": "near the mainland shore", "water_px": 32, "water_ha": 0.32, "shore_m_median": 14.1, "island_m_median": 859.9, "reach_m_median": 104.0, "open_water_frac": 0.0, "gap_frac": 0.0, "utm": [513710.0, 5066730.0, 513910.0, 5066930.0]}}, {"type": "Feature", "geometry": {"type": "Polygon", "coordinates": [[[-68.81857868895541, 45.75398381230919], [-68.8185728558159, 45.755783949735], [-68.82114445390371, 45.755788004229146], [-68.82115020436378, 45.753987866550204], [-68.81857868895541, 45.75398381230919]]]}, "properties": {"res_m": 1.0, "why": "near the mainland shore", "water_px": 375, "water_ha": 3.75, "shore_m_median": 92.2, "island_m_median": 834.9, "reach_m_median": 96.0, "open_water_frac": 0.328, "gap_frac": 0.0, "utm": [513910.0, 5066730.0, 514110.0, 5066930.0]}}, {"type": "Feature", "geometry": {"type": "Polygon", "coordinates": [[[-68.8160071741006, 45.75397970019255], [-68.81600125828172, 45.75577983736161], [-68.8185728558159, 45.755783949735], [-68.81857868895541, 45.75398381230919], [-68.8160071741006, 45.75397970019255]]]}, "properties": {"res_m": 0.6, "why": "open water", "water_px": 400, "water_ha": 4.0, "shore_m_median": 233.2, "island_m_median": 680.2, "reach_m_median": 104.0, "open_water_frac": 0.978, "gap_frac": 0.0, "utm": [514110.0, 5066730.0, 514310.0, 5066930.0]}}, {"type": "Feature", "geometry": {"type": "Polygon", "coordinates": [[[-68.8134356598072, 45.75397553020034], [-68.81342966130902, 45.75577566710903], [-68.81600125828172, 45.75577983736161], [-68.8160071741006, 45.75397970019255], [-68.8134356598072, 45.75397553020034]]]}, "properties": {"res_m": 0.6, "why": "open water", "water_px": 400, "water_ha": 4.0, "shore_m_median": 384.8, "island_m_median": 509.1, "reach_m_median": 88.0, "open_water_frac": 1.0, "gap_frac": 0.0, "utm": [514310.0, 5066730.0, 514510.0, 5066930.0]}}, {"type": "Feature", "geometry": {"type": "Polygon", "coordinates": [[[-68.81086414608306, 45.75397130233257], [-68.81085806490562, 45.75577143897727], [-68.81342966130902, 45.75577566710903], [-68.8134356598072, 45.75397553020034], [-68.81086414608306, 45.75397130233257]]]}, "properties": {"res_m": 0.6, "why": "open water", "water_px": 400, "water_ha": 4.0, "shore_m_median": 563.4, "island_m_median": 362.4, "reach_m_median": 120.0, "open_water_frac": 1.0, "gap_frac": 0.055, "utm": [514510.0, 5066730.0, 514710.0, 5066930.0]}}, {"type": "Feature", "geometry": {"type": "Polygon", "coordinates": [[[-68.808292632936, 45.75396701658929], [-68.8082864690794, 45.755767152966406], [-68.81085806490562, 45.75577143897727], [-68.81086414608306, 45.75397130233257], [-68.808292632936, 45.75396701658929]]]}, "properties": {"res_m": 0.6, "why": "open water", "water_px": 400, "water_ha": 4.0, "shore_m_median": 753.0, "island_m_median": 276.9, "reach_m_median": 128.0, "open_water_frac": 1.0, "gap_frac": 0.075, "utm": [514710.0, 5066730.0, 514910.0, 5066930.0]}}, {"type": "Feature", "geometry": {"type": "Polygon", "coordinates": [[[-68.8057211203739, 45.75396267297052], [-68.8057148738382, 45.75576280907643], [-68.8082864690794, 45.755767152966406], [-68.808292632936, 45.75396701658929], [-68.8057211203739, 45.75396267297052]]]}, "properties": {"res_m": 0.6, "why": "open water", "water_px": 400, "water_ha": 4.0, "shore_m_median": 946.2, "island_m_median": 288.5, "reach_m_median": 136.0, "open_water_frac": 1.0, "gap_frac": 0.14, "utm": [514910.0, 5066730.0, 515110.0, 5066930.0]}}, {"type": "Feature", "geometry": {"type": "Polygon", "coordinates": [[[-68.80314960840458, 45.753958271476314], [-68.80314327918984, 45.755758407307376], [-68.8057148738382, 45.75576280907643], [-68.8057211203739, 45.75396267297052], [-68.80314960840458, 45.753958271476314]]]}, "properties": {"res_m": 0.6, "why": "open water", "water_px": 400, "water_ha": 4.0, "shore_m_median": 1141.9, "island_m_median": 403.1, "reach_m_median": 136.0, "open_water_frac": 1.0, "gap_frac": 0.115, "utm": [515110.0, 5066730.0, 515310.0, 5066930.0]}}, {"type": "Feature", "geometry": {"type": "Polygon", "coordinates": [[[-68.8005780970359, 45.75395381210668], [-68.8005716851422, 45.75575394765932], [-68.80314327918984, 45.755758407307376], [-68.80314960840458, 45.753958271476314], [-68.8005780970359, 45.75395381210668]]]}, "properties": {"res_m": 0.6, "why": "open water", "water_px": 400, "water_ha": 4.0, "shore_m_median": 1337.9, "island_m_median": 554.7, "reach_m_median": 128.0, "open_water_frac": 1.0, "gap_frac": 0.075, "utm": [515310.0, 5066730.0, 515510.0, 5066930.0]}}, {"type": "Feature", "geometry": {"type": "Polygon", "coordinates": [[[-68.79800658627572, 45.75394929486167], [-68.79800009170312, 45.75574943013226], [-68.8005716851422, 45.75575394765932], [-68.8005780970359, 45.75395381210668], [-68.79800658627572, 45.75394929486167]]]}, "properties": {"res_m": 0.6, "why": "open water", "water_px": 400, "water_ha": 4.0, "shore_m_median": 1534.2, "island_m_median": 663.6, "reach_m_median": 128.0, "open_water_frac": 1.0, "gap_frac": 0.105, "utm": [515510.0, 5066730.0, 515710.0, 5066930.0]}}, {"type": "Feature", "geometry": {"type": "Polygon", "coordinates": [[[-68.79543507613184, 45.75394471974133], [-68.79542849888043, 45.75574485472625], [-68.79800009170312, 45.75574943013226], [-68.79800658627572, 45.75394929486167], [-68.79543507613184, 45.75394471974133]]]}, "properties": {"res_m": 0.6, "why": "open water", "water_px": 400, "water_ha": 4.0, "shore_m_median": 1643.7, "island_m_median": 752.9, "reach_m_median": 160.0, "open_water_frac": 1.0, "gap_frac": 0.29, "utm": [515710.0, 5066730.0, 515910.0, 5066930.0]}}, {"type": "Feature", "geometry": {"type": "Polygon", "coordinates": [[[-68.79286356661216, 45.75394008674567], [-68.79285690668199, 45.75574022144132], [-68.79542849888043, 45.75574485472625], [-68.79543507613184, 45.75394471974133], [-68.79286356661216, 45.75394008674567]]]}, "properties": {"res_m": 0.6, "why": "open water", "water_px": 400, "water_ha": 4.0, "shore_m_median": 1501.1, "island_m_median": 879.7, "reach_m_median": 152.0, "open_water_frac": 1.0, "gap_frac": 0.228, "utm": [515910.0, 5066730.0, 516110.0, 5066930.0]}}, {"type": "Feature", "geometry": {"type": "Polygon", "coordinates": [[[-68.79029205772449, 45.753935395874755], [-68.79028531511565, 45.75573553027751], [-68.79285690668199, 45.75574022144132], [-68.79286356661216, 45.75394008674567], [-68.79029205772449, 45.753935395874755]]]}, "properties": {"res_m": 0.6, "why": "open water", "water_px": 400, "water_ha": 4.0, "shore_m_median": 1363.8, "island_m_median": 1027.6, "reach_m_median": 160.0, "open_water_frac": 1.0, "gap_frac": 0.26, "utm": [516110.0, 5066730.0, 516310.0, 5066930.0]}}, {"type": "Feature", "geometry": {"type": "Polygon", "coordinates": [[[-68.78772054947669, 45.753930647128584], [-68.78771372418925, 45.75573078123486], [-68.79028531511565, 45.75573553027751], [-68.79029205772449, 45.753935395874755], [-68.78772054947669, 45.753930647128584]]]}, "properties": {"res_m": 0.6, "why": "open water", "water_px": 400, "water_ha": 4.0, "shore_m_median": 1240.3, "island_m_median": 1081.9, "reach_m_median": 192.0, "open_water_frac": 1.0, "gap_frac": 0.432, "utm": [516310.0, 5066730.0, 516510.0, 5066930.0]}}, {"type": "Feature", "geometry": {"type": "Polygon", "coordinates": [[[-68.7851490418766, 45.75392584050725], [-68.78514213391064, 45.755725974313386], [-68.78771372418925, 45.75573078123486], [-68.78772054947669, 45.753930647128584], [-68.7851490418766, 45.75392584050725]]]}, "properties": {"res_m": 0.6, "why": "open water", "water_px": 400, "water_ha": 4.0, "shore_m_median": 1140.3, "island_m_median": 949.6, "reach_m_median": 200.0, "open_water_frac": 1.0, "gap_frac": 0.492, "utm": [516510.0, 5066730.0, 516710.0, 5066930.0]}}, {"type": "Feature", "geometry": {"type": "Polygon", "coordinates": [[[-68.78257753493207, 45.75392097601075], [-68.78257054428765, 45.755721109513146], [-68.78514213391064, 45.755725974313386], [-68.7851490418766, 45.75392584050725], [-68.78257753493207, 45.75392097601075]]]}, "properties": {"res_m": 0.6, "why": "open water", "water_px": 400, "water_ha": 4.0, "shore_m_median": 1040.6, "island_m_median": 841.1, "reach_m_median": 200.0, "open_water_frac": 1.0, "gap_frac": 0.448, "utm": [516710.0, 5066730.0, 516910.0, 5066930.0]}}, {"type": "Feature", "geometry": {"type": "Polygon", "coordinates": [[[-68.78000602865094, 45.75391605363913], [-68.77999895532815, 45.75571618683419], [-68.78257054428765, 45.755721109513146], [-68.78257753493207, 45.75392097601075], [-68.78000602865094, 45.75391605363913]]]}, "properties": {"res_m": 0.6, "why": "open water", "water_px": 400, "water_ha": 4.0, "shore_m_median": 902.4, "island_m_median": 769.3, "reach_m_median": 192.0, "open_water_frac": 1.0, "gap_frac": 0.42, "utm": [516910.0, 5066730.0, 517110.0, 5066930.0]}}, {"type": "Feature", "geometry": {"type": "Polygon", "coordinates": [[[-68.77743452304107, 45.75391107339244], [-68.77742736703999, 45.75571120627655], [-68.77999895532815, 45.75571618683419], [-68.78000602865094, 45.75391605363913], [-68.77743452304107, 45.75391107339244]]]}, "properties": {"res_m": 0.6, "why": "open water", "water_px": 400, "water_ha": 4.0, "shore_m_median": 765.9, "island_m_median": 747.2, "reach_m_median": 200.0, "open_water_frac": 1.0, "gap_frac": 0.468, "utm": [517110.0, 5066730.0, 517310.0, 5066930.0]}}, {"type": "Feature", "geometry": {"type": "Polygon", "coordinates": [[[-68.77486301811028, 45.75390603527071], [-68.77485577943101, 45.755706167840245], [-68.77742736703999, 45.75571120627655], [-68.77743452304107, 45.75391107339244], [-68.77486301811028, 45.75390603527071]]]}, "properties": {"res_m": 0.3, "why": "open water the 1954 survey never sounded", "water_px": 400, "water_ha": 4.0, "shore_m_median": 658.3, "island_m_median": 765.3, "reach_m_median": 208.0, "open_water_frac": 1.0, "gap_frac": 0.522, "utm": [517310.0, 5066730.0, 517510.0, 5066930.0]}}, {"type": "Feature", "geometry": {"type": "Polygon", "coordinates": [[[-68.77229151386645, 45.75390093927398], [-68.77228419250905, 45.75570107152534], [-68.77485577943101, 45.755706167840245], [-68.77486301811028, 45.75390603527071], [-68.77229151386645, 45.75390093927398]]]}, "properties": {"res_m": 0.3, "why": "open water the 1954 survey never sounded", "water_px": 400, "water_ha": 4.0, "shore_m_median": 546.9, "island_m_median": 832.2, "reach_m_median": 240.0, "open_water_frac": 1.0, "gap_frac": 0.685, "utm": [517510.0, 5066730.0, 517710.0, 5066930.0]}}, {"type": "Feature", "geometry": {"type": "Polygon", "coordinates": [[[-68.76972001031741, 45.75389578540231], [-68.76971260628196, 45.755695917331856], [-68.77228419250905, 45.75570107152534], [-68.77229151386645, 45.75390093927398], [-68.76972001031741, 45.75389578540231]]]}, "properties": {"res_m": 0.3, "why": "open water the 1954 survey never sounded", "water_px": 400, "water_ha": 4.0, "shore_m_median": 452.9, "island_m_median": 910.0, "reach_m_median": 232.0, "open_water_frac": 1.0, "gap_frac": 0.665, "utm": [517710.0, 5066730.0, 517910.0, 5066930.0]}}, {"type": "Feature", "geometry": {"type": "Polygon", "coordinates": [[[-68.76714850747099, 45.7538905736557], [-68.76714102075758, 45.755690705259845], [-68.76971260628196, 45.755695917331856], [-68.76972001031741, 45.75389578540231], [-68.76714850747099, 45.7538905736557]]]}, "properties": {"res_m": 0.3, "why": "open water the 1954 survey never sounded", "water_px": 400, "water_ha": 4.0, "shore_m_median": 420.0, "island_m_median": 867.9, "reach_m_median": 232.0, "open_water_frac": 1.0, "gap_frac": 0.675, "utm": [517910.0, 5066730.0, 518110.0, 5066930.0]}}, {"type": "Feature", "geometry": {"type": "Polygon", "coordinates": [[[-68.76457700533507, 45.753885304034235], [-68.76456943594376, 45.755685435309346], [-68.76714102075758, 45.755690705259845], [-68.76714850747099, 45.7538905736557], [-68.76457700533507, 45.753885304034235]]]}, "properties": {"res_m": 0.3, "why": "open water the 1954 survey never sounded", "water_px": 400, "water_ha": 4.0, "shore_m_median": 355.6, "island_m_median": 804.1, "reach_m_median": 224.0, "open_water_frac": 1.0, "gap_frac": 0.627, "utm": [518110.0, 5066730.0, 518310.0, 5066930.0]}}, {"type": "Feature", "geometry": {"type": "Polygon", "coordinates": [[[-68.76200550391745, 45.75387997653794], [-68.76199785184835, 45.7556801074804], [-68.76456943594376, 45.755685435309346], [-68.76457700533507, 45.753885304034235], [-68.76200550391745, 45.75387997653794]]]}, "properties": {"res_m": 0.3, "why": "open water the 1954 survey never sounded", "water_px": 400, "water_ha": 4.0, "shore_m_median": 227.4, "island_m_median": 717.4, "reach_m_median": 216.0, "open_water_frac": 0.958, "gap_frac": 0.64, "utm": [518310.0, 5066730.0, 518510.0, 5066930.0]}}, {"type": "Feature", "geometry": {"type": "Polygon", "coordinates": [[[-68.75943400322602, 45.75387459116685], [-68.7594262684792, 45.755674721773055], [-68.76199785184835, 45.7556801074804], [-68.76200550391745, 45.75387997653794], [-68.75943400322602, 45.75387459116685]]]}, "properties": {"res_m": 0.3, "why": "open water the 1954 survey never sounded", "water_px": 400, "water_ha": 4.0, "shore_m_median": 125.3, "island_m_median": 538.1, "reach_m_median": 264.0, "open_water_frac": 0.532, "gap_frac": 0.848, "utm": [518510.0, 5066730.0, 518710.0, 5066930.0]}}, {"type": "Feature", "geometry": {"type": "Polygon", "coordinates": [[[-68.75686250326861, 45.75386914792101], [-68.75685468584416, 45.755669278187355], [-68.7594262684792, 45.755674721773055], [-68.75943400322602, 45.75387459116685], [-68.75686250326861, 45.75386914792101]]]}, "properties": {"res_m": 0.3, "why": "open water the 1954 survey never sounded", "water_px": 400, "water_ha": 4.0, "shore_m_median": 220.2, "island_m_median": 352.3, "reach_m_median": 280.0, "open_water_frac": 0.953, "gap_frac": 0.87, "utm": [518710.0, 5066730.0, 518910.0, 5066930.0]}}, {"type": "Feature", "geometry": {"type": "Polygon", "coordinates": [[[-68.75429100405306, 45.75386364680047], [-68.75428310395107, 45.755663776723324], [-68.75685468584416, 45.755669278187355], [-68.75686250326861, 45.75386914792101], [-68.75429100405306, 45.75386364680047]]]}, "properties": {"res_m": 0.3, "why": "open water the 1954 survey never sounded", "water_px": 400, "water_ha": 4.0, "shore_m_median": 238.1, "island_m_median": 189.2, "reach_m_median": 280.0, "open_water_frac": 0.995, "gap_frac": 0.875, "utm": [518910.0, 5066730.0, 519110.0, 5066930.0]}}, {"type": "Feature", "geometry": {"type": "Polygon", "coordinates": [[[-68.75171950558722, 45.75385808780526], [-68.75171152280777, 45.75565821738105], [-68.75428310395107, 45.755663776723324], [-68.75429100405306, 45.75386364680047], [-68.75171950558722, 45.75385808780526]]]}, "properties": {"res_m": 0.3, "why": "open water the 1954 survey never sounded", "water_px": 400, "water_ha": 4.0, "shore_m_median": 225.2, "island_m_median": 127.7, "reach_m_median": 304.0, "open_water_frac": 0.985, "gap_frac": 0.975, "utm": [519110.0, 5066730.0, 519310.0, 5066930.0]}}, {"type": "Feature", "geometry": {"type": "Polygon", "coordinates": [[[-68.74914800787893, 45.75385247093545], [-68.74913994242212, 45.75565260016053], [-68.75171152280777, 45.75565821738105], [-68.75171950558722, 45.75385808780526], [-68.74914800787893, 45.75385247093545]]]}, "properties": {"res_m": 0.3, "why": "open water the 1954 survey never sounded", "water_px": 400, "water_ha": 4.0, "shore_m_median": 320.2, "island_m_median": 240.4, "reach_m_median": 304.0, "open_water_frac": 1.0, "gap_frac": 0.96, "utm": [519310.0, 5066730.0, 519510.0, 5066930.0]}}, {"type": "Feature", "geometry": {"type": "Polygon", "coordinates": [[[-68.74657651093604, 45.75384679619107], [-68.74656836280195, 45.75564692506183], [-68.74913994242212, 45.75565260016053], [-68.74914800787893, 45.75385247093545], [-68.74657651093604, 45.75384679619107]]]}, "properties": {"res_m": 0.3, "why": "open water the 1954 survey never sounded", "water_px": 400, "water_ha": 4.0, "shore_m_median": 418.7, "island_m_median": 246.5, "reach_m_median": 352.0, "open_water_frac": 1.0, "gap_frac": 1.0, "utm": [519510.0, 5066730.0, 519710.0, 5066930.0]}}, {"type": "Feature", "geometry": {"type": "Polygon", "coordinates": [[[-68.7440050147664, 45.75384106357217], [-68.74399678395514, 45.75564119208498], [-68.74656836280195, 45.75564692506183], [-68.74657651093604, 45.75384679619107], [-68.7440050147664, 45.75384106357217]]]}, "properties": {"res_m": 0.3, "why": "open water the 1954 survey never sounded", "water_px": 400, "water_ha": 4.0, "shore_m_median": 298.3, "island_m_median": 220.0, "reach_m_median": 488.0, "open_water_frac": 1.0, "gap_frac": 1.0, "utm": [519710.0, 5066730.0, 519910.0, 5066930.0]}}, {"type": "Feature", "geometry": {"type": "Polygon", "coordinates": [[[-68.74143351937785, 45.75383527307878], [-68.7414252058895, 45.75563540123005], [-68.74399678395514, 45.75564119208498], [-68.7440050147664, 45.75384106357217], [-68.74143351937785, 45.75383527307878]]]}, "properties": {"res_m": 0.3, "why": "open water the 1954 survey never sounded", "water_px": 400, "water_ha": 4.0, "shore_m_median": 204.9, "island_m_median": 190.7, "reach_m_median": 456.0, "open_water_frac": 0.943, "gap_frac": 1.0, "utm": [519910.0, 5066730.0, 520110.0, 5066930.0]}}, {"type": "Feature", "geometry": {"type": "Polygon", "coordinates": [[[-68.73886202477826, 45.753829424710965], [-68.73885362861289, 45.75562955249707], [-68.7414252058895, 45.75563540123005], [-68.74143351937785, 45.75383527307878], [-68.73886202477826, 45.753829424710965]]]}, "properties": {"res_m": 0.3, "why": "open water the 1954 survey never sounded", "water_px": 353, "water_ha": 3.53, "shore_m_median": 250.0, "island_m_median": 50.0, "reach_m_median": 320.0, "open_water_frac": 1.0, "gap_frac": 0.96, "utm": [520110.0, 5066730.0, 520310.0, 5066930.0]}}, {"type": "Feature", "geometry": {"type": "Polygon", "coordinates": [[[-68.73629053097542, 45.753823518468764], [-68.73628205213316, 45.755623645886104], [-68.73885362861289, 45.75562955249707], [-68.73886202477826, 45.753829424710965], [-68.73629053097542, 45.753823518468764]]]}, "properties": {"res_m": 0.6, "why": "open water", "water_px": 400, "water_ha": 4.0, "shore_m_median": 266.6, "island_m_median": 161.6, "reach_m_median": 128.0, "open_water_frac": 1.0, "gap_frac": 0.075, "utm": [520310.0, 5066730.0, 520510.0, 5066930.0]}}, {"type": "Feature", "geometry": {"type": "Polygon", "coordinates": [[[-68.73371903797724, 45.753817554352224], [-68.73371047645814, 45.75561768139716], [-68.73628205213316, 45.755623645886104], [-68.73629053097542, 45.753823518468764], [-68.73371903797724, 45.753817554352224]]]}, "properties": {"res_m": 0.6, "why": "open water", "water_px": 400, "water_ha": 4.0, "shore_m_median": 125.3, "island_m_median": 360.0, "reach_m_median": 120.0, "open_water_frac": 0.552, "gap_frac": 0.03, "utm": [520510.0, 5066730.0, 520710.0, 5066930.0]}}, {"type": "Feature", "geometry": {"type": "Polygon", "coordinates": [[[-68.73114754579152, 45.753811532361404], [-68.73113890159571, 45.755611659030336], [-68.73371047645814, 45.75561768139716], [-68.73371903797724, 45.753817554352224], [-68.73114754579152, 45.753811532361404]]]}, "properties": {"res_m": 1.0, "why": "near the mainland shore", "water_px": 169, "water_ha": 1.69, "shore_m_median": 40.0, "island_m_median": 500.1, "reach_m_median": 240.0, "open_water_frac": 0.0, "gap_frac": 0.858, "utm": [520710.0, 5066730.0, 520910.0, 5066930.0]}}, {"type": "Feature", "geometry": {"type": "Polygon", "coordinates": [[[-68.72343307418767, 45.75379311914364], [-68.7234241819623, 45.755593244662904], [-68.72599575433995, 45.75559944066316], [-68.72600456388889, 45.75379931475705], [-68.72343307418767, 45.75379311914364]]]}, "properties": {"res_m": 0.6, "why": "far outside the survey's reach", "water_px": 62, "water_ha": 0.62, "shore_m_median": 20.0, "island_m_median": 1066.0, "reach_m_median": 904.0, "open_water_frac": 0.0, "gap_frac": 1.0, "utm": [521310.0, 5066730.0, 521510.0, 5066930.0]}}, {"type": "Feature", "geometry": {"type": "Polygon", "coordinates": [[[-68.72240447854303, 45.75379062469352], [-68.7223955532471, 45.75559075005704], [-68.7234241819623, 45.755593244662904], [-68.72343307418767, 45.75379311914364], [-68.72240447854303, 45.75379062469352]]]}, "properties": {"res_m": 0.6, "why": "far outside the survey's reach", "water_px": 12, "water_ha": 0.12, "shore_m_median": 12.1, "island_m_median": 1132.1, "reach_m_median": 968.0, "open_water_frac": 0.0, "gap_frac": 1.0, "utm": [521510.0, 5066730.0, 521590.0, 5066930.0]}}, {"type": "Feature", "geometry": {"type": "Polygon", "coordinates": [[[-68.8494417486697, 45.75222850260664], [-68.84943690814686, 45.75402864340172], [-68.85200842958595, 45.754032003132934], [-68.8520131874365, 45.75223186212809], [-68.8494417486697, 45.75222850260664]]]}, "properties": {"res_m": 0.6, "why": "far outside the survey's reach", "water_px": 50, "water_ha": 0.5, "shore_m_median": 10.0, "island_m_median": 1385.1, "reach_m_median": 1792.0, "open_water_frac": 0.0, "gap_frac": 0.54, "utm": [511510.0, 5066530.0, 511710.0, 5066730.0]}}, {"type": "Feature", "geometry": {"type": "Polygon", "coordinates": [[[-68.84687031036225, 45.75222508521282], [-68.84686538716717, 45.754025225794514], [-68.84943690814686, 45.75402864340172], [-68.8494417486697, 45.75222850260664], [-68.84687031036225, 45.75222508521282]]]}, "properties": {"res_m": 0.6, "why": "far outside the survey's reach", "water_px": 45, "water_ha": 0.45, "shore_m_median": 10.0, "island_m_median": 1182.1, "reach_m_median": 1664.0, "open_water_frac": 0.0, "gap_frac": 0.644, "utm": [511710.0, 5066530.0, 511910.0, 5066730.0]}}, {"type": "Feature", "geometry": {"type": "Polygon", "coordinates": [[[-68.81858452154137, 45.75218367431312], [-68.81857868895541, 45.75398381230919], [-68.82115020436378, 45.753987866550204], [-68.82115595427815, 45.75218772830102], [-68.81858452154137, 45.75218367431312]]]}, "properties": {"res_m": 1.0, "why": "near the mainland shore", "water_px": 103, "water_ha": 1.03, "shore_m_median": 22.4, "island_m_median": 746.3, "reach_m_median": 224.0, "open_water_frac": 0.0, "gap_frac": 0.67, "utm": [513910.0, 5066530.0, 514110.0, 5066730.0]}}, {"type": "Feature", "geometry": {"type": "Polygon", "coordinates": [[[-68.81601308935808, 45.752179562453236], [-68.8160071741006, 45.75397970019255], [-68.81857868895541, 45.75398381230919], [-68.81858452154137, 45.75218367431312], [-68.81601308935808, 45.752179562453236]]]}, "properties": {"res_m": 0.3, "why": "open water the 1954 survey never sounded", "water_px": 400, "water_ha": 4.0, "shore_m_median": 126.5, "island_m_median": 599.2, "reach_m_median": 252.0, "open_water_frac": 0.535, "gap_frac": 0.945, "utm": [514110.0, 5066530.0, 514310.0, 5066730.0]}}, {"type": "Feature", "geometry": {"type": "Polygon", "coordinates": [[[-68.81344165773613, 45.75217539272136], [-68.8134356598072, 45.75397553020034], [-68.8160071741006, 45.75397970019255], [-68.81601308935808, 45.752179562453236], [-68.81344165773613, 45.75217539272136]]]}, "properties": {"res_m": 0.3, "why": "open water the 1954 survey never sounded", "water_px": 400, "water_ha": 4.0, "shore_m_median": 320.2, "island_m_median": 428.5, "reach_m_median": 240.0, "open_water_frac": 1.0, "gap_frac": 0.83, "utm": [514310.0, 5066530.0, 514510.0, 5066730.0]}}, {"type": "Feature", "geometry": {"type": "Polygon", "coordinates": [[[-68.81087022668339, 45.75217116511756], [-68.81086414608306, 45.75397130233257], [-68.8134356598072, 45.75397553020034], [-68.81344165773613, 45.75217539272136], [-68.81087022668339, 45.75217116511756]]]}, "properties": {"res_m": 0.3, "why": "open water the 1954 survey never sounded", "water_px": 400, "water_ha": 4.0, "shore_m_median": 516.2, "island_m_median": 240.3, "reach_m_median": 248.0, "open_water_frac": 1.0, "gap_frac": 0.912, "utm": [514510.0, 5066530.0, 514710.0, 5066730.0]}}, {"type": "Feature", "geometry": {"type": "Polygon", "coordinates": [[[-68.80829879620767, 45.75216687964186], [-68.808292632936, 45.75396701658929], [-68.81086414608306, 45.75397130233257], [-68.81087022668339, 45.75217116511756], [-68.80829879620767, 45.75216687964186]]]}, "properties": {"res_m": 0.3, "why": "open water the 1954 survey never sounded", "water_px": 370, "water_ha": 3.7, "shore_m_median": 705.9, "island_m_median": 100.5, "reach_m_median": 248.0, "open_water_frac": 1.0, "gap_frac": 0.859, "utm": [514710.0, 5066530.0, 514910.0, 5066730.0]}}, {"type": "Feature", "geometry": {"type": "Polygon", "coordinates": [[[-68.80572736631682, 45.75216253629428], [-68.8057211203739, 45.75396267297052], [-68.808292632936, 45.75396701658929], [-68.80829879620767, 45.75216687964186], [-68.80572736631682, 45.75216253629428]]]}, "properties": {"res_m": 0.3, "why": "open water the 1954 survey never sounded", "water_px": 393, "water_ha": 3.93, "shore_m_median": 912.7, "island_m_median": 133.4, "reach_m_median": 256.0, "open_water_frac": 1.0, "gap_frac": 0.868, "utm": [514910.0, 5066530.0, 515110.0, 5066730.0]}}, {"type": "Feature", "geometry": {"type": "Polygon", "coordinates": [[[-68.80315593701869, 45.75215813507487], [-68.80314960840458, 45.753958271476314], [-68.8057211203739, 45.75396267297052], [-68.80572736631682, 45.75216253629428], [-68.80315593701869, 45.75215813507487]]]}, "properties": {"res_m": 0.3, "why": "open water the 1954 survey never sounded", "water_px": 400, "water_ha": 4.0, "shore_m_median": 1110.6, "island_m_median": 291.5, "reach_m_median": 240.0, "open_water_frac": 1.0, "gap_frac": 0.795, "utm": [515110.0, 5066530.0, 515310.0, 5066730.0]}}, {"type": "Feature", "geometry": {"type": "Polygon", "coordinates": [[[-68.80058450832112, 45.752153675983664], [-68.8005780970359, 45.75395381210668], [-68.80314960840458, 45.753958271476314], [-68.80315593701869, 45.75215813507487], [-68.80058450832112, 45.752153675983664]]]}, "properties": {"res_m": 0.3, "why": "open water the 1954 survey never sounded", "water_px": 400, "water_ha": 4.0, "shore_m_median": 1310.2, "island_m_median": 416.5, "reach_m_median": 240.0, "open_water_frac": 1.0, "gap_frac": 0.75, "utm": [515310.0, 5066530.0, 515510.0, 5066730.0]}}, {"type": "Feature", "geometry": {"type": "Polygon", "coordinates": [[[-68.79801308023197, 45.75214915902068], [-68.79800658627572, 45.75394929486167], [-68.8005780970359, 45.75395381210668], [-68.80058450832112, 45.752153675983664], [-68.79801308023197, 45.75214915902068]]]}, "properties": {"res_m": 0.3, "why": "open water the 1954 survey never sounded", "water_px": 400, "water_ha": 4.0, "shore_m_median": 1510.1, "island_m_median": 480.5, "reach_m_median": 232.0, "open_water_frac": 1.0, "gap_frac": 0.685, "utm": [515510.0, 5066530.0, 515710.0, 5066730.0]}}, {"type": "Feature", "geometry": {"type": "Polygon", "coordinates": [[[-68.7954416527591, 45.752144584185984], [-68.79543507613184, 45.75394471974133], [-68.79800658627572, 45.75394929486167], [-68.79801308023197, 45.75214915902068], [-68.7954416527591, 45.752144584185984]]]}, "properties": {"res_m": 0.3, "why": "open water the 1954 survey never sounded", "water_px": 400, "water_ha": 4.0, "shore_m_median": 1536.7, "island_m_median": 598.6, "reach_m_median": 248.0, "open_water_frac": 1.0, "gap_frac": 0.75, "utm": [515710.0, 5066530.0, 515910.0, 5066730.0]}}, {"type": "Feature", "geometry": {"type": "Polygon", "coordinates": [[[-68.7928702259103, 45.75213995147958], [-68.79286356661216, 45.75394008674567], [-68.79543507613184, 45.75394471974133], [-68.7954416527591, 45.752144584185984], [-68.7928702259103, 45.75213995147958]]]}, "properties": {"res_m": 0.3, "why": "open water the 1954 survey never sounded", "water_px": 400, "water_ha": 4.0, "shore_m_median": 1373.0, "island_m_median": 749.2, "reach_m_median": 240.0, "open_water_frac": 1.0, "gap_frac": 0.67, "utm": [515910.0, 5066530.0, 516110.0, 5066730.0]}}, {"type": "Feature", "geometry": {"type": "Polygon", "coordinates": [[[-68.79029879969346, 45.75213526090153], [-68.79029205772449, 45.753935395874755], [-68.79286356661216, 45.75394008674567], [-68.7928702259103, 45.75213995147958], [-68.79029879969346, 45.75213526090153]]]}, "properties": {"res_m": 0.6, "why": "open water", "water_px": 400, "water_ha": 4.0, "shore_m_median": 1219.2, "island_m_median": 917.5, "reach_m_median": 200.0, "open_water_frac": 1.0, "gap_frac": 0.465, "utm": [516110.0, 5066530.0, 516310.0, 5066730.0]}}, {"type": "Feature", "geometry": {"type": "Polygon", "coordinates": [[[-68.78772737411641, 45.75213051245187], [-68.78772054947669, 45.753930647128584], [-68.79029205772449, 45.753935395874755], [-68.79029879969346, 45.75213526090153], [-68.78772737411641, 45.75213051245187]]]}, "properties": {"res_m": 0.3, "why": "open water the 1954 survey never sounded", "water_px": 400, "water_ha": 4.0, "shore_m_median": 1082.0, "island_m_median": 949.6, "reach_m_median": 212.0, "open_water_frac": 1.0, "gap_frac": 0.515, "utm": [516310.0, 5066530.0, 516510.0, 5066730.0]}}, {"type": "Feature", "geometry": {"type": "Polygon", "coordinates": [[[-68.78515594918699, 45.75212570613061], [-68.7851490418766, 45.75392584050725], [-68.78772054947669, 45.753930647128584], [-68.78772737411641, 45.75213051245187], [-68.78515594918699, 45.75212570613061]]]}, "properties": {"res_m": 0.3, "why": "open water the 1954 survey never sounded", "water_px": 400, "water_ha": 4.0, "shore_m_median": 964.6, "island_m_median": 800.2, "reach_m_median": 212.0, "open_water_frac": 1.0, "gap_frac": 0.522, "utm": [516510.0, 5066530.0, 516710.0, 5066730.0]}}, {"type": "Feature", "geometry": {"type": "Polygon", "coordinates": [[[-68.78258452491306, 45.752120841937824], [-68.78257753493207, 45.75392097601075], [-68.7851490418766, 45.75392584050725], [-68.78515594918699, 45.75212570613061], [-68.78258452491306, 45.752120841937824]]]}, "properties": {"res_m": 0.6, "why": "open water", "water_px": 400, "water_ha": 4.0, "shore_m_median": 876.5, "island_m_median": 671.5, "reach_m_median": 200.0, "open_water_frac": 1.0, "gap_frac": 0.46, "utm": [516710.0, 5066530.0, 516910.0, 5066730.0]}}, {"type": "Feature", "geometry": {"type": "Polygon", "coordinates": [[[-68.78001310130246, 45.75211591987353], [-68.78000602865094, 45.75391605363913], [-68.78257753493207, 45.75392097601075], [-68.78258452491306, 45.752120841937824], [-68.78001310130246, 45.75211591987353]]]}, "properties": {"res_m": 0.6, "why": "open water", "water_px": 400, "water_ha": 4.0, "shore_m_median": 771.9, "island_m_median": 578.7, "reach_m_median": 200.0, "open_water_frac": 1.0, "gap_frac": 0.425, "utm": [516910.0, 5066530.0, 517110.0, 5066730.0]}}, {"type": "Feature", "geometry": {"type": "Polygon", "coordinates": [[[-68.77744167836303, 45.75211093993778], [-68.77743452304107, 45.75391107339244], [-68.78000602865094, 45.75391605363913], [-68.78001310130246, 45.75211591987353], [-68.77744167836303, 45.75211093993778]]]}, "properties": {"res_m": 0.6, "why": "open water", "water_px": 400, "water_ha": 4.0, "shore_m_median": 622.1, "island_m_median": 547.9, "reach_m_median": 176.0, "open_water_frac": 1.0, "gap_frac": 0.347, "utm": [517110.0, 5066530.0, 517310.0, 5066730.0]}}, {"type": "Feature", "geometry": {"type": "Polygon", "coordinates": [[[-68.77487025610262, 45.75210590213061], [-68.77486301811028, 45.75390603527071], [-68.77743452304107, 45.75391107339244], [-68.77744167836303, 45.75211093993778], [-68.77487025610262, 45.75210590213061]]]}, "properties": {"res_m": 0.6, "why": "open water", "water_px": 400, "water_ha": 4.0, "shore_m_median": 488.4, "island_m_median": 572.7, "reach_m_median": 176.0, "open_water_frac": 1.0, "gap_frac": 0.34, "utm": [517310.0, 5066530.0, 517510.0, 5066730.0]}}, {"type": "Feature", "geometry": {"type": "Polygon", "coordinates": [[[-68.77229883452907, 45.75210080645204], [-68.77229151386645, 45.75390093927398], [-68.77486301811028, 45.75390603527071], [-68.77487025610262, 45.75210590213061], [-68.77229883452907, 45.75210080645204]]]}, "properties": {"res_m": 0.6, "why": "open water", "water_px": 400, "water_ha": 4.0, "shore_m_median": 388.7, "island_m_median": 659.1, "reach_m_median": 160.0, "open_water_frac": 1.0, "gap_frac": 0.265, "utm": [517510.0, 5066530.0, 517710.0, 5066730.0]}}, {"type": "Feature", "geometry": {"type": "Polygon", "coordinates": [[[-68.76972741365023, 45.752095652902135], [-68.76972001031741, 45.75389578540231], [-68.77229151386645, 45.75390093927398], [-68.77229883452907, 45.75210080645204], [-68.76972741365023, 45.752095652902135]]]}, "properties": {"res_m": 0.6, "why": "open water", "water_px": 400, "water_ha": 4.0, "shore_m_median": 272.9, "island_m_median": 788.7, "reach_m_median": 168.0, "open_water_frac": 1.0, "gap_frac": 0.312, "utm": [517710.0, 5066530.0, 517910.0, 5066730.0]}}, {"type": "Feature", "geometry": {"type": "Polygon", "coordinates": [[[-68.76715599347393, 45.75209044148094], [-68.76714850747099, 45.7538905736557], [-68.76972001031741, 45.75389578540231], [-68.76972741365023, 45.752095652902135], [-68.76715599347393, 45.75209044148094]]]}, "properties": {"res_m": 0.6, "why": "open water", "water_px": 400, "water_ha": 4.0, "shore_m_median": 224.2, "island_m_median": 940.3, "reach_m_median": 136.0, "open_water_frac": 1.0, "gap_frac": 0.1, "utm": [517910.0, 5066530.0, 518110.0, 5066730.0]}}, {"type": "Feature", "geometry": {"type": "Polygon", "coordinates": [[[-68.76458457400804, 45.75208517218847], [-68.76457700533507, 45.753885304034235], [-68.76714850747099, 45.7538905736557], [-68.76715599347393, 45.75209044148094], [-68.76458457400804, 45.75208517218847]]]}, "properties": {"res_m": 0.6, "why": "open water", "water_px": 400, "water_ha": 4.0, "shore_m_median": 181.8, "island_m_median": 957.8, "reach_m_median": 136.0, "open_water_frac": 0.833, "gap_frac": 0.06, "utm": [518110.0, 5066530.0, 518310.0, 5066730.0]}}, {"type": "Feature", "geometry": {"type": "Polygon", "coordinates": [[[-68.76201315526039, 45.75207984502478], [-68.76200550391745, 45.75387997653794], [-68.76457700533507, 45.753885304034235], [-68.76458457400804, 45.75208517218847], [-68.76201315526039, 45.75207984502478]]]}, "properties": {"res_m": 0.6, "why": "open water", "water_px": 400, "water_ha": 4.0, "shore_m_median": 123.7, "island_m_median": 796.4, "reach_m_median": 120.0, "open_water_frac": 0.527, "gap_frac": 0.015, "utm": [518310.0, 5066530.0, 518510.0, 5066730.0]}}, {"type": "Feature", "geometry": {"type": "Polygon", "coordinates": [[[-68.75944173723882, 45.75207445998993], [-68.75943400322602, 45.75387459116685], [-68.76200550391745, 45.75387997653794], [-68.76201315526039, 45.75207984502478], [-68.75944173723882, 45.75207445998993]]]}, "properties": {"res_m": 1.0, "why": "near the mainland shore", "water_px": 246, "water_ha": 2.46, "shore_m_median": 30.0, "island_m_median": 621.7, "reach_m_median": 256.0, "open_water_frac": 0.0, "gap_frac": 0.679, "utm": [518510.0, 5066530.0, 518710.0, 5066730.0]}}, {"type": "Feature", "geometry": {"type": "Polygon", "coordinates": [[[-68.75687031995119, 45.75206901708394], [-68.75686250326861, 45.75386914792101], [-68.75943400322602, 45.75387459116685], [-68.75944173723882, 45.75207445998993], [-68.75687031995119, 45.75206901708394]]]}, "properties": {"res_m": 0.3, "why": "open water the 1954 survey never sounded", "water_px": 400, "water_ha": 4.0, "shore_m_median": 148.7, "island_m_median": 466.6, "reach_m_median": 424.0, "open_water_frac": 0.67, "gap_frac": 1.0, "utm": [518710.0, 5066530.0, 518910.0, 5066730.0]}}, {"type": "Feature", "geometry": {"type": "Polygon", "coordinates": [[[-68.75429890340533, 45.75206351630686], [-68.75429100405306, 45.75386364680047], [-68.75686250326861, 45.75386914792101], [-68.75687031995119, 45.75206901708394], [-68.75429890340533, 45.75206351630686]]]}, "properties": {"res_m": 0.6, "why": "far outside the survey's reach", "water_px": 348, "water_ha": 3.48, "shore_m_median": 90.6, "island_m_median": 336.1, "reach_m_median": 464.0, "open_water_frac": 0.27, "gap_frac": 0.94, "utm": [518910.0, 5066530.0, 519110.0, 5066730.0]}}, {"type": "Feature", "geometry": {"type": "Polygon", "coordinates": [[[-68.7517274876091, 45.75205795765873], [-68.75171950558722, 45.75385808780526], [-68.75429100405306, 45.75386364680047], [-68.75429890340533, 45.75206351630686], [-68.7517274876091, 45.75205795765873]]]}, "properties": {"res_m": 0.6, "why": "far outside the survey's reach", "water_px": 329, "water_ha": 3.29, "shore_m_median": 76.2, "island_m_median": 296.1, "reach_m_median": 472.0, "open_water_frac": 0.1, "gap_frac": 0.948, "utm": [519110.0, 5066530.0, 519310.0, 5066730.0]}}, {"type": "Feature", "geometry": {"type": "Polygon", "coordinates": [[[-68.74915607257034, 45.752052341139596], [-68.74914800787893, 45.75385247093545], [-68.75171950558722, 45.75385808780526], [-68.7517274876091, 45.75205795765873], [-68.74915607257034, 45.752052341139596]]]}, "properties": {"res_m": 0.3, "why": "open water the 1954 survey never sounded", "water_px": 400, "water_ha": 4.0, "shore_m_median": 222.0, "island_m_median": 291.5, "reach_m_median": 504.0, "open_water_frac": 0.99, "gap_frac": 1.0, "utm": [519310.0, 5066530.0, 519510.0, 5066730.0]}}, {"type": "Feature", "geometry": {"type": "Polygon", "coordinates": [[[-68.74658465829688, 45.752046666749514], [-68.74657651093604, 45.75384679619107], [-68.74914800787893, 45.75385247093545], [-68.74915607257034, 45.752052341139596], [-68.74658465829688, 45.752046666749514]]]}, "properties": {"res_m": 0.3, "why": "open water the 1954 survey never sounded", "water_px": 396, "water_ha": 3.96, "shore_m_median": 380.0, "island_m_median": 114.0, "reach_m_median": 528.0, "open_water_frac": 1.0, "gap_frac": 1.0, "utm": [519510.0, 5066530.0, 519710.0, 5066730.0]}}, {"type": "Feature", "geometry": {"type": "Polygon", "coordinates": [[[-68.74401324479658, 45.75204093448852], [-68.7440050147664, 45.75384106357217], [-68.74657651093604, 45.75384679619107], [-68.74658465829688, 45.752046666749514], [-68.74401324479658, 45.75204093448852]]]}, "properties": {"res_m": 0.3, "why": "open water the 1954 survey never sounded", "water_px": 349, "water_ha": 3.49, "shore_m_median": 390.0, "island_m_median": 80.0, "reach_m_median": 632.0, "open_water_frac": 1.0, "gap_frac": 0.968, "utm": [519710.0, 5066530.0, 519910.0, 5066730.0]}}, {"type": "Feature", "geometry": {"type": "Polygon", "coordinates": [[[-68.74144183207729, 45.75203514435667], [-68.74143351937785, 45.75383527307878], [-68.7440050147664, 45.75384106357217], [-68.74401324479658, 45.75204093448852], [-68.74144183207729, 45.75203514435667]]]}, "properties": {"res_m": 0.3, "why": "open water the 1954 survey never sounded", "water_px": 400, "water_ha": 4.0, "shore_m_median": 277.9, "island_m_median": 208.1, "reach_m_median": 544.0, "open_water_frac": 1.0, "gap_frac": 1.0, "utm": [519910.0, 5066530.0, 520110.0, 5066730.0]}}, {"type": "Feature", "geometry": {"type": "Polygon", "coordinates": [[[-68.73887042014682, 45.75202929635398], [-68.73886202477826, 45.753829424710965], [-68.74143351937785, 45.75383527307878], [-68.74144183207729, 45.75203514435667], [-68.73887042014682, 45.75202929635398]]]}, "properties": {"res_m": 0.3, "why": "open water the 1954 survey never sounded", "water_px": 400, "water_ha": 4.0, "shore_m_median": 140.4, "island_m_median": 171.2, "reach_m_median": 360.0, "open_water_frac": 0.632, "gap_frac": 1.0, "utm": [520110.0, 5066530.0, 520310.0, 5066730.0]}}, {"type": "Feature", "geometry": {"type": "Polygon", "coordinates": [[[-68.73629900901307, 45.75202339048054], [-68.73629053097542, 45.753823518468764], [-68.73886202477826, 45.753829424710965], [-68.73887042014682, 45.75202929635398], [-68.73629900901307, 45.75202339048054]]]}, "properties": {"res_m": 0.3, "why": "open water the 1954 survey never sounded", "water_px": 400, "water_ha": 4.0, "shore_m_median": 184.4, "island_m_median": 243.5, "reach_m_median": 224.0, "open_water_frac": 0.905, "gap_frac": 0.63, "utm": [520310.0, 5066530.0, 520510.0, 5066730.0]}}, {"type": "Feature", "geometry": {"type": "Polygon", "coordinates": [[[-68.73372759868384, 45.75201742673635], [-68.73371903797724, 45.753817554352224], [-68.73629053097542, 45.753823518468764], [-68.73629900901307, 45.75202339048054], [-68.73372759868384, 45.75201742673635]]]}, "properties": {"res_m": 1.0, "why": "near the mainland shore", "water_px": 339, "water_ha": 3.39, "shore_m_median": 82.5, "island_m_median": 364.0, "reach_m_median": 200.0, "open_water_frac": 0.265, "gap_frac": 0.413, "utm": [520510.0, 5066530.0, 520710.0, 5066730.0]}}, {"type": "Feature", "geometry": {"type": "Polygon", "coordinates": [[[-68.731156189167, 45.75201140512151], [-68.73114754579152, 45.753811532361404], [-68.73371903797724, 45.753817554352224], [-68.73372759868384, 45.75201742673635], [-68.731156189167, 45.75201140512151]]]}, "properties": {"res_m": 1.0, "why": "near the mainland shore", "water_px": 16, "water_ha": 0.16, "shore_m_median": 10.0, "island_m_median": 487.5, "reach_m_median": 304.0, "open_water_frac": 0.0, "gap_frac": 0.5, "utm": [520710.0, 5066530.0, 520910.0, 5066730.0]}}, {"type": "Feature", "geometry": {"type": "Polygon", "coordinates": [[[-68.72858478047037, 45.75200532563603], [-68.72857605442611, 45.753805452496316], [-68.73114754579152, 45.753811532361404], [-68.731156189167, 45.75201140512151], [-68.72858478047037, 45.75200532563603]]]}, "properties": {"res_m": 0.6, "why": "far outside the survey's reach", "water_px": 330, "water_ha": 3.3, "shore_m_median": 52.4, "island_m_median": 636.5, "reach_m_median": 464.0, "open_water_frac": 0.115, "gap_frac": 0.967, "utm": [520910.0, 5066530.0, 521110.0, 5066730.0]}}, {"type": "Feature", "geometry": {"type": "Polygon", "coordinates": [[[-68.72601337260183, 45.75199918827997], [-68.72600456388889, 45.75379931475705], [-68.72857605442611, 45.753805452496316], [-68.72858478047037, 45.75200532563603], [-68.72601337260183, 45.75199918827997]]]}, "properties": {"res_m": 0.6, "why": "far outside the survey's reach", "water_px": 358, "water_ha": 3.58, "shore_m_median": 85.4, "island_m_median": 792.9, "reach_m_median": 624.0, "open_water_frac": 0.291, "gap_frac": 1.0, "utm": [521110.0, 5066530.0, 521310.0, 5066730.0]}}, {"type": "Feature", "geometry": {"type": "Polygon", "coordinates": [[[-68.72344196556918, 45.75199299305336], [-68.72343307418767, 45.75379311914364], [-68.72600456388889, 45.75379931475705], [-68.72601337260183, 45.75199918827997], [-68.72344196556918, 45.75199299305336]]]}, "properties": {"res_m": 0.6, "why": "far outside the survey's reach", "water_px": 375, "water_ha": 3.75, "shore_m_median": 80.0, "island_m_median": 980.1, "reach_m_median": 824.0, "open_water_frac": 0.136, "gap_frac": 1.0, "utm": [521310.0, 5066530.0, 521510.0, 5066730.0]}}, {"type": "Feature", "geometry": {"type": "Polygon", "coordinates": [[[-68.72241340299195, 45.75199049875899], [-68.72240447854303, 45.75379062469352], [-68.72343307418767, 45.75379311914364], [-68.72344196556918, 45.75199299305336], [-68.72241340299195, 45.75199049875899]]]}, "properties": {"res_m": 0.6, "why": "far outside the survey's reach", "water_px": 112, "water_ha": 1.12, "shore_m_median": 30.0, "island_m_median": 1094.7, "reach_m_median": 944.0, "open_water_frac": 0.0, "gap_frac": 0.92, "utm": [521510.0, 5066530.0, 521590.0, 5066730.0]}}, {"type": "Feature", "geometry": {"type": "Polygon", "coordinates": [[[-68.84687523309015, 45.750424944061024], [-68.84687031036225, 45.75222508521282], [-68.8494417486697, 45.75222850260664], [-68.84944658873319, 45.75042836124148], [-68.84687523309015, 45.750424944061024]]]}, "properties": {"res_m": 0.6, "why": "far outside the survey's reach", "water_px": 11, "water_ha": 0.11, "shore_m_median": 10.0, "island_m_median": 1089.1, "reach_m_median": 1608.0, "open_water_frac": 0.0, "gap_frac": 0.818, "utm": [511710.0, 5066330.0, 511910.0, 5066530.0]}}, {"type": "Feature", "geometry": {"type": "Polygon", "coordinates": [[[-68.84430387791424, 45.750421469011854], [-68.844298872522, 45.75222160994667], [-68.84687031036225, 45.75222508521282], [-68.84687523309015, 45.750424944061024], [-68.84430387791424, 45.750421469011854]]]}, "properties": {"res_m": 0.6, "why": "far outside the survey's reach", "water_px": 77, "water_ha": 0.77, "shore_m_median": 14.1, "island_m_median": 962.5, "reach_m_median": 1496.0, "open_water_frac": 0.0, "gap_frac": 0.909, "utm": [511910.0, 5066330.0, 512110.0, 5066530.0]}}, {"type": "Feature", "geometry": {"type": "Polygon", "coordinates": [[[-68.84173252321331, 45.75041793609398], [-68.8417274351568, 45.75221807680821], [-68.844298872522, 45.75222160994667], [-68.84430387791424, 45.750421469011854], [-68.84173252321331, 45.75041793609398]]]}, "properties": {"res_m": 0.6, "why": "far outside the survey's reach", "water_px": 159, "water_ha": 1.59, "shore_m_median": 20.0, "island_m_median": 737.8, "reach_m_median": 1400.0, "open_water_frac": 0.0, "gap_frac": 0.843, "utm": [512110.0, 5066330.0, 512310.0, 5066530.0]}}, {"type": "Feature", "geometry": {"type": "Polygon", "coordinates": [[[-68.83916116899523, 45.750414345307455], [-68.83915599827449, 45.752214485797474], [-68.8417274351568, 45.75221807680821], [-68.84173252321331, 45.75041793609398], [-68.83916116899523, 45.750414345307455]]]}, "properties": {"res_m": 0.6, "why": "far outside the survey's reach", "water_px": 38, "water_ha": 0.38, "shore_m_median": 21.2, "island_m_median": 613.5, "reach_m_median": 1360.0, "open_water_frac": 0.0, "gap_frac": 0.895, "utm": [512310.0, 5066330.0, 512510.0, 5066530.0]}}, {"type": "Feature", "geometry": {"type": "Polygon", "coordinates": [[[-68.82630440542184, 45.75039552334584], [-68.82629882138082, 45.75219566266065], [-68.828870255731, 45.75219954303235], [-68.82887575710811, 45.750399403475264], [-68.82630440542184, 45.75039552334584]]]}, "properties": {"res_m": 0.6, "why": "far outside the survey's reach", "water_px": 12, "water_ha": 0.12, "shore_m_median": 10.0, "island_m_median": 179.6, "reach_m_median": 584.0, "open_water_frac": 0.0, "gap_frac": 1.0, "utm": [513310.0, 5066330.0, 513510.0, 5066530.0]}}, {"type": "Feature", "geometry": {"type": "Polygon", "coordinates": [[[-68.82373305426547, 45.75039158534793], [-68.82372738756057, 45.752191724416875], [-68.82629882138082, 45.75219566266065], [-68.82630440542184, 45.75039552334584], [-68.82373305426547, 45.75039158534793]]]}, "properties": {"res_m": 0.6, "why": "far outside the survey's reach", "water_px": 46, "water_ha": 0.46, "shore_m_median": 20.0, "island_m_median": 233.9, "reach_m_median": 592.0, "open_water_frac": 0.0, "gap_frac": 0.891, "utm": [513510.0, 5066330.0, 513710.0, 5066530.0]}}, {"type": "Feature", "geometry": {"type": "Polygon", "coordinates": [[[-68.81859035357382, 45.75038353574679], [-68.81858452154137, 45.75218367431312], [-68.82115595427815, 45.75218772830102], [-68.82116170364685, 45.750387589481576], [-68.81859035357382, 45.75038353574679]]]}, "properties": {"res_m": 1.0, "why": "near the mainland shore", "water_px": 59, "water_ha": 0.59, "shore_m_median": 14.1, "island_m_median": 572.8, "reach_m_median": 216.0, "open_water_frac": 0.0, "gap_frac": 0.475, "utm": [513910.0, 5066330.0, 514110.0, 5066530.0]}}, {"type": "Feature", "geometry": {"type": "Polygon", "coordinates": [[[-68.81601900405421, 45.750379424143624], [-68.81601308935808, 45.752179562453236], [-68.81858452154137, 45.75218367431312], [-68.81859035357382, 45.75038353574679], [-68.81601900405421, 45.750379424143624]]]}, "properties": {"res_m": 1.0, "why": "near the mainland shore", "water_px": 400, "water_ha": 4.0, "shore_m_median": 110.0, "island_m_median": 461.2, "reach_m_median": 120.0, "open_water_frac": 0.448, "gap_frac": 0.07, "utm": [514110.0, 5066330.0, 514310.0, 5066530.0]}}, {"type": "Feature", "geometry": {"type": "Polygon", "coordinates": [[[-68.8134476550959, 45.750375254672086], [-68.81344165773613, 45.75217539272136], [-68.81601308935808, 45.752179562453236], [-68.81601900405421, 45.750379424143624], [-68.8134476550959, 45.750375254672086]]]}, "properties": {"res_m": 0.6, "why": "open water", "water_px": 400, "water_ha": 4.0, "shore_m_median": 303.1, "island_m_median": 353.4, "reach_m_median": 120.0, "open_water_frac": 1.0, "gap_frac": 0.045, "utm": [514310.0, 5066330.0, 514510.0, 5066530.0]}}, {"type": "Feature", "geometry": {"type": "Polygon", "coordinates": [[[-68.81087630670669, 45.75037102733223], [-68.81087022668339, 45.75217116511756], [-68.81344165773613, 45.75217539272136], [-68.8134476550959, 45.750375254672086], [-68.81087630670669, 45.75037102733223]]]}, "properties": {"res_m": 0.6, "why": "open water", "water_px": 400, "water_ha": 4.0, "shore_m_median": 501.2, "island_m_median": 240.8, "reach_m_median": 104.0, "open_water_frac": 1.0, "gap_frac": 0.018, "utm": [514510.0, 5066330.0, 514710.0, 5066530.0]}}, {"type": "Feature", "geometry": {"type": "Polygon", "coordinates": [[[-68.80830495889444, 45.75036674212409], [-68.80829879620767, 45.75216687964186], [-68.81087022668339, 45.75217116511756], [-68.81087630670669, 45.75037102733223], [-68.80830495889444, 45.75036674212409]]]}, "properties": {"res_m": 0.6, "why": "open water", "water_px": 376, "water_ha": 3.76, "shore_m_median": 692.6, "island_m_median": 100.0, "reach_m_median": 88.0, "open_water_frac": 1.0, "gap_frac": 0.003, "utm": [514710.0, 5066330.0, 514910.0, 5066530.0]}}, {"type": "Feature", "geometry": {"type": "Polygon", "coordinates": [[[-68.80573361166701, 45.750362399047695], [-68.80572736631682, 45.75216253629428], [-68.80829879620767, 45.75216687964186], [-68.80830495889444, 45.75036674212409], [-68.80573361166701, 45.750362399047695]]]}, "properties": {"res_m": 0.6, "why": "open water", "water_px": 395, "water_ha": 3.95, "shore_m_median": 900.1, "island_m_median": 99.0, "reach_m_median": 96.0, "open_water_frac": 1.0, "gap_frac": 0.0, "utm": [514910.0, 5066330.0, 515110.0, 5066530.0]}}, {"type": "Feature", "geometry": {"type": "Polygon", "coordinates": [[[-68.80316226503223, 45.75035799810306], [-68.80315593701869, 45.75215813507487], [-68.80572736631682, 45.75216253629428], [-68.80573361166701, 45.750362399047695], [-68.80316226503223, 45.75035799810306]]]}, "properties": {"res_m": 0.6, "why": "open water", "water_px": 400, "water_ha": 4.0, "shore_m_median": 1096.6, "island_m_median": 169.7, "reach_m_median": 96.0, "open_water_frac": 1.0, "gap_frac": 0.0, "utm": [515110.0, 5066330.0, 515310.0, 5066530.0]}}, {"type": "Feature", "geometry": {"type": "Polygon", "coordinates": [[[-68.80059091899794, 45.75035353929026], [-68.80058450832112, 45.752153675983664], [-68.80315593701869, 45.75215813507487], [-68.80316226503223, 45.75035799810306], [-68.80059091899794, 45.75035353929026]]]}, "properties": {"res_m": 0.6, "why": "open water", "water_px": 400, "water_ha": 4.0, "shore_m_median": 1295.1, "island_m_median": 230.9, "reach_m_median": 80.0, "open_water_frac": 1.0, "gap_frac": 0.0, "utm": [515310.0, 5066330.0, 515510.0, 5066530.0]}}, {"type": "Feature", "geometry": {"type": "Polygon", "coordinates": [[[-68.79801957357199, 45.75034902260929], [-68.79801308023197, 45.75214915902068], [-68.80058450832112, 45.752153675983664], [-68.80059091899794, 45.75035353929026], [-68.79801957357199, 45.75034902260929]]]}, "properties": {"res_m": 0.6, "why": "open water", "water_px": 400, "water_ha": 4.0, "shore_m_median": 1488.6, "island_m_median": 319.0, "reach_m_median": 80.0, "open_water_frac": 1.0, "gap_frac": 0.0, "utm": [515510.0, 5066330.0, 515710.0, 5066530.0]}}, {"type": "Feature", "geometry": {"type": "Polygon", "coordinates": [[[-68.79544822876224, 45.75034444806021], [-68.7954416527591, 45.752144584185984], [-68.79801308023197, 45.75214915902068], [-68.79801957357199, 45.75034902260929], [-68.79544822876224, 45.75034444806021]]]}, "properties": {"res_m": 0.6, "why": "open water", "water_px": 400, "water_ha": 4.0, "shore_m_median": 1425.7, "island_m_median": 474.0, "reach_m_median": 80.0, "open_water_frac": 1.0, "gap_frac": 0.0, "utm": [515710.0, 5066330.0, 515910.0, 5066530.0]}}, {"type": "Feature", "geometry": {"type": "Polygon", "coordinates": [[[-68.7928768845765, 45.75033981564306], [-68.7928702259103, 45.75213995147958], [-68.7954416527591, 45.752144584185984], [-68.79544822876224, 45.75034444806021], [-68.7928768845765, 45.75033981564306]]]}, "properties": {"res_m": 0.6, "why": "open water", "water_px": 400, "water_ha": 4.0, "shore_m_median": 1259.2, "island_m_median": 652.2, "reach_m_median": 84.0, "open_water_frac": 1.0, "gap_frac": 0.0, "utm": [515910.0, 5066330.0, 516110.0, 5066530.0]}}, {"type": "Feature", "geometry": {"type": "Polygon", "coordinates": [[[-68.79030554102263, 45.75033512535786], [-68.79029879969346, 45.75213526090153], [-68.7928702259103, 45.75213995147958], [-68.7928768845765, 45.75033981564306], [-68.79030554102263, 45.75033512535786]]]}, "properties": {"res_m": 0.6, "why": "open water", "water_px": 400, "water_ha": 4.0, "shore_m_median": 1093.7, "island_m_median": 841.4, "reach_m_median": 88.0, "open_water_frac": 1.0, "gap_frac": 0.0, "utm": [516110.0, 5066330.0, 516310.0, 5066530.0]}}, {"type": "Feature", "geometry": {"type": "Polygon", "coordinates": [[[-68.7877341981085, 45.75033037720466], [-68.78772737411641, 45.75213051245187], [-68.79029879969346, 45.75213526090153], [-68.79030554102263, 45.75033512535786], [-68.7877341981085, 45.75033037720466]]]}, "properties": {"res_m": 0.6, "why": "open water", "water_px": 400, "water_ha": 4.0, "shore_m_median": 937.7, "island_m_median": 835.1, "reach_m_median": 80.0, "open_water_frac": 1.0, "gap_frac": 0.0, "utm": [516310.0, 5066330.0, 516510.0, 5066530.0]}}, {"type": "Feature", "geometry": {"type": "Polygon", "coordinates": [[[-68.7851628558419, 45.75032557118349], [-68.78515594918699, 45.75212570613061], [-68.78772737411641, 45.75213051245187], [-68.7877341981085, 45.75033037720466], [-68.7851628558419, 45.75032557118349]]]}, "properties": {"res_m": 0.6, "why": "open water", "water_px": 400, "water_ha": 4.0, "shore_m_median": 799.9, "island_m_median": 671.5, "reach_m_median": 88.0, "open_water_frac": 1.0, "gap_frac": 0.0, "utm": [516510.0, 5066330.0, 516710.0, 5066530.0]}}, {"type": "Feature", "geometry": {"type": "Polygon", "coordinates": [[[-68.78259151423075, 45.7503207072944], [-68.78258452491306, 45.752120841937824], [-68.78515594918699, 45.75212570613061], [-68.7851628558419, 45.75032557118349], [-68.78259151423075, 45.7503207072944]]]}, "properties": {"res_m": 0.6, "why": "open water", "water_px": 400, "water_ha": 4.0, "shore_m_median": 693.3, "island_m_median": 518.6, "reach_m_median": 80.0, "open_water_frac": 1.0, "gap_frac": 0.0, "utm": [516710.0, 5066330.0, 516910.0, 5066530.0]}}, {"type": "Feature", "geometry": {"type": "Polygon", "coordinates": [[[-68.78002017328281, 45.75031578553742], [-68.78001310130246, 45.75211591987353], [-68.78258452491306, 45.752120841937824], [-68.78259151423075, 45.7503207072944], [-68.78002017328281, 45.75031578553742]]]}, "properties": {"res_m": 0.6, "why": "open water", "water_px": 400, "water_ha": 4.0, "shore_m_median": 625.5, "island_m_median": 396.8, "reach_m_median": 80.0, "open_water_frac": 1.0, "gap_frac": 0.0, "utm": [516910.0, 5066330.0, 517110.0, 5066530.0]}}, {"type": "Feature", "geometry": {"type": "Polygon", "coordinates": [[[-68.77744883300598, 45.75031080591258], [-68.77744167836303, 45.75211093993778], [-68.78001310130246, 45.75211591987353], [-68.78002017328281, 45.75031578553742], [-68.77744883300598, 45.75031080591258]]]}, "properties": {"res_m": 0.6, "why": "open water", "water_px": 400, "water_ha": 4.0, "shore_m_median": 507.9, "island_m_median": 349.6, "reach_m_median": 88.0, "open_water_frac": 1.0, "gap_frac": 0.0, "utm": [517110.0, 5066330.0, 517310.0, 5066530.0]}}, {"type": "Feature", "geometry": {"type": "Polygon", "coordinates": [[[-68.7748774934081, 45.75030576841993], [-68.77487025610262, 45.75210590213061], [-68.77744167836303, 45.75211093993778], [-68.77744883300598, 45.75031080591258], [-68.7748774934081, 45.75030576841993]]]}, "properties": {"res_m": 0.6, "why": "open water", "water_px": 400, "water_ha": 4.0, "shore_m_median": 343.1, "island_m_median": 388.3, "reach_m_median": 88.0, "open_water_frac": 1.0, "gap_frac": 0.0, "utm": [517310.0, 5066330.0, 517510.0, 5066530.0]}}, {"type": "Feature", "geometry": {"type": "Polygon", "coordinates": [[[-68.77230615449697, 45.750300673059506], [-68.77229883452907, 45.75210080645204], [-68.77487025610262, 45.75210590213061], [-68.7748774934081, 45.75030576841993], [-68.77230615449697, 45.750300673059506]]]}, "properties": {"res_m": 0.6, "why": "open water", "water_px": 400, "water_ha": 4.0, "shore_m_median": 222.0, "island_m_median": 508.6, "reach_m_median": 96.0, "open_water_frac": 0.97, "gap_frac": 0.0, "utm": [517510.0, 5066330.0, 517710.0, 5066530.0]}}, {"type": "Feature", "geometry": {"type": "Polygon", "coordinates": [[[-68.76973481628049, 45.75029551983137], [-68.76972741365023, 45.752095652902135], [-68.77229883452907, 45.75210080645204], [-68.77230615449697, 45.750300673059506], [-68.76973481628049, 45.75029551983137]]]}, "properties": {"res_m": 0.6, "why": "open water", "water_px": 393, "water_ha": 3.93, "shore_m_median": 123.7, "island_m_median": 663.7, "reach_m_median": 80.0, "open_water_frac": 0.545, "gap_frac": 0.0, "utm": [517710.0, 5066330.0, 517910.0, 5066530.0]}}, {"type": "Feature", "geometry": {"type": "Polygon", "coordinates": [[[-68.76716347876648, 45.75029030873553], [-68.76715599347393, 45.75209044148094], [-68.76972741365023, 45.752095652902135], [-68.76973481628049, 45.75029551983137], [-68.76716347876648, 45.75029030873553]]]}, "properties": {"res_m": 1.0, "why": "near the mainland shore", "water_px": 311, "water_ha": 3.11, "shore_m_median": 60.0, "island_m_median": 860.9, "reach_m_median": 72.0, "open_water_frac": 0.039, "gap_frac": 0.0, "utm": [517910.0, 5066330.0, 518110.0, 5066530.0]}}, {"type": "Feature", "geometry": {"type": "Polygon", "coordinates": [[[-68.76459214196278, 45.750285039772045], [-68.76458457400804, 45.75208517218847], [-68.76715599347393, 45.75209044148094], [-68.76716347876648, 45.75029030873553], [-68.76459214196278, 45.750285039772045]]]}, "properties": {"res_m": 1.0, "why": "near the mainland shore", "water_px": 240, "water_ha": 2.4, "shore_m_median": 50.0, "island_m_median": 980.2, "reach_m_median": 96.0, "open_water_frac": 0.025, "gap_frac": 0.0, "utm": [518110.0, 5066330.0, 518310.0, 5066530.0]}}, {"type": "Feature", "geometry": {"type": "Polygon", "coordinates": [[[-68.76202080587724, 45.750279712940966], [-68.76201315526039, 45.75207984502478], [-68.76458457400804, 45.75208517218847], [-68.76459214196278, 45.750285039772045], [-68.76202080587724, 45.750279712940966]]]}, "properties": {"res_m": 1.0, "why": "near the mainland shore", "water_px": 117, "water_ha": 1.17, "shore_m_median": 30.0, "island_m_median": 871.3, "reach_m_median": 72.0, "open_water_frac": 0.0, "gap_frac": 0.0, "utm": [518310.0, 5066330.0, 518510.0, 5066530.0]}}, {"type": "Feature", "geometry": {"type": "Polygon", "coordinates": [[[-68.7594494705177, 45.75027432824231], [-68.75944173723882, 45.75207445998993], [-68.76201315526039, 45.75207984502478], [-68.76202080587724, 45.750279712940966], [-68.7594494705177, 45.75027432824231]]]}, "properties": {"res_m": 1.0, "why": "near the mainland shore", "water_px": 97, "water_ha": 0.97, "shore_m_median": 28.3, "island_m_median": 673.6, "reach_m_median": 336.0, "open_water_frac": 0.0, "gap_frac": 0.753, "utm": [518510.0, 5066330.0, 518710.0, 5066530.0]}}, {"type": "Feature", "geometry": {"type": "Polygon", "coordinates": [[[-68.75687813589201, 45.75026888567614], [-68.75687031995119, 45.75206901708394], [-68.75944173723882, 45.75207445998993], [-68.7594494705177, 45.75027432824231], [-68.75687813589201, 45.75026888567614]]]}, "properties": {"res_m": 0.6, "why": "far outside the survey's reach", "water_px": 293, "water_ha": 2.93, "shore_m_median": 72.8, "island_m_median": 595.5, "reach_m_median": 468.0, "open_water_frac": 0.154, "gap_frac": 0.874, "utm": [518710.0, 5066330.0, 518910.0, 5066530.0]}}, {"type": "Feature", "geometry": {"type": "Polygon", "coordinates": [[[-68.754306802008, 45.7502633852425], [-68.75429890340533, 45.75206351630686], [-68.75687031995119, 45.75206901708394], [-68.75687813589201, 45.75026888567614], [-68.754306802008, 45.7502633852425]]]}, "properties": {"res_m": 0.6, "why": "far outside the survey's reach", "water_px": 214, "water_ha": 2.14, "shore_m_median": 41.2, "island_m_median": 528.1, "reach_m_median": 608.0, "open_water_frac": 0.009, "gap_frac": 0.827, "utm": [518910.0, 5066330.0, 519110.0, 5066530.0]}}, {"type": "Feature", "geometry": {"type": "Polygon", "coordinates": [[[-68.75173546887352, 45.75025782694142], [-68.7517274876091, 45.75205795765873], [-68.75429890340533, 45.75206351630686], [-68.754306802008, 45.7502633852425], [-68.75173546887352, 45.75025782694142]]]}, "properties": {"res_m": 0.6, "why": "far outside the survey's reach", "water_px": 329, "water_ha": 3.29, "shore_m_median": 76.2, "island_m_median": 480.4, "reach_m_median": 704.0, "open_water_frac": 0.125, "gap_frac": 1.0, "utm": [519110.0, 5066330.0, 519310.0, 5066530.0]}}, {"type": "Feature", "geometry": {"type": "Polygon", "coordinates": [[[-68.74916413649643, 45.750252210772956], [-68.74915607257034, 45.752052341139596], [-68.7517274876091, 45.75205795765873], [-68.75173546887352, 45.75025782694142], [-68.74916413649643, 45.750252210772956]]]}, "properties": {"res_m": 0.3, "why": "open water the 1954 survey never sounded", "water_px": 400, "water_ha": 4.0, "shore_m_median": 171.9, "island_m_median": 333.4, "reach_m_median": 704.0, "open_water_frac": 0.887, "gap_frac": 1.0, "utm": [519310.0, 5066330.0, 519510.0, 5066530.0]}}, {"type": "Feature", "geometry": {"type": "Polygon", "coordinates": [[[-68.74659280488456, 45.75024653673715], [-68.74658465829688, 45.752046666749514], [-68.74915607257034, 45.752052341139596], [-68.74916413649643, 45.750252210772956], [-68.74659280488456, 45.75024653673715]]]}, "properties": {"res_m": 0.3, "why": "open water the 1954 survey never sounded", "water_px": 400, "water_ha": 4.0, "shore_m_median": 228.3, "island_m_median": 177.6, "reach_m_median": 680.0, "open_water_frac": 0.993, "gap_frac": 1.0, "utm": [519510.0, 5066330.0, 519710.0, 5066530.0]}}, {"type": "Feature", "geometry": {"type": "Polygon", "coordinates": [[[-68.74402147404575, 45.75024080483404], [-68.74401324479658, 45.75204093448852], [-68.74658465829688, 45.752046666749514], [-68.74659280488456, 45.75024653673715], [-68.74402147404575, 45.75024080483404]]]}, "properties": {"res_m": 0.3, "why": "open water the 1954 survey never sounded", "water_px": 400, "water_ha": 4.0, "shore_m_median": 230.9, "island_m_median": 144.9, "reach_m_median": 584.0, "open_water_frac": 0.993, "gap_frac": 1.0, "utm": [519710.0, 5066330.0, 519910.0, 5066530.0]}}, {"type": "Feature", "geometry": {"type": "Polygon", "coordinates": [[[-68.74145014398785, 45.75023501506369], [-68.74144183207729, 45.75203514435667], [-68.74401324479658, 45.75204093448852], [-68.74402147404575, 45.75024080483404], [-68.74145014398785, 45.75023501506369]]]}, "properties": {"res_m": 0.3, "why": "open water the 1954 survey never sounded", "water_px": 400, "water_ha": 4.0, "shore_m_median": 200.0, "island_m_median": 283.2, "reach_m_median": 456.0, "open_water_frac": 1.0, "gap_frac": 1.0, "utm": [519910.0, 5066330.0, 520110.0, 5066530.0]}}, {"type": "Feature", "geometry": {"type": "Polygon", "coordinates": [[[-68.73887881471872, 45.75022916742612], [-68.73887042014682, 45.75202929635398], [-68.74144183207729, 45.75203514435667], [-68.74145014398785, 45.75023501506369], [-68.73887881471872, 45.75022916742612]]]}, "properties": {"res_m": 1.0, "why": "near the mainland shore", "water_px": 377, "water_ha": 3.77, "shore_m_median": 76.2, "island_m_median": 331.4, "reach_m_median": 376.0, "open_water_frac": 0.252, "gap_frac": 0.963, "utm": [520110.0, 5066330.0, 520310.0, 5066530.0]}}, {"type": "Feature", "geometry": {"type": "Polygon", "coordinates": [[[-68.73630748624616, 45.750223261921406], [-68.73629900901307, 45.75202339048054], [-68.73887042014682, 45.75202929635398], [-68.73887881471872, 45.75022916742612], [-68.73630748624616, 45.750223261921406]]]}, "properties": {"res_m": 1.0, "why": "near the mainland shore", "water_px": 383, "water_ha": 3.83, "shore_m_median": 103.0, "island_m_median": 253.2, "reach_m_median": 248.0, "open_water_frac": 0.405, "gap_frac": 0.734, "utm": [520310.0, 5066330.0, 520510.0, 5066530.0]}}, {"type": "Feature", "geometry": {"type": "Polygon", "coordinates": [[[-68.73373615857807, 45.75021729854957], [-68.73372759868384, 45.75201742673635], [-68.73629900901307, 45.75202339048054], [-68.73630748624616, 45.750223261921406], [-68.73373615857807, 45.75021729854957]]]}, "properties": {"res_m": 0.6, "why": "open water", "water_px": 391, "water_ha": 3.91, "shore_m_median": 125.3, "island_m_median": 237.7, "reach_m_median": 104.0, "open_water_frac": 0.545, "gap_frac": 0.008, "utm": [520510.0, 5066330.0, 520710.0, 5066530.0]}}, {"type": "Feature", "geometry": {"type": "Polygon", "coordinates": [[[-68.73116483172225, 45.75021127731067], [-68.731156189167, 45.75201140512151], [-68.73372759868384, 45.75201742673635], [-68.73373615857807, 45.75021729854957], [-68.73116483172225, 45.75021127731067]]]}, "properties": {"res_m": 1.0, "why": "near the mainland shore", "water_px": 353, "water_ha": 3.53, "shore_m_median": 82.5, "island_m_median": 353.8, "reach_m_median": 192.0, "open_water_frac": 0.286, "gap_frac": 0.439, "utm": [520710.0, 5066330.0, 520910.0, 5066530.0]}}, {"type": "Feature", "geometry": {"type": "Polygon", "coordinates": [[[-68.72859350568656, 45.75020519820475], [-68.72858478047037, 45.75200532563603], [-68.731156189167, 45.75201140512151], [-68.73116483172225, 45.75021127731067], [-68.72859350568656, 45.75020519820475]]]}, "properties": {"res_m": 0.3, "why": "open water the 1954 survey never sounded", "water_px": 400, "water_ha": 4.0, "shore_m_median": 166.4, "island_m_median": 529.1, "reach_m_median": 384.0, "open_water_frac": 0.795, "gap_frac": 1.0, "utm": [520910.0, 5066330.0, 521110.0, 5066530.0]}}, {"type": "Feature", "geometry": {"type": "Polygon", "coordinates": [[[-68.72602218047885, 45.75019906123186], [-68.72601337260183, 45.75199918827997], [-68.72858478047037, 45.75200532563603], [-68.72859350568656, 45.75020519820475], [-68.72602218047885, 45.75019906123186]]]}, "properties": {"res_m": 0.3, "why": "open water the 1954 survey never sounded", "water_px": 400, "water_ha": 4.0, "shore_m_median": 191.0, "island_m_median": 714.3, "reach_m_median": 584.0, "open_water_frac": 0.995, "gap_frac": 1.0, "utm": [521110.0, 5066330.0, 521310.0, 5066530.0]}}, {"type": "Feature", "geometry": {"type": "Polygon", "coordinates": [[[-68.72345085610694, 45.750192866392055], [-68.72344196556918, 45.75199299305336], [-68.72601337260183, 45.75199918827997], [-68.72602218047885, 45.75019906123186], [-68.72345085610694, 45.750192866392055]]]}, "properties": {"res_m": 0.6, "why": "far outside the survey's reach", "water_px": 371, "water_ha": 3.71, "shore_m_median": 94.9, "island_m_median": 898.4, "reach_m_median": 760.0, "open_water_frac": 0.364, "gap_frac": 0.946, "utm": [521310.0, 5066330.0, 521510.0, 5066530.0]}}, {"type": "Feature", "geometry": {"type": "Polygon", "coordinates": [[[-68.72242232659397, 45.750190372253414], [-68.72241340299195, 45.75199049875899], [-68.72344196556918, 45.75199299305336], [-68.72345085610694, 45.750192866392055], [-68.72242232659397, 45.750190372253414]]]}, "properties": {"res_m": 0.6, "why": "far outside the survey's reach", "water_px": 22, "water_ha": 0.22, "shore_m_median": 14.1, "island_m_median": 1029.9, "reach_m_median": 896.0, "open_water_frac": 0.0, "gap_frac": 0.773, "utm": [521510.0, 5066330.0, 521590.0, 5066530.0]}}, {"type": "Feature", "geometry": {"type": "Polygon", "coordinates": [[[-68.841737610787, 45.74861779480962], [-68.84173252321331, 45.75041793609398], [-68.84430387791424, 45.750421469011854], [-68.84430888283148, 45.74862132750692], [-68.841737610787, 45.74861779480962]]]}, "properties": {"res_m": 1.0, "why": "near the mainland shore", "water_px": 12, "water_ha": 0.12, "shore_m_median": 10.0, "island_m_median": 645.1, "reach_m_median": 1416.0, "open_water_frac": 0.0, "gap_frac": 0.5, "utm": [512110.0, 5066130.0, 512310.0, 5066330.0]}}, {"type": "Feature", "geometry": {"type": "Polygon", "coordinates": [[[-68.8391663392253, 45.74861420424727], [-68.83916116899523, 45.750414345307455], [-68.84173252321331, 45.75041793609398], [-68.841737610787, 45.74861779480962], [-68.8391663392253, 45.74861420424727]]]}, "properties": {"res_m": 0.6, "why": "far outside the survey's reach", "water_px": 205, "water_ha": 2.05, "shore_m_median": 28.3, "island_m_median": 468.7, "reach_m_median": 1320.0, "open_water_frac": 0.0, "gap_frac": 0.951, "utm": [512310.0, 5066130.0, 512510.0, 5066330.0]}}, {"type": "Feature", "geometry": {"type": "Polygon", "coordinates": [[[-68.83659506815422, 45.7486105558199], [-68.83658981526781, 45.750410696652274], [-68.83916116899523, 45.750414345307455], [-68.8391663392253, 45.74861420424727], [-68.83659506815422, 45.7486105558199]]]}, "properties": {"res_m": 0.6, "why": "far outside the survey's reach", "water_px": 236, "water_ha": 2.36, "shore_m_median": 50.0, "island_m_median": 297.2, "reach_m_median": 1128.0, "open_water_frac": 0.0, "gap_frac": 0.945, "utm": [512510.0, 5066130.0, 512710.0, 5066330.0]}}, {"type": "Feature", "geometry": {"type": "Polygon", "coordinates": [[[-68.83402379758161, 45.74860684952755], [-68.83401846203894, 45.75040699012851], [-68.83658981526781, 45.750410696652274], [-68.83659506815422, 45.7486105558199], [-68.83402379758161, 45.74860684952755]]]}, "properties": {"res_m": 0.6, "why": "far outside the survey's reach", "water_px": 324, "water_ha": 3.24, "shore_m_median": 53.9, "island_m_median": 210.0, "reach_m_median": 984.0, "open_water_frac": 0.068, "gap_frac": 0.948, "utm": [512710.0, 5066130.0, 512910.0, 5066330.0]}}, {"type": "Feature", "geometry": {"type": "Polygon", "coordinates": [[[-68.8314525275153, 45.74860308537022], [-68.83144710931641, 45.75040322573616], [-68.83401846203894, 45.75040699012851], [-68.83402379758161, 45.74860684952755], [-68.8314525275153, 45.74860308537022]]]}, "properties": {"res_m": 0.6, "why": "far outside the survey's reach", "water_px": 48, "water_ha": 0.48, "shore_m_median": 20.0, "island_m_median": 171.8, "reach_m_median": 848.0, "open_water_frac": 0.0, "gap_frac": 0.688, "utm": [512910.0, 5066130.0, 513110.0, 5066330.0]}}, {"type": "Feature", "geometry": {"type": "Polygon", "coordinates": [[[-68.82888125796313, 45.74859926334797], [-68.82887575710811, 45.750399403475264], [-68.83144710931641, 45.75040322573616], [-68.8314525275153, 45.74860308537022], [-68.82888125796313, 45.74859926334797]]]}, "properties": {"res_m": 0.6, "why": "far outside the survey's reach", "water_px": 108, "water_ha": 1.08, "shore_m_median": 31.6, "island_m_median": 80.0, "reach_m_median": 584.0, "open_water_frac": 0.0, "gap_frac": 0.963, "utm": [513110.0, 5066130.0, 513310.0, 5066330.0]}}, {"type": "Feature", "geometry": {"type": "Polygon", "coordinates": [[[-68.82630998893296, 45.74859538346079], [-68.82630440542184, 45.75039552334584], [-68.82887575710811, 45.750399403475264], [-68.82888125796313, 45.74859926334797], [-68.82630998893296, 45.74859538346079]]]}, "properties": {"res_m": 0.6, "why": "far outside the survey's reach", "water_px": 281, "water_ha": 2.81, "shore_m_median": 67.1, "island_m_median": 70.7, "reach_m_median": 528.0, "open_water_frac": 0.178, "gap_frac": 0.95, "utm": [513310.0, 5066130.0, 513510.0, 5066330.0]}}, {"type": "Feature", "geometry": {"type": "Polygon", "coordinates": [[[-68.82373872043263, 45.74859144570877], [-68.82373305426547, 45.75039158534793], [-68.82630440542184, 45.75039552334584], [-68.82630998893296, 45.74859538346079], [-68.82373872043263, 45.74859144570877]]]}, "properties": {"res_m": 0.6, "why": "far outside the survey's reach", "water_px": 304, "water_ha": 3.04, "shore_m_median": 56.6, "island_m_median": 186.0, "reach_m_median": 424.0, "open_water_frac": 0.046, "gap_frac": 0.951, "utm": [513510.0, 5066130.0, 513710.0, 5066330.0]}}, {"type": "Feature", "geometry": {"type": "Polygon", "coordinates": [[[-68.82116745246998, 45.74858745009188], [-68.82116170364685, 45.750387589481576], [-68.82373305426547, 45.75039158534793], [-68.82373872043263, 45.74859144570877], [-68.82116745246998, 45.74858745009188]]]}, "properties": {"res_m": 1.0, "why": "near the mainland shore", "water_px": 167, "water_ha": 1.67, "shore_m_median": 31.6, "island_m_median": 370.1, "reach_m_median": 376.0, "open_water_frac": 0.0, "gap_frac": 0.916, "utm": [513710.0, 5066130.0, 513910.0, 5066330.0]}}, {"type": "Feature", "geometry": {"type": "Polygon", "coordinates": [[[-68.81859618505285, 45.748583396610194], [-68.81859035357382, 45.75038353574679], [-68.82116170364685, 45.750387589481576], [-68.82116745246998, 45.74858745009188], [-68.81859618505285, 45.748583396610194]]]}, "properties": {"res_m": 1.0, "why": "near the mainland shore", "water_px": 169, "water_ha": 1.69, "shore_m_median": 40.0, "island_m_median": 454.5, "reach_m_median": 272.0, "open_water_frac": 0.0, "gap_frac": 0.858, "utm": [513910.0, 5066130.0, 514110.0, 5066330.0]}}, {"type": "Feature", "geometry": {"type": "Polygon", "coordinates": [[[-68.81602491818909, 45.74857928526372], [-68.81601900405421, 45.750379424143624], [-68.81859035357382, 45.75038353574679], [-68.81859618505285, 45.748583396610194], [-68.81602491818909, 45.74857928526372]]]}, "properties": {"res_m": 1.0, "why": "near the mainland shore", "water_px": 396, "water_ha": 3.96, "shore_m_median": 111.1, "island_m_median": 318.9, "reach_m_median": 128.0, "open_water_frac": 0.452, "gap_frac": 0.071, "utm": [514110.0, 5066130.0, 514310.0, 5066330.0]}}, {"type": "Feature", "geometry": {"type": "Polygon", "coordinates": [[[-68.81345365188652, 45.748575116052514], [-68.8134476550959, 45.750375254672086], [-68.81601900405421, 45.750379424143624], [-68.81602491818909, 45.74857928526372], [-68.81345365188652, 45.748575116052514]]]}, "properties": {"res_m": 0.6, "why": "open water", "water_px": 400, "water_ha": 4.0, "shore_m_median": 294.2, "island_m_median": 187.9, "reach_m_median": 136.0, "open_water_frac": 1.0, "gap_frac": 0.138, "utm": [514310.0, 5066130.0, 514510.0, 5066330.0]}}, {"type": "Feature", "geometry": {"type": "Polygon", "coordinates": [[[-68.81088238615303, 45.74857088897659], [-68.81087630670669, 45.75037102733223], [-68.8134476550959, 45.750375254672086], [-68.81345365188652, 45.748575116052514], [-68.81088238615303, 45.74857088897659]]]}, "properties": {"res_m": 0.6, "why": "open water", "water_px": 400, "water_ha": 4.0, "shore_m_median": 490.4, "island_m_median": 148.2, "reach_m_median": 144.0, "open_water_frac": 1.0, "gap_frac": 0.115, "utm": [514510.0, 5066130.0, 514710.0, 5066330.0]}}, {"type": "Feature", "geometry": {"type": "Polygon", "coordinates": [[[-68.80831112099641, 45.748566604035986], [-68.80830495889444, 45.75036674212409], [-68.81087630670669, 45.75037102733223], [-68.81088238615303, 45.74857088897659], [-68.80831112099641, 45.748566604035986]]]}, "properties": {"res_m": 0.6, "why": "open water", "water_px": 337, "water_ha": 3.37, "shore_m_median": 671.9, "island_m_median": 70.7, "reach_m_median": 152.0, "open_water_frac": 1.0, "gap_frac": 0.246, "utm": [514710.0, 5066130.0, 514910.0, 5066330.0]}}, {"type": "Feature", "geometry": {"type": "Polygon", "coordinates": [[[-68.80573985642455, 45.748562261230745], [-68.80573361166701, 45.750362399047695], [-68.80830495889444, 45.75036674212409], [-68.80831112099641, 45.748566604035986], [-68.80573985642455, 45.748562261230745]]]}, "properties": {"res_m": 0.6, "why": "open water", "water_px": 311, "water_ha": 3.11, "shore_m_median": 880.2, "island_m_median": 36.1, "reach_m_median": 168.0, "open_water_frac": 1.0, "gap_frac": 0.305, "utm": [514910.0, 5066130.0, 515110.0, 5066330.0]}}, {"type": "Feature", "geometry": {"type": "Polygon", "coordinates": [[[-68.80316859244527, 45.748557860560894], [-68.80316226503223, 45.75035799810306], [-68.80573361166701, 45.750362399047695], [-68.80573985642455, 45.748562261230745], [-68.80316859244527, 45.748557860560894]]]}, "properties": {"res_m": 0.6, "why": "open water", "water_px": 265, "water_ha": 2.65, "shore_m_median": 1120.7, "island_m_median": 58.3, "reach_m_median": 144.0, "open_water_frac": 1.0, "gap_frac": 0.215, "utm": [515110.0, 5066130.0, 515310.0, 5066330.0]}}, {"type": "Feature", "geometry": {"type": "Polygon", "coordinates": [[[-68.8005973290664, 45.74855340202647], [-68.80059091899794, 45.75035353929026], [-68.80316226503223, 45.75035799810306], [-68.80316859244527, 45.748557860560894], [-68.8005973290664, 45.74855340202647]]]}, "properties": {"res_m": 0.6, "why": "open water", "water_px": 387, "water_ha": 3.87, "shore_m_median": 1290.3, "island_m_median": 70.7, "reach_m_median": 168.0, "open_water_frac": 1.0, "gap_frac": 0.297, "utm": [515310.0, 5066130.0, 515510.0, 5066330.0]}}, {"type": "Feature", "geometry": {"type": "Polygon", "coordinates": [[[-68.79802606629582, 45.7485488856275], [-68.79801957357199, 45.75034902260929], [-68.80059091899794, 45.75035353929026], [-68.8005973290664, 45.74855340202647], [-68.79802606629582, 45.7485488856275]]]}, "properties": {"res_m": 0.6, "why": "open water", "water_px": 400, "water_ha": 4.0, "shore_m_median": 1440.1, "island_m_median": 215.1, "reach_m_median": 188.0, "open_water_frac": 1.0, "gap_frac": 0.372, "utm": [515510.0, 5066130.0, 515710.0, 5066330.0]}}, {"type": "Feature", "geometry": {"type": "Polygon", "coordinates": [[[-68.79545480414134, 45.74854431136402], [-68.79544822876224, 45.75034444806021], [-68.79801957357199, 45.75034902260929], [-68.79802606629582, 45.7485488856275], [-68.79545480414134, 45.74854431136402]]]}, "properties": {"res_m": 0.6, "why": "open water", "water_px": 400, "water_ha": 4.0, "shore_m_median": 1320.8, "island_m_median": 410.3, "reach_m_median": 176.0, "open_water_frac": 1.0, "gap_frac": 0.323, "utm": [515710.0, 5066130.0, 515910.0, 5066330.0]}}, {"type": "Feature", "geometry": {"type": "Polygon", "coordinates": [[[-68.79288354261082, 45.748539679236096], [-68.7928768845765, 45.75033981564306], [-68.79544822876224, 45.75034444806021], [-68.79545480414134, 45.74854431136402], [-68.79288354261082, 45.748539679236096]]]}, "properties": {"res_m": 0.6, "why": "open water", "water_px": 400, "water_ha": 4.0, "shore_m_median": 1149.4, "island_m_median": 610.0, "reach_m_median": 192.0, "open_water_frac": 1.0, "gap_frac": 0.388, "utm": [515910.0, 5066130.0, 516110.0, 5066330.0]}}, {"type": "Feature", "geometry": {"type": "Polygon", "coordinates": [[[-68.7903122817121, 45.74853498924373], [-68.79030554102263, 45.75033512535786], [-68.7928768845765, 45.75033981564306], [-68.79288354261082, 45.748539679236096], [-68.7903122817121, 45.74853498924373]]]}, "properties": {"res_m": 0.3, "why": "open water the 1954 survey never sounded", "water_px": 400, "water_ha": 4.0, "shore_m_median": 982.3, "island_m_median": 761.4, "reach_m_median": 216.0, "open_water_frac": 1.0, "gap_frac": 0.59, "utm": [516110.0, 5066130.0, 516310.0, 5066330.0]}}, {"type": "Feature", "geometry": {"type": "Polygon", "coordinates": [[[-68.78774102145303, 45.74853024138697], [-68.7877341981085, 45.75033037720466], [-68.79030554102263, 45.75033512535786], [-68.7903122817121, 45.74853498924373], [-68.78774102145303, 45.74853024138697]]]}, "properties": {"res_m": 0.3, "why": "open water the 1954 survey never sounded", "water_px": 400, "water_ha": 4.0, "shore_m_median": 816.6, "island_m_median": 703.6, "reach_m_median": 216.0, "open_water_frac": 1.0, "gap_frac": 0.57, "utm": [516310.0, 5066130.0, 516510.0, 5066330.0]}}, {"type": "Feature", "geometry": {"type": "Polygon", "coordinates": [[[-68.78516976184143, 45.74852543566587], [-68.7851628558419, 45.75032557118349], [-68.7877341981085, 45.75033037720466], [-68.78774102145303, 45.74853024138697], [-68.78516976184143, 45.74852543566587]]]}, "properties": {"res_m": 0.3, "why": "open water the 1954 survey never sounded", "water_px": 400, "water_ha": 4.0, "shore_m_median": 657.6, "island_m_median": 559.9, "reach_m_median": 224.0, "open_water_frac": 1.0, "gap_frac": 0.56, "utm": [516510.0, 5066130.0, 516710.0, 5066330.0]}}, {"type": "Feature", "geometry": {"type": "Polygon", "coordinates": [[[-68.78259850288516, 45.74852057208044], [-68.78259151423075, 45.7503207072944], [-68.7851628558419, 45.75032557118349], [-68.78516976184143, 45.74852543566587], [-68.78259850288516, 45.74852057208044]]]}, "properties": {"res_m": 0.3, "why": "open water the 1954 survey never sounded", "water_px": 400, "water_ha": 4.0, "shore_m_median": 523.3, "island_m_median": 395.2, "reach_m_median": 232.0, "open_water_frac": 1.0, "gap_frac": 0.665, "utm": [516710.0, 5066130.0, 516910.0, 5066330.0]}}, {"type": "Feature", "geometry": {"type": "Polygon", "coordinates": [[[-68.78002724459208, 45.748515650630736], [-68.78002017328281, 45.75031578553742], [-68.78259151423075, 45.7503207072944], [-68.78259850288516, 45.74852057208044], [-68.78002724459208, 45.748515650630736]]]}, "properties": {"res_m": 0.3, "why": "open water the 1954 survey never sounded", "water_px": 400, "water_ha": 4.0, "shore_m_median": 434.2, "island_m_median": 240.4, "reach_m_median": 232.0, "open_water_frac": 1.0, "gap_frac": 0.665, "utm": [516910.0, 5066130.0, 517110.0, 5066330.0]}}, {"type": "Feature", "geometry": {"type": "Polygon", "coordinates": [[[-68.77745598697, 45.74851067131681], [-68.77744883300598, 45.75031080591258], [-68.78002017328281, 45.75031578553742], [-68.78002724459208, 45.748515650630736], [-68.77745598697, 45.74851067131681]]]}, "properties": {"res_m": 0.3, "why": "open water the 1954 survey never sounded", "water_px": 400, "water_ha": 4.0, "shore_m_median": 377.4, "island_m_median": 150.0, "reach_m_median": 256.0, "open_water_frac": 1.0, "gap_frac": 0.772, "utm": [517110.0, 5066130.0, 517310.0, 5066330.0]}}, {"type": "Feature", "geometry": {"type": "Polygon", "coordinates": [[[-68.77488473002678, 45.748505634138674], [-68.7748774934081, 45.75030576841993], [-68.77744883300598, 45.75031080591258], [-68.77745598697, 45.74851067131681], [-68.77488473002678, 45.748505634138674]]]}, "properties": {"res_m": 0.3, "why": "open water the 1954 survey never sounded", "water_px": 400, "water_ha": 4.0, "shore_m_median": 239.5, "island_m_median": 232.9, "reach_m_median": 256.0, "open_water_frac": 0.99, "gap_frac": 0.765, "utm": [517310.0, 5066130.0, 517510.0, 5066330.0]}}, {"type": "Feature", "geometry": {"type": "Polygon", "coordinates": [[[-68.77231347377027, 45.748500539096376], [-68.77230615449697, 45.750300673059506], [-68.7748774934081, 45.75030576841993], [-68.77488473002678, 45.748505634138674], [-68.77231347377027, 45.748500539096376]]]}, "properties": {"res_m": 1.0, "why": "near the mainland shore", "water_px": 356, "water_ha": 3.56, "shore_m_median": 84.9, "island_m_median": 387.4, "reach_m_median": 256.0, "open_water_frac": 0.236, "gap_frac": 0.744, "utm": [517510.0, 5066130.0, 517710.0, 5066330.0]}}, {"type": "Feature", "geometry": {"type": "Polygon", "coordinates": [[[-68.7697422182083, 45.748495386189965], [-68.76973481628049, 45.75029551983137], [-68.77230615449697, 45.750300673059506], [-68.77231347377027, 45.748500539096376], [-68.7697422182083, 45.748495386189965]]]}, "properties": {"res_m": 1.0, "why": "near the mainland shore", "water_px": 333, "water_ha": 3.33, "shore_m_median": 44.7, "island_m_median": 570.1, "reach_m_median": 224.0, "open_water_frac": 0.0, "gap_frac": 0.601, "utm": [517710.0, 5066130.0, 517910.0, 5066330.0]}}, {"type": "Feature", "geometry": {"type": "Polygon", "coordinates": [[[-68.7671709633487, 45.748490175419484], [-68.76716347876648, 45.75029030873553], [-68.76973481628049, 45.75029551983137], [-68.7697422182083, 45.748495386189965], [-68.7671709633487, 45.748490175419484]]]}, "properties": {"res_m": 1.0, "why": "near the mainland shore", "water_px": 107, "water_ha": 1.07, "shore_m_median": 22.4, "island_m_median": 820.0, "reach_m_median": 224.0, "open_water_frac": 0.0, "gap_frac": 0.72, "utm": [517910.0, 5066130.0, 518110.0, 5066330.0]}}, {"type": "Feature", "geometry": {"type": "Polygon", "coordinates": [[[-68.76459970919936, 45.74848490678497], [-68.76459214196278, 45.750285039772045], [-68.76716347876648, 45.75029030873553], [-68.7671709633487, 45.748490175419484], [-68.76459970919936, 45.74848490678497]]]}, "properties": {"res_m": 1.0, "why": "near the mainland shore", "water_px": 15, "water_ha": 0.15, "shore_m_median": 14.1, "island_m_median": 909.6, "reach_m_median": 200.0, "open_water_frac": 0.0, "gap_frac": 0.0, "utm": [518110.0, 5066130.0, 518310.0, 5066330.0]}}, {"type": "Feature", "geometry": {"type": "Polygon", "coordinates": [[[-68.75174344938057, 45.74845769565335], [-68.75173546887352, 45.75025782694142], [-68.754306802008, 45.7502633852425], [-68.75431469986111, 45.7484632536074], [-68.75174344938057, 45.74845769565335]]]}, "properties": {"res_m": 0.6, "why": "far outside the survey's reach", "water_px": 129, "water_ha": 1.29, "shore_m_median": 31.6, "island_m_median": 554.7, "reach_m_median": 816.0, "open_water_frac": 0.0, "gap_frac": 0.698, "utm": [519110.0, 5066130.0, 519310.0, 5066330.0]}}, {"type": "Feature", "geometry": {"type": "Polygon", "coordinates": [[[-68.74917219965731, 45.748452079835516], [-68.74916413649643, 45.750252210772956], [-68.75173546887352, 45.75025782694142], [-68.75174344938057, 45.74845769565335], [-68.74917219965731, 45.748452079835516]]]}, "properties": {"res_m": 0.6, "why": "far outside the survey's reach", "water_px": 211, "water_ha": 2.11, "shore_m_median": 50.0, "island_m_median": 410.5, "reach_m_median": 808.0, "open_water_frac": 0.014, "gap_frac": 0.829, "utm": [519310.0, 5066130.0, 519510.0, 5066330.0]}}, {"type": "Feature", "geometry": {"type": "Polygon", "coordinates": [[[-68.74660095069918, 45.74844640615397], [-68.74659280488456, 45.75024653673715], [-68.74916413649643, 45.750252210772956], [-68.74917219965731, 45.748452079835516], [-68.74660095069918, 45.74844640615397]]]}, "properties": {"res_m": 0.6, "why": "far outside the survey's reach", "water_px": 296, "water_ha": 2.96, "shore_m_median": 70.0, "island_m_median": 320.2, "reach_m_median": 664.0, "open_water_frac": 0.128, "gap_frac": 0.841, "utm": [519510.0, 5066130.0, 519710.0, 5066330.0]}}, {"type": "Feature", "geometry": {"type": "Polygon", "coordinates": [[[-68.74402970251401, 45.74844067460872], [-68.74402147404575, 45.75024080483404], [-68.74659280488456, 45.75024653673715], [-68.74660095069918, 45.74844640615397], [-68.74402970251401, 45.74844067460872]]]}, "properties": {"res_m": 0.6, "why": "far outside the survey's reach", "water_px": 354, "water_ha": 3.54, "shore_m_median": 80.6, "island_m_median": 316.0, "reach_m_median": 448.0, "open_water_frac": 0.153, "gap_frac": 0.966, "utm": [519710.0, 5066130.0, 519910.0, 5066330.0]}}, {"type": "Feature", "geometry": {"type": "Polygon", "coordinates": [[[-68.74145845510968, 45.74843488519984], [-68.74145014398785, 45.75023501506369], [-68.74402147404575, 45.75024080483404], [-68.74402970251401, 45.74844067460872], [-68.74145845510968, 45.74843488519984]]]}, "properties": {"res_m": 1.0, "why": "near the mainland shore", "water_px": 354, "water_ha": 3.54, "shore_m_median": 67.1, "island_m_median": 409.1, "reach_m_median": 320.0, "open_water_frac": 0.113, "gap_frac": 0.856, "utm": [519910.0, 5066130.0, 520110.0, 5066330.0]}}, {"type": "Feature", "geometry": {"type": "Polygon", "coordinates": [[[-68.738887208494, 45.74842903792738], [-68.73887881471872, 45.75022916742612], [-68.74145014398785, 45.75023501506369], [-68.74145845510968, 45.74843488519984], [-68.738887208494, 45.74842903792738]]]}, "properties": {"res_m": 1.0, "why": "near the mainland shore", "water_px": 390, "water_ha": 3.9, "shore_m_median": 104.4, "island_m_median": 312.6, "reach_m_median": 200.0, "open_water_frac": 0.374, "gap_frac": 0.464, "utm": [520110.0, 5066130.0, 520310.0, 5066330.0]}}, {"type": "Feature", "geometry": {"type": "Polygon", "coordinates": [[[-68.73631596267482, 45.74842313279135], [-68.73630748624616, 45.750223261921406], [-68.73887881471872, 45.75022916742612], [-68.738887208494, 45.74842903792738], [-68.73631596267482, 45.74842313279135]]]}, "properties": {"res_m": 1.0, "why": "near the mainland shore", "water_px": 318, "water_ha": 3.18, "shore_m_median": 31.6, "island_m_median": 111.8, "reach_m_median": 224.0, "open_water_frac": 0.003, "gap_frac": 0.566, "utm": [520310.0, 5066130.0, 520510.0, 5066330.0]}}, {"type": "Feature", "geometry": {"type": "Polygon", "coordinates": [[[-68.73374471766002, 45.74841716979184], [-68.73373615857807, 45.75021729854957], [-68.73630748624616, 45.750223261921406], [-68.73631596267482, 45.74842313279135], [-68.73374471766002, 45.74841716979184]]]}, "properties": {"res_m": 0.6, "why": "open water", "water_px": 391, "water_ha": 3.91, "shore_m_median": 172.6, "island_m_median": 102.0, "reach_m_median": 144.0, "open_water_frac": 0.801, "gap_frac": 0.225, "utm": [520510.0, 5066130.0, 520710.0, 5066330.0]}}, {"type": "Feature", "geometry": {"type": "Polygon", "coordinates": [[[-68.73117347345737, 45.74841114892887], [-68.73116483172225, 45.75021127731067], [-68.73373615857807, 45.75021729854957], [-68.73374471766002, 45.74841716979184], [-68.73117347345737, 45.74841114892887]]]}, "properties": {"res_m": 0.3, "why": "open water the 1954 survey never sounded", "water_px": 400, "water_ha": 4.0, "shore_m_median": 218.9, "island_m_median": 281.6, "reach_m_median": 224.0, "open_water_frac": 1.0, "gap_frac": 0.637, "utm": [520710.0, 5066130.0, 520910.0, 5066330.0]}}, {"type": "Feature", "geometry": {"type": "Polygon", "coordinates": [[[-68.72860223007478, 45.748405070202494], [-68.72859350568656, 45.75020519820475], [-68.73116483172225, 45.75021127731067], [-68.73117347345737, 45.74841114892887], [-68.72860223007478, 45.748405070202494]]]}, "properties": {"res_m": 0.3, "why": "open water the 1954 survey never sounded", "water_px": 400, "water_ha": 4.0, "shore_m_median": 134.5, "island_m_median": 480.1, "reach_m_median": 392.0, "open_water_frac": 0.63, "gap_frac": 1.0, "utm": [520910.0, 5066130.0, 521110.0, 5066330.0]}}, {"type": "Feature", "geometry": {"type": "Polygon", "coordinates": [[[-68.72603098752006, 45.74839893361276], [-68.72602218047885, 45.75019906123186], [-68.72859350568656, 45.75020519820475], [-68.72860223007478, 45.748405070202494], [-68.72603098752006, 45.74839893361276]]]}, "properties": {"res_m": 0.6, "why": "far outside the survey's reach", "water_px": 285, "water_ha": 2.85, "shore_m_median": 60.8, "island_m_median": 680.7, "reach_m_median": 576.0, "open_water_frac": 0.063, "gap_frac": 0.842, "utm": [521110.0, 5066130.0, 521310.0, 5066330.0]}}, {"type": "Feature", "geometry": {"type": "Polygon", "coordinates": [[[-68.72345974580105, 45.748392739159726], [-68.72345085610694, 45.750192866392055], [-68.72602218047885, 45.75019906123186], [-68.72603098752006, 45.74839893361276], [-68.72345974580105, 45.748392739159726]]]}, "properties": {"res_m": 0.6, "why": "far outside the survey's reach", "water_px": 161, "water_ha": 1.61, "shore_m_median": 42.4, "island_m_median": 832.9, "reach_m_median": 736.0, "open_water_frac": 0.025, "gap_frac": 0.752, "utm": [521310.0, 5066130.0, 521510.0, 5066330.0]}}, {"type": "Feature", "geometry": {"type": "Polygon", "coordinates": [[[-68.83917150896477, 45.74681406261696], [-68.8391663392253, 45.74861420424727], [-68.841737610787, 45.74861779480962], [-68.84174269787793, 45.746817652955144], [-68.83917150896477, 45.74681406261696]]]}, "properties": {"res_m": 0.6, "why": "far outside the survey's reach", "water_px": 15, "water_ha": 0.15, "shore_m_median": 14.1, "island_m_median": 358.5, "reach_m_median": 1220.0, "open_water_frac": 0.0, "gap_frac": 0.933, "utm": [512310.0, 5065930.0, 512510.0, 5066130.0]}}, {"type": "Feature", "geometry": {"type": "Polygon", "coordinates": [[[-68.83660032054217, 45.74681041441739], [-68.83659506815422, 45.7486105558199], [-68.8391663392253, 45.74861420424727], [-68.83917150896477, 45.74681406261696], [-68.83660032054217, 45.74681041441739]]]}, "properties": {"res_m": 0.6, "why": "far outside the survey's reach", "water_px": 272, "water_ha": 2.72, "shore_m_median": 53.9, "island_m_median": 207.1, "reach_m_median": 1080.0, "open_water_frac": 0.085, "gap_frac": 0.996, "utm": [512510.0, 5065930.0, 512710.0, 5066130.0]}}, {"type": "Feature", "geometry": {"type": "Polygon", "coordinates": [[[-68.83402913261799, 45.74680670835643], [-68.83402379758161, 45.74860684952755], [-68.83659506815422, 45.7486105558199], [-68.83660032054217, 45.74681041441739], [-68.83402913261799, 45.74680670835643]]]}, "properties": {"res_m": 0.6, "why": "far outside the survey's reach", "water_px": 358, "water_ha": 3.58, "shore_m_median": 114.0, "island_m_median": 72.8, "reach_m_median": 920.0, "open_water_frac": 0.464, "gap_frac": 0.969, "utm": [512710.0, 5065930.0, 512910.0, 5066130.0]}}, {"type": "Feature", "geometry": {"type": "Polygon", "coordinates": [[[-68.83145794520004, 45.746802944434116], [-68.8314525275153, 45.74860308537022], [-68.83402379758161, 45.74860684952755], [-68.83402913261799, 45.74680670835643], [-68.83145794520004, 45.746802944434116]]]}, "properties": {"res_m": 0.6, "why": "far outside the survey's reach", "water_px": 232, "water_ha": 2.32, "shore_m_median": 38.0, "island_m_median": 94.6, "reach_m_median": 760.0, "open_water_frac": 0.0, "gap_frac": 0.897, "utm": [512910.0, 5065930.0, 513110.0, 5066130.0]}}, {"type": "Feature", "geometry": {"type": "Polygon", "coordinates": [[[-68.82888675829618, 45.74679912265047], [-68.82888125796313, 45.74859926334797], [-68.8314525275153, 45.74860308537022], [-68.83145794520004, 45.746802944434116], [-68.82888675829618, 45.74679912265047]]]}, "properties": {"res_m": 0.6, "why": "far outside the survey's reach", "water_px": 323, "water_ha": 3.23, "shore_m_median": 70.7, "island_m_median": 92.2, "reach_m_median": 528.0, "open_water_frac": 0.152, "gap_frac": 0.938, "utm": [513110.0, 5065930.0, 513310.0, 5066130.0]}}, {"type": "Feature", "geometry": {"type": "Polygon", "coordinates": [[[-68.82631557191426, 45.74679524300556], [-68.82630998893296, 45.74859538346079], [-68.82888125796313, 45.74859926334797], [-68.82888675829618, 45.74679912265047], [-68.82631557191426, 45.74679524300556]]]}, "properties": {"res_m": 0.3, "why": "open water the 1954 survey never sounded", "water_px": 345, "water_ha": 3.45, "shore_m_median": 211.9, "island_m_median": 84.9, "reach_m_median": 360.0, "open_water_frac": 0.994, "gap_frac": 0.994, "utm": [513310.0, 5065930.0, 513510.0, 5066130.0]}}, {"type": "Feature", "geometry": {"type": "Polygon", "coordinates": [[[-68.82374438606212, 45.746791305499364], [-68.82373872043263, 45.74859144570877], [-68.82630998893296, 45.74859538346079], [-68.82631557191426, 45.74679524300556], [-68.82374438606212, 45.746791305499364]]]}, "properties": {"res_m": 0.3, "why": "open water the 1954 survey never sounded", "water_px": 400, "water_ha": 4.0, "shore_m_median": 205.9, "island_m_median": 162.8, "reach_m_median": 264.0, "open_water_frac": 0.95, "gap_frac": 0.805, "utm": [513510.0, 5065930.0, 513710.0, 5066130.0]}}, {"type": "Feature", "geometry": {"type": "Polygon", "coordinates": [[[-68.82117320074758, 45.74678731013194], [-68.82116745246998, 45.74858745009188], [-68.82373872043263, 45.74859144570877], [-68.82374438606212, 45.746791305499364], [-68.82117320074758, 45.74678731013194]]]}, "properties": {"res_m": 0.3, "why": "open water the 1954 survey never sounded", "water_px": 400, "water_ha": 4.0, "shore_m_median": 152.3, "island_m_median": 313.8, "reach_m_median": 240.0, "open_water_frac": 0.68, "gap_frac": 0.71, "utm": [513710.0, 5065930.0, 513910.0, 5066130.0]}}, {"type": "Feature", "geometry": {"type": "Polygon", "coordinates": [[[-68.81860201597851, 45.74678325690333], [-68.81859618505285, 45.748583396610194], [-68.82116745246998, 45.74858745009188], [-68.82117320074758, 45.74678731013194], [-68.81860201597851, 45.74678325690333]]]}, "properties": {"res_m": 0.3, "why": "open water the 1954 survey never sounded", "water_px": 400, "water_ha": 4.0, "shore_m_median": 180.0, "island_m_median": 419.9, "reach_m_median": 240.0, "open_water_frac": 0.792, "gap_frac": 0.73, "utm": [513910.0, 5065930.0, 514110.0, 5066130.0]}}, {"type": "Feature", "geometry": {"type": "Polygon", "coordinates": [[[-68.81603083176273, 45.74677914581356], [-68.81602491818909, 45.74857928526372], [-68.81859618505285, 45.748583396610194], [-68.81860201597851, 45.74678325690333], [-68.81603083176273, 45.74677914581356]]]}, "properties": {"res_m": 0.3, "why": "open water the 1954 survey never sounded", "water_px": 400, "water_ha": 4.0, "shore_m_median": 241.7, "island_m_median": 250.0, "reach_m_median": 232.0, "open_water_frac": 0.99, "gap_frac": 0.695, "utm": [514110.0, 5065930.0, 514310.0, 5066130.0]}}, {"type": "Feature", "geometry": {"type": "Polygon", "coordinates": [[[-68.81345964810811, 45.74677497686264], [-68.81345365188652, 45.748575116052514], [-68.81602491818909, 45.74857928526372], [-68.81603083176273, 45.74677914581356], [-68.81345964810811, 45.74677497686264]]]}, "properties": {"res_m": 0.3, "why": "open water the 1954 survey never sounded", "water_px": 379, "water_ha": 3.79, "shore_m_median": 374.4, "island_m_median": 70.7, "reach_m_median": 224.0, "open_water_frac": 1.0, "gap_frac": 0.551, "utm": [514310.0, 5065930.0, 514510.0, 5066130.0]}}, {"type": "Feature", "geometry": {"type": "Polygon", "coordinates": [[[-68.81088846502247, 45.746770750050636], [-68.81088238615303, 45.74857088897659], [-68.81345365188652, 45.748575116052514], [-68.81345964810811, 45.74677497686264], [-68.81088846502247, 45.746770750050636]]]}, "properties": {"res_m": 0.3, "why": "open water the 1954 survey never sounded", "water_px": 378, "water_ha": 3.78, "shore_m_median": 550.8, "island_m_median": 84.9, "reach_m_median": 216.0, "open_water_frac": 1.0, "gap_frac": 0.606, "utm": [514510.0, 5065930.0, 514710.0, 5066130.0]}}, {"type": "Feature", "geometry": {"type": "Polygon", "coordinates": [[[-68.80831728251366, 45.746766465377554], [-68.80831112099641, 45.748566604035986], [-68.81088238615303, 45.74857088897659], [-68.81088846502247, 45.746770750050636], [-68.80831728251366, 45.746766465377554]]]}, "properties": {"res_m": 0.3, "why": "open water the 1954 survey never sounded", "water_px": 400, "water_ha": 4.0, "shore_m_median": 730.1, "island_m_median": 144.2, "reach_m_median": 224.0, "open_water_frac": 1.0, "gap_frac": 0.593, "utm": [514710.0, 5065930.0, 514910.0, 5066130.0]}}, {"type": "Feature", "geometry": {"type": "Polygon", "coordinates": [[[-68.80574610058952, 45.74676212284346], [-68.80573985642455, 45.748562261230745], [-68.80831112099641, 45.748566604035986], [-68.80831728251366, 45.746766465377554], [-68.80574610058952, 45.74676212284346]]]}, "properties": {"res_m": 0.3, "why": "open water the 1954 survey never sounded", "water_px": 383, "water_ha": 3.83, "shore_m_median": 915.9, "island_m_median": 99.0, "reach_m_median": 216.0, "open_water_frac": 1.0, "gap_frac": 0.577, "utm": [514910.0, 5065930.0, 515110.0, 5066130.0]}}, {"type": "Feature", "geometry": {"type": "Polygon", "coordinates": [[[-68.80317491925788, 45.74675772244836], [-68.80316859244527, 45.748557860560894], [-68.80573985642455, 45.748562261230745], [-68.80574610058952, 45.74676212284346], [-68.80317491925788, 45.74675772244836]]]}, "properties": {"res_m": 0.3, "why": "open water the 1954 survey never sounded", "water_px": 365, "water_ha": 3.65, "shore_m_median": 1122.7, "island_m_median": 99.0, "reach_m_median": 216.0, "open_water_frac": 1.0, "gap_frac": 0.616, "utm": [515110.0, 5065930.0, 515310.0, 5066130.0]}}, {"type": "Feature", "geometry": {"type": "Polygon", "coordinates": [[[-68.8006037385266, 45.746753264192286], [-68.8005973290664, 45.74855340202647], [-68.80316859244527, 45.748557860560894], [-68.80317491925788, 45.74675772244836], [-68.8006037385266, 45.746753264192286]]]}, "properties": {"res_m": 0.3, "why": "open water the 1954 survey never sounded", "water_px": 400, "water_ha": 4.0, "shore_m_median": 1309.8, "island_m_median": 152.8, "reach_m_median": 236.0, "open_water_frac": 1.0, "gap_frac": 0.675, "utm": [515310.0, 5065930.0, 515510.0, 5066130.0]}}, {"type": "Feature", "geometry": {"type": "Polygon", "coordinates": [[[-68.79803255840353, 45.7467487480753], [-68.79802606629582, 45.7485488856275], [-68.8005973290664, 45.74855340202647], [-68.8006037385266, 45.746753264192286], [-68.79803255840353, 45.7467487480753]]]}, "properties": {"res_m": 0.3, "why": "open water the 1954 survey never sounded", "water_px": 400, "water_ha": 4.0, "shore_m_median": 1352.1, "island_m_median": 261.7, "reach_m_median": 224.0, "open_water_frac": 1.0, "gap_frac": 0.605, "utm": [515510.0, 5065930.0, 515710.0, 5066130.0]}}, {"type": "Feature", "geometry": {"type": "Polygon", "coordinates": [[[-68.7954613788965, 45.74674417409742], [-68.79545480414134, 45.74854431136402], [-68.79802606629582, 45.7485488856275], [-68.79803255840353, 45.7467487480753], [-68.7954613788965, 45.74674417409742]]]}, "properties": {"res_m": 0.3, "why": "open water the 1954 survey never sounded", "water_px": 400, "water_ha": 4.0, "shore_m_median": 1202.2, "island_m_median": 434.2, "reach_m_median": 216.0, "open_water_frac": 1.0, "gap_frac": 0.537, "utm": [515710.0, 5065930.0, 515910.0, 5066130.0]}}, {"type": "Feature", "geometry": {"type": "Polygon", "coordinates": [[[-68.79289020001335, 45.746739542258695], [-68.79288354261082, 45.748539679236096], [-68.79545480414134, 45.74854431136402], [-68.7954613788965, 45.74674417409742], [-68.79289020001335, 45.746739542258695]]]}, "properties": {"res_m": 0.3, "why": "open water the 1954 survey never sounded", "water_px": 400, "water_ha": 4.0, "shore_m_median": 1046.5, "island_m_median": 608.3, "reach_m_median": 224.0, "open_water_frac": 1.0, "gap_frac": 0.588, "utm": [515910.0, 5065930.0, 516110.0, 5066130.0]}}, {"type": "Feature", "geometry": {"type": "Polygon", "coordinates": [[[-68.79031902176193, 45.74673485255914], [-68.7903122817121, 45.74853498924373], [-68.79288354261082, 45.748539679236096], [-68.79289020001335, 45.746739542258695], [-68.79031902176193, 45.74673485255914]]]}, "properties": {"res_m": 0.3, "why": "open water the 1954 survey never sounded", "water_px": 400, "water_ha": 4.0, "shore_m_median": 875.6, "island_m_median": 610.7, "reach_m_median": 228.0, "open_water_frac": 1.0, "gap_frac": 0.6, "utm": [516110.0, 5065930.0, 516310.0, 5066130.0]}}, {"type": "Feature", "geometry": {"type": "Polygon", "coordinates": [[[-68.78774784415008, 45.74673010499881], [-68.78774102145303, 45.74853024138697], [-68.7903122817121, 45.74853498924373], [-68.79031902176193, 45.74673485255914], [-68.78774784415008, 45.74673010499881]]]}, "properties": {"res_m": 0.3, "why": "open water the 1954 survey never sounded", "water_px": 400, "water_ha": 4.0, "shore_m_median": 706.6, "island_m_median": 551.1, "reach_m_median": 224.0, "open_water_frac": 1.0, "gap_frac": 0.545, "utm": [516310.0, 5065930.0, 516510.0, 5066130.0]}}, {"type": "Feature", "geometry": {"type": "Polygon", "coordinates": [[[-68.78517666718562, 45.746725299577754], [-68.78516976184143, 45.74852543566587], [-68.78774102145303, 45.74853024138697], [-68.78774784415008, 45.74673010499881], [-68.78517666718562, 45.746725299577754]]]}, "properties": {"res_m": 0.3, "why": "open water the 1954 survey never sounded", "water_px": 400, "water_ha": 4.0, "shore_m_median": 539.7, "island_m_median": 425.2, "reach_m_median": 220.0, "open_water_frac": 1.0, "gap_frac": 0.59, "utm": [516510.0, 5065930.0, 516710.0, 5066130.0]}}, {"type": "Feature", "geometry": {"type": "Polygon", "coordinates": [[[-68.78260549087642, 45.74672043629599], [-68.78259850288516, 45.74852057208044], [-68.78516976184143, 45.74852543566587], [-68.78517666718562, 45.746725299577754], [-68.78260549087642, 45.74672043629599]]]}, "properties": {"res_m": 0.6, "why": "open water", "water_px": 400, "water_ha": 4.0, "shore_m_median": 377.7, "island_m_median": 291.5, "reach_m_median": 184.0, "open_water_frac": 1.0, "gap_frac": 0.412, "utm": [516710.0, 5065930.0, 516910.0, 5066130.0]}}, {"type": "Feature", "geometry": {"type": "Polygon", "coordinates": [[[-68.78003431523032, 45.74671551515355], [-68.78002724459208, 45.748515650630736], [-68.78259850288516, 45.74852057208044], [-68.78260549087642, 45.74672043629599], [-68.78003431523032, 45.74671551515355]]]}, "properties": {"res_m": 0.6, "why": "open water", "water_px": 400, "water_ha": 4.0, "shore_m_median": 250.3, "island_m_median": 130.2, "reach_m_median": 184.0, "open_water_frac": 1.0, "gap_frac": 0.357, "utm": [516910.0, 5065930.0, 517110.0, 5066130.0]}}, {"type": "Feature", "geometry": {"type": "Polygon", "coordinates": [[[-68.77746314025515, 45.74671053615048], [-68.77745598697, 45.74851067131681], [-68.78002724459208, 45.748515650630736], [-68.78003431523032, 45.74671551515355], [-68.77746314025515, 45.74671053615048]]]}, "properties": {"res_m": 0.3, "why": "open water the 1954 survey never sounded", "water_px": 316, "water_ha": 3.16, "shore_m_median": 200.1, "island_m_median": 40.6, "reach_m_median": 280.0, "open_water_frac": 0.965, "gap_frac": 0.791, "utm": [517110.0, 5065930.0, 517310.0, 5066130.0]}}, {"type": "Feature", "geometry": {"type": "Polygon", "coordinates": [[[-68.77489196595877, 45.74670549928685], [-68.77488473002678, 45.748505634138674], [-68.77745598697, 45.74851067131681], [-68.77746314025515, 45.74671053615048], [-68.77489196595877, 45.74670549928685]]]}, "properties": {"res_m": 0.3, "why": "open water the 1954 survey never sounded", "water_px": 400, "water_ha": 4.0, "shore_m_median": 122.9, "island_m_median": 179.4, "reach_m_median": 392.0, "open_water_frac": 0.525, "gap_frac": 1.0, "utm": [517310.0, 5065930.0, 517510.0, 5066130.0]}}, {"type": "Feature", "geometry": {"type": "Polygon", "coordinates": [[[-68.772320792349, 45.74670040456266], [-68.77231347377027, 45.748500539096376], [-68.77488473002678, 45.748505634138674], [-68.77489196595877, 45.74670549928685], [-68.772320792349, 45.74670040456266]]]}, "properties": {"res_m": 0.6, "why": "far outside the survey's reach", "water_px": 165, "water_ha": 1.65, "shore_m_median": 40.0, "island_m_median": 312.6, "reach_m_median": 448.0, "open_water_frac": 0.0, "gap_frac": 0.861, "utm": [517510.0, 5065930.0, 517710.0, 5066130.0]}}, {"type": "Feature", "geometry": {"type": "Polygon", "coordinates": [[[-68.76974961943371, 45.74669525197796], [-68.7697422182083, 45.748495386189965], [-68.77231347377027, 45.748500539096376], [-68.772320792349, 45.74670040456266], [-68.76974961943371, 45.74669525197796]]]}, "properties": {"res_m": 1.0, "why": "near the mainland shore", "water_px": 20, "water_ha": 0.2, "shore_m_median": 10.0, "island_m_median": 486.0, "reach_m_median": 360.0, "open_water_frac": 0.0, "gap_frac": 0.2, "utm": [517710.0, 5065930.0, 517910.0, 5066130.0]}}, {"type": "Feature", "geometry": {"type": "Polygon", "coordinates": [[[-68.74403793020147, 45.74664054381259], [-68.74402970251401, 45.74844067460872], [-68.74660095069918, 45.74844640615397], [-68.74660909574081, 45.746646274999975], [-68.74403793020147, 45.74664054381259]]]}, "properties": {"res_m": 1.0, "why": "near the mainland shore", "water_px": 279, "water_ha": 2.79, "shore_m_median": 53.9, "island_m_median": 527.7, "reach_m_median": 392.0, "open_water_frac": 0.0, "gap_frac": 0.935, "utm": [519710.0, 5065930.0, 519910.0, 5066130.0]}}, {"type": "Feature", "geometry": {"type": "Polygon", "coordinates": [[[-68.74146676544284, 45.74663475476516], [-68.74145845510968, 45.74843488519984], [-68.74402970251401, 45.74844067460872], [-68.74403793020147, 45.74664054381259], [-68.74146676544284, 45.74663475476516]]]}, "properties": {"res_m": 1.0, "why": "near the mainland shore", "water_px": 303, "water_ha": 3.03, "shore_m_median": 40.0, "island_m_median": 496.6, "reach_m_median": 208.0, "open_water_frac": 0.0, "gap_frac": 0.508, "utm": [519910.0, 5065930.0, 520110.0, 5066130.0]}}, {"type": "Feature", "geometry": {"type": "Polygon", "coordinates": [[[-68.73889560147279, 45.746628907857755], [-68.738887208494, 45.74842903792738], [-68.74145845510968, 45.74843488519984], [-68.74146676544284, 45.74663475476516], [-68.73889560147279, 45.746628907857755]]]}, "properties": {"res_m": 0.6, "why": "open water", "water_px": 400, "water_ha": 4.0, "shore_m_median": 150.3, "island_m_median": 348.1, "reach_m_median": 88.0, "open_water_frac": 0.815, "gap_frac": 0.0, "utm": [520110.0, 5065930.0, 520310.0, 5066130.0]}}, {"type": "Feature", "geometry": {"type": "Polygon", "coordinates": [[[-68.73632443829915, 45.74662300309041], [-68.73631596267482, 45.74842313279135], [-68.738887208494, 45.74842903792738], [-68.73889560147279, 45.746628907857755], [-68.73632443829915, 45.74662300309041]]]}, "properties": {"res_m": 1.0, "why": "near the mainland shore", "water_px": 371, "water_ha": 3.71, "shore_m_median": 72.1, "island_m_median": 198.5, "reach_m_median": 184.0, "open_water_frac": 0.202, "gap_frac": 0.41, "utm": [520310.0, 5065930.0, 520510.0, 5066130.0]}}, {"type": "Feature", "geometry": {"type": "Polygon", "coordinates": [[[-68.73375327592976, 45.74661704046319], [-68.73374471766002, 45.74841716979184], [-68.73631596267482, 45.74842313279135], [-68.73632443829915, 45.74662300309041], [-68.73375327592976, 45.74661704046319]]]}, "properties": {"res_m": 1.0, "why": "near the mainland shore", "water_px": 386, "water_ha": 3.86, "shore_m_median": 90.0, "island_m_median": 185.2, "reach_m_median": 312.0, "open_water_frac": 0.326, "gap_frac": 0.961, "utm": [520510.0, 5065930.0, 520710.0, 5066130.0]}}, {"type": "Feature", "geometry": {"type": "Polygon", "coordinates": [[[-68.73118211437247, 45.74661101997613], [-68.73117347345737, 45.74841114892887], [-68.73374471766002, 45.74841716979184], [-68.73375327592976, 45.74661704046319], [-68.73118211437247, 45.74661101997613]]]}, "properties": {"res_m": 1.0, "why": "near the mainland shore", "water_px": 389, "water_ha": 3.89, "shore_m_median": 106.3, "island_m_median": 325.6, "reach_m_median": 376.0, "open_water_frac": 0.422, "gap_frac": 0.967, "utm": [520710.0, 5065930.0, 520910.0, 5066130.0]}}, {"type": "Feature", "geometry": {"type": "Polygon", "coordinates": [[[-68.72861095363511, 45.746604941629265], [-68.72860223007478, 45.748405070202494], [-68.73117347345737, 45.74841114892887], [-68.73118211437247, 45.74661101997613], [-68.72861095363511, 45.746604941629265]]]}, "properties": {"res_m": 0.6, "why": "far outside the survey's reach", "water_px": 194, "water_ha": 1.94, "shore_m_median": 41.2, "island_m_median": 471.0, "reach_m_median": 440.0, "open_water_frac": 0.0, "gap_frac": 0.773, "utm": [520910.0, 5065930.0, 521110.0, 5066130.0]}}, {"type": "Feature", "geometry": {"type": "Polygon", "coordinates": [[[-68.72603979372553, 45.74659880542268], [-68.72603098752006, 45.74839893361276], [-68.72860223007478, 45.748405070202494], [-68.72861095363511, 45.746604941629265], [-68.72603979372553, 45.74659880542268]]]}, "properties": {"res_m": 1.0, "why": "near the mainland shore", "water_px": 5, "water_ha": 0.05, "shore_m_median": 10.0, "island_m_median": 586.9, "reach_m_median": null, "open_water_frac": 0.0, "gap_frac": 0.0, "utm": [521110.0, 5065930.0, 521310.0, 5066130.0]}}, {"type": "Feature", "geometry": {"type": "Polygon", "coordinates": [[[-68.83660557243172, 45.745010272444695], [-68.83660032054217, 45.74681041441739], [-68.83917150896477, 45.74681406261696], [-68.83917667821368, 45.745013920416504], [-68.83660557243172, 45.745010272444695]]]}, "properties": {"res_m": 0.6, "why": "far outside the survey's reach", "water_px": 32, "water_ha": 0.32, "shore_m_median": 20.0, "island_m_median": 156.4, "reach_m_median": 1008.0, "open_water_frac": 0.0, "gap_frac": 0.969, "utm": [512510.0, 5065730.0, 512710.0, 5065930.0]}}, {"type": "Feature", "geometry": {"type": "Polygon", "coordinates": [[[-68.8340344671481, 45.74500656661512], [-68.83402913261799, 45.74680670835643], [-68.83660032054217, 45.74681041441739], [-68.83660557243172, 45.745010272444695], [-68.8340344671481, 45.74500656661512]]]}, "properties": {"res_m": 0.6, "why": "far outside the survey's reach", "water_px": 285, "water_ha": 2.85, "shore_m_median": 58.3, "island_m_median": 114.0, "reach_m_median": 904.0, "open_water_frac": 0.042, "gap_frac": 0.937, "utm": [512710.0, 5065730.0, 512910.0, 5065930.0]}}, {"type": "Feature", "geometry": {"type": "Polygon", "coordinates": [[[-68.83146336237068, 45.74500280292781], [-68.83145794520004, 45.746802944434116], [-68.83402913261799, 45.74680670835643], [-68.8340344671481, 45.74500656661512], [-68.83146336237068, 45.74500280292781]]]}, "properties": {"res_m": 0.6, "why": "far outside the survey's reach", "water_px": 350, "water_ha": 3.5, "shore_m_median": 60.8, "island_m_median": 184.4, "reach_m_median": 664.0, "open_water_frac": 0.043, "gap_frac": 1.0, "utm": [512910.0, 5065730.0, 513110.0, 5065930.0]}}, {"type": "Feature", "geometry": {"type": "Polygon", "coordinates": [[[-68.8288922581073, 45.744998981382786], [-68.82888675829618, 45.74679912265047], [-68.83145794520004, 45.746802944434116], [-68.83146336237068, 45.74500280292781], [-68.8288922581073, 45.744998981382786]]]}, "properties": {"res_m": 0.3, "why": "open water the 1954 survey never sounded", "water_px": 400, "water_ha": 4.0, "shore_m_median": 176.9, "island_m_median": 140.0, "reach_m_median": 480.0, "open_water_frac": 0.845, "gap_frac": 1.0, "utm": [513110.0, 5065730.0, 513310.0, 5065930.0]}}, {"type": "Feature", "geometry": {"type": "Polygon", "coordinates": [[[-68.82632115436579, 45.74499510198008], [-68.82631557191426, 45.74679524300556], [-68.82888675829618, 45.74679912265047], [-68.8288922581073, 45.744998981382786], [-68.82632115436579, 45.74499510198008]]]}, "properties": {"res_m": 0.3, "why": "open water the 1954 survey never sounded", "water_px": 379, "water_ha": 3.79, "shore_m_median": 322.0, "island_m_median": 85.4, "reach_m_median": 304.0, "open_water_frac": 1.0, "gap_frac": 0.929, "utm": [513310.0, 5065730.0, 513510.0, 5065930.0]}}, {"type": "Feature", "geometry": {"type": "Polygon", "coordinates": [[[-68.82375005115398, 45.74499116471973], [-68.82374438606212, 45.746791305499364], [-68.82631557191426, 45.74679524300556], [-68.82632115436579, 45.74499510198008], [-68.82375005115398, 45.74499116471973]]]}, "properties": {"res_m": 0.6, "why": "open water", "water_px": 355, "water_ha": 3.55, "shore_m_median": 380.1, "island_m_median": 70.7, "reach_m_median": 104.0, "open_water_frac": 1.0, "gap_frac": 0.017, "utm": [513510.0, 5065730.0, 513710.0, 5065930.0]}}, {"type": "Feature", "geometry": {"type": "Polygon", "coordinates": [[[-68.82117894847973, 45.744987169601764], [-68.82117320074758, 45.74678731013194], [-68.82374438606212, 45.746791305499364], [-68.82375005115398, 45.74499116471973], [-68.82117894847973, 45.744987169601764]]]}, "properties": {"res_m": 0.6, "why": "open water", "water_px": 400, "water_ha": 4.0, "shore_m_median": 350.0, "island_m_median": 221.4, "reach_m_median": 80.0, "open_water_frac": 1.0, "gap_frac": 0.0, "utm": [513710.0, 5065730.0, 513910.0, 5065930.0]}}, {"type": "Feature", "geometry": {"type": "Polygon", "coordinates": [[[-68.81860784635086, 45.74498311662621], [-68.81860201597851, 45.74678325690333], [-68.82117320074758, 45.74678731013194], [-68.82117894847973, 45.744987169601764], [-68.81860784635086, 45.74498311662621]]]}, "properties": {"res_m": 0.6, "why": "open water", "water_px": 400, "water_ha": 4.0, "shore_m_median": 373.4, "island_m_median": 320.1, "reach_m_median": 88.0, "open_water_frac": 1.0, "gap_frac": 0.0, "utm": [513910.0, 5065730.0, 514110.0, 5065930.0]}}, {"type": "Feature", "geometry": {"type": "Polygon", "coordinates": [[[-68.81603674477525, 45.7449790057931], [-68.81603083176273, 45.74677914581356], [-68.81860201597851, 45.74678325690333], [-68.81860784635086, 45.74498311662621], [-68.81603674477525, 45.7449790057931]]]}, "properties": {"res_m": 0.6, "why": "open water", "water_px": 400, "water_ha": 4.0, "shore_m_median": 418.8, "island_m_median": 286.0, "reach_m_median": 80.0, "open_water_frac": 1.0, "gap_frac": 0.0, "utm": [514110.0, 5065730.0, 514310.0, 5065930.0]}}, {"type": "Feature", "geometry": {"type": "Polygon", "coordinates": [[[-68.8134656437607, 45.74497483710246], [-68.81345964810811, 45.74677497686264], [-68.81603083176273, 45.74677914581356], [-68.81603674477525, 45.7449790057931], [-68.8134656437607, 45.74497483710246]]]}, "properties": {"res_m": 0.6, "why": "open water", "water_px": 400, "water_ha": 4.0, "shore_m_median": 517.4, "island_m_median": 191.0, "reach_m_median": 84.0, "open_water_frac": 1.0, "gap_frac": 0.0, "utm": [514310.0, 5065730.0, 514510.0, 5065930.0]}}, {"type": "Feature", "geometry": {"type": "Polygon", "coordinates": [[[-68.81089454331507, 45.74497061055436], [-68.81088846502247, 45.746770750050636], [-68.81345964810811, 45.74677497686264], [-68.8134656437607, 45.74497483710246], [-68.81089454331507, 45.74497061055436]]]}, "properties": {"res_m": 0.6, "why": "open water", "water_px": 400, "water_ha": 4.0, "shore_m_median": 657.6, "island_m_median": 230.2, "reach_m_median": 80.0, "open_water_frac": 1.0, "gap_frac": 0.0, "utm": [514510.0, 5065730.0, 514710.0, 5065930.0]}}, {"type": "Feature", "geometry": {"type": "Polygon", "coordinates": [[[-68.80832344344621, 45.744966326148784], [-68.80831728251366, 45.746766465377554], [-68.81088846502247, 45.746770750050636], [-68.81089454331507, 45.74497061055436], [-68.80832344344621, 45.744966326148784]]]}, "properties": {"res_m": 0.6, "why": "open water", "water_px": 400, "water_ha": 4.0, "shore_m_median": 818.4, "island_m_median": 310.3, "reach_m_median": 96.0, "open_water_frac": 1.0, "gap_frac": 0.0, "utm": [514710.0, 5065730.0, 514910.0, 5065930.0]}}, {"type": "Feature", "geometry": {"type": "Polygon", "coordinates": [[[-68.80575234416195, 45.74496198388581], [-68.80574610058952, 45.74676212284346], [-68.80831728251366, 45.746766465377554], [-68.80832344344621, 45.744966326148784], [-68.80575234416195, 45.74496198388581]]]}, "properties": {"res_m": 0.6, "why": "open water", "water_px": 400, "water_ha": 4.0, "shore_m_median": 992.8, "island_m_median": 262.8, "reach_m_median": 72.0, "open_water_frac": 1.0, "gap_frac": 0.0, "utm": [514910.0, 5065730.0, 515110.0, 5065930.0]}}, {"type": "Feature", "geometry": {"type": "Polygon", "coordinates": [[[-68.80318124547014, 45.74495758376544], [-68.80317491925788, 45.74675772244836], [-68.80574610058952, 45.74676212284346], [-68.80575234416195, 45.74496198388581], [-68.80318124547014, 45.74495758376544]]]}, "properties": {"res_m": 0.6, "why": "open water", "water_px": 400, "water_ha": 4.0, "shore_m_median": 1173.9, "island_m_median": 266.3, "reach_m_median": 80.0, "open_water_frac": 1.0, "gap_frac": 0.0, "utm": [515110.0, 5065730.0, 515310.0, 5065930.0]}}, {"type": "Feature", "geometry": {"type": "Polygon", "coordinates": [[[-68.8006101473786, 45.74495312578773], [-68.8006037385266, 45.746753264192286], [-68.80317491925788, 45.74675772244836], [-68.80318124547014, 45.74495758376544], [-68.8006101473786, 45.74495312578773]]]}, "properties": {"res_m": 0.6, "why": "open water", "water_px": 400, "water_ha": 4.0, "shore_m_median": 1337.2, "island_m_median": 339.8, "reach_m_median": 88.0, "open_water_frac": 1.0, "gap_frac": 0.0, "utm": [515310.0, 5065730.0, 515510.0, 5065930.0]}}, {"type": "Feature", "geometry": {"type": "Polygon", "coordinates": [[[-68.79803904989521, 45.744948609952694], [-68.79803255840353, 45.7467487480753], [-68.8006037385266, 45.746753264192286], [-68.8006101473786, 45.74495312578773], [-68.79803904989521, 45.744948609952694]]]}, "properties": {"res_m": 0.6, "why": "open water", "water_px": 400, "water_ha": 4.0, "shore_m_median": 1234.8, "island_m_median": 407.1, "reach_m_median": 88.0, "open_water_frac": 1.0, "gap_frac": 0.0, "utm": [515510.0, 5065730.0, 515710.0, 5065930.0]}}, {"type": "Feature", "geometry": {"type": "Polygon", "coordinates": [[[-68.79546795302778, 45.7449440362604], [-68.7954613788965, 45.74674417409742], [-68.79803255840353, 45.7467487480753], [-68.79803904989521, 45.744948609952694], [-68.79546795302778, 45.7449440362604]]]}, "properties": {"res_m": 0.6, "why": "open water", "water_px": 400, "water_ha": 4.0, "shore_m_median": 1071.2, "island_m_median": 537.9, "reach_m_median": 88.0, "open_water_frac": 1.0, "gap_frac": 0.0, "utm": [515710.0, 5065730.0, 515910.0, 5065930.0]}}, {"type": "Feature", "geometry": {"type": "Polygon", "coordinates": [[[-68.79289685678415, 45.74493940471085], [-68.79289020001335, 45.746739542258695], [-68.7954613788965, 45.74674417409742], [-68.79546795302778, 45.7449440362604], [-68.79289685678415, 45.74493940471085]]]}, "properties": {"res_m": 0.6, "why": "open water", "water_px": 400, "water_ha": 4.0, "shore_m_median": 920.6, "island_m_median": 536.7, "reach_m_median": 88.0, "open_water_frac": 1.0, "gap_frac": 0.0, "utm": [515910.0, 5065730.0, 516110.0, 5065930.0]}}, {"type": "Feature", "geometry": {"type": "Polygon", "coordinates": [[[-68.79032576117217, 45.74493471530409], [-68.79031902176193, 45.74673485255914], [-68.79289020001335, 45.746739542258695], [-68.79289685678415, 45.74493940471085], [-68.79032576117217, 45.74493471530409]]]}, "properties": {"res_m": 0.6, "why": "open water", "water_px": 400, "water_ha": 4.0, "shore_m_median": 769.9, "island_m_median": 424.1, "reach_m_median": 72.0, "open_water_frac": 1.0, "gap_frac": 0.0, "utm": [516110.0, 5065730.0, 516310.0, 5065930.0]}}, {"type": "Feature", "geometry": {"type": "Polygon", "coordinates": [[[-68.78775466619969, 45.744929968040175], [-68.78774784415008, 45.74673010499881], [-68.79031902176193, 45.74673485255914], [-68.79032576117217, 45.74493471530409], [-68.78775466619969, 45.744929968040175]]]}, "properties": {"res_m": 0.6, "why": "open water", "water_px": 400, "water_ha": 4.0, "shore_m_median": 603.0, "island_m_median": 390.3, "reach_m_median": 88.0, "open_water_frac": 1.0, "gap_frac": 0.0, "utm": [516310.0, 5065730.0, 516510.0, 5065930.0]}}, {"type": "Feature", "geometry": {"type": "Polygon", "coordinates": [[[-68.78518357187455, 45.74492516291913], [-68.78517666718562, 45.746725299577754], [-68.78774784415008, 45.74673010499881], [-68.78775466619969, 45.744929968040175], [-68.78518357187455, 45.74492516291913]]]}, "properties": {"res_m": 0.6, "why": "open water", "water_px": 400, "water_ha": 4.0, "shore_m_median": 431.1, "island_m_median": 297.8, "reach_m_median": 80.0, "open_water_frac": 1.0, "gap_frac": 0.0, "utm": [516510.0, 5065730.0, 516710.0, 5065930.0]}}, {"type": "Feature", "geometry": {"type": "Polygon", "coordinates": [[[-68.78261247820458, 45.74492029994099], [-68.78260549087642, 45.74672043629599], [-68.78517666718562, 45.746725299577754], [-68.78518357187455, 45.74492516291913], [-68.78261247820458, 45.74492029994099]]]}, "properties": {"res_m": 0.6, "why": "open water", "water_px": 400, "water_ha": 4.0, "shore_m_median": 265.7, "island_m_median": 150.0, "reach_m_median": 88.0, "open_water_frac": 1.0, "gap_frac": 0.0, "utm": [516710.0, 5065730.0, 516910.0, 5065930.0]}}, {"type": "Feature", "geometry": {"type": "Polygon", "coordinates": [[[-68.78004138519763, 45.74491537910581], [-68.78003431523032, 45.74671551515355], [-68.78260549087642, 45.74672043629599], [-68.78261247820458, 45.74492029994099], [-68.78004138519763, 45.74491537910581]]]}, "properties": {"res_m": 1.0, "why": "near the mainland shore", "water_px": 392, "water_ha": 3.92, "shore_m_median": 110.5, "island_m_median": 98.7, "reach_m_median": 80.0, "open_water_frac": 0.434, "gap_frac": 0.0, "utm": [516910.0, 5065730.0, 517110.0, 5065930.0]}}, {"type": "Feature", "geometry": {"type": "Polygon", "coordinates": [[[-68.77747029286154, 45.744910400413616], [-68.77746314025515, 45.74671053615048], [-68.78003431523032, 45.74671551515355], [-68.78004138519763, 45.74491537910581], [-68.77747029286154, 45.744910400413616]]]}, "properties": {"res_m": 1.0, "why": "near the mainland shore", "water_px": 295, "water_ha": 2.95, "shore_m_median": 51.0, "island_m_median": 98.5, "reach_m_median": 224.0, "open_water_frac": 0.044, "gap_frac": 0.525, "utm": [517110.0, 5065730.0, 517310.0, 5065930.0]}}, {"type": "Feature", "geometry": {"type": "Polygon", "coordinates": [[[-68.77489920120414, 45.74490536386443], [-68.77489196595877, 45.74670549928685], [-68.77746314025515, 45.74671053615048], [-68.77747029286154, 45.744910400413616], [-68.77489920120414, 45.74490536386443]]]}, "properties": {"res_m": 1.0, "why": "near the mainland shore", "water_px": 178, "water_ha": 1.78, "shore_m_median": 28.3, "island_m_median": 235.2, "reach_m_median": 424.0, "open_water_frac": 0.0, "gap_frac": 0.787, "utm": [517310.0, 5065730.0, 517510.0, 5065930.0]}}, {"type": "Feature", "geometry": {"type": "Polygon", "coordinates": [[[-68.77232811023329, 45.74490026945834], [-68.772320792349, 45.74670040456266], [-68.77489196595877, 45.74670549928685], [-68.77489920120414, 45.74490536386443], [-68.77232811023329, 45.74490026945834]]]}, "properties": {"res_m": 0.6, "why": "far outside the survey's reach", "water_px": 36, "water_ha": 0.36, "shore_m_median": 20.0, "island_m_median": 337.3, "reach_m_median": 504.0, "open_water_frac": 0.0, "gap_frac": 0.75, "utm": [517510.0, 5065730.0, 517710.0, 5065930.0]}}, {"type": "Feature", "geometry": {"type": "Polygon", "coordinates": [[[-68.74404615710819, 45.74484041244559], [-68.74403793020147, 45.74664054381259], [-68.74660909574081, 45.746646274999975], [-68.74661724000956, 45.744846143275176], [-68.74404615710819, 45.74484041244559]]]}, "properties": {"res_m": 1.0, "why": "near the mainland shore", "water_px": 41, "water_ha": 0.41, "shore_m_median": 20.0, "island_m_median": 643.3, "reach_m_median": 364.0, "open_water_frac": 0.0, "gap_frac": 0.39, "utm": [519710.0, 5065730.0, 519910.0, 5065930.0]}}, {"type": "Feature", "geometry": {"type": "Polygon", "coordinates": [[[-68.74147507498743, 45.74483462375961], [-68.74146676544284, 45.74663475476516], [-68.74403793020147, 45.74664054381259], [-68.74404615710819, 45.74484041244559], [-68.74147507498743, 45.74483462375961]]]}, "properties": {"res_m": 1.0, "why": "near the mainland shore", "water_px": 136, "water_ha": 1.36, "shore_m_median": 30.0, "island_m_median": 560.0, "reach_m_median": 240.0, "open_water_frac": 0.0, "gap_frac": 0.632, "utm": [519910.0, 5065730.0, 520110.0, 5065930.0]}}, {"type": "Feature", "geometry": {"type": "Polygon", "coordinates": [[[-68.73890399365517, 45.74482877721725], [-68.73889560147279, 45.746628907857755], [-68.74146676544284, 45.74663475476516], [-68.74147507498743, 45.74483462375961], [-68.73890399365517, 45.74482877721725]]]}, "properties": {"res_m": 1.0, "why": "near the mainland shore", "water_px": 262, "water_ha": 2.62, "shore_m_median": 70.0, "island_m_median": 446.0, "reach_m_median": 176.0, "open_water_frac": 0.069, "gap_frac": 0.187, "utm": [520110.0, 5065730.0, 520310.0, 5065930.0]}}, {"type": "Feature", "geometry": {"type": "Polygon", "coordinates": [[[-68.73633291311921, 45.74482287281857], [-68.73632443829915, 45.74662300309041], [-68.73889560147279, 45.746628907857755], [-68.73890399365517, 45.74482877721725], [-68.73633291311921, 45.74482287281857]]]}, "properties": {"res_m": 1.0, "why": "near the mainland shore", "water_px": 363, "water_ha": 3.63, "shore_m_median": 60.8, "island_m_median": 370.5, "reach_m_median": 296.0, "open_water_frac": 0.028, "gap_frac": 0.818, "utm": [520310.0, 5065730.0, 520510.0, 5065930.0]}}, {"type": "Feature", "geometry": {"type": "Polygon", "coordinates": [[[-68.73376183338742, 45.744816910563614], [-68.73375327592976, 45.74661704046319], [-68.73632443829915, 45.74662300309041], [-68.73633291311921, 45.74482287281857], [-68.73376183338742, 45.744816910563614]]]}, "properties": {"res_m": 1.0, "why": "near the mainland shore", "water_px": 119, "water_ha": 1.19, "shore_m_median": 22.4, "island_m_median": 330.0, "reach_m_median": 416.0, "open_water_frac": 0.0, "gap_frac": 0.672, "utm": [520510.0, 5065730.0, 520710.0, 5065930.0]}}, {"type": "Feature", "geometry": {"type": "Polygon", "coordinates": [[[-68.73119075446763, 45.74481089045243], [-68.73118211437247, 45.74661101997613], [-68.73375327592976, 45.74661704046319], [-68.73376183338742, 45.744816910563614], [-68.73119075446763, 45.74481089045243]]]}, "properties": {"res_m": 0.6, "why": "far outside the survey's reach", "water_px": 121, "water_ha": 1.21, "shore_m_median": 28.3, "island_m_median": 404.6, "reach_m_median": 488.0, "open_water_frac": 0.0, "gap_frac": 0.587, "utm": [520710.0, 5065730.0, 520910.0, 5065930.0]}}, {"type": "Feature", "geometry": {"type": "Polygon", "coordinates": [[[-68.83661082382291, 45.74321012990185], [-68.83660557243172, 45.745010272444695], [-68.83917667821368, 45.745013920416504], [-68.83918184697207, 45.7432137776459], [-68.83661082382291, 45.74321012990185]]]}, "properties": {"res_m": 0.6, "why": "far outside the survey's reach", "water_px": 20, "water_ha": 0.2, "shore_m_median": 12.1, "island_m_median": 397.2, "reach_m_median": 908.0, "open_water_frac": 0.0, "gap_frac": 0.8, "utm": [512510.0, 5065530.0, 512710.0, 5065730.0]}}, {"type": "Feature", "geometry": {"type": "Polygon", "coordinates": [[[-68.83403980117205, 45.743206424303644], [-68.8340344671481, 45.74500656661512], [-68.83660557243172, 45.745010272444695], [-68.83661082382291, 45.74321012990185], [-68.83403980117205, 45.743206424303644]]]}, "properties": {"res_m": 0.6, "why": "far outside the survey's reach", "water_px": 68, "water_ha": 0.68, "shore_m_median": 17.1, "island_m_median": 224.2, "reach_m_median": 808.0, "open_water_frac": 0.0, "gap_frac": 1.0, "utm": [512710.0, 5065530.0, 512910.0, 5065730.0]}}, {"type": "Feature", "geometry": {"type": "Polygon", "coordinates": [[[-68.83146877902732, 45.74320266085132], [-68.83146336237068, 45.74500280292781], [-68.8340344671481, 45.74500656661512], [-68.83403980117205, 45.743206424303644], [-68.83146877902732, 45.74320266085132]]]}, "properties": {"res_m": 0.6, "why": "far outside the survey's reach", "water_px": 396, "water_ha": 3.96, "shore_m_median": 100.5, "island_m_median": 148.2, "reach_m_median": 696.0, "open_water_frac": 0.396, "gap_frac": 0.997, "utm": [512910.0, 5065530.0, 513110.0, 5065730.0]}}, {"type": "Feature", "geometry": {"type": "Polygon", "coordinates": [[[-68.82889775739655, 45.74319883954488], [-68.8288922581073, 45.744998981382786], [-68.83146336237068, 45.74500280292781], [-68.83146877902732, 45.74320266085132], [-68.82889775739655, 45.74319883954488]]]}, "properties": {"res_m": 0.3, "why": "open water the 1954 survey never sounded", "water_px": 254, "water_ha": 2.54, "shore_m_median": 244.6, "island_m_median": 44.7, "reach_m_median": 536.0, "open_water_frac": 1.0, "gap_frac": 0.874, "utm": [513110.0, 5065530.0, 513310.0, 5065730.0]}}, {"type": "Feature", "geometry": {"type": "Polygon", "coordinates": [[[-68.82632673628758, 45.743194960384386], [-68.82632115436579, 45.74499510198008], [-68.8288922581073, 45.744998981382786], [-68.82889775739655, 45.74319883954488], [-68.82632673628758, 45.743194960384386]]]}, "properties": {"res_m": 0.3, "why": "open water the 1954 survey never sounded", "water_px": 343, "water_ha": 3.43, "shore_m_median": 458.8, "island_m_median": 58.3, "reach_m_median": 320.0, "open_water_frac": 1.0, "gap_frac": 0.983, "utm": [513310.0, 5065530.0, 513510.0, 5065730.0]}}, {"type": "Feature", "geometry": {"type": "Polygon", "coordinates": [[[-68.82375571570829, 45.743191023369846], [-68.82375005115398, 45.74499116471973], [-68.82632115436579, 45.74499510198008], [-68.82632673628758, 45.743194960384386], [-68.82375571570829, 45.743191023369846]]]}, "properties": {"res_m": 0.6, "why": "open water", "water_px": 400, "water_ha": 4.0, "shore_m_median": 560.8, "island_m_median": 127.3, "reach_m_median": 192.0, "open_water_frac": 1.0, "gap_frac": 0.45, "utm": [513510.0, 5065530.0, 513710.0, 5065730.0]}}, {"type": "Feature", "geometry": {"type": "Polygon", "coordinates": [[[-68.82118469566647, 45.7431870285013], [-68.82117894847973, 45.744987169601764], [-68.82375005115398, 45.74499116471973], [-68.82375571570829, 45.743191023369846], [-68.82118469566647, 45.7431870285013]]]}, "properties": {"res_m": 0.6, "why": "open water", "water_px": 384, "water_ha": 3.84, "shore_m_median": 542.3, "island_m_median": 94.3, "reach_m_median": 176.0, "open_water_frac": 1.0, "gap_frac": 0.227, "utm": [513710.0, 5065530.0, 513910.0, 5065730.0]}}, {"type": "Feature", "geometry": {"type": "Polygon", "coordinates": [[[-68.81861367616999, 45.7431829757788], [-68.81860784635086, 45.74498311662621], [-68.82117894847973, 45.744987169601764], [-68.82118469566647, 45.7431870285013], [-68.81861367616999, 45.7431829757788]]]}, "properties": {"res_m": 0.6, "why": "open water", "water_px": 400, "water_ha": 4.0, "shore_m_median": 570.2, "island_m_median": 137.5, "reach_m_median": 164.0, "open_water_frac": 1.0, "gap_frac": 0.075, "utm": [513910.0, 5065530.0, 514110.0, 5065730.0]}}, {"type": "Feature", "geometry": {"type": "Polygon", "coordinates": [[[-68.81604265722667, 45.74317886520235], [-68.81603674477525, 45.7449790057931], [-68.81860784635086, 45.74498311662621], [-68.81861367616999, 45.7431829757788], [-68.81604265722667, 45.74317886520235]]]}, "properties": {"res_m": 0.6, "why": "open water", "water_px": 400, "water_ha": 4.0, "shore_m_median": 607.0, "island_m_median": 192.4, "reach_m_median": 160.0, "open_water_frac": 1.0, "gap_frac": 0.052, "utm": [514110.0, 5065530.0, 514310.0, 5065730.0]}}, {"type": "Feature", "geometry": {"type": "Polygon", "coordinates": [[[-68.81347163884438, 45.743174696771995], [-68.8134656437607, 45.74497483710246], [-68.81603674477525, 45.7449790057931], [-68.81604265722667, 45.74317886520235], [-68.81347163884438, 45.743174696771995]]]}, "properties": {"res_m": 0.6, "why": "open water", "water_px": 400, "water_ha": 4.0, "shore_m_median": 684.6, "island_m_median": 320.1, "reach_m_median": 176.0, "open_water_frac": 1.0, "gap_frac": 0.188, "utm": [514310.0, 5065530.0, 514510.0, 5065730.0]}}, {"type": "Feature", "geometry": {"type": "Polygon", "coordinates": [[[-68.81090062103092, 45.743170470487755], [-68.81089454331507, 45.74497061055436], [-68.8134656437607, 45.74497483710246], [-68.81347163884438, 45.743174696771995], [-68.81090062103092, 45.743170470487755]]]}, "properties": {"res_m": 0.6, "why": "open water", "water_px": 400, "water_ha": 4.0, "shore_m_median": 799.1, "island_m_median": 408.0, "reach_m_median": 160.0, "open_water_frac": 1.0, "gap_frac": 0.043, "utm": [514510.0, 5065530.0, 514710.0, 5065730.0]}}, {"type": "Feature", "geometry": {"type": "Polygon", "coordinates": [[[-68.80832960379418, 45.74316618634969], [-68.80832344344621, 45.744966326148784], [-68.81089454331507, 45.74497061055436], [-68.81090062103092, 45.743170470487755], [-68.80832960379418, 45.74316618634969]]]}, "properties": {"res_m": 0.6, "why": "open water", "water_px": 400, "water_ha": 4.0, "shore_m_median": 937.7, "island_m_median": 487.5, "reach_m_median": 184.0, "open_water_frac": 1.0, "gap_frac": 0.275, "utm": [514710.0, 5065530.0, 514910.0, 5065730.0]}}, {"type": "Feature", "geometry": {"type": "Polygon", "coordinates": [[[-68.80575858714197, 45.74316184435781], [-68.80575234416195, 45.74496198388581], [-68.80832344344621, 45.744966326148784], [-68.80832960379418, 45.74316618634969], [-68.80575858714197, 45.74316184435781]]]}, "properties": {"res_m": 0.6, "why": "open water", "water_px": 400, "water_ha": 4.0, "shore_m_median": 1093.7, "island_m_median": 454.7, "reach_m_median": 176.0, "open_water_frac": 1.0, "gap_frac": 0.235, "utm": [514910.0, 5065530.0, 515110.0, 5065730.0]}}, {"type": "Feature", "geometry": {"type": "Polygon", "coordinates": [[[-68.80318757108212, 45.74315744451216], [-68.80318124547014, 45.74495758376544], [-68.80575234416195, 45.74496198388581], [-68.80575858714197, 45.74316184435781], [-68.80318757108212, 45.74315744451216]]]}, "properties": {"res_m": 0.6, "why": "open water", "water_px": 400, "water_ha": 4.0, "shore_m_median": 1262.2, "island_m_median": 458.9, "reach_m_median": 184.0, "open_water_frac": 1.0, "gap_frac": 0.28, "utm": [515110.0, 5065530.0, 515310.0, 5065730.0]}}, {"type": "Feature", "geometry": {"type": "Polygon", "coordinates": [[[-68.80061655562248, 45.74315298681278], [-68.8006101473786, 45.74495312578773], [-68.80318124547014, 45.74495758376544], [-68.80318757108212, 45.74315744451216], [-68.80061655562248, 45.74315298681278]]]}, "properties": {"res_m": 0.6, "why": "open water", "water_px": 400, "water_ha": 4.0, "shore_m_median": 1317.9, "island_m_median": 523.5, "reach_m_median": 176.0, "open_water_frac": 1.0, "gap_frac": 0.245, "utm": [515310.0, 5065530.0, 515510.0, 5065730.0]}}, {"type": "Feature", "geometry": {"type": "Polygon", "coordinates": [[[-68.79804554077091, 45.743148471259694], [-68.79803904989521, 45.744948609952694], [-68.8006101473786, 45.74495312578773], [-68.80061655562248, 45.74315298681278], [-68.79804554077091, 45.743148471259694]]]}, "properties": {"res_m": 0.6, "why": "open water", "water_px": 400, "water_ha": 4.0, "shore_m_median": 1140.3, "island_m_median": 585.6, "reach_m_median": 176.0, "open_water_frac": 1.0, "gap_frac": 0.188, "utm": [515510.0, 5065530.0, 515710.0, 5065730.0]}}, {"type": "Feature", "geometry": {"type": "Polygon", "coordinates": [[[-68.79547452653524, 45.74314389785294], [-68.79546795302778, 45.7449440362604], [-68.79803904989521, 45.744948609952694], [-68.79804554077091, 45.743148471259694], [-68.79547452653524, 45.74314389785294]]]}, "properties": {"res_m": 0.6, "why": "open water", "water_px": 400, "water_ha": 4.0, "shore_m_median": 961.5, "island_m_median": 586.9, "reach_m_median": 184.0, "open_water_frac": 1.0, "gap_frac": 0.32, "utm": [515710.0, 5065530.0, 515910.0, 5065730.0]}}, {"type": "Feature", "geometry": {"type": "Polygon", "coordinates": [[[-68.79290351292329, 45.74313926659256], [-68.79289685678415, 45.74493940471085], [-68.79546795302778, 45.7449440362604], [-68.79547452653524, 45.74314389785294], [-68.79290351292329, 45.74313926659256]]]}, "properties": {"res_m": 0.6, "why": "open water", "water_px": 400, "water_ha": 4.0, "shore_m_median": 792.5, "island_m_median": 414.2, "reach_m_median": 176.0, "open_water_frac": 1.0, "gap_frac": 0.22, "utm": [515910.0, 5065530.0, 516110.0, 5065730.0]}}, {"type": "Feature", "geometry": {"type": "Polygon", "coordinates": [[[-68.79033249994293, 45.74313457747858], [-68.79032576117217, 45.74493471530409], [-68.79289685678415, 45.74493940471085], [-68.79290351292329, 45.74313926659256], [-68.79033249994293, 45.74313457747858]]]}, "properties": {"res_m": 0.6, "why": "open water", "water_px": 400, "water_ha": 4.0, "shore_m_median": 640.5, "island_m_median": 259.5, "reach_m_median": 184.0, "open_water_frac": 1.0, "gap_frac": 0.3, "utm": [516110.0, 5065530.0, 516310.0, 5065730.0]}}, {"type": "Feature", "geometry": {"type": "Polygon", "coordinates": [[[-68.787761487602, 45.74312983051105], [-68.78775466619969, 45.744929968040175], [-68.79032576117217, 45.74493471530409], [-68.79033249994293, 45.74313457747858], [-68.787761487602, 45.74312983051105]]]}, "properties": {"res_m": 0.6, "why": "open water", "water_px": 400, "water_ha": 4.0, "shore_m_median": 495.5, "island_m_median": 197.9, "reach_m_median": 204.0, "open_water_frac": 1.0, "gap_frac": 0.5, "utm": [516310.0, 5065530.0, 516510.0, 5065730.0]}}, {"type": "Feature", "geometry": {"type": "Polygon", "coordinates": [[[-68.78519047590831, 45.74312502569001], [-68.78518357187455, 45.74492516291913], [-68.78775466619969, 45.744929968040175], [-68.787761487602, 45.74312983051105], [-68.78519047590831, 45.74312502569001]]]}, "properties": {"res_m": 0.6, "why": "open water", "water_px": 400, "water_ha": 4.0, "shore_m_median": 335.3, "island_m_median": 233.3, "reach_m_median": 184.0, "open_water_frac": 1.0, "gap_frac": 0.347, "utm": [516510.0, 5065530.0, 516710.0, 5065730.0]}}, {"type": "Feature", "geometry": {"type": "Polygon", "coordinates": [[[-68.78261946486973, 45.74312016301549], [-68.78261247820458, 45.74492029994099], [-68.78518357187455, 45.74492516291913], [-68.78519047590831, 45.74312502569001], [-68.78261946486973, 45.74312016301549]]]}, "properties": {"res_m": 0.6, "why": "open water", "water_px": 362, "water_ha": 3.62, "shore_m_median": 167.6, "island_m_median": 82.5, "reach_m_median": 200.0, "open_water_frac": 0.779, "gap_frac": 0.489, "utm": [516710.0, 5065530.0, 516910.0, 5065730.0]}}, {"type": "Feature", "geometry": {"type": "Polygon", "coordinates": [[[-68.78004845449406, 45.743115242487534], [-68.78004138519763, 45.74491537910581], [-68.78261247820458, 45.74492029994099], [-68.78261946486973, 45.74312016301549], [-68.78004845449406, 45.743115242487534]]]}, "properties": {"res_m": 1.0, "why": "near the mainland shore", "water_px": 207, "water_ha": 2.07, "shore_m_median": 41.2, "island_m_median": 78.1, "reach_m_median": 200.0, "open_water_frac": 0.0, "gap_frac": 0.396, "utm": [516910.0, 5065530.0, 517110.0, 5065730.0]}}, {"type": "Feature", "geometry": {"type": "Polygon", "coordinates": [[[-68.77747744478921, 45.743110264106164], [-68.77747029286154, 45.744910400413616], [-68.78004138519763, 45.74491537910581], [-68.78004845449406, 45.743115242487534], [-68.77747744478921, 45.743110264106164]]]}, "properties": {"res_m": 1.0, "why": "near the mainland shore", "water_px": 15, "water_ha": 0.15, "shore_m_median": 10.0, "island_m_median": 233.5, "reach_m_median": 328.0, "open_water_frac": 0.0, "gap_frac": 0.733, "utm": [517110.0, 5065530.0, 517310.0, 5065730.0]}}, {"type": "Feature", "geometry": {"type": "Polygon", "coordinates": [[[-68.77490643576296, 45.743105227871446], [-68.77489920120414, 45.74490536386443], [-68.77747029286154, 45.744910400413616], [-68.77747744478921, 45.743110264106164], [-68.77490643576296, 45.743105227871446]]]}, "properties": {"res_m": 1.0, "why": "near the mainland shore", "water_px": 9, "water_ha": 0.09, "shore_m_median": 10.0, "island_m_median": 282.8, "reach_m_median": 360.0, "open_water_frac": 0.0, "gap_frac": 0.222, "utm": [517310.0, 5065530.0, 517510.0, 5065730.0]}}, {"type": "Feature", "geometry": {"type": "Polygon", "coordinates": [[[-68.73891238504122, 45.74302864600586], [-68.73890399365517, 45.74482877721725], [-68.74147507498743, 45.74483462375961], [-68.74148338374356, 45.74303449218319], [-68.73891238504122, 45.74302864600586]]]}, "properties": {"res_m": 1.0, "why": "near the mainland shore", "water_px": 57, "water_ha": 0.57, "shore_m_median": 20.0, "island_m_median": 577.0, "reach_m_median": 368.0, "open_water_frac": 0.0, "gap_frac": 0.719, "utm": [520110.0, 5065530.0, 520310.0, 5065730.0]}}, {"type": "Feature", "geometry": {"type": "Polygon", "coordinates": [[[-68.73634138713511, 45.74302274197581], [-68.73633291311921, 45.74482287281857], [-68.73890399365517, 45.74482877721725], [-68.73891238504122, 45.74302864600586], [-68.73634138713511, 45.74302274197581]]]}, "properties": {"res_m": 0.6, "why": "far outside the survey's reach", "water_px": 344, "water_ha": 3.44, "shore_m_median": 53.9, "island_m_median": 553.6, "reach_m_median": 432.0, "open_water_frac": 0.0, "gap_frac": 0.887, "utm": [520310.0, 5065530.0, 520510.0, 5065730.0]}}, {"type": "Feature", "geometry": {"type": "Polygon", "coordinates": [[[-68.73377039003309, 45.7430167800931], [-68.73376183338742, 45.744816910563614], [-68.73633291311921, 45.74482287281857], [-68.73634138713511, 45.74302274197581], [-68.73377039003309, 45.7430167800931]]]}, "properties": {"res_m": 0.6, "why": "far outside the survey's reach", "water_px": 257, "water_ha": 2.57, "shore_m_median": 41.2, "island_m_median": 580.0, "reach_m_median": 552.0, "open_water_frac": 0.0, "gap_frac": 0.93, "utm": [520510.0, 5065530.0, 520710.0, 5065730.0]}}, {"type": "Feature", "geometry": {"type": "Polygon", "coordinates": [[[-68.83661607471582, 45.74140998678883], [-68.83661082382291, 45.74321012990185], [-68.83918184697207, 45.7432137776459], [-68.83918701524, 45.74141363430513], [-68.83661607471582, 45.74140998678883]]]}, "properties": {"res_m": 0.6, "why": "far outside the survey's reach", "water_px": 16, "water_ha": 0.16, "shore_m_median": 14.1, "island_m_median": 380.3, "reach_m_median": 872.0, "open_water_frac": 0.0, "gap_frac": 1.0, "utm": [512510.0, 5065330.0, 512710.0, 5065530.0]}}, {"type": "Feature", "geometry": {"type": "Polygon", "coordinates": [[[-68.83404513468986, 45.74140628142198], [-68.83403980117205, 45.743206424303644], [-68.83661082382291, 45.74321012990185], [-68.83661607471582, 45.74140998678883], [-68.83404513468986, 45.74140628142198]]]}, "properties": {"res_m": 0.6, "why": "far outside the survey's reach", "water_px": 251, "water_ha": 2.51, "shore_m_median": 22.4, "island_m_median": 274.6, "reach_m_median": 760.0, "open_water_frac": 0.0, "gap_frac": 0.908, "utm": [512710.0, 5065330.0, 512910.0, 5065530.0]}}, {"type": "Feature", "geometry": {"type": "Polygon", "coordinates": [[[-68.83147419516996, 45.741402518204616], [-68.83146877902732, 45.74320266085132], [-68.83403980117205, 45.743206424303644], [-68.83404513468986, 45.74140628142198], [-68.83147419516996, 45.741402518204616]]]}, "properties": {"res_m": 0.6, "why": "far outside the survey's reach", "water_px": 364, "water_ha": 3.64, "shore_m_median": 94.9, "island_m_median": 92.2, "reach_m_median": 608.0, "open_water_frac": 0.363, "gap_frac": 0.973, "utm": [512910.0, 5065330.0, 513110.0, 5065530.0]}}, {"type": "Feature", "geometry": {"type": "Polygon", "coordinates": [[[-68.82890325616398, 45.741398697136766], [-68.82889775739655, 45.74319883954488], [-68.83146877902732, 45.74320266085132], [-68.83147419516996, 45.741402518204616], [-68.82890325616398, 45.741398697136766]]]}, "properties": {"res_m": 0.3, "why": "open water the 1954 survey never sounded", "water_px": 249, "water_ha": 2.49, "shore_m_median": 282.8, "island_m_median": 58.3, "reach_m_median": 504.0, "open_water_frac": 1.0, "gap_frac": 1.0, "utm": [513110.0, 5065330.0, 513310.0, 5065530.0]}}, {"type": "Feature", "geometry": {"type": "Polygon", "coordinates": [[[-68.82633231767974, 45.74139481821845], [-68.82632673628758, 45.743194960384386], [-68.82889775739655, 45.74319883954488], [-68.82890325616398, 45.741398697136766], [-68.82633231767974, 45.74139481821845]]]}, "properties": {"res_m": 0.3, "why": "open water the 1954 survey never sounded", "water_px": 391, "water_ha": 3.91, "shore_m_median": 452.8, "island_m_median": 104.4, "reach_m_median": 448.0, "open_water_frac": 1.0, "gap_frac": 1.0, "utm": [513310.0, 5065330.0, 513510.0, 5065530.0]}}, {"type": "Feature", "geometry": {"type": "Polygon", "coordinates": [[[-68.8237613797251, 45.741390881449725], [-68.82375571570829, 45.743191023369846], [-68.82632673628758, 45.743194960384386], [-68.82633231767974, 45.74139481821845], [-68.8237613797251, 45.741390881449725]]]}, "properties": {"res_m": 0.3, "why": "open water the 1954 survey never sounded", "water_px": 394, "water_ha": 3.94, "shore_m_median": 626.5, "island_m_median": 103.0, "reach_m_median": 336.0, "open_water_frac": 1.0, "gap_frac": 0.954, "utm": [513510.0, 5065330.0, 513710.0, 5065530.0]}}, {"type": "Feature", "geometry": {"type": "Polygon", "coordinates": [[[-68.82119044230788, 45.74138688683061], [-68.82118469566647, 45.7431870285013], [-68.82375571570829, 45.743191023369846], [-68.8237613797251, 45.741390881449725], [-68.82119044230788, 45.74138688683061]]]}, "properties": {"res_m": 0.6, "why": "open water", "water_px": 274, "water_ha": 2.74, "shore_m_median": 750.8, "island_m_median": 50.0, "reach_m_median": 144.0, "open_water_frac": 1.0, "gap_frac": 0.175, "utm": [513710.0, 5065330.0, 513910.0, 5065530.0]}}, {"type": "Feature", "geometry": {"type": "Polygon", "coordinates": [[[-68.81861950543593, 45.741382834361126], [-68.81861367616999, 45.7431829757788], [-68.82118469566647, 45.7431870285013], [-68.82119044230788, 45.74138688683061], [-68.81861950543593, 45.741382834361126]]]}, "properties": {"res_m": 0.6, "why": "open water", "water_px": 371, "water_ha": 3.71, "shore_m_median": 771.0, "island_m_median": 60.8, "reach_m_median": 80.0, "open_water_frac": 1.0, "gap_frac": 0.0, "utm": [513910.0, 5065330.0, 514110.0, 5065530.0]}}, {"type": "Feature", "geometry": {"type": "Polygon", "coordinates": [[[-68.81604856911709, 45.74137872404131], [-68.81604265722667, 45.74317886520235], [-68.81861367616999, 45.7431829757788], [-68.81861950543593, 45.741382834361126], [-68.81604856911709, 45.74137872404131]]]}, "properties": {"res_m": 0.6, "why": "open water", "water_px": 377, "water_ha": 3.77, "shore_m_median": 793.8, "island_m_median": 92.2, "reach_m_median": 80.0, "open_water_frac": 1.0, "gap_frac": 0.0, "utm": [514110.0, 5065330.0, 514310.0, 5065530.0]}}, {"type": "Feature", "geometry": {"type": "Polygon", "coordinates": [[[-68.8134776333592, 45.74137455587122], [-68.81347163884438, 45.743174696771995], [-68.81604265722667, 45.74317886520235], [-68.81604856911709, 45.74137872404131], [-68.8134776333592, 45.74137455587122]]]}, "properties": {"res_m": 0.6, "why": "open water", "water_px": 400, "water_ha": 4.0, "shore_m_median": 863.8, "island_m_median": 262.8, "reach_m_median": 80.0, "open_water_frac": 1.0, "gap_frac": 0.0, "utm": [514310.0, 5065330.0, 514510.0, 5065530.0]}}, {"type": "Feature", "geometry": {"type": "Polygon", "coordinates": [[[-68.81090669817009, 45.74137032985084], [-68.81090062103092, 45.743170470487755], [-68.81347163884438, 45.743174696771995], [-68.8134776333592, 45.74137455587122], [-68.81090669817009, 45.74137032985084]]]}, "properties": {"res_m": 0.6, "why": "open water", "water_px": 400, "water_ha": 4.0, "shore_m_median": 957.9, "island_m_median": 454.7, "reach_m_median": 88.0, "open_water_frac": 1.0, "gap_frac": 0.0, "utm": [514510.0, 5065330.0, 514710.0, 5065530.0]}}, {"type": "Feature", "geometry": {"type": "Polygon", "coordinates": [[[-68.8083357635576, 45.74136604598024], [-68.80832960379418, 45.74316618634969], [-68.81090062103092, 45.743170470487755], [-68.81090669817009, 45.74137032985084], [-68.8083357635576, 45.74136604598024]]]}, "properties": {"res_m": 0.6, "why": "open water", "water_px": 400, "water_ha": 4.0, "shore_m_median": 1079.7, "island_m_median": 622.7, "reach_m_median": 88.0, "open_water_frac": 1.0, "gap_frac": 0.0, "utm": [514710.0, 5065330.0, 514910.0, 5065530.0]}}, {"type": "Feature", "geometry": {"type": "Polygon", "coordinates": [[[-68.80576482952958, 45.74136170425945], [-68.80575858714197, 45.74316184435781], [-68.80832960379418, 45.74316618634969], [-68.8083357635576, 45.74136604598024], [-68.80576482952958, 45.74136170425945]]]}, "properties": {"res_m": 0.6, "why": "open water", "water_px": 400, "water_ha": 4.0, "shore_m_median": 1218.7, "island_m_median": 651.2, "reach_m_median": 96.0, "open_water_frac": 1.0, "gap_frac": 0.0, "utm": [514910.0, 5065330.0, 515110.0, 5065530.0]}}, {"type": "Feature", "geometry": {"type": "Polygon", "coordinates": [[[-68.80319389609386, 45.7413573046885], [-68.80318757108212, 45.74315744451216], [-68.80575858714197, 45.74316184435781], [-68.80576482952958, 45.74136170425945], [-68.80319389609386, 45.7413573046885]]]}, "properties": {"res_m": 0.6, "why": "open water", "water_px": 400, "water_ha": 4.0, "shore_m_median": 1345.0, "island_m_median": 654.3, "reach_m_median": 88.0, "open_water_frac": 1.0, "gap_frac": 0.0, "utm": [515110.0, 5065330.0, 515310.0, 5065530.0]}}, {"type": "Feature", "geometry": {"type": "Polygon", "coordinates": [[[-68.8006229632583, 45.74135284726742], [-68.80061655562248, 45.74315298681278], [-68.80318757108212, 45.74315744451216], [-68.80319389609386, 45.7413573046885], [-68.8006229632583, 45.74135284726742]]]}, "properties": {"res_m": 0.6, "why": "open water", "water_px": 400, "water_ha": 4.0, "shore_m_median": 1226.6, "island_m_median": 708.6, "reach_m_median": 88.0, "open_water_frac": 1.0, "gap_frac": 0.0, "utm": [515310.0, 5065330.0, 515510.0, 5065530.0]}}, {"type": "Feature", "geometry": {"type": "Polygon", "coordinates": [[[-68.79805203103072, 45.741348331996264], [-68.79804554077091, 45.743148471259694], [-68.80061655562248, 45.74315298681278], [-68.8006229632583, 45.74135284726742], [-68.79805203103072, 45.741348331996264]]]}, "properties": {"res_m": 0.6, "why": "open water", "water_px": 400, "water_ha": 4.0, "shore_m_median": 1051.1, "island_m_median": 717.4, "reach_m_median": 80.0, "open_water_frac": 1.0, "gap_frac": 0.0, "utm": [515510.0, 5065330.0, 515710.0, 5065530.0]}}, {"type": "Feature", "geometry": {"type": "Polygon", "coordinates": [[[-68.79548109941896, 45.74134375887504], [-68.79547452653524, 45.74314389785294], [-68.79804554077091, 45.743148471259694], [-68.79805203103072, 45.741348331996264], [-68.79548109941896, 45.74134375887504]]]}, "properties": {"res_m": 0.6, "why": "open water", "water_px": 400, "water_ha": 4.0, "shore_m_median": 872.2, "island_m_median": 569.4, "reach_m_median": 88.0, "open_water_frac": 1.0, "gap_frac": 0.0, "utm": [515710.0, 5065330.0, 515910.0, 5065530.0]}}, {"type": "Feature", "geometry": {"type": "Polygon", "coordinates": [[[-68.79291016843086, 45.741339127903814], [-68.79290351292329, 45.74313926659256], [-68.79547452653524, 45.74314389785294], [-68.79548109941896, 45.74134375887504], [-68.79291016843086, 45.741339127903814]]]}, "properties": {"res_m": 0.6, "why": "open water", "water_px": 400, "water_ha": 4.0, "shore_m_median": 693.2, "island_m_median": 370.1, "reach_m_median": 80.0, "open_water_frac": 1.0, "gap_frac": 0.0, "utm": [515910.0, 5065330.0, 516110.0, 5065530.0]}}, {"type": "Feature", "geometry": {"type": "Polygon", "coordinates": [[[-68.79033923807428, 45.74133443908261], [-68.79033249994293, 45.74313457747858], [-68.79290351292329, 45.74313926659256], [-68.79291016843086, 45.741339127903814], [-68.79033923807428, 45.74133443908261]]]}, "properties": {"res_m": 0.6, "why": "open water", "water_px": 400, "water_ha": 4.0, "shore_m_median": 516.4, "island_m_median": 173.6, "reach_m_median": 96.0, "open_water_frac": 1.0, "gap_frac": 0.0, "utm": [516110.0, 5065330.0, 516310.0, 5065530.0]}}, {"type": "Feature", "geometry": {"type": "Polygon", "coordinates": [[[-68.78776830835703, 45.74132969241144], [-68.787761487602, 45.74312983051105], [-68.79033249994293, 45.74313457747858], [-68.79033923807428, 45.74133443908261], [-68.78776830835703, 45.74132969241144]]]}, "properties": {"res_m": 0.6, "why": "open water", "water_px": 398, "water_ha": 3.98, "shore_m_median": 360.7, "island_m_median": 80.0, "reach_m_median": 104.0, "open_water_frac": 1.0, "gap_frac": 0.0, "utm": [516310.0, 5065330.0, 516510.0, 5065530.0]}}, {"type": "Feature", "geometry": {"type": "Polygon", "coordinates": [[[-68.78519737928697, 45.741324887890386], [-68.78519047590831, 45.74312502569001], [-68.787761487602, 45.74312983051105], [-68.78776830835703, 45.74132969241144], [-68.78519737928697, 45.741324887890386]]]}, "properties": {"res_m": 0.6, "why": "open water", "water_px": 400, "water_ha": 4.0, "shore_m_median": 237.7, "island_m_median": 202.5, "reach_m_median": 104.0, "open_water_frac": 1.0, "gap_frac": 0.0, "utm": [516510.0, 5065330.0, 516710.0, 5065530.0]}}, {"type": "Feature", "geometry": {"type": "Polygon", "coordinates": [[[-68.78262645087193, 45.741320025519464], [-68.78261946486973, 45.74312016301549], [-68.78519047590831, 45.74312502569001], [-68.78519737928697, 45.741324887890386], [-68.78262645087193, 45.741320025519464]]]}, "properties": {"res_m": 1.0, "why": "near the mainland shore", "water_px": 375, "water_ha": 3.75, "shore_m_median": 111.8, "island_m_median": 110.0, "reach_m_median": 112.0, "open_water_frac": 0.456, "gap_frac": 0.016, "utm": [516710.0, 5065330.0, 516910.0, 5065530.0]}}, {"type": "Feature", "geometry": {"type": "Polygon", "coordinates": [[[-68.78005552311974, 45.74131510529871], [-68.78004845449406, 45.743115242487534], [-68.78261946486973, 45.74312016301549], [-68.78262645087193, 45.741320025519464], [-68.78005552311974, 45.74131510529871]]]}, "properties": {"res_m": 1.0, "why": "near the mainland shore", "water_px": 91, "water_ha": 0.91, "shore_m_median": 14.1, "island_m_median": 89.4, "reach_m_median": 240.0, "open_water_frac": 0.0, "gap_frac": 0.516, "utm": [516910.0, 5065330.0, 517110.0, 5065530.0]}}, {"type": "Feature", "geometry": {"type": "Polygon", "coordinates": [[[-68.73377894586683, 45.74121664905165], [-68.73377039003309, 45.7430167800931], [-68.73634138713511, 45.74302274197581], [-68.73634986034695, 45.74122261056213], [-68.73377894586683, 45.74121664905165]]]}, "properties": {"res_m": 0.6, "why": "far outside the survey's reach", "water_px": 165, "water_ha": 1.65, "shore_m_median": 28.3, "island_m_median": 731.1, "reach_m_median": 704.0, "open_water_frac": 0.0, "gap_frac": 0.715, "utm": [520510.0, 5065330.0, 520710.0, 5065530.0]}}, {"type": "Feature", "geometry": {"type": "Polygon", "coordinates": [[[-68.73120803219851, 45.741210629692155], [-68.73119939374294, 45.74301076035778], [-68.73377039003309, 45.7430167800931], [-68.73377894586683, 45.74121664905165], [-68.73120803219851, 45.741210629692155]]]}, "properties": {"res_m": 1.0, "why": "near the mainland shore", "water_px": 17, "water_ha": 0.17, "shore_m_median": 14.1, "island_m_median": 744.6, "reach_m_median": 752.0, "open_water_frac": 0.0, "gap_frac": 0.471, "utm": [520710.0, 5065330.0, 520910.0, 5065530.0]}}, {"type": "Feature", "geometry": {"type": "Polygon", "coordinates": [[[-68.8340504677016, 45.73960613797014], [-68.83404513468986, 45.74140628142198], [-68.83661607471582, 45.74140998678883], [-68.83662132511049, 45.739609843105654], [-68.8340504677016, 45.73960613797014]]]}, "properties": {"res_m": 0.6, "why": "far outside the survey's reach", "water_px": 18, "water_ha": 0.18, "shore_m_median": 17.1, "island_m_median": 233.8, "reach_m_median": 600.0, "open_water_frac": 0.0, "gap_frac": 0.889, "utm": [512710.0, 5065130.0, 512910.0, 5065330.0]}}, {"type": "Feature", "geometry": {"type": "Polygon", "coordinates": [[[-68.83147961079871, 45.73960237498773], [-68.83147419516996, 45.741402518204616], [-68.83404513468986, 45.74140628142198], [-68.8340504677016, 45.73960613797014], [-68.83147961079871, 45.73960237498773]]]}, "properties": {"res_m": 0.6, "why": "far outside the survey's reach", "water_px": 311, "water_ha": 3.11, "shore_m_median": 51.0, "island_m_median": 199.2, "reach_m_median": 456.0, "open_water_frac": 0.077, "gap_frac": 0.961, "utm": [512910.0, 5065130.0, 513110.0, 5065330.0]}}, {"type": "Feature", "geometry": {"type": "Polygon", "coordinates": [[[-68.82890875440967, 45.73959855415844], [-68.82890325616398, 45.741398697136766], [-68.83147419516996, 45.741402518204616], [-68.83147961079871, 45.73960237498773], [-68.82890875440967, 45.73959855415844]]]}, "properties": {"res_m": 0.3, "why": "open water the 1954 survey never sounded", "water_px": 383, "water_ha": 3.83, "shore_m_median": 186.0, "island_m_median": 90.6, "reach_m_median": 352.0, "open_water_frac": 0.862, "gap_frac": 0.979, "utm": [513110.0, 5065130.0, 513310.0, 5065330.0]}}, {"type": "Feature", "geometry": {"type": "Polygon", "coordinates": [[[-68.82633789854232, 45.73959467548231], [-68.82633231767974, 45.74139481821845], [-68.82890325616398, 45.741398697136766], [-68.82890875440967, 45.73959855415844], [-68.82633789854232, 45.73959467548231]]]}, "properties": {"res_m": 0.3, "why": "open water the 1954 survey never sounded", "water_px": 384, "water_ha": 3.84, "shore_m_median": 386.1, "island_m_median": 82.5, "reach_m_median": 312.0, "open_water_frac": 1.0, "gap_frac": 0.997, "utm": [513310.0, 5065130.0, 513510.0, 5065330.0]}}, {"type": "Feature", "geometry": {"type": "Polygon", "coordinates": [[[-68.8237670432045, 45.73959073895937], [-68.8237613797251, 45.741390881449725], [-68.82633231767974, 45.74139481821845], [-68.82633789854232, 45.73959467548231], [-68.8237670432045, 45.73959073895937]]]}, "properties": {"res_m": 0.3, "why": "open water the 1954 survey never sounded", "water_px": 400, "water_ha": 4.0, "shore_m_median": 580.0, "island_m_median": 137.5, "reach_m_median": 320.0, "open_water_frac": 1.0, "gap_frac": 1.0, "utm": [513510.0, 5065130.0, 513710.0, 5065330.0]}}, {"type": "Feature", "geometry": {"type": "Polygon", "coordinates": [[[-68.82119618840403, 45.73958674458965], [-68.82119044230788, 45.74138688683061], [-68.8237613797251, 45.741390881449725], [-68.8237670432045, 45.73959073895937], [-68.82119618840403, 45.73958674458965]]]}, "properties": {"res_m": 0.3, "why": "open water the 1954 survey never sounded", "water_px": 376, "water_ha": 3.76, "shore_m_median": 771.0, "island_m_median": 100.0, "reach_m_median": 240.0, "open_water_frac": 1.0, "gap_frac": 0.713, "utm": [513710.0, 5065130.0, 513910.0, 5065330.0]}}, {"type": "Feature", "geometry": {"type": "Polygon", "coordinates": [[[-68.81862533414878, 45.73958269237318], [-68.81861950543593, 45.741382834361126], [-68.82119044230788, 45.74138688683061], [-68.82119618840403, 45.73958674458965], [-68.81862533414878, 45.73958269237318]]]}, "properties": {"res_m": 0.6, "why": "open water", "water_px": 394, "water_ha": 3.94, "shore_m_median": 931.5, "island_m_median": 94.3, "reach_m_median": 192.0, "open_water_frac": 1.0, "gap_frac": 0.398, "utm": [513910.0, 5065130.0, 514110.0, 5065330.0]}}, {"type": "Feature", "geometry": {"type": "Polygon", "coordinates": [[[-68.81605448044657, 45.739578582309996], [-68.81604856911709, 45.74137872404131], [-68.81861950543593, 45.741382834361126], [-68.81862533414878, 45.73958269237318], [-68.81605448044657, 45.739578582309996]]]}, "properties": {"res_m": 0.3, "why": "open water the 1954 survey never sounded", "water_px": 390, "water_ha": 3.9, "shore_m_median": 996.6, "island_m_median": 124.5, "reach_m_median": 208.0, "open_water_frac": 1.0, "gap_frac": 0.508, "utm": [514110.0, 5065130.0, 514310.0, 5065330.0]}}, {"type": "Feature", "geometry": {"type": "Polygon", "coordinates": [[[-68.81348362730523, 45.73957441440013], [-68.8134776333592, 45.74137455587122], [-68.81604856911709, 45.74137872404131], [-68.81605448044657, 45.739578582309996], [-68.81348362730523, 45.73957441440013]]]}, "properties": {"res_m": 0.6, "why": "open water", "water_px": 400, "water_ha": 4.0, "shore_m_median": 1049.6, "island_m_median": 273.9, "reach_m_median": 192.0, "open_water_frac": 1.0, "gap_frac": 0.388, "utm": [514310.0, 5065130.0, 514510.0, 5065330.0]}}, {"type": "Feature", "geometry": {"type": "Polygon", "coordinates": [[[-68.81091277473261, 45.7395701886436], [-68.81090669817009, 45.74137032985084], [-68.8134776333592, 45.74137455587122], [-68.81348362730523, 45.73957441440013], [-68.81091277473261, 45.7395701886436]]]}, "properties": {"res_m": 0.6, "why": "open water", "water_px": 400, "water_ha": 4.0, "shore_m_median": 1131.5, "island_m_median": 461.0, "reach_m_median": 200.0, "open_water_frac": 1.0, "gap_frac": 0.492, "utm": [514510.0, 5065130.0, 514710.0, 5065330.0]}}, {"type": "Feature", "geometry": {"type": "Polygon", "coordinates": [[[-68.80834192273656, 45.739565905040465], [-68.8083357635576, 45.74136604598024], [-68.81090669817009, 45.74137032985084], [-68.81091277473261, 45.7395701886436], [-68.80834192273656, 45.739565905040465]]]}, "properties": {"res_m": 0.6, "why": "open water", "water_px": 400, "water_ha": 4.0, "shore_m_median": 1229.4, "island_m_median": 655.7, "reach_m_median": 176.0, "open_water_frac": 1.0, "gap_frac": 0.315, "utm": [514710.0, 5065130.0, 514910.0, 5065330.0]}}, {"type": "Feature", "geometry": {"type": "Polygon", "coordinates": [[[-68.80577107132491, 45.73956156359074], [-68.80576482952958, 45.74136170425945], [-68.8083357635576, 45.74136604598024], [-68.80834192273656, 45.739565905040465], [-68.80577107132491, 45.73956156359074]]]}, "properties": {"res_m": 0.6, "why": "open water", "water_px": 400, "water_ha": 4.0, "shore_m_median": 1315.6, "island_m_median": 810.5, "reach_m_median": 176.0, "open_water_frac": 1.0, "gap_frac": 0.347, "utm": [514910.0, 5065130.0, 515110.0, 5065330.0]}}, {"type": "Feature", "geometry": {"type": "Polygon", "coordinates": [[[-68.80320022050547, 45.739557164294474], [-68.80319389609386, 45.7413573046885], [-68.80576482952958, 45.74136170425945], [-68.80577107132491, 45.73956156359074], [-68.80320022050547, 45.739557164294474]]]}, "properties": {"res_m": 0.6, "why": "open water", "water_px": 400, "water_ha": 4.0, "shore_m_median": 1294.8, "island_m_median": 816.0, "reach_m_median": 168.0, "open_water_frac": 1.0, "gap_frac": 0.302, "utm": [515110.0, 5065130.0, 515310.0, 5065330.0]}}, {"type": "Feature", "geometry": {"type": "Polygon", "coordinates": [[[-68.80062937028613, 45.73955270715169], [-68.8006229632583, 45.74135284726742], [-68.80319389609386, 45.7413573046885], [-68.80320022050547, 45.739557164294474], [-68.80062937028613, 45.73955270715169]]]}, "properties": {"res_m": 0.6, "why": "open water", "water_px": 400, "water_ha": 4.0, "shore_m_median": 1136.0, "island_m_median": 726.2, "reach_m_median": 160.0, "open_water_frac": 1.0, "gap_frac": 0.273, "utm": [515310.0, 5065130.0, 515510.0, 5065330.0]}}, {"type": "Feature", "geometry": {"type": "Polygon", "coordinates": [[[-68.7980585206747, 45.73954819216243], [-68.79805203103072, 45.741348331996264], [-68.8006229632583, 45.74135284726742], [-68.80062937028613, 45.73955270715169], [-68.7980585206747, 45.73954819216243]]]}, "properties": {"res_m": 0.6, "why": "open water", "water_px": 400, "water_ha": 4.0, "shore_m_median": 957.2, "island_m_median": 605.4, "reach_m_median": 184.0, "open_water_frac": 1.0, "gap_frac": 0.393, "utm": [515510.0, 5065130.0, 515710.0, 5065330.0]}}, {"type": "Feature", "geometry": {"type": "Polygon", "coordinates": [[[-68.79548767167903, 45.73954361932674], [-68.79548109941896, 45.74134375887504], [-68.79805203103072, 45.741348331996264], [-68.7980585206747, 45.73954819216243], [-68.79548767167903, 45.73954361932674]]]}, "properties": {"res_m": 0.6, "why": "open water", "water_px": 400, "water_ha": 4.0, "shore_m_median": 780.2, "island_m_median": 520.9, "reach_m_median": 176.0, "open_water_frac": 1.0, "gap_frac": 0.347, "utm": [515710.0, 5065130.0, 515910.0, 5065330.0]}}, {"type": "Feature", "geometry": {"type": "Polygon", "coordinates": [[[-68.79291682330694, 45.73953898864463], [-68.79291016843086, 45.741339127903814], [-68.79548109941896, 45.74134375887504], [-68.79548767167903, 45.73954361932674], [-68.79291682330694, 45.73953898864463]]]}, "properties": {"res_m": 0.6, "why": "open water", "water_px": 400, "water_ha": 4.0, "shore_m_median": 604.4, "island_m_median": 418.7, "reach_m_median": 176.0, "open_water_frac": 1.0, "gap_frac": 0.378, "utm": [515910.0, 5065130.0, 516110.0, 5065330.0]}}, {"type": "Feature", "geometry": {"type": "Polygon", "coordinates": [[[-68.79034597556628, 45.73953430011616], [-68.79033923807428, 45.74133443908261], [-68.79291016843086, 45.741339127903814], [-68.79291682330694, 45.73953898864463], [-68.79034597556628, 45.73953430011616]]]}, "properties": {"res_m": 0.6, "why": "open water", "water_px": 400, "water_ha": 4.0, "shore_m_median": 427.2, "island_m_median": 273.1, "reach_m_median": 152.0, "open_water_frac": 1.0, "gap_frac": 0.203, "utm": [516110.0, 5065130.0, 516310.0, 5065330.0]}}, {"type": "Feature", "geometry": {"type": "Polygon", "coordinates": [[[-68.7877751284649, 45.739529553741356], [-68.78776830835703, 45.74132969241144], [-68.79033923807428, 45.74133443908261], [-68.79034597556628, 45.73953430011616], [-68.7877751284649, 45.739529553741356]]]}, "properties": {"res_m": 0.6, "why": "open water", "water_px": 400, "water_ha": 4.0, "shore_m_median": 246.0, "island_m_median": 215.9, "reach_m_median": 128.0, "open_water_frac": 1.0, "gap_frac": 0.075, "utm": [516310.0, 5065130.0, 516510.0, 5065330.0]}}, {"type": "Feature", "geometry": {"type": "Polygon", "coordinates": [[[-68.78520428201061, 45.73952474952026], [-68.78519737928697, 45.741324887890386], [-68.78776830835703, 45.74132969241144], [-68.7877751284649, 45.739529553741356], [-68.78520428201061, 45.73952474952026]]]}, "properties": {"res_m": 1.0, "why": "near the mainland shore", "water_px": 379, "water_ha": 3.79, "shore_m_median": 94.9, "island_m_median": 220.9, "reach_m_median": 152.0, "open_water_frac": 0.33, "gap_frac": 0.142, "utm": [516510.0, 5065130.0, 516710.0, 5065330.0]}}, {"type": "Feature", "geometry": {"type": "Polygon", "coordinates": [[[-68.78263343621127, 45.73951988745291], [-68.78262645087193, 45.741320025519464], [-68.78519737928697, 45.741324887890386], [-68.78520428201061, 45.73952474952026], [-68.78263343621127, 45.73951988745291]]]}, "properties": {"res_m": 1.0, "why": "near the mainland shore", "water_px": 329, "water_ha": 3.29, "shore_m_median": 80.6, "island_m_median": 80.6, "reach_m_median": 200.0, "open_water_frac": 0.222, "gap_frac": 0.386, "utm": [516710.0, 5065130.0, 516910.0, 5065330.0]}}, {"type": "Feature", "geometry": {"type": "Polygon", "coordinates": [[[-68.78006259107471, 45.73951496753935], [-68.78005552311974, 45.74131510529871], [-68.78262645087193, 45.741320025519464], [-68.78263343621127, 45.73951988745291], [-68.78006259107471, 45.73951496753935]]]}, "properties": {"res_m": 1.0, "why": "near the mainland shore", "water_px": 37, "water_ha": 0.37, "shore_m_median": 20.0, "island_m_median": 36.1, "reach_m_median": 224.0, "open_water_frac": 0.0, "gap_frac": 0.378, "utm": [516910.0, 5065130.0, 517110.0, 5065330.0]}}, {"type": "Feature", "geometry": {"type": "Polygon", "coordinates": [[[-68.83405580020732, 45.73780599394813], [-68.8340504677016, 45.73960613797014], [-68.83662132511049, 45.739609843105654], [-68.83662657500699, 45.73780969885231], [-68.83405580020732, 45.73780599394813]]]}, "properties": {"res_m": 0.6, "why": "far outside the survey's reach", "water_px": 100, "water_ha": 1.0, "shore_m_median": 31.6, "island_m_median": 255.6, "reach_m_median": 464.0, "open_water_frac": 0.0, "gap_frac": 1.0, "utm": [512710.0, 5064930.0, 512910.0, 5065130.0]}}, {"type": "Feature", "geometry": {"type": "Polygon", "coordinates": [[[-68.83148502591361, 45.73780223120065], [-68.83147961079871, 45.73960237498773], [-68.8340504677016, 45.73960613797014], [-68.83405580020732, 45.73780599394813], [-68.83148502591361, 45.73780223120065]]]}, "properties": {"res_m": 1.0, "why": "near the mainland shore", "water_px": 373, "water_ha": 3.73, "shore_m_median": 94.3, "island_m_median": 188.7, "reach_m_median": 344.0, "open_water_frac": 0.346, "gap_frac": 1.0, "utm": [512910.0, 5064930.0, 513110.0, 5065130.0]}}, {"type": "Feature", "geometry": {"type": "Polygon", "coordinates": [[[-68.82891425213366, 45.737798410609905], [-68.82890875440967, 45.73959855415844], [-68.83147961079871, 45.73960237498773], [-68.83148502591361, 45.73780223120065], [-68.82891425213366, 45.737798410609905]]]}, "properties": {"res_m": 0.6, "why": "open water", "water_px": 396, "water_ha": 3.96, "shore_m_median": 224.7, "island_m_median": 110.0, "reach_m_median": 184.0, "open_water_frac": 0.957, "gap_frac": 0.369, "utm": [513110.0, 5064930.0, 513310.0, 5065130.0]}}, {"type": "Feature", "geometry": {"type": "Polygon", "coordinates": [[[-68.82634347887536, 45.73779453217595], [-68.82633789854232, 45.73959467548231], [-68.82890875440967, 45.73959855415844], [-68.82891425213366, 45.737798410609905], [-68.82634347887536, 45.73779453217595]]]}, "properties": {"res_m": 0.6, "why": "open water", "water_px": 396, "water_ha": 3.96, "shore_m_median": 398.9, "island_m_median": 120.0, "reach_m_median": 128.0, "open_water_frac": 1.0, "gap_frac": 0.121, "utm": [513310.0, 5064930.0, 513510.0, 5065130.0]}}, {"type": "Feature", "geometry": {"type": "Polygon", "coordinates": [[[-68.82377270614651, 45.73779059589878], [-68.8237670432045, 45.73959073895937], [-68.82633789854232, 45.73959467548231], [-68.82634347887536, 45.73779453217595], [-68.82377270614651, 45.73779059589878]]]}, "properties": {"res_m": 0.6, "why": "open water", "water_px": 391, "water_ha": 3.91, "shore_m_median": 593.0, "island_m_median": 114.0, "reach_m_median": 136.0, "open_water_frac": 1.0, "gap_frac": 0.153, "utm": [513510.0, 5064930.0, 513710.0, 5065130.0]}}, {"type": "Feature", "geometry": {"type": "Polygon", "coordinates": [[[-68.82120193395497, 45.737786601778446], [-68.82119618840403, 45.73958674458965], [-68.8237670432045, 45.73959073895937], [-68.82377270614651, 45.73779059589878], [-68.82120193395497, 45.737786601778446]]]}, "properties": {"res_m": 0.6, "why": "open water", "water_px": 376, "water_ha": 3.76, "shore_m_median": 781.3, "island_m_median": 107.7, "reach_m_median": 140.0, "open_water_frac": 1.0, "gap_frac": 0.154, "utm": [513710.0, 5064930.0, 513910.0, 5065130.0]}}, {"type": "Feature", "geometry": {"type": "Polygon", "coordinates": [[[-68.81863116230858, 45.73778254981496], [-68.81862533414878, 45.73958269237318], [-68.82119618840403, 45.73958674458965], [-68.82120193395497, 45.737786601778446], [-68.81863116230858, 45.73778254981496]]]}, "properties": {"res_m": 0.6, "why": "open water", "water_px": 399, "water_ha": 3.99, "shore_m_median": 984.8, "island_m_median": 148.7, "reach_m_median": 136.0, "open_water_frac": 1.0, "gap_frac": 0.158, "utm": [513910.0, 5064930.0, 514110.0, 5065130.0]}}, {"type": "Feature", "geometry": {"type": "Polygon", "coordinates": [[[-68.81606039121515, 45.737778440008384], [-68.81605448044657, 45.739578582309996], [-68.81862533414878, 45.73958269237318], [-68.81863116230858, 45.73778254981496], [-68.81606039121515, 45.737778440008384]]]}, "properties": {"res_m": 0.6, "why": "open water", "water_px": 400, "water_ha": 4.0, "shore_m_median": 1084.2, "island_m_median": 276.9, "reach_m_median": 144.0, "open_water_frac": 1.0, "gap_frac": 0.16, "utm": [514110.0, 5064930.0, 514310.0, 5065130.0]}}, {"type": "Feature", "geometry": {"type": "Polygon", "coordinates": [[[-68.81348962068253, 45.73777427235873], [-68.81348362730523, 45.73957441440013], [-68.81605448044657, 45.739578582309996], [-68.81606039121515, 45.737778440008384], [-68.81348962068253, 45.73777427235873]]]}, "properties": {"res_m": 0.6, "why": "open water", "water_px": 400, "water_ha": 4.0, "shore_m_median": 1085.8, "island_m_median": 396.4, "reach_m_median": 136.0, "open_water_frac": 1.0, "gap_frac": 0.16, "utm": [514310.0, 5064930.0, 514510.0, 5065130.0]}}, {"type": "Feature", "geometry": {"type": "Polygon", "coordinates": [[[-68.81091885071858, 45.737770046866046], [-68.81091277473261, 45.7395701886436], [-68.81348362730523, 45.73957441440013], [-68.81348962068253, 45.73777427235873], [-68.81091885071858, 45.737770046866046]]]}, "properties": {"res_m": 0.6, "why": "open water", "water_px": 400, "water_ha": 4.0, "shore_m_median": 1092.0, "island_m_median": 544.5, "reach_m_median": 152.0, "open_water_frac": 1.0, "gap_frac": 0.23, "utm": [514510.0, 5064930.0, 514710.0, 5065130.0]}}, {"type": "Feature", "geometry": {"type": "Polygon", "coordinates": [[[-68.80834808133112, 45.73776576353035], [-68.80834192273656, 45.739565905040465], [-68.81091277473261, 45.7395701886436], [-68.81091885071858, 45.737770046866046], [-68.80834808133112, 45.73776576353035]]]}, "properties": {"res_m": 0.6, "why": "open water", "water_px": 400, "water_ha": 4.0, "shore_m_median": 1131.9, "island_m_median": 715.9, "reach_m_median": 168.0, "open_water_frac": 1.0, "gap_frac": 0.285, "utm": [514710.0, 5064930.0, 514910.0, 5065130.0]}}, {"type": "Feature", "geometry": {"type": "Polygon", "coordinates": [[[-68.80577731252798, 45.737761422351674], [-68.80577107132491, 45.73956156359074], [-68.80834192273656, 45.739565905040465], [-68.80834808133112, 45.73776576353035], [-68.80577731252798, 45.737761422351674]]]}, "properties": {"res_m": 0.6, "why": "open water", "water_px": 400, "water_ha": 4.0, "shore_m_median": 1168.4, "island_m_median": 834.9, "reach_m_median": 168.0, "open_water_frac": 1.0, "gap_frac": 0.31, "utm": [514910.0, 5064930.0, 515110.0, 5065130.0]}}, {"type": "Feature", "geometry": {"type": "Polygon", "coordinates": [[[-68.80320654431702, 45.73775702333007], [-68.80320022050547, 45.739557164294474], [-68.80577107132491, 45.73956156359074], [-68.80577731252798, 45.737761422351674], [-68.80320654431702, 45.73775702333007]]]}, "properties": {"res_m": 0.6, "why": "open water", "water_px": 400, "water_ha": 4.0, "shore_m_median": 1140.5, "island_m_median": 769.5, "reach_m_median": 176.0, "open_water_frac": 1.0, "gap_frac": 0.352, "utm": [515110.0, 5064930.0, 515310.0, 5065130.0]}}, {"type": "Feature", "geometry": {"type": "Polygon", "coordinates": [[[-68.80063577670606, 45.737752566465566], [-68.80062937028613, 45.73955270715169], [-68.80320022050547, 45.739557164294474], [-68.80320654431702, 45.73775702333007], [-68.80063577670606, 45.737752566465566]]]}, "properties": {"res_m": 0.6, "why": "open water", "water_px": 400, "water_ha": 4.0, "shore_m_median": 1042.3, "island_m_median": 595.8, "reach_m_median": 184.0, "open_water_frac": 1.0, "gap_frac": 0.365, "utm": [515310.0, 5064930.0, 515510.0, 5065130.0]}}, {"type": "Feature", "geometry": {"type": "Polygon", "coordinates": [[[-68.79806500970294, 45.737748051758196], [-68.7980585206747, 45.73954819216243], [-68.80062937028613, 45.73955270715169], [-68.80063577670606, 45.737752566465566], [-68.79806500970294, 45.737748051758196]]]}, "properties": {"res_m": 0.6, "why": "open water", "water_px": 400, "water_ha": 4.0, "shore_m_median": 867.9, "island_m_median": 446.0, "reach_m_median": 176.0, "open_water_frac": 1.0, "gap_frac": 0.35, "utm": [515510.0, 5064930.0, 515710.0, 5065130.0]}}, {"type": "Feature", "geometry": {"type": "Polygon", "coordinates": [[[-68.7954942433155, 45.73774347920799], [-68.79548767167903, 45.73954361932674], [-68.7980585206747, 45.73954819216243], [-68.79806500970294, 45.737748051758196], [-68.7954942433155, 45.73774347920799]]]}, "properties": {"res_m": 0.6, "why": "open water", "water_px": 400, "water_ha": 4.0, "shore_m_median": 689.1, "island_m_median": 344.0, "reach_m_median": 192.0, "open_water_frac": 1.0, "gap_frac": 0.403, "utm": [515710.0, 5064930.0, 515910.0, 5065130.0]}}, {"type": "Feature", "geometry": {"type": "Polygon", "coordinates": [[[-68.79292347755157, 45.737738848815], [-68.79291682330694, 45.73953898864463], [-68.79548767167903, 45.73954361932674], [-68.7954942433155, 45.73774347920799], [-68.79292347755157, 45.737738848815]]]}, "properties": {"res_m": 0.3, "why": "open water the 1954 survey never sounded", "water_px": 400, "water_ha": 4.0, "shore_m_median": 510.6, "island_m_median": 310.2, "reach_m_median": 208.0, "open_water_frac": 1.0, "gap_frac": 0.54, "utm": [515910.0, 5064930.0, 516110.0, 5065130.0]}}, {"type": "Feature", "geometry": {"type": "Polygon", "coordinates": [[[-68.79035271241901, 45.73773416057925], [-68.79034597556628, 45.73953430011616], [-68.79291682330694, 45.73953898864463], [-68.79292347755157, 45.737738848815], [-68.79035271241901, 45.73773416057925]]]}, "properties": {"res_m": 0.3, "why": "open water the 1954 survey never sounded", "water_px": 400, "water_ha": 4.0, "shore_m_median": 335.7, "island_m_median": 332.4, "reach_m_median": 296.0, "open_water_frac": 1.0, "gap_frac": 1.0, "utm": [516110.0, 5064930.0, 516310.0, 5065130.0]}}, {"type": "Feature", "geometry": {"type": "Polygon", "coordinates": [[[-68.78778194792564, 45.737729414500784], [-68.7877751284649, 45.739529553741356], [-68.79034597556628, 45.73953430011616], [-68.79035271241901, 45.73773416057925], [-68.78778194792564, 45.737729414500784]]]}, "properties": {"res_m": 0.3, "why": "open water the 1954 survey never sounded", "water_px": 400, "water_ha": 4.0, "shore_m_median": 161.2, "island_m_median": 376.5, "reach_m_median": 316.0, "open_water_frac": 0.738, "gap_frac": 1.0, "utm": [516310.0, 5064930.0, 516510.0, 5065130.0]}}, {"type": "Feature", "geometry": {"type": "Polygon", "coordinates": [[[-68.7852111840793, 45.73772461057963], [-68.78520428201061, 45.73952474952026], [-68.7877751284649, 45.739529553741356], [-68.78778194792564, 45.737729414500784], [-68.7852111840793, 45.73772461057963]]]}, "properties": {"res_m": 1.0, "why": "near the mainland shore", "water_px": 167, "water_ha": 1.67, "shore_m_median": 36.1, "island_m_median": 354.7, "reach_m_median": 296.0, "open_water_frac": 0.0, "gap_frac": 0.826, "utm": [516510.0, 5064930.0, 516710.0, 5065130.0]}}, {"type": "Feature", "geometry": {"type": "Polygon", "coordinates": [[[-68.78264042088783, 45.73771974881584], [-68.78263343621127, 45.73951988745291], [-68.78520428201061, 45.73952474952026], [-68.7852111840793, 45.73772461057963], [-68.78264042088783, 45.73771974881584]]]}, "properties": {"res_m": 1.0, "why": "near the mainland shore", "water_px": 144, "water_ha": 1.44, "shore_m_median": 30.0, "island_m_median": 199.6, "reach_m_median": 320.0, "open_water_frac": 0.0, "gap_frac": 0.778, "utm": [516710.0, 5064930.0, 516910.0, 5065130.0]}}, {"type": "Feature", "geometry": {"type": "Polygon", "coordinates": [[[-68.83663182440539, 45.7360095540288], [-68.83662657500699, 45.73780969885231], [-68.83919735030479, 45.73781334591317], [-68.83920251710174, 45.73601320086196], [-68.83663182440539, 45.7360095540288]]]}, "properties": {"res_m": 0.6, "why": "far outside the survey's reach", "water_px": 6, "water_ha": 0.06, "shore_m_median": 12.1, "island_m_median": 58.3, "reach_m_median": 504.0, "open_water_frac": 0.0, "gap_frac": 1.0, "utm": [512510.0, 5064730.0, 512710.0, 5064930.0]}}, {"type": "Feature", "geometry": {"type": "Polygon", "coordinates": [[[-68.8340611322071, 45.73600584935592], [-68.83405580020732, 45.73780599394813], [-68.83662657500699, 45.73780969885231], [-68.83663182440539, 45.7360095540288], [-68.8340611322071, 45.73600584935592]]]}, "properties": {"res_m": 0.6, "why": "far outside the survey's reach", "water_px": 251, "water_ha": 2.51, "shore_m_median": 51.0, "island_m_median": 70.0, "reach_m_median": 448.0, "open_water_frac": 0.044, "gap_frac": 0.96, "utm": [512710.0, 5064730.0, 512910.0, 5064930.0]}}, {"type": "Feature", "geometry": {"type": "Polygon", "coordinates": [[[-68.8314904405147, 45.73600208684337], [-68.83148502591361, 45.73780223120065], [-68.83405580020732, 45.73780599394813], [-68.8340611322071, 45.73600584935592], [-68.8314904405147, 45.73600208684337]]]}, "properties": {"res_m": 0.3, "why": "open water the 1954 survey never sounded", "water_px": 400, "water_ha": 4.0, "shore_m_median": 200.0, "island_m_median": 125.3, "reach_m_median": 328.0, "open_water_frac": 0.905, "gap_frac": 1.0, "utm": [512910.0, 5064730.0, 513110.0, 5064930.0]}}, {"type": "Feature", "geometry": {"type": "Polygon", "coordinates": [[[-68.82891974933604, 45.73599826649117], [-68.82891425213366, 45.737798410609905], [-68.83148502591361, 45.73780223120065], [-68.8314904405147, 45.73600208684337], [-68.82891974933604, 45.73599826649117]]]}, "properties": {"res_m": 0.6, "why": "open water", "water_px": 396, "water_ha": 3.96, "shore_m_median": 354.7, "island_m_median": 112.5, "reach_m_median": 160.0, "open_water_frac": 1.0, "gap_frac": 0.225, "utm": [513110.0, 5064730.0, 513310.0, 5064930.0]}}, {"type": "Feature", "geometry": {"type": "Polygon", "coordinates": [[[-68.82634905867894, 45.735994388299346], [-68.82634347887536, 45.73779453217595], [-68.82891425213366, 45.737798410609905], [-68.82891974933604, 45.73599826649117], [-68.82634905867894, 45.735994388299346]]]}, "properties": {"res_m": 0.6, "why": "open water", "water_px": 400, "water_ha": 4.0, "shore_m_median": 502.1, "island_m_median": 219.3, "reach_m_median": 112.0, "open_water_frac": 1.0, "gap_frac": 0.015, "utm": [513310.0, 5064730.0, 513510.0, 5064930.0]}}, {"type": "Feature", "geometry": {"type": "Polygon", "coordinates": [[[-68.82377836855123, 45.73599045226793], [-68.82377270614651, 45.73779059589878], [-68.82634347887536, 45.73779453217595], [-68.82634905867894, 45.735994388299346], [-68.82377836855123, 45.73599045226793]]]}, "properties": {"res_m": 0.6, "why": "open water", "water_px": 400, "water_ha": 4.0, "shore_m_median": 663.4, "island_m_median": 232.3, "reach_m_median": 104.0, "open_water_frac": 1.0, "gap_frac": 0.0, "utm": [513510.0, 5064730.0, 513710.0, 5064930.0]}}, {"type": "Feature", "geometry": {"type": "Polygon", "coordinates": [[[-68.82120767896077, 45.735986458396965], [-68.82120193395497, 45.737786601778446], [-68.82377270614651, 45.73779059589878], [-68.82377836855123, 45.73599045226793], [-68.82120767896077, 45.735986458396965]]]}, "properties": {"res_m": 0.6, "why": "open water", "water_px": 400, "water_ha": 4.0, "shore_m_median": 842.1, "island_m_median": 200.0, "reach_m_median": 96.0, "open_water_frac": 1.0, "gap_frac": 0.0, "utm": [513710.0, 5064730.0, 513910.0, 5064930.0]}}, {"type": "Feature", "geometry": {"type": "Polygon", "coordinates": [[[-68.81863698991539, 45.73598240668647], [-68.81863116230858, 45.73778254981496], [-68.82120193395497, 45.737786601778446], [-68.82120767896077, 45.735986458396965], [-68.81863698991539, 45.73598240668647]]]}, "properties": {"res_m": 0.6, "why": "open water", "water_px": 400, "water_ha": 4.0, "shore_m_median": 922.5, "island_m_median": 245.6, "reach_m_median": 96.0, "open_water_frac": 1.0, "gap_frac": 0.0, "utm": [513910.0, 5064730.0, 514110.0, 5064930.0]}}, {"type": "Feature", "geometry": {"type": "Polygon", "coordinates": [[[-68.81606630142292, 45.735978297136484], [-68.81606039121515, 45.737778440008384], [-68.81863116230858, 45.73778254981496], [-68.81863698991539, 45.73598240668647], [-68.81606630142292, 45.735978297136484]]]}, "properties": {"res_m": 0.6, "why": "open water", "water_px": 400, "water_ha": 4.0, "shore_m_median": 890.0, "island_m_median": 390.3, "reach_m_median": 104.0, "open_water_frac": 1.0, "gap_frac": 0.0, "utm": [514110.0, 5064730.0, 514310.0, 5064930.0]}}, {"type": "Feature", "geometry": {"type": "Polygon", "coordinates": [[[-68.8134956134912, 45.73597412974703], [-68.81348962068253, 45.73777427235873], [-68.81606039121515, 45.737778440008384], [-68.81606630142292, 45.735978297136484], [-68.8134956134912, 45.73597412974703]]]}, "properties": {"res_m": 0.6, "why": "open water", "water_px": 400, "water_ha": 4.0, "shore_m_median": 886.0, "island_m_median": 520.1, "reach_m_median": 96.0, "open_water_frac": 1.0, "gap_frac": 0.0, "utm": [514310.0, 5064730.0, 514510.0, 5064930.0]}}, {"type": "Feature", "geometry": {"type": "Polygon", "coordinates": [[[-68.81092492612807, 45.73596990451814], [-68.81091885071858, 45.737770046866046], [-68.81348962068253, 45.73777427235873], [-68.8134956134912, 45.73597412974703], [-68.81092492612807, 45.73596990451814]]]}, "properties": {"res_m": 0.6, "why": "open water", "water_px": 400, "water_ha": 4.0, "shore_m_median": 894.0, "island_m_median": 592.2, "reach_m_median": 96.0, "open_water_frac": 1.0, "gap_frac": 0.0, "utm": [514510.0, 5064730.0, 514710.0, 5064930.0]}}, {"type": "Feature", "geometry": {"type": "Polygon", "coordinates": [[[-68.80835423934136, 45.73596562144987], [-68.80834808133112, 45.73776576353035], [-68.81091885071858, 45.737770046866046], [-68.81092492612807, 45.73596990451814], [-68.80835423934136, 45.73596562144987]]]}, "properties": {"res_m": 0.6, "why": "open water", "water_px": 400, "water_ha": 4.0, "shore_m_median": 941.3, "island_m_median": 631.3, "reach_m_median": 104.0, "open_water_frac": 1.0, "gap_frac": 0.0, "utm": [514710.0, 5064730.0, 514910.0, 5064930.0]}}, {"type": "Feature", "geometry": {"type": "Polygon", "coordinates": [[[-68.80578355313891, 45.73596128054224], [-68.80577731252798, 45.737761422351674], [-68.80834808133112, 45.73776576353035], [-68.80835423934136, 45.73596562144987], [-68.80578355313891, 45.73596128054224]]]}, "properties": {"res_m": 0.6, "why": "open water", "water_px": 400, "water_ha": 4.0, "shore_m_median": 977.7, "island_m_median": 667.2, "reach_m_median": 96.0, "open_water_frac": 1.0, "gap_frac": 0.0, "utm": [514910.0, 5064730.0, 515110.0, 5064930.0]}}, {"type": "Feature", "geometry": {"type": "Polygon", "coordinates": [[[-68.80321286752856, 45.73595688179528], [-68.80320654431702, 45.73775702333007], [-68.80577731252798, 45.737761422351674], [-68.80578355313891, 45.73596128054224], [-68.80321286752856, 45.73595688179528]]]}, "properties": {"res_m": 0.6, "why": "open water", "water_px": 400, "water_ha": 4.0, "shore_m_median": 941.1, "island_m_median": 675.1, "reach_m_median": 96.0, "open_water_frac": 1.0, "gap_frac": 0.0, "utm": [515110.0, 5064730.0, 515310.0, 5064930.0]}}, {"type": "Feature", "geometry": {"type": "Polygon", "coordinates": [[[-68.80064218251815, 45.73595242520904], [-68.80063577670606, 45.737752566465566], [-68.80320654431702, 45.73775702333007], [-68.80321286752856, 45.73595688179528], [-68.80064218251815, 45.73595242520904]]]}, "properties": {"res_m": 0.6, "why": "open water", "water_px": 400, "water_ha": 4.0, "shore_m_median": 905.5, "island_m_median": 513.9, "reach_m_median": 80.0, "open_water_frac": 1.0, "gap_frac": 0.0, "utm": [515310.0, 5064730.0, 515510.0, 5064930.0]}}, {"type": "Feature", "geometry": {"type": "Polygon", "coordinates": [[[-68.79807149811549, 45.73594791078354], [-68.79806500970294, 45.737748051758196], [-68.80063577670606, 45.737752566465566], [-68.80064218251815, 45.73595242520904], [-68.79807149811549, 45.73594791078354]]]}, "properties": {"res_m": 0.6, "why": "open water", "water_px": 400, "water_ha": 4.0, "shore_m_median": 770.8, "island_m_median": 326.5, "reach_m_median": 64.0, "open_water_frac": 1.0, "gap_frac": 0.0, "utm": [515510.0, 5064730.0, 515710.0, 5064930.0]}}, {"type": "Feature", "geometry": {"type": "Polygon", "coordinates": [[[-68.79550081432846, 45.73594333851882], [-68.7954942433155, 45.73774347920799], [-68.79806500970294, 45.737748051758196], [-68.79807149811549, 45.73594791078354], [-68.79550081432846, 45.73594333851882]]]}, "properties": {"res_m": 0.6, "why": "open water", "water_px": 400, "water_ha": 4.0, "shore_m_median": 599.4, "island_m_median": 172.6, "reach_m_median": 104.0, "open_water_frac": 1.0, "gap_frac": 0.0, "utm": [515710.0, 5064730.0, 515910.0, 5064930.0]}}, {"type": "Feature", "geometry": {"type": "Polygon", "coordinates": [[[-68.79293013116485, 45.73593870841492], [-68.79292347755157, 45.737738848815], [-68.7954942433155, 45.73774347920799], [-68.79550081432846, 45.73594333851882], [-68.79293013116485, 45.73593870841492]]]}, "properties": {"res_m": 0.6, "why": "open water", "water_px": 400, "water_ha": 4.0, "shore_m_median": 421.7, "island_m_median": 110.5, "reach_m_median": 112.0, "open_water_frac": 1.0, "gap_frac": 0.022, "utm": [515910.0, 5064730.0, 516110.0, 5064930.0]}}, {"type": "Feature", "geometry": {"type": "Polygon", "coordinates": [[[-68.79035944863254, 45.73593402047187], [-68.79035271241901, 45.73773416057925], [-68.79292347755157, 45.737738848815], [-68.79293013116485, 45.73593870841492], [-68.79035944863254, 45.73593402047187]]]}, "properties": {"res_m": 0.3, "why": "open water the 1954 survey never sounded", "water_px": 400, "water_ha": 4.0, "shore_m_median": 243.5, "island_m_median": 161.2, "reach_m_median": 296.0, "open_water_frac": 0.998, "gap_frac": 0.95, "utm": [516110.0, 5064730.0, 516310.0, 5064930.0]}}, {"type": "Feature", "geometry": {"type": "Polygon", "coordinates": [[[-68.78778876673935, 45.73592927468972], [-68.78778194792564, 45.737729414500784], [-68.79035271241901, 45.73773416057925], [-68.79035944863254, 45.73593402047187], [-68.78778876673935, 45.73592927468972]]]}, "properties": {"res_m": 0.6, "why": "far outside the survey's reach", "water_px": 363, "water_ha": 3.63, "shore_m_median": 80.6, "island_m_median": 282.8, "reach_m_median": 456.0, "open_water_frac": 0.248, "gap_frac": 0.948, "utm": [516310.0, 5064730.0, 516510.0, 5064930.0]}}, {"type": "Feature", "geometry": {"type": "Polygon", "coordinates": [[[-68.78521808549313, 45.73592447106849], [-68.7852111840793, 45.73772461057963], [-68.78778194792564, 45.737729414500784], [-68.78778876673935, 45.73592927468972], [-68.78521808549313, 45.73592447106849]]]}, "properties": {"res_m": 1.0, "why": "near the mainland shore", "water_px": 21, "water_ha": 0.21, "shore_m_median": 10.0, "island_m_median": 356.1, "reach_m_median": 536.0, "open_water_frac": 0.0, "gap_frac": 0.19, "utm": [516510.0, 5064730.0, 516710.0, 5064930.0]}}, {"type": "Feature", "geometry": {"type": "Polygon", "coordinates": [[[-68.83663707330574, 45.734209408635124], [-68.83663182440539, 45.7360095540288], [-68.83920251710174, 45.73601320086196], [-68.83920768340847, 45.7342130552406], [-68.83663707330574, 45.734209408635124]]]}, "properties": {"res_m": 0.6, "why": "far outside the survey's reach", "water_px": 113, "water_ha": 1.13, "shore_m_median": 30.0, "island_m_median": 58.3, "reach_m_median": 448.0, "open_water_frac": 0.0, "gap_frac": 0.991, "utm": [512510.0, 5064530.0, 512710.0, 5064730.0]}}, {"type": "Feature", "geometry": {"type": "Polygon", "coordinates": [[[-68.83406646370099, 45.73420570419355], [-68.8340611322071, 45.73600584935592], [-68.83663182440539, 45.7360095540288], [-68.83663707330574, 45.734209408635124], [-68.83406646370099, 45.73420570419355]]]}, "properties": {"res_m": 0.3, "why": "open water the 1954 survey never sounded", "water_px": 205, "water_ha": 2.05, "shore_m_median": 156.2, "island_m_median": 28.3, "reach_m_median": 296.0, "open_water_frac": 0.634, "gap_frac": 0.849, "utm": [512710.0, 5064530.0, 512910.0, 5064730.0]}}, {"type": "Feature", "geometry": {"type": "Polygon", "coordinates": [[[-68.8314958546021, 45.7342019419159], [-68.8314904405147, 45.73600208684337], [-68.8340611322071, 45.73600584935592], [-68.83406646370099, 45.73420570419355], [-68.8314958546021, 45.7342019419159]]]}, "properties": {"res_m": 0.3, "why": "open water the 1954 survey never sounded", "water_px": 389, "water_ha": 3.89, "shore_m_median": 281.6, "island_m_median": 111.8, "reach_m_median": 224.0, "open_water_frac": 1.0, "gap_frac": 0.617, "utm": [512910.0, 5064530.0, 513110.0, 5064730.0]}}, {"type": "Feature", "geometry": {"type": "Polygon", "coordinates": [[[-68.82892524601685, 45.734198121802216], [-68.82891974933604, 45.73599826649117], [-68.8314904405147, 45.73600208684337], [-68.8314958546021, 45.7342019419159], [-68.82892524601685, 45.734198121802216]]]}, "properties": {"res_m": 0.3, "why": "open water the 1954 survey never sounded", "water_px": 400, "water_ha": 4.0, "shore_m_median": 415.9, "island_m_median": 257.1, "reach_m_median": 232.0, "open_water_frac": 1.0, "gap_frac": 0.713, "utm": [513110.0, 5064530.0, 513310.0, 5064730.0]}}, {"type": "Feature", "geometry": {"type": "Polygon", "coordinates": [[[-68.82635463795312, 45.73419424385252], [-68.82634905867894, 45.735994388299346], [-68.82891974933604, 45.73599826649117], [-68.82892524601685, 45.734198121802216], [-68.82635463795312, 45.73419424385252]]]}, "properties": {"res_m": 0.3, "why": "open water the 1954 survey never sounded", "water_px": 400, "water_ha": 4.0, "shore_m_median": 565.8, "island_m_median": 326.5, "reach_m_median": 228.0, "open_water_frac": 1.0, "gap_frac": 0.765, "utm": [513310.0, 5064530.0, 513510.0, 5064730.0]}}, {"type": "Feature", "geometry": {"type": "Polygon", "coordinates": [[[-68.82378403041872, 45.73419030806685], [-68.82377836855123, 45.73599045226793], [-68.82634905867894, 45.735994388299346], [-68.82635463795312, 45.73419424385252], [-68.82378403041872, 45.73419030806685]]]}, "properties": {"res_m": 0.3, "why": "open water the 1954 survey never sounded", "water_px": 400, "water_ha": 4.0, "shore_m_median": 690.0, "island_m_median": 180.1, "reach_m_median": 224.0, "open_water_frac": 1.0, "gap_frac": 0.757, "utm": [513510.0, 5064530.0, 513710.0, 5064730.0]}}, {"type": "Feature", "geometry": {"type": "Polygon", "coordinates": [[[-68.8212134234215, 45.73418631444523], [-68.82120767896077, 45.735986458396965], [-68.82377836855123, 45.73599045226793], [-68.82378403041872, 45.73419030806685], [-68.8212134234215, 45.73418631444523]]]}, "properties": {"res_m": 0.3, "why": "open water the 1954 survey never sounded", "water_px": 374, "water_ha": 3.74, "shore_m_median": 792.9, "island_m_median": 56.6, "reach_m_median": 216.0, "open_water_frac": 1.0, "gap_frac": 0.61, "utm": [513710.0, 5064530.0, 513910.0, 5064730.0]}}, {"type": "Feature", "geometry": {"type": "Polygon", "coordinates": [[[-68.8186428169693, 45.734182262987694], [-68.81863698991539, 45.73598240668647], [-68.82120767896077, 45.735986458396965], [-68.8212134234215, 45.73418631444523], [-68.8186428169693, 45.734182262987694]]]}, "properties": {"res_m": 0.3, "why": "open water the 1954 survey never sounded", "water_px": 400, "water_ha": 4.0, "shore_m_median": 737.5, "island_m_median": 168.7, "reach_m_median": 216.0, "open_water_frac": 1.0, "gap_frac": 0.57, "utm": [513910.0, 5064530.0, 514110.0, 5064730.0]}}, {"type": "Feature", "geometry": {"type": "Polygon", "coordinates": [[[-68.81607221106995, 45.73417815369428], [-68.81606630142292, 45.735978297136484], [-68.81863698991539, 45.73598240668647], [-68.8186428169693, 45.734182262987694], [-68.81607221106995, 45.73417815369428]]]}, "properties": {"res_m": 0.3, "why": "open water the 1954 survey never sounded", "water_px": 400, "water_ha": 4.0, "shore_m_median": 690.2, "island_m_median": 349.1, "reach_m_median": 216.0, "open_water_frac": 1.0, "gap_frac": 0.578, "utm": [514110.0, 5064530.0, 514310.0, 5064730.0]}}, {"type": "Feature", "geometry": {"type": "Polygon", "coordinates": [[[-68.81350160573128, 45.73417398656502], [-68.8134956134912, 45.73597412974703], [-68.81606630142292, 45.735978297136484], [-68.81607221106995, 45.73417815369428], [-68.81350160573128, 45.73417398656502]]]}, "properties": {"res_m": 0.3, "why": "open water the 1954 survey never sounded", "water_px": 400, "water_ha": 4.0, "shore_m_median": 686.3, "island_m_median": 390.0, "reach_m_median": 224.0, "open_water_frac": 1.0, "gap_frac": 0.745, "utm": [514310.0, 5064530.0, 514510.0, 5064730.0]}}, {"type": "Feature", "geometry": {"type": "Polygon", "coordinates": [[[-68.81093100096112, 45.73416976159994], [-68.81092492612807, 45.73596990451814], [-68.8134956134912, 45.73597412974703], [-68.81350160573128, 45.73417398656502], [-68.81093100096112, 45.73416976159994]]]}, "properties": {"res_m": 0.3, "why": "open water the 1954 survey never sounded", "water_px": 400, "water_ha": 4.0, "shore_m_median": 696.8, "island_m_median": 417.0, "reach_m_median": 224.0, "open_water_frac": 1.0, "gap_frac": 0.645, "utm": [514510.0, 5064530.0, 514710.0, 5064730.0]}}, {"type": "Feature", "geometry": {"type": "Polygon", "coordinates": [[[-68.80836039676733, 45.73416547879907], [-68.80835423934136, 45.73596562144987], [-68.81092492612807, 45.73596990451814], [-68.81093100096112, 45.73416976159994], [-68.80836039676733, 45.73416547879907]]]}, "properties": {"res_m": 0.3, "why": "open water the 1954 survey never sounded", "water_px": 400, "water_ha": 4.0, "shore_m_median": 756.0, "island_m_median": 431.9, "reach_m_median": 232.0, "open_water_frac": 1.0, "gap_frac": 0.795, "utm": [514710.0, 5064530.0, 514910.0, 5064730.0]}}, {"type": "Feature", "geometry": {"type": "Polygon", "coordinates": [[[-68.80578979315773, 45.734161138162456], [-68.80578355313891, 45.73596128054224], [-68.80835423934136, 45.73596562144987], [-68.80836039676733, 45.73416547879907], [-68.80578979315773, 45.734161138162456]]]}, "properties": {"res_m": 0.3, "why": "open water the 1954 survey never sounded", "water_px": 400, "water_ha": 4.0, "shore_m_median": 788.7, "island_m_median": 478.7, "reach_m_median": 240.0, "open_water_frac": 1.0, "gap_frac": 0.787, "utm": [514910.0, 5064530.0, 515110.0, 5064730.0]}}, {"type": "Feature", "geometry": {"type": "Polygon", "coordinates": [[[-68.80321919014015, 45.734156739690135], [-68.80321286752856, 45.73595688179528], [-68.80578355313891, 45.73596128054224], [-68.80578979315773, 45.734161138162456], [-68.80321919014015, 45.734156739690135]]]}, "properties": {"res_m": 0.3, "why": "open water the 1954 survey never sounded", "water_px": 400, "water_ha": 4.0, "shore_m_median": 742.9, "island_m_median": 537.6, "reach_m_median": 240.0, "open_water_frac": 1.0, "gap_frac": 0.75, "utm": [515110.0, 5064530.0, 515310.0, 5064730.0]}}, {"type": "Feature", "geometry": {"type": "Polygon", "coordinates": [[[-68.80064858772245, 45.73415228338214], [-68.80064218251815, 45.73595242520904], [-68.80321286752856, 45.73595688179528], [-68.80321919014015, 45.734156739690135], [-68.80064858772245, 45.73415228338214]]]}, "properties": {"res_m": 0.3, "why": "open water the 1954 survey never sounded", "water_px": 400, "water_ha": 4.0, "shore_m_median": 725.0, "island_m_median": 500.1, "reach_m_median": 232.0, "open_water_frac": 1.0, "gap_frac": 0.68, "utm": [515310.0, 5064530.0, 515510.0, 5064730.0]}}, {"type": "Feature", "geometry": {"type": "Polygon", "coordinates": [[[-68.79807798591244, 45.73414776923848], [-68.79807149811549, 45.73594791078354], [-68.80064218251815, 45.73595242520904], [-68.80064858772245, 45.73415228338214], [-68.79807798591244, 45.73414776923848]]]}, "properties": {"res_m": 0.3, "why": "open water the 1954 survey never sounded", "water_px": 400, "water_ha": 4.0, "shore_m_median": 643.5, "island_m_median": 302.1, "reach_m_median": 240.0, "open_water_frac": 1.0, "gap_frac": 0.695, "utm": [515510.0, 5064530.0, 515710.0, 5064730.0]}}, {"type": "Feature", "geometry": {"type": "Polygon", "coordinates": [[[-68.79550738471796, 45.73414319725922], [-68.79550081432846, 45.73594333851882], [-68.79807149811549, 45.73594791078354], [-68.79807798591244, 45.73414776923848], [-68.79550738471796, 45.73414319725922]]]}, "properties": {"res_m": 0.3, "why": "open water the 1954 survey never sounded", "water_px": 398, "water_ha": 3.98, "shore_m_median": 495.8, "island_m_median": 110.0, "reach_m_median": 240.0, "open_water_frac": 1.0, "gap_frac": 0.751, "utm": [515710.0, 5064530.0, 515910.0, 5064730.0]}}, {"type": "Feature", "geometry": {"type": "Polygon", "coordinates": [[[-68.79293678414686, 45.7341385674444], [-68.79293013116485, 45.73593870841492], [-68.79550081432846, 45.73594333851882], [-68.79550738471796, 45.73414319725922], [-68.79293678414686, 45.7341385674444]]]}, "properties": {"res_m": 0.3, "why": "open water the 1954 survey never sounded", "water_px": 233, "water_ha": 2.33, "shore_m_median": 320.2, "island_m_median": 28.3, "reach_m_median": 280.0, "open_water_frac": 1.0, "gap_frac": 0.884, "utm": [515910.0, 5064530.0, 516110.0, 5064730.0]}}, {"type": "Feature", "geometry": {"type": "Polygon", "coordinates": [[[-68.79036618420697, 45.73413387979402], [-68.79035944863254, 45.73593402047187], [-68.79293013116485, 45.73593870841492], [-68.79293678414686, 45.7341385674444], [-68.79036618420697, 45.73413387979402]]]}, "properties": {"res_m": 0.3, "why": "open water the 1954 survey never sounded", "water_px": 239, "water_ha": 2.39, "shore_m_median": 143.2, "island_m_median": 41.2, "reach_m_median": 384.0, "open_water_frac": 0.636, "gap_frac": 0.883, "utm": [516110.0, 5064530.0, 516310.0, 5064730.0]}}, {"type": "Feature", "geometry": {"type": "Polygon", "coordinates": [[[-68.78779558490612, 45.734129134308176], [-68.78778876673935, 45.73592927468972], [-68.79035944863254, 45.73593402047187], [-68.79036618420697, 45.73413387979402], [-68.78779558490612, 45.734129134308176]]]}, "properties": {"res_m": 0.6, "why": "far outside the survey's reach", "water_px": 149, "water_ha": 1.49, "shore_m_median": 36.1, "island_m_median": 125.3, "reach_m_median": 472.0, "open_water_frac": 0.0, "gap_frac": 0.839, "utm": [516310.0, 5064530.0, 516510.0, 5064730.0]}}, {"type": "Feature", "geometry": {"type": "Polygon", "coordinates": [[[-68.83664232170808, 45.73240926267128], [-68.83663707330574, 45.734209408635124], [-68.83920768340847, 45.7342130552406], [-68.83921284922504, 45.73241290904909], [-68.83664232170808, 45.73240926267128]]]}, "properties": {"res_m": 1.0, "why": "near the mainland shore", "water_px": 37, "water_ha": 0.37, "shore_m_median": 14.1, "island_m_median": 100.0, "reach_m_median": 400.0, "open_water_frac": 0.0, "gap_frac": 0.811, "utm": [512510.0, 5064330.0, 512710.0, 5064530.0]}}, {"type": "Feature", "geometry": {"type": "Polygon", "coordinates": [[[-68.83407179468905, 45.732405558461], [-68.83406646370099, 45.73420570419355], [-68.83663707330574, 45.734209408635124], [-68.83664232170808, 45.73240926267128], [-68.83407179468905, 45.732405558461]]]}, "properties": {"res_m": 1.0, "why": "near the mainland shore", "water_px": 333, "water_ha": 3.33, "shore_m_median": 72.8, "island_m_median": 50.0, "reach_m_median": 264.0, "open_water_frac": 0.216, "gap_frac": 0.772, "utm": [512710.0, 5064330.0, 512910.0, 5064530.0]}}, {"type": "Feature", "geometry": {"type": "Polygon", "coordinates": [[[-68.8315012681758, 45.73240179641824], [-68.8314958546021, 45.7342019419159], [-68.83406646370099, 45.73420570419355], [-68.83407179468905, 45.732405558461], [-68.8315012681758, 45.73240179641824]]]}, "properties": {"res_m": 0.6, "why": "open water", "water_px": 400, "water_ha": 4.0, "shore_m_median": 175.9, "island_m_median": 141.4, "reach_m_median": 96.0, "open_water_frac": 0.802, "gap_frac": 0.0, "utm": [512910.0, 5064330.0, 513110.0, 5064530.0]}}, {"type": "Feature", "geometry": {"type": "Polygon", "coordinates": [[[-68.82893074217615, 45.732397976543055], [-68.82892524601685, 45.734198121802216], [-68.8314958546021, 45.7342019419159], [-68.8315012681758, 45.73240179641824], [-68.82893074217615, 45.732397976543055]]]}, "properties": {"res_m": 0.6, "why": "open water", "water_px": 400, "water_ha": 4.0, "shore_m_median": 297.3, "island_m_median": 324.7, "reach_m_median": 80.0, "open_water_frac": 1.0, "gap_frac": 0.0, "utm": [513110.0, 5064330.0, 513310.0, 5064530.0]}}, {"type": "Feature", "geometry": {"type": "Polygon", "coordinates": [[[-68.82636021669795, 45.73239409883547], [-68.82635463795312, 45.73419424385252], [-68.82892524601685, 45.734198121802216], [-68.82893074217615, 45.732397976543055], [-68.82636021669795, 45.73239409883547]]]}, "properties": {"res_m": 0.6, "why": "open water", "water_px": 400, "water_ha": 4.0, "shore_m_median": 425.9, "island_m_median": 405.6, "reach_m_median": 96.0, "open_water_frac": 1.0, "gap_frac": 0.0, "utm": [513310.0, 5064330.0, 513510.0, 5064530.0]}}, {"type": "Feature", "geometry": {"type": "Polygon", "coordinates": [[[-68.82378969174903, 45.732390163295534], [-68.82378403041872, 45.73419030806685], [-68.82635463795312, 45.73419424385252], [-68.82636021669795, 45.73239409883547], [-68.82378969174903, 45.732390163295534]]]}, "properties": {"res_m": 0.6, "why": "open water", "water_px": 400, "water_ha": 4.0, "shore_m_median": 532.6, "island_m_median": 241.9, "reach_m_median": 96.0, "open_water_frac": 1.0, "gap_frac": 0.0, "utm": [513510.0, 5064330.0, 513710.0, 5064530.0]}}, {"type": "Feature", "geometry": {"type": "Polygon", "coordinates": [[[-68.82121916733722, 45.732386169923245], [-68.8212134234215, 45.73418631444523], [-68.82378403041872, 45.73419030806685], [-68.82378969174903, 45.732390163295534], [-68.82121916733722, 45.732386169923245]]]}, "properties": {"res_m": 0.6, "why": "open water", "water_px": 400, "water_ha": 4.0, "shore_m_median": 611.6, "island_m_median": 152.5, "reach_m_median": 84.0, "open_water_frac": 1.0, "gap_frac": 0.0, "utm": [513710.0, 5064330.0, 513910.0, 5064530.0]}}, {"type": "Feature", "geometry": {"type": "Polygon", "coordinates": [[[-68.81864864347037, 45.732382118718654], [-68.8186428169693, 45.734182262987694], [-68.8212134234215, 45.73418631444523], [-68.82121916733722, 45.732386169923245], [-68.81864864347037, 45.732382118718654]]]}, "properties": {"res_m": 0.6, "why": "open water", "water_px": 400, "water_ha": 4.0, "shore_m_median": 554.7, "island_m_median": 241.8, "reach_m_median": 80.0, "open_water_frac": 1.0, "gap_frac": 0.0, "utm": [513910.0, 5064330.0, 514110.0, 5064530.0]}}, {"type": "Feature", "geometry": {"type": "Polygon", "coordinates": [[[-68.81607812015629, 45.7323780096818], [-68.81607221106995, 45.73417815369428], [-68.8186428169693, 45.734182262987694], [-68.81864864347037, 45.732382118718654], [-68.81607812015629, 45.7323780096818]]]}, "properties": {"res_m": 0.6, "why": "open water", "water_px": 400, "water_ha": 4.0, "shore_m_median": 492.0, "island_m_median": 284.3, "reach_m_median": 84.0, "open_water_frac": 1.0, "gap_frac": 0.0, "utm": [514110.0, 5064330.0, 514310.0, 5064530.0]}}, {"type": "Feature", "geometry": {"type": "Polygon", "coordinates": [[[-68.81350759740283, 45.732373842812706], [-68.81350160573128, 45.73417398656502], [-68.81607221106995, 45.73417815369428], [-68.81607812015629, 45.7323780096818], [-68.81350759740283, 45.732373842812706]]]}, "properties": {"res_m": 0.6, "why": "open water", "water_px": 400, "water_ha": 4.0, "shore_m_median": 486.9, "island_m_median": 191.7, "reach_m_median": 104.0, "open_water_frac": 1.0, "gap_frac": 0.0, "utm": [514310.0, 5064330.0, 514510.0, 5064530.0]}}, {"type": "Feature", "geometry": {"type": "Polygon", "coordinates": [[[-68.81093707521782, 45.732369618111406], [-68.81093100096112, 45.73416976159994], [-68.81350160573128, 45.73417398656502], [-68.81350759740283, 45.732373842812706], [-68.81093707521782, 45.732369618111406]]]}, "properties": {"res_m": 0.6, "why": "open water", "water_px": 400, "water_ha": 4.0, "shore_m_median": 501.9, "island_m_median": 228.5, "reach_m_median": 88.0, "open_water_frac": 1.0, "gap_frac": 0.0, "utm": [514510.0, 5064330.0, 514710.0, 5064530.0]}}, {"type": "Feature", "geometry": {"type": "Polygon", "coordinates": [[[-68.80836655360912, 45.73236533557792], [-68.80836039676733, 45.73416547879907], [-68.81093100096112, 45.73416976159994], [-68.81093707521782, 45.732369618111406], [-68.80836655360912, 45.73236533557792]]]}, "properties": {"res_m": 0.6, "why": "open water", "water_px": 400, "water_ha": 4.0, "shore_m_median": 578.0, "island_m_median": 234.7, "reach_m_median": 104.0, "open_water_frac": 1.0, "gap_frac": 0.0, "utm": [514710.0, 5064330.0, 514910.0, 5064530.0]}}, {"type": "Feature", "geometry": {"type": "Polygon", "coordinates": [[[-68.80579603258451, 45.73236099521231], [-68.80578979315773, 45.734161138162456], [-68.80836039676733, 45.73416547879907], [-68.80836655360912, 45.73236533557792], [-68.80579603258451, 45.73236099521231]]]}, "properties": {"res_m": 0.6, "why": "open water", "water_px": 400, "water_ha": 4.0, "shore_m_median": 597.7, "island_m_median": 291.1, "reach_m_median": 120.0, "open_water_frac": 1.0, "gap_frac": 0.015, "utm": [514910.0, 5064330.0, 515110.0, 5064530.0]}}, {"type": "Feature", "geometry": {"type": "Polygon", "coordinates": [[[-68.80322551215188, 45.7323565970146], [-68.80321919014015, 45.734156739690135], [-68.80578979315773, 45.734161138162456], [-68.80579603258451, 45.73236099521231], [-68.80322551215188, 45.7323565970146]]]}, "properties": {"res_m": 0.6, "why": "open water", "water_px": 400, "water_ha": 4.0, "shore_m_median": 546.5, "island_m_median": 354.5, "reach_m_median": 136.0, "open_water_frac": 1.0, "gap_frac": 0.107, "utm": [515110.0, 5064330.0, 515310.0, 5064530.0]}}, {"type": "Feature", "geometry": {"type": "Polygon", "coordinates": [[[-68.80065499231905, 45.732352140984815], [-68.80064858772245, 45.73415228338214], [-68.80321919014015, 45.734156739690135], [-68.80322551215188, 45.7323565970146], [-68.80065499231905, 45.732352140984815]]]}, "properties": {"res_m": 0.6, "why": "open water", "water_px": 400, "water_ha": 4.0, "shore_m_median": 528.3, "island_m_median": 401.1, "reach_m_median": 136.0, "open_water_frac": 1.0, "gap_frac": 0.115, "utm": [515310.0, 5064330.0, 515510.0, 5064530.0]}}, {"type": "Feature", "geometry": {"type": "Polygon", "coordinates": [[[-68.79808447309385, 45.732347627123005], [-68.79807798591244, 45.73414776923848], [-68.80064858772245, 45.73415228338214], [-68.80065499231905, 45.732352140984815], [-68.79808447309385, 45.732347627123005]]]}, "properties": {"res_m": 0.6, "why": "open water", "water_px": 400, "water_ha": 4.0, "shore_m_median": 483.2, "island_m_median": 362.5, "reach_m_median": 152.0, "open_water_frac": 1.0, "gap_frac": 0.19, "utm": [515510.0, 5064330.0, 515710.0, 5064530.0]}}, {"type": "Feature", "geometry": {"type": "Polygon", "coordinates": [[[-68.7955139544841, 45.73234305542919], [-68.79550738471796, 45.73414319725922], [-68.79807798591244, 45.73414776923848], [-68.79808447309385, 45.732347627123005], [-68.7955139544841, 45.73234305542919]]]}, "properties": {"res_m": 0.6, "why": "open water", "water_px": 400, "water_ha": 4.0, "shore_m_median": 361.2, "island_m_median": 230.2, "reach_m_median": 160.0, "open_water_frac": 1.0, "gap_frac": 0.255, "utm": [515710.0, 5064330.0, 515910.0, 5064530.0]}}, {"type": "Feature", "geometry": {"type": "Polygon", "coordinates": [[[-68.79294343649765, 45.73233842590342], [-68.79293678414686, 45.7341385674444], [-68.79550738471796, 45.73414319725922], [-68.7955139544841, 45.73234305542919], [-68.79294343649765, 45.73233842590342]]]}, "properties": {"res_m": 0.3, "why": "open water the 1954 survey never sounded", "water_px": 392, "water_ha": 3.92, "shore_m_median": 221.1, "island_m_median": 120.4, "reach_m_median": 224.0, "open_water_frac": 0.964, "gap_frac": 0.602, "utm": [515910.0, 5064330.0, 516110.0, 5064530.0]}}, {"type": "Feature", "geometry": {"type": "Polygon", "coordinates": [[[-68.79037291914234, 45.73233373854573], [-68.79036618420697, 45.73413387979402], [-68.79293678414686, 45.7341385674444], [-68.79294343649765, 45.73233842590342], [-68.79037291914234, 45.73233373854573]]]}, "properties": {"res_m": 1.0, "why": "near the mainland shore", "water_px": 342, "water_ha": 3.42, "shore_m_median": 85.4, "island_m_median": 80.6, "reach_m_median": 392.0, "open_water_frac": 0.184, "gap_frac": 1.0, "utm": [516110.0, 5064330.0, 516310.0, 5064530.0]}}, {"type": "Feature", "geometry": {"type": "Polygon", "coordinates": [[[-68.787802402426, 45.73232899335614], [-68.78779558490612, 45.734129134308176], [-68.79036618420697, 45.73413387979402], [-68.79037291914234, 45.73233373854573], [-68.787802402426, 45.73232899335614]]]}, "properties": {"res_m": 0.6, "why": "far outside the survey's reach", "water_px": 313, "water_ha": 3.13, "shore_m_median": 58.3, "island_m_median": 208.1, "reach_m_median": 576.0, "open_water_frac": 0.061, "gap_frac": 0.974, "utm": [516310.0, 5064330.0, 516510.0, 5064530.0]}}, {"type": "Feature", "geometry": {"type": "Polygon", "coordinates": [[[-68.78523188635646, 45.73232419033471], [-68.78522498625215, 45.73412433098686], [-68.78779558490612, 45.734129134308176], [-68.787802402426, 45.73232899335614], [-68.78523188635646, 45.73232419033471]]]}, "properties": {"res_m": 0.6, "why": "far outside the survey's reach", "water_px": 53, "water_ha": 0.53, "shore_m_median": 28.3, "island_m_median": 341.3, "reach_m_median": 696.0, "open_water_frac": 0.0, "gap_frac": 0.868, "utm": [516510.0, 5064330.0, 516710.0, 5064530.0]}}, {"type": "Feature", "geometry": {"type": "Polygon", "coordinates": [[[-68.83664756961248, 45.73060911613727], [-68.83664232170808, 45.73240926267128], [-68.83921284922504, 45.73241290904909], [-68.83921801455152, 45.73061276228743], [-68.83664756961248, 45.73060911613727]]]}, "properties": {"res_m": 0.6, "why": "far outside the survey's reach", "water_px": 46, "water_ha": 0.46, "shore_m_median": 14.1, "island_m_median": 219.4, "reach_m_median": 416.0, "open_water_frac": 0.0, "gap_frac": 0.783, "utm": [512510.0, 5064130.0, 512710.0, 5064330.0]}}, {"type": "Feature", "geometry": {"type": "Polygon", "coordinates": [[[-68.83407712517133, 45.73060541215824], [-68.83407179468905, 45.732405558461], [-68.83664232170808, 45.73240926267128], [-68.83664756961248, 45.73060911613727], [-68.83407712517133, 45.73060541215824]]]}, "properties": {"res_m": 1.0, "why": "near the mainland shore", "water_px": 246, "water_ha": 2.46, "shore_m_median": 31.6, "island_m_median": 166.0, "reach_m_median": 328.0, "open_water_frac": 0.0, "gap_frac": 0.902, "utm": [512710.0, 5064130.0, 512910.0, 5064330.0]}}, {"type": "Feature", "geometry": {"type": "Polygon", "coordinates": [[[-68.83150668123591, 45.73060165035037], [-68.8315012681758, 45.73240179641824], [-68.83407179468905, 45.732405558461], [-68.83407712517133, 45.73060541215824], [-68.83150668123591, 45.73060165035037]]]}, "properties": {"res_m": 1.0, "why": "near the mainland shore", "water_px": 362, "water_ha": 3.62, "shore_m_median": 51.0, "island_m_median": 220.8, "reach_m_median": 208.0, "open_water_frac": 0.083, "gap_frac": 0.528, "utm": [512910.0, 5064130.0, 513110.0, 5064330.0]}}, {"type": "Feature", "geometry": {"type": "Polygon", "coordinates": [[[-68.82893623781402, 45.73059783071368], [-68.82893074217615, 45.732397976543055], [-68.8315012681758, 45.73240179641824], [-68.83150668123591, 45.73060165035037], [-68.82893623781402, 45.73059783071368]]]}, "properties": {"res_m": 0.6, "why": "open water", "water_px": 400, "water_ha": 4.0, "shore_m_median": 161.2, "island_m_median": 357.8, "reach_m_median": 184.0, "open_water_frac": 0.762, "gap_frac": 0.37, "utm": [513110.0, 5064130.0, 513310.0, 5064330.0]}}, {"type": "Feature", "geometry": {"type": "Polygon", "coordinates": [[[-68.82636579491351, 45.73059395324819], [-68.82636021669795, 45.73239409883547], [-68.82893074217615, 45.732397976543055], [-68.82893623781402, 45.73059783071368], [-68.82636579491351, 45.73059395324819]]]}, "properties": {"res_m": 0.6, "why": "open water", "water_px": 400, "water_ha": 4.0, "shore_m_median": 258.1, "island_m_median": 482.7, "reach_m_median": 168.0, "open_water_frac": 1.0, "gap_frac": 0.287, "utm": [513310.0, 5064130.0, 513510.0, 5064330.0]}}, {"type": "Feature", "geometry": {"type": "Polygon", "coordinates": [[[-68.82379535254222, 45.73059001795396], [-68.82378969174903, 45.732390163295534], [-68.82636021669795, 45.73239409883547], [-68.82636579491351, 45.73059395324819], [-68.82379535254222, 45.73059001795396]]]}, "properties": {"res_m": 0.6, "why": "open water", "water_px": 400, "water_ha": 4.0, "shore_m_median": 375.9, "island_m_median": 396.8, "reach_m_median": 176.0, "open_water_frac": 1.0, "gap_frac": 0.325, "utm": [513510.0, 5064130.0, 513710.0, 5064330.0]}}, {"type": "Feature", "geometry": {"type": "Polygon", "coordinates": [[[-68.821224910708, 45.730586024831], [-68.82121916733722, 45.732386169923245], [-68.82378969174903, 45.732390163295534], [-68.82379535254222, 45.73059001795396], [-68.821224910708, 45.730586024831]]]}, "properties": {"res_m": 0.6, "why": "open water", "water_px": 400, "water_ha": 4.0, "shore_m_median": 429.5, "island_m_median": 350.0, "reach_m_median": 168.0, "open_water_frac": 1.0, "gap_frac": 0.287, "utm": [513710.0, 5064130.0, 513910.0, 5064330.0]}}, {"type": "Feature", "geometry": {"type": "Polygon", "coordinates": [[[-68.81865446941865, 45.73058197387934], [-68.81864864347037, 45.732382118718654], [-68.82121916733722, 45.732386169923245], [-68.821224910708, 45.730586024831], [-68.81865446941865, 45.73058197387934]]]}, "properties": {"res_m": 0.6, "why": "open water", "water_px": 400, "water_ha": 4.0, "shore_m_median": 373.9, "island_m_median": 358.3, "reach_m_median": 184.0, "open_water_frac": 1.0, "gap_frac": 0.405, "utm": [513910.0, 5064130.0, 514110.0, 5064330.0]}}, {"type": "Feature", "geometry": {"type": "Polygon", "coordinates": [[[-68.816084028682, 45.73057786509902], [-68.81607812015629, 45.7323780096818], [-68.81864864347037, 45.732382118718654], [-68.81865446941865, 45.73058197387934], [-68.816084028682, 45.73057786509902]]]}, "properties": {"res_m": 0.6, "why": "open water", "water_px": 400, "water_ha": 4.0, "shore_m_median": 299.8, "island_m_median": 211.9, "reach_m_median": 192.0, "open_water_frac": 1.0, "gap_frac": 0.44, "utm": [514110.0, 5064130.0, 514310.0, 5064330.0]}}, {"type": "Feature", "geometry": {"type": "Polygon", "coordinates": [[[-68.81351358850593, 45.730573698490076], [-68.81350759740283, 45.732373842812706], [-68.81607812015629, 45.7323780096818], [-68.816084028682, 45.73057786509902], [-68.81351358850593, 45.730573698490076]]]}, "properties": {"res_m": 0.6, "why": "open water", "water_px": 394, "water_ha": 3.94, "shore_m_median": 283.6, "island_m_median": 70.7, "reach_m_median": 152.0, "open_water_frac": 1.0, "gap_frac": 0.239, "utm": [514310.0, 5064130.0, 514510.0, 5064330.0]}}, {"type": "Feature", "geometry": {"type": "Polygon", "coordinates": [[[-68.81094314889823, 45.730569474052544], [-68.81093707521782, 45.732369618111406], [-68.81350759740283, 45.732373842812706], [-68.81351358850593, 45.730573698490076], [-68.81094314889823, 45.730569474052544]]]}, "properties": {"res_m": 0.6, "why": "open water", "water_px": 399, "water_ha": 3.99, "shore_m_median": 313.0, "island_m_median": 103.0, "reach_m_median": 160.0, "open_water_frac": 1.0, "gap_frac": 0.236, "utm": [514510.0, 5064130.0, 514710.0, 5064330.0]}}, {"type": "Feature", "geometry": {"type": "Polygon", "coordinates": [[[-68.80837270986676, 45.73056519178644], [-68.80836655360912, 45.73236533557792], [-68.81093707521782, 45.732369618111406], [-68.81094314889823, 45.730569474052544], [-68.80837270986676, 45.73056519178644]]]}, "properties": {"res_m": 0.6, "why": "open water", "water_px": 321, "water_ha": 3.21, "shore_m_median": 424.5, "island_m_median": 70.0, "reach_m_median": 112.0, "open_water_frac": 1.0, "gap_frac": 0.069, "utm": [514710.0, 5064130.0, 514910.0, 5064330.0]}}, {"type": "Feature", "geometry": {"type": "Polygon", "coordinates": [[[-68.80580227141935, 45.73056085169182], [-68.80579603258451, 45.73236099521231], [-68.80836655360912, 45.73236533557792], [-68.80837270986676, 45.73056519178644], [-68.80580227141935, 45.73056085169182]]]}, "properties": {"res_m": 0.6, "why": "open water", "water_px": 400, "water_ha": 4.0, "shore_m_median": 405.1, "island_m_median": 111.8, "reach_m_median": 120.0, "open_water_frac": 1.0, "gap_frac": 0.037, "utm": [514910.0, 5064130.0, 515110.0, 5064330.0]}}, {"type": "Feature", "geometry": {"type": "Polygon", "coordinates": [[[-68.80323183356383, 45.7305564537687], [-68.80322551215188, 45.7323565970146], [-68.80579603258451, 45.73236099521231], [-68.80580227141935, 45.73056085169182], [-68.80323183356383, 45.7305564537687]]]}, "properties": {"res_m": 0.6, "why": "open water", "water_px": 400, "water_ha": 4.0, "shore_m_median": 351.2, "island_m_median": 183.6, "reach_m_median": 112.0, "open_water_frac": 1.0, "gap_frac": 0.022, "utm": [515110.0, 5064130.0, 515310.0, 5064330.0]}}, {"type": "Feature", "geometry": {"type": "Polygon", "coordinates": [[[-68.80066139630803, 45.73055199801711], [-68.80065499231905, 45.732352140984815], [-68.80322551215188, 45.7323565970146], [-68.80323183356383, 45.7305564537687], [-68.80066139630803, 45.73055199801711]]]}, "properties": {"res_m": 0.6, "why": "open water", "water_px": 400, "water_ha": 4.0, "shore_m_median": 330.0, "island_m_median": 210.0, "reach_m_median": 112.0, "open_water_frac": 1.0, "gap_frac": 0.03, "utm": [515310.0, 5064130.0, 515510.0, 5064330.0]}}, {"type": "Feature", "geometry": {"type": "Polygon", "coordinates": [[[-68.79809095965979, 45.73054748443711], [-68.79808447309385, 45.732347627123005], [-68.80065499231905, 45.732352140984815], [-68.80066139630803, 45.73055199801711], [-68.79809095965979, 45.73054748443711]]]}, "properties": {"res_m": 0.6, "why": "open water", "water_px": 400, "water_ha": 4.0, "shore_m_median": 310.0, "island_m_median": 319.3, "reach_m_median": 112.0, "open_water_frac": 1.0, "gap_frac": 0.013, "utm": [515510.0, 5064130.0, 515710.0, 5064330.0]}}, {"type": "Feature", "geometry": {"type": "Polygon", "coordinates": [[[-68.79552052362693, 45.730542913028735], [-68.7955139544841, 45.73234305542919], [-68.79808447309385, 45.732347627123005], [-68.79809095965979, 45.73054748443711], [-68.79552052362693, 45.730542913028735]]]}, "properties": {"res_m": 0.6, "why": "open water", "water_px": 400, "water_ha": 4.0, "shore_m_median": 227.4, "island_m_median": 380.8, "reach_m_median": 112.0, "open_water_frac": 0.973, "gap_frac": 0.013, "utm": [515710.0, 5064130.0, 515910.0, 5064330.0]}}, {"type": "Feature", "geometry": {"type": "Polygon", "coordinates": [[[-68.79295008821731, 45.730538283791994], [-68.79294343649765, 45.73233842590342], [-68.7955139544841, 45.73234305542919], [-68.79552052362693, 45.730542913028735], [-68.79295008821731, 45.730538283791994]]]}, "properties": {"res_m": 1.0, "why": "near the mainland shore", "water_px": 364, "water_ha": 3.64, "shore_m_median": 86.0, "island_m_median": 262.8, "reach_m_median": 168.0, "open_water_frac": 0.294, "gap_frac": 0.255, "utm": [515910.0, 5064130.0, 516110.0, 5064330.0]}}, {"type": "Feature", "geometry": {"type": "Polygon", "coordinates": [[[-68.79037965343875, 45.73053359672694], [-68.79037291914234, 45.73233373854573], [-68.79294343649765, 45.73233842590342], [-68.79295008821731, 45.730538283791994], [-68.79037965343875, 45.73053359672694]]]}, "properties": {"res_m": 1.0, "why": "near the mainland shore", "water_px": 181, "water_ha": 1.81, "shore_m_median": 28.3, "island_m_median": 211.0, "reach_m_median": 400.0, "open_water_frac": 0.0, "gap_frac": 0.818, "utm": [516110.0, 5064130.0, 516310.0, 5064330.0]}}, {"type": "Feature", "geometry": {"type": "Polygon", "coordinates": [[[-68.78780921929908, 45.730528851833625], [-68.787802402426, 45.73232899335614], [-68.79037291914234, 45.73233373854573], [-68.79037965343875, 45.73053359672694], [-68.78780921929908, 45.730528851833625]]]}, "properties": {"res_m": 0.6, "why": "far outside the survey's reach", "water_px": 394, "water_ha": 3.94, "shore_m_median": 68.5, "island_m_median": 343.1, "reach_m_median": 560.0, "open_water_frac": 0.089, "gap_frac": 0.98, "utm": [516310.0, 5064130.0, 516510.0, 5064330.0]}}, {"type": "Feature", "geometry": {"type": "Polygon", "coordinates": [[[-68.78523878580614, 45.73052404911207], [-68.78523188635646, 45.73232419033471], [-68.787802402426, 45.73232899335614], [-68.78780921929908, 45.730528851833625], [-68.78523878580614, 45.73052404911207]]]}, "properties": {"res_m": 0.6, "why": "far outside the survey's reach", "water_px": 157, "water_ha": 1.57, "shore_m_median": 31.6, "island_m_median": 453.4, "reach_m_median": 704.0, "open_water_frac": 0.0, "gap_frac": 0.898, "utm": [516510.0, 5064130.0, 516710.0, 5064330.0]}}, {"type": "Feature", "geometry": {"type": "Polygon", "coordinates": [[[-68.8340824551479, 45.728805265285324], [-68.83407712517133, 45.73060541215824], [-68.83664756961248, 45.73060911613727], [-68.836652817019, 45.72880896903309], [-68.8340824551479, 45.728805265285324]]]}, "properties": {"res_m": 0.6, "why": "far outside the survey's reach", "water_px": 304, "water_ha": 3.04, "shore_m_median": 36.1, "island_m_median": 117.0, "reach_m_median": 464.0, "open_water_frac": 0.0, "gap_frac": 0.859, "utm": [512710.0, 5063930.0, 512910.0, 5064130.0]}}, {"type": "Feature", "geometry": {"type": "Polygon", "coordinates": [[[-68.83151209378245, 45.728801503712305], [-68.83150668123591, 45.73060165035037], [-68.83407712517133, 45.73060541215824], [-68.8340824551479, 45.728805265285324], [-68.83151209378245, 45.728801503712305]]]}, "properties": {"res_m": 1.0, "why": "near the mainland shore", "water_px": 58, "water_ha": 0.58, "shore_m_median": 12.1, "island_m_median": 137.5, "reach_m_median": 312.0, "open_water_frac": 0.0, "gap_frac": 0.328, "utm": [512910.0, 5063930.0, 513110.0, 5064130.0]}}, {"type": "Feature", "geometry": {"type": "Polygon", "coordinates": [[[-68.82894173293049, 45.72879768431408], [-68.82893623781402, 45.73059783071368], [-68.83150668123591, 45.73060165035037], [-68.83151209378245, 45.728801503712305], [-68.82894173293049, 45.72879768431408]]]}, "properties": {"res_m": 1.0, "why": "near the mainland shore", "water_px": 212, "water_ha": 2.12, "shore_m_median": 40.0, "island_m_median": 323.0, "reach_m_median": 328.0, "open_water_frac": 0.019, "gap_frac": 0.863, "utm": [513110.0, 5063930.0, 513310.0, 5064130.0]}}, {"type": "Feature", "geometry": {"type": "Polygon", "coordinates": [[[-68.82637137259985, 45.728793807090675], [-68.82636579491351, 45.73059395324819], [-68.82893623781402, 45.73059783071368], [-68.82894173293049, 45.72879768431408], [-68.82637137259985, 45.728793807090675]]]}, "properties": {"res_m": 1.0, "why": "near the mainland shore", "water_px": 389, "water_ha": 3.89, "shore_m_median": 120.0, "island_m_median": 491.6, "reach_m_median": 352.0, "open_water_frac": 0.499, "gap_frac": 0.99, "utm": [513310.0, 5063930.0, 513510.0, 5064130.0]}}, {"type": "Feature", "geometry": {"type": "Polygon", "coordinates": [[[-68.82380101279837, 45.72878987204214], [-68.82379535254222, 45.73059001795396], [-68.82636579491351, 45.73059395324819], [-68.82637137259985, 45.728793807090675], [-68.82380101279837, 45.72878987204214]]]}, "properties": {"res_m": 0.3, "why": "open water the 1954 survey never sounded", "water_px": 400, "water_ha": 4.0, "shore_m_median": 225.6, "island_m_median": 578.7, "reach_m_median": 364.0, "open_water_frac": 1.0, "gap_frac": 1.0, "utm": [513510.0, 5063930.0, 513710.0, 5064130.0]}}, {"type": "Feature", "geometry": {"type": "Polygon", "coordinates": [[[-68.82123065353387, 45.728785879168484], [-68.821224910708, 45.730586024831], [-68.82379535254222, 45.73059001795396], [-68.82380101279837, 45.72878987204214], [-68.82123065353387, 45.728785879168484]]]}, "properties": {"res_m": 0.3, "why": "open water the 1954 survey never sounded", "water_px": 400, "water_ha": 4.0, "shore_m_median": 243.8, "island_m_median": 548.7, "reach_m_median": 360.0, "open_water_frac": 1.0, "gap_frac": 1.0, "utm": [513710.0, 5063930.0, 513910.0, 5064130.0]}}, {"type": "Feature", "geometry": {"type": "Polygon", "coordinates": [[[-68.8186602948142, 45.72878182846974], [-68.81865446941865, 45.73058197387934], [-68.821224910708, 45.730586024831], [-68.82123065353387, 45.728785879168484], [-68.8186602948142, 45.72878182846974]]]}, "properties": {"res_m": 0.3, "why": "open water the 1954 survey never sounded", "water_px": 400, "water_ha": 4.0, "shore_m_median": 192.1, "island_m_median": 458.4, "reach_m_median": 376.0, "open_water_frac": 0.907, "gap_frac": 1.0, "utm": [513910.0, 5063930.0, 514110.0, 5064130.0]}}, {"type": "Feature", "geometry": {"type": "Polygon", "coordinates": [[[-68.81608993664717, 45.728777719945946], [-68.816084028682, 45.73057786509902], [-68.81865446941865, 45.73058197387934], [-68.8186602948142, 45.72878182846974], [-68.81608993664717, 45.728777719945946]]]}, "properties": {"res_m": 1.0, "why": "near the mainland shore", "water_px": 391, "water_ha": 3.91, "shore_m_median": 116.6, "island_m_median": 284.3, "reach_m_median": 376.0, "open_water_frac": 0.486, "gap_frac": 0.977, "utm": [514110.0, 5063930.0, 514310.0, 5064130.0]}}, {"type": "Feature", "geometry": {"type": "Polygon", "coordinates": [[[-68.81351957904063, 45.72877355359714], [-68.81351358850593, 45.730573698490076], [-68.816084028682, 45.73057786509902], [-68.81608993664717, 45.728777719945946], [-68.81351957904063, 45.72877355359714]]]}, "properties": {"res_m": 1.0, "why": "near the mainland shore", "water_px": 377, "water_ha": 3.77, "shore_m_median": 92.2, "island_m_median": 114.0, "reach_m_median": 328.0, "open_water_frac": 0.358, "gap_frac": 0.894, "utm": [514310.0, 5063930.0, 514510.0, 5064130.0]}}, {"type": "Feature", "geometry": {"type": "Polygon", "coordinates": [[[-68.81094922200242, 45.72876932942335], [-68.81094314889823, 45.730569474052544], [-68.81351358850593, 45.730573698490076], [-68.81351957904063, 45.72877355359714], [-68.81094922200242, 45.72876932942335]]]}, "properties": {"res_m": 0.3, "why": "open water the 1954 survey never sounded", "water_px": 393, "water_ha": 3.93, "shore_m_median": 151.3, "island_m_median": 80.0, "reach_m_median": 344.0, "open_water_frac": 0.69, "gap_frac": 0.982, "utm": [514510.0, 5063930.0, 514710.0, 5064130.0]}}, {"type": "Feature", "geometry": {"type": "Polygon", "coordinates": [[[-68.80837886554036, 45.7287650474246], [-68.80837270986676, 45.73056519178644], [-68.81094314889823, 45.730569474052544], [-68.81094922200242, 45.72876932942335], [-68.80837886554036, 45.7287650474246]]]}, "properties": {"res_m": 0.3, "why": "open water the 1954 survey never sounded", "water_px": 278, "water_ha": 2.78, "shore_m_median": 243.4, "island_m_median": 40.6, "reach_m_median": 352.0, "open_water_frac": 1.0, "gap_frac": 0.975, "utm": [514710.0, 5063930.0, 514910.0, 5064130.0]}}, {"type": "Feature", "geometry": {"type": "Polygon", "coordinates": [[[-68.8058085096623, 45.72876070760095], [-68.80580227141935, 45.73056085169182], [-68.80837270986676, 45.73056519178644], [-68.80837886554036, 45.7287650474246], [-68.8058085096623, 45.72876070760095]]]}, "properties": {"res_m": 0.3, "why": "open water the 1954 survey never sounded", "water_px": 168, "water_ha": 1.68, "shore_m_median": 222.5, "island_m_median": 20.0, "reach_m_median": 304.0, "open_water_frac": 0.94, "gap_frac": 0.792, "utm": [514910.0, 5063930.0, 515110.0, 5064130.0]}}, {"type": "Feature", "geometry": {"type": "Polygon", "coordinates": [[[-68.80323815437605, 45.7287563099524], [-68.80323183356383, 45.7305564537687], [-68.80580227141935, 45.73056085169182], [-68.8058085096623, 45.72876070760095], [-68.80323815437605, 45.7287563099524]]]}, "properties": {"res_m": 0.3, "why": "open water the 1954 survey never sounded", "water_px": 400, "water_ha": 4.0, "shore_m_median": 159.1, "island_m_median": 85.4, "reach_m_median": 304.0, "open_water_frac": 0.71, "gap_frac": 0.96, "utm": [515110.0, 5063930.0, 515310.0, 5064130.0]}}, {"type": "Feature", "geometry": {"type": "Polygon", "coordinates": [[[-68.80066779968945, 45.728751854479015], [-68.80066139630803, 45.73055199801711], [-68.80323183356383, 45.7305564537687], [-68.80323815437605, 45.7287563099524], [-68.80066779968945, 45.728751854479015]]]}, "properties": {"res_m": 0.3, "why": "open water the 1954 survey never sounded", "water_px": 379, "water_ha": 3.79, "shore_m_median": 138.9, "island_m_median": 72.1, "reach_m_median": 304.0, "open_water_frac": 0.551, "gap_frac": 0.918, "utm": [515310.0, 5063930.0, 515510.0, 5064130.0]}}, {"type": "Feature", "geometry": {"type": "Polygon", "coordinates": [[[-68.79809744561032, 45.72874734118081], [-68.79809095965979, 45.73054748443711], [-68.80066139630803, 45.73055199801711], [-68.80066779968945, 45.728751854479015], [-68.79809744561032, 45.72874734118081]]]}, "properties": {"res_m": 1.0, "why": "near the mainland shore", "water_px": 400, "water_ha": 4.0, "shore_m_median": 110.0, "island_m_median": 240.8, "reach_m_median": 288.0, "open_water_frac": 0.432, "gap_frac": 0.875, "utm": [515510.0, 5063930.0, 515710.0, 5064130.0]}}, {"type": "Feature", "geometry": {"type": "Polygon", "coordinates": [[[-68.79552709214654, 45.728742770057835], [-68.79552052362693, 45.730542913028735], [-68.79809095965979, 45.73054748443711], [-68.79809744561032, 45.72874734118081], [-68.79552709214654, 45.728742770057835]]]}, "properties": {"res_m": 1.0, "why": "near the mainland shore", "water_px": 379, "water_ha": 3.79, "shore_m_median": 90.0, "island_m_median": 430.0, "reach_m_median": 264.0, "open_water_frac": 0.319, "gap_frac": 0.763, "utm": [515710.0, 5063930.0, 515910.0, 5064130.0]}}, {"type": "Feature", "geometry": {"type": "Polygon", "coordinates": [[[-68.79295673930591, 45.72873814111012], [-68.79295008821731, 45.730538283791994], [-68.79552052362693, 45.730542913028735], [-68.79552709214654, 45.728742770057835], [-68.79295673930591, 45.72873814111012]]]}, "properties": {"res_m": 1.0, "why": "near the mainland shore", "water_px": 99, "water_ha": 0.99, "shore_m_median": 31.6, "island_m_median": 430.8, "reach_m_median": 240.0, "open_water_frac": 0.0, "gap_frac": 0.646, "utm": [515910.0, 5063930.0, 516110.0, 5064130.0]}}, {"type": "Feature", "geometry": {"type": "Polygon", "coordinates": [[[-68.78781603552544, 45.72872870974061], [-68.78780921929908, 45.730528851833625], [-68.79037965343875, 45.73053359672694], [-68.79038638709626, 45.72873345433769], [-68.78781603552544, 45.72872870974061]]]}, "properties": {"res_m": 0.6, "why": "far outside the survey's reach", "water_px": 87, "water_ha": 0.87, "shore_m_median": 20.0, "island_m_median": 438.6, "reach_m_median": 544.0, "open_water_frac": 0.0, "gap_frac": 0.529, "utm": [516310.0, 5063930.0, 516510.0, 5064130.0]}}, {"type": "Feature", "geometry": {"type": "Polygon", "coordinates": [[[-68.78524568460125, 45.7287239073189], [-68.78523878580614, 45.73052404911207], [-68.78780921929908, 45.730528851833625], [-68.78781603552544, 45.72872870974061], [-68.78524568460125, 45.7287239073189]]]}, "properties": {"res_m": 0.6, "why": "far outside the survey's reach", "water_px": 64, "water_ha": 0.64, "shore_m_median": 28.3, "island_m_median": 535.1, "reach_m_median": 728.0, "open_water_frac": 0.0, "gap_frac": 0.625, "utm": [516510.0, 5063930.0, 516710.0, 5064130.0]}}, {"type": "Feature", "geometry": {"type": "Polygon", "coordinates": [[[-68.82894722752565, 45.72699753734427], [-68.82894173293049, 45.72879768431408], [-68.83151209378245, 45.728801503712305], [-68.83151750581551, 45.72700135650403], [-68.82894722752565, 45.72699753734427]]]}, "properties": {"res_m": 0.6, "why": "far outside the survey's reach", "water_px": 9, "water_ha": 0.09, "shore_m_median": 10.0, "island_m_median": 392.9, "reach_m_median": 516.0, "open_water_frac": 0.0, "gap_frac": 0.667, "utm": [513110.0, 5063730.0, 513310.0, 5063930.0]}}, {"type": "Feature", "geometry": {"type": "Polygon", "coordinates": [[[-68.82637694975703, 45.72699366036294], [-68.82637137259985, 45.728793807090675], [-68.82894173293049, 45.72879768431408], [-68.82894722752565, 45.72699753734427], [-68.82637694975703, 45.72699366036294]]]}, "properties": {"res_m": 0.6, "why": "far outside the survey's reach", "water_px": 246, "water_ha": 2.46, "shore_m_median": 41.8, "island_m_median": 516.2, "reach_m_median": 512.0, "open_water_frac": 0.024, "gap_frac": 0.87, "utm": [513310.0, 5063730.0, 513510.0, 5063930.0]}}, {"type": "Feature", "geometry": {"type": "Polygon", "coordinates": [[[-68.82380667251752, 45.72698972556009], [-68.82380101279837, 45.72878987204214], [-68.82637137259985, 45.728793807090675], [-68.82637694975703, 45.72699366036294], [-68.82380667251752, 45.72698972556009]]]}, "properties": {"res_m": 0.6, "why": "far outside the survey's reach", "water_px": 318, "water_ha": 3.18, "shore_m_median": 62.0, "island_m_median": 683.8, "reach_m_median": 544.0, "open_water_frac": 0.119, "gap_frac": 0.918, "utm": [513510.0, 5063730.0, 513710.0, 5063930.0]}}, {"type": "Feature", "geometry": {"type": "Polygon", "coordinates": [[[-68.82123639581492, 45.72698573293571], [-68.82123065353387, 45.728785879168484], [-68.82380101279837, 45.72878987204214], [-68.82380667251752, 45.72698972556009], [-68.82123639581492, 45.72698573293571]]]}, "properties": {"res_m": 0.6, "why": "far outside the survey's reach", "water_px": 387, "water_ha": 3.87, "shore_m_median": 90.6, "island_m_median": 700.6, "reach_m_median": 544.0, "open_water_frac": 0.282, "gap_frac": 0.992, "utm": [513710.0, 5063730.0, 513910.0, 5063930.0]}}, {"type": "Feature", "geometry": {"type": "Polygon", "coordinates": [[[-68.8186661196571, 45.726981682489864], [-68.8186602948142, 45.72878182846974], [-68.82123065353387, 45.728785879168484], [-68.82123639581492, 45.72698573293571], [-68.8186661196571, 45.726981682489864]]]}, "properties": {"res_m": 0.6, "why": "far outside the survey's reach", "water_px": 271, "water_ha": 2.71, "shore_m_median": 42.4, "island_m_median": 534.5, "reach_m_median": 536.0, "open_water_frac": 0.0, "gap_frac": 0.915, "utm": [513910.0, 5063730.0, 514110.0, 5063930.0]}}, {"type": "Feature", "geometry": {"type": "Polygon", "coordinates": [[[-68.81609584405184, 45.72697757422258], [-68.81608993664717, 45.728777719945946], [-68.8186602948142, 45.72878182846974], [-68.8186661196571, 45.726981682489864], [-68.81609584405184, 45.72697757422258]]]}, "properties": {"res_m": 0.6, "why": "far outside the survey's reach", "water_px": 113, "water_ha": 1.13, "shore_m_median": 28.3, "island_m_median": 403.1, "reach_m_median": 528.0, "open_water_frac": 0.0, "gap_frac": 0.743, "utm": [514110.0, 5063730.0, 514310.0, 5063930.0]}}, {"type": "Feature", "geometry": {"type": "Polygon", "coordinates": [[[-68.81352556900703, 45.726973408133894], [-68.81351957904063, 45.72877355359714], [-68.81608993664717, 45.728777719945946], [-68.81609584405184, 45.72697757422258], [-68.81352556900703, 45.726973408133894]]]}, "properties": {"res_m": 0.6, "why": "far outside the survey's reach", "water_px": 168, "water_ha": 1.68, "shore_m_median": 41.2, "island_m_median": 250.3, "reach_m_median": 568.0, "open_water_frac": 0.012, "gap_frac": 0.982, "utm": [514310.0, 5063730.0, 514510.0, 5063930.0]}}, {"type": "Feature", "geometry": {"type": "Polygon", "coordinates": [[[-68.81095529453046, 45.72696918422383], [-68.81094922200242, 45.72876932942335], [-68.81351957904063, 45.72877355359714], [-68.81352556900703, 45.726973408133894], [-68.81095529453046, 45.72696918422383]]]}, "properties": {"res_m": 0.3, "why": "open water the 1954 survey never sounded", "water_px": 395, "water_ha": 3.95, "shore_m_median": 130.4, "island_m_median": 210.2, "reach_m_median": 544.0, "open_water_frac": 0.58, "gap_frac": 1.0, "utm": [514510.0, 5063730.0, 514710.0, 5063930.0]}}, {"type": "Feature", "geometry": {"type": "Polygon", "coordinates": [[[-68.80838502062997, 45.72696490249242], [-68.80837886554036, 45.7287650474246], [-68.81094922200242, 45.72876932942335], [-68.81095529453046, 45.72696918422383], [-68.80838502062997, 45.72696490249242]]]}, "properties": {"res_m": 0.3, "why": "open water the 1954 survey never sounded", "water_px": 400, "water_ha": 4.0, "shore_m_median": 155.6, "island_m_median": 162.8, "reach_m_median": 528.0, "open_water_frac": 0.715, "gap_frac": 1.0, "utm": [514710.0, 5063730.0, 514910.0, 5063930.0]}}, {"type": "Feature", "geometry": {"type": "Polygon", "coordinates": [[[-68.80581474731342, 45.726960562939716], [-68.8058085096623, 45.72876070760095], [-68.80837886554036, 45.7287650474246], [-68.80838502062997, 45.72696490249242], [-68.80581474731342, 45.726960562939716]]]}, "properties": {"res_m": 0.6, "why": "far outside the survey's reach", "water_px": 235, "water_ha": 2.35, "shore_m_median": 53.9, "island_m_median": 56.6, "reach_m_median": 472.0, "open_water_frac": 0.06, "gap_frac": 0.821, "utm": [514910.0, 5063730.0, 515110.0, 5063930.0]}}, {"type": "Feature", "geometry": {"type": "Polygon", "coordinates": [[[-68.8032444745886, 45.72695616556573], [-68.80323815437605, 45.7287563099524], [-68.8058085096623, 45.72876070760095], [-68.80581474731342, 45.726960562939716], [-68.8032444745886, 45.72695616556573]]]}, "properties": {"res_m": 0.6, "why": "far outside the survey's reach", "water_px": 128, "water_ha": 1.28, "shore_m_median": 31.6, "island_m_median": 112.5, "reach_m_median": 424.0, "open_water_frac": 0.0, "gap_frac": 0.711, "utm": [515110.0, 5063730.0, 515310.0, 5063930.0]}}, {"type": "Feature", "geometry": {"type": "Polygon", "coordinates": [[[-68.80067420246337, 45.726951710370514], [-68.80066779968945, 45.728751854479015], [-68.80323815437605, 45.7287563099524], [-68.8032444745886, 45.72695616556573], [-68.80067420246337, 45.726951710370514]]]}, "properties": {"res_m": 1.0, "why": "near the mainland shore", "water_px": 59, "water_ha": 0.59, "shore_m_median": 20.0, "island_m_median": 102.0, "reach_m_median": 400.0, "open_water_frac": 0.0, "gap_frac": 0.678, "utm": [515310.0, 5063730.0, 515510.0, 5063930.0]}}, {"type": "Feature", "geometry": {"type": "Polygon", "coordinates": [[[-68.79810393094557, 45.72694719735409], [-68.79809744561032, 45.72874734118081], [-68.80066779968945, 45.728751854479015], [-68.80067420246337, 45.726951710370514], [-68.79810393094557, 45.72694719735409]]]}, "properties": {"res_m": 1.0, "why": "near the mainland shore", "water_px": 13, "water_ha": 0.13, "shore_m_median": 10.0, "island_m_median": 210.2, "reach_m_median": null, "open_water_frac": 0.0, "gap_frac": 0.0, "utm": [515510.0, 5063730.0, 515710.0, 5063930.0]}}, {"type": "Feature", "geometry": {"type": "Polygon", "coordinates": [[[-68.79553366004299, 45.726942626516504], [-68.79552709214654, 45.728742770057835], [-68.79809744561032, 45.72874734118081], [-68.79810393094557, 45.72694719735409], [-68.79553366004299, 45.726942626516504]]]}, "properties": {"res_m": 1.0, "why": "near the mainland shore", "water_px": 4, "water_ha": 0.04, "shore_m_median": 10.0, "island_m_median": 366.2, "reach_m_median": null, "open_water_frac": 0.0, "gap_frac": 0.0, "utm": [515710.0, 5063730.0, 515910.0, 5063930.0]}}, {"type": "Feature", "geometry": {"type": "Polygon", "coordinates": [[[-68.82381233169974, 45.72518957850776], [-68.82380667251752, 45.72698972556009], [-68.82637694975703, 45.72699366036294], [-68.82638252638513, 45.725193513064966], [-68.82381233169974, 45.72518957850776]]]}, "properties": {"res_m": 1.0, "why": "near the mainland shore", "water_px": 6, "water_ha": 0.06, "shore_m_median": 10.0, "island_m_median": 710.4, "reach_m_median": null, "open_water_frac": 0.0, "gap_frac": 0.0, "utm": [513510.0, 5063530.0, 513710.0, 5063730.0]}}, {"type": "Feature", "geometry": {"type": "Polygon", "coordinates": [[[-68.82124213755124, 45.72518558613266], [-68.82123639581492, 45.72698573293571], [-68.82380667251752, 45.72698972556009], [-68.82381233169974, 45.72518957850776], [-68.82124213755124, 45.72518558613266]]]}, "properties": {"res_m": 0.6, "why": "far outside the survey's reach", "water_px": 72, "water_ha": 0.72, "shore_m_median": 22.4, "island_m_median": 740.3, "reach_m_median": 680.0, "open_water_frac": 0.0, "gap_frac": 0.722, "utm": [513710.0, 5063530.0, 513910.0, 5063730.0]}}, {"type": "Feature", "geometry": {"type": "Polygon", "coordinates": [[[-68.81867194394741, 45.7251815359397], [-68.8186661196571, 45.726981682489864], [-68.82123639581492, 45.72698573293571], [-68.82124213755124, 45.72518558613266], [-68.81867194394741, 45.7251815359397]]]}, "properties": {"res_m": 0.6, "why": "far outside the survey's reach", "water_px": 130, "water_ha": 1.3, "shore_m_median": 22.4, "island_m_median": 669.5, "reach_m_median": 736.0, "open_water_frac": 0.0, "gap_frac": 0.862, "utm": [513910.0, 5063530.0, 514110.0, 5063730.0]}}, {"type": "Feature", "geometry": {"type": "Polygon", "coordinates": [[[-68.81353155840516, 45.72517326210033], [-68.81352556900703, 45.726973408133894], [-68.81609584405184, 45.72697757422258], [-68.81610175089611, 45.72517742792891], [-68.81353155840516, 45.72517326210033]]]}, "properties": {"res_m": 0.6, "why": "far outside the survey's reach", "water_px": 164, "water_ha": 1.64, "shore_m_median": 36.1, "island_m_median": 369.4, "reach_m_median": 696.0, "open_water_frac": 0.0, "gap_frac": 0.951, "utm": [514310.0, 5063530.0, 514510.0, 5063730.0]}}, {"type": "Feature", "geometry": {"type": "Polygon", "coordinates": [[[-68.8109613664824, 45.72516903845398], [-68.81095529453046, 45.72696918422383], [-68.81352556900703, 45.726973408133894], [-68.81353155840516, 45.72517326210033], [-68.8109613664824, 45.72516903845398]]]}, "properties": {"res_m": 0.3, "why": "open water the 1954 survey never sounded", "water_px": 400, "water_ha": 4.0, "shore_m_median": 141.4, "island_m_median": 400.2, "reach_m_median": 744.0, "open_water_frac": 0.68, "gap_frac": 1.0, "utm": [514510.0, 5063530.0, 514710.0, 5063730.0]}}, {"type": "Feature", "geometry": {"type": "Polygon", "coordinates": [[[-68.80839117513567, 45.72516475698989], [-68.80838502062997, 45.72696490249242], [-68.81095529453046, 45.72696918422383], [-68.8109613664824, 45.72516903845398], [-68.80839117513567, 45.72516475698989]]]}, "properties": {"res_m": 0.6, "why": "far outside the survey's reach", "water_px": 292, "water_ha": 2.92, "shore_m_median": 67.1, "island_m_median": 332.9, "reach_m_median": 712.0, "open_water_frac": 0.13, "gap_frac": 0.942, "utm": [514710.0, 5063530.0, 514910.0, 5063730.0]}}, {"type": "Feature", "geometry": {"type": "Polygon", "coordinates": [[[-68.8135375472351, 45.72337311549646], [-68.81353155840516, 45.72517326210033], [-68.81610175089611, 45.72517742792891], [-68.81610765718001, 45.72337728106496], [-68.8135375472351, 45.72337311549646]]]}, "properties": {"res_m": 0.6, "why": "far outside the survey's reach", "water_px": 105, "water_ha": 1.05, "shore_m_median": 28.3, "island_m_median": 570.8, "reach_m_median": 896.0, "open_water_frac": 0.0, "gap_frac": 0.886, "utm": [514310.0, 5063330.0, 514510.0, 5063530.0]}}, {"type": "Feature", "geometry": {"type": "Polygon", "coordinates": [[[-68.81096743785834, 45.72336889211379], [-68.8109613664824, 45.72516903845398], [-68.81353155840516, 45.72517326210033], [-68.8135375472351, 45.72337311549646], [-68.81096743785834, 45.72336889211379]]]}, "properties": {"res_m": 0.6, "why": "far outside the survey's reach", "water_px": 363, "water_ha": 3.63, "shore_m_median": 70.7, "island_m_median": 579.8, "reach_m_median": 928.0, "open_water_frac": 0.121, "gap_frac": 0.915, "utm": [514510.0, 5063330.0, 514710.0, 5063530.0]}}, {"type": "Feature", "geometry": {"type": "Polygon", "coordinates": [[[-68.80839732905751, 45.72336461091701], [-68.80839117513567, 45.72516475698989], [-68.8109613664824, 45.72516903845398], [-68.81096743785834, 45.72336889211379], [-68.80839732905751, 45.72336461091701]]]}, "properties": {"res_m": 0.6, "why": "far outside the survey's reach", "water_px": 111, "water_ha": 1.11, "shore_m_median": 31.6, "island_m_median": 496.5, "reach_m_median": 888.0, "open_water_frac": 0.0, "gap_frac": 0.757, "utm": [514710.0, 5063330.0, 514910.0, 5063530.0]}}, {"type": "Feature", "geometry": {"type": "Polygon", "coordinates": [[[-68.8109686520644, 45.72300886277733], [-68.81096743785834, 45.72336889211379], [-68.8135375472351, 45.72337311549646], [-68.81353874493291, 45.723013086107244], [-68.8109686520644, 45.72300886277733]]]}, "properties": {"res_m": 1.0, "why": "near the mainland shore", "water_px": 20, "water_ha": 0.2, "shore_m_median": 10.0, "island_m_median": 687.0, "reach_m_median": 1048.0, "open_water_frac": 0.0, "gap_frac": 0.3, "utm": [514510.0, 5063290.0, 514710.0, 5063330.0]}}]}