{"type": "FeatureCollection", "properties": {"source": "USGS_LPC_ME_Eastern_B1_2017 DSM 2 m via Planetary Computer", "water_plane_m": 145.668, "water_plane_ft": 477.9, "min_height_m": 0.15, "min_area_m2": 12.0, "shore_buffer_m": 4.0, "note": "dominated by overhanging canopy, docks and moored boats, not rock. NOT a hazard layer. Kept as the record of a measured null.", "verdict": "NULL RESULT -- worse than a shore-matched null in every height band", "see": "docs/handoffs/2026-08-19-lidar-above-water-null.md"}, "features": [{"type": "Feature", "geometry": {"type": "Point", "coordinates": [-68.7545434, 45.7693739]}, "properties": {"lon": -68.7545434, "lat": 45.7693739, "area_m2": 15280.0, "height_max_m": 29.17, "height_mean_m": 9.15, "class": "island", "source": "3dep-lidar-dsm-2m", "stage_ft": 477.9, "shore_buffer_m": 4.0, "verdict": "above_water_at_flight"}}, {"type": "Feature", "geometry": {"type": "Point", "coordinates": [-68.7577083, 45.7708025]}, "properties": {"lon": -68.7577083, "lat": 45.7708025, "area_m2": 11972.0, "height_max_m": 33.09, "height_mean_m": 13.44, "class": "island", "source": "3dep-lidar-dsm-2m", "stage_ft": 477.9, "shore_buffer_m": 4.0, "verdict": "above_water_at_flight"}}, {"type": "Feature", "geometry": {"type": "Point", "coordinates": [-68.7514045, 45.7742948]}, "properties": {"lon": -68.7514045, "lat": 45.7742948, "area_m2": 8680.0, "height_max_m": 305.61, "height_mean_m": 25.33, "class": "island", "source": "3dep-lidar-dsm-2m", "stage_ft": 477.9, "shore_buffer_m": 4.0, "verdict": "above_water_at_flight"}}, {"type": "Feature", "geometry": {"type": "Point", "coordinates": [-68.7602022, 45.7712893]}, "properties": {"lon": -68.7602022, "lat": 45.7712893, "area_m2": 8360.0, "height_max_m": 26.87, "height_mean_m": 11.4, "class": "island", "source": "3dep-lidar-dsm-2m", "stage_ft": 477.9, "shore_buffer_m": 4.0, "verdict": "above_water_at_flight"}}, {"type": "Feature", "geometry": {"type": "Point", "coordinates": [-68.8127249, 45.7868173]}, "properties": {"lon": -68.8127249, "lat": 45.7868173, "area_m2": 7720.0, "height_max_m": 24.86, "height_mean_m": 10.75, "class": "island", "source": "3dep-lidar-dsm-2m", "stage_ft": 477.9, "shore_buffer_m": 4.0, "verdict": "above_water_at_flight"}}, {"type": "Feature", "geometry": {"type": "Point", "coordinates": [-68.8319034, 45.7635785]}, "properties": {"lon": -68.8319034, "lat": 45.7635785, "area_m2": 3544.0, "height_max_m": 18.02, "height_mean_m": 6.2, "class": "island", "source": "3dep-lidar-dsm-2m", "stage_ft": 477.9, "shore_buffer_m": 4.0, "verdict": "above_water_at_flight"}}, {"type": "Feature", "geometry": {"type": "Point", "coordinates": [-68.749936, 45.7807583]}, "properties": {"lon": -68.749936, "lat": 45.7807583, "area_m2": 3364.0, "height_max_m": 18.38, "height_mean_m": 6.82, "class": "island", "source": "3dep-lidar-dsm-2m", "stage_ft": 477.9, "shore_buffer_m": 4.0, "verdict": "above_water_at_flight"}}, {"type": "Feature", "geometry": {"type": "Point", "coordinates": [-68.7442281, 45.7743354]}, "properties": {"lon": -68.7442281, "lat": 45.7743354, "area_m2": 3028.0, "height_max_m": 141.01, "height_mean_m": 22.9, "class": "island", "source": "3dep-lidar-dsm-2m", "stage_ft": 477.9, "shore_buffer_m": 4.0, "verdict": "above_water_at_flight"}}, {"type": "Feature", "geometry": {"type": "Point", "coordinates": [-68.7474154, 45.7835376]}, "properties": {"lon": -68.7474154, "lat": 45.7835376, "area_m2": 2624.0, "height_max_m": 22.91, "height_mean_m": 10.79, "class": "island", "source": "3dep-lidar-dsm-2m", "stage_ft": 477.9, "shore_buffer_m": 4.0, "verdict": "above_water_at_flight"}}, {"type": "Feature", "geometry": {"type": "Point", "coordinates": [-68.7374121, 45.7506977]}, "properties": {"lon": -68.7374121, "lat": 45.7506977, "area_m2": 2612.0, "height_max_m": 1.39, "height_mean_m": 0.24, "class": "island", "source": "3dep-lidar-dsm-2m", "stage_ft": 477.9, "shore_buffer_m": 4.0, "verdict": "above_water_at_flight"}}, {"type": "Feature", "geometry": {"type": "Point", "coordinates": [-68.7452665, 45.7736188]}, "properties": {"lon": -68.7452665, "lat": 45.7736188, "area_m2": 2444.0, "height_max_m": 556.94, "height_mean_m": 202.41, "class": "island", "source": "3dep-lidar-dsm-2m", "stage_ft": 477.9, "shore_buffer_m": 4.0, "verdict": "above_water_at_flight"}}, {"type": "Feature", "geometry": {"type": "Point", "coordinates": [-68.791608, 45.7351976]}, "properties": {"lon": -68.791608, "lat": 45.7351976, "area_m2": 1784.0, "height_max_m": 13.0, "height_mean_m": 3.93, "class": "rock", "source": "3dep-lidar-dsm-2m", "stage_ft": 477.9, "shore_buffer_m": 4.0, "verdict": "above_water_at_flight"}}, {"type": "Feature", "geometry": {"type": "Point", "coordinates": [-68.7555651, 45.7712187]}, "properties": {"lon": -68.7555651, "lat": 45.7712187, "area_m2": 1332.0, "height_max_m": 22.33, "height_mean_m": 9.04, "class": "rock", "source": "3dep-lidar-dsm-2m", "stage_ft": 477.9, "shore_buffer_m": 4.0, "verdict": "above_water_at_flight"}}, {"type": "Feature", "geometry": {"type": "Point", "coordinates": [-68.836005, 45.7295231]}, "properties": {"lon": -68.836005, "lat": 45.7295231, "area_m2": 1244.0, "height_max_m": 26.37, "height_mean_m": 9.73, "class": "rock", "source": "3dep-lidar-dsm-2m", "stage_ft": 477.9, "shore_buffer_m": 4.0, "verdict": "above_water_at_flight"}}, {"type": "Feature", "geometry": {"type": "Point", "coordinates": [-68.7445191, 45.7840928]}, "properties": {"lon": -68.7445191, "lat": 45.7840928, "area_m2": 1240.0, "height_max_m": 14.82, "height_mean_m": 4.77, "class": "rock", "source": "3dep-lidar-dsm-2m", "stage_ft": 477.9, "shore_buffer_m": 4.0, "verdict": "above_water_at_flight"}}, {"type": "Feature", "geometry": {"type": "Point", "coordinates": [-68.7392103, 45.7444587]}, "properties": {"lon": -68.7392103, "lat": 45.7444587, "area_m2": 1232.0, "height_max_m": 16.74, "height_mean_m": 5.75, "class": "rock", "source": "3dep-lidar-dsm-2m", "stage_ft": 477.9, "shore_buffer_m": 4.0, "verdict": "above_water_at_flight"}}, {"type": "Feature", "geometry": {"type": "Point", "coordinates": [-68.7635458, 45.7618949]}, "properties": {"lon": -68.7635458, "lat": 45.7618949, "area_m2": 1204.0, "height_max_m": 17.04, "height_mean_m": 3.74, "class": "rock", "source": "3dep-lidar-dsm-2m", "stage_ft": 477.9, "shore_buffer_m": 4.0, "verdict": "above_water_at_flight"}}, {"type": "Feature", "geometry": {"type": "Point", "coordinates": [-68.7538568, 45.7508905]}, "properties": {"lon": -68.7538568, "lat": 45.7508905, "area_m2": 1192.0, "height_max_m": 9.77, "height_mean_m": 2.11, "class": "rock", "source": "3dep-lidar-dsm-2m", "stage_ft": 477.9, "shore_buffer_m": 4.0, "verdict": "above_water_at_flight"}}, {"type": "Feature", "geometry": {"type": "Point", "coordinates": [-68.8362287, 45.7303134]}, "properties": {"lon": -68.8362287, "lat": 45.7303134, "area_m2": 1156.0, "height_max_m": 33.9, "height_mean_m": 2.93, "class": "rock", "source": "3dep-lidar-dsm-2m", "stage_ft": 477.9, "shore_buffer_m": 4.0, "verdict": "above_water_at_flight"}}, {"type": "Feature", "geometry": {"type": "Point", "coordinates": [-68.7312455, 45.7521219]}, "properties": {"lon": -68.7312455, "lat": 45.7521219, "area_m2": 1100.0, "height_max_m": 13.8, "height_mean_m": 5.16, "class": "rock", "source": "3dep-lidar-dsm-2m", "stage_ft": 477.9, "shore_buffer_m": 4.0, "verdict": "above_water_at_flight"}}, {"type": "Feature", "geometry": {"type": "Point", "coordinates": [-68.7523087, 45.7838994]}, "properties": {"lon": -68.7523087, "lat": 45.7838994, "area_m2": 1096.0, "height_max_m": 11.91, "height_mean_m": 1.36, "class": "rock", "source": "3dep-lidar-dsm-2m", "stage_ft": 477.9, "shore_buffer_m": 4.0, "verdict": "above_water_at_flight"}}, {"type": "Feature", "geometry": {"type": "Point", "coordinates": [-68.7942615, 45.7843807]}, "properties": {"lon": -68.7942615, "lat": 45.7843807, "area_m2": 1064.0, "height_max_m": 1.44, "height_mean_m": 0.28, "class": "rock", "source": "3dep-lidar-dsm-2m", "stage_ft": 477.9, "shore_buffer_m": 4.0, "verdict": "above_water_at_flight"}}, {"type": "Feature", "geometry": {"type": "Point", "coordinates": [-68.7483722, 45.7851523]}, "properties": {"lon": -68.7483722, "lat": 45.7851523, "area_m2": 1032.0, "height_max_m": 14.28, "height_mean_m": 3.44, "class": "rock", "source": "3dep-lidar-dsm-2m", "stage_ft": 477.9, "shore_buffer_m": 4.0, "verdict": "above_water_at_flight"}}, {"type": "Feature", "geometry": {"type": "Point", "coordinates": [-68.7337036, 45.751697]}, "properties": {"lon": -68.7337036, "lat": 45.751697, "area_m2": 1028.0, "height_max_m": 9.65, "height_mean_m": 1.84, "class": "rock", "source": "3dep-lidar-dsm-2m", "stage_ft": 477.9, "shore_buffer_m": 4.0, "verdict": "above_water_at_flight"}}, {"type": "Feature", "geometry": {"type": "Point", "coordinates": [-68.7979151, 45.786302]}, "properties": {"lon": -68.7979151, "lat": 45.786302, "area_m2": 952.0, "height_max_m": 10.78, "height_mean_m": 3.16, "class": "rock", "source": "3dep-lidar-dsm-2m", "stage_ft": 477.9, "shore_buffer_m": 4.0, "verdict": "above_water_at_flight"}}, {"type": "Feature", "geometry": {"type": "Point", "coordinates": [-68.8078795, 45.749786]}, "properties": {"lon": -68.8078795, "lat": 45.749786, "area_m2": 936.0, "height_max_m": 14.16, "height_mean_m": 2.91, "class": "rock", "source": "3dep-lidar-dsm-2m", "stage_ft": 477.9, "shore_buffer_m": 4.0, "verdict": "above_water_at_flight"}}, {"type": "Feature", "geometry": {"type": "Point", "coordinates": [-68.8405477, 45.7694967]}, "properties": {"lon": -68.8405477, "lat": 45.7694967, "area_m2": 924.0, "height_max_m": 9.65, "height_mean_m": 1.52, "class": "rock", "source": "3dep-lidar-dsm-2m", "stage_ft": 477.9, "shore_buffer_m": 4.0, "verdict": "above_water_at_flight"}}, {"type": "Feature", "geometry": {"type": "Point", "coordinates": [-68.7532331, 45.7751439]}, "properties": {"lon": -68.7532331, "lat": 45.7751439, "area_m2": 904.0, "height_max_m": 38.3, "height_mean_m": 14.9, "class": "rock", "source": "3dep-lidar-dsm-2m", "stage_ft": 477.9, "shore_buffer_m": 4.0, "verdict": "above_water_at_flight"}}, {"type": "Feature", "geometry": {"type": "Point", "coordinates": [-68.7933152, 45.7359536]}, "properties": {"lon": -68.7933152, "lat": 45.7359536, "area_m2": 900.0, "height_max_m": 9.25, "height_mean_m": 2.39, "class": "rock", "source": "3dep-lidar-dsm-2m", "stage_ft": 477.9, "shore_buffer_m": 4.0, "verdict": "above_water_at_flight"}}, {"type": "Feature", "geometry": {"type": "Point", "coordinates": [-68.8354854, 45.7317339]}, "properties": {"lon": -68.8354854, "lat": 45.7317339, "area_m2": 892.0, "height_max_m": 7.82, "height_mean_m": 1.38, "class": "rock", "source": "3dep-lidar-dsm-2m", "stage_ft": 477.9, "shore_buffer_m": 4.0, "verdict": "above_water_at_flight"}}, {"type": "Feature", "geometry": {"type": "Point", "coordinates": [-68.7769191, 45.746162]}, "properties": {"lon": -68.7769191, "lat": 45.746162, "area_m2": 888.0, "height_max_m": 10.35, "height_mean_m": 2.16, "class": "rock", "source": "3dep-lidar-dsm-2m", "stage_ft": 477.9, "shore_buffer_m": 4.0, "verdict": "above_water_at_flight"}}, {"type": "Feature", "geometry": {"type": "Point", "coordinates": [-68.8062986, 45.7299008]}, "properties": {"lon": -68.8062986, "lat": 45.7299008, "area_m2": 748.0, "height_max_m": 8.97, "height_mean_m": 2.08, "class": "rock", "source": "3dep-lidar-dsm-2m", "stage_ft": 477.9, "shore_buffer_m": 4.0, "verdict": "above_water_at_flight"}}, {"type": "Feature", "geometry": {"type": "Point", "coordinates": [-68.7576552, 45.7815024]}, "properties": {"lon": -68.7576552, "lat": 45.7815024, "area_m2": 748.0, "height_max_m": 8.89, "height_mean_m": 1.22, "class": "rock", "source": "3dep-lidar-dsm-2m", "stage_ft": 477.9, "shore_buffer_m": 4.0, "verdict": "above_water_at_flight"}}, {"type": "Feature", "geometry": {"type": "Point", "coordinates": [-68.7346565, 45.7438576]}, "properties": {"lon": -68.7346565, "lat": 45.7438576, "area_m2": 732.0, "height_max_m": 5.45, "height_mean_m": 0.88, "class": "rock", "source": "3dep-lidar-dsm-2m", "stage_ft": 477.9, "shore_buffer_m": 4.0, "verdict": "above_water_at_flight"}}, {"type": "Feature", "geometry": {"type": "Point", "coordinates": [-68.8460102, 45.7519997]}, "properties": {"lon": -68.8460102, "lat": 45.7519997, "area_m2": 716.0, "height_max_m": 0.64, "height_mean_m": 0.25, "class": "rock", "source": "3dep-lidar-dsm-2m", "stage_ft": 477.9, "shore_buffer_m": 4.0, "verdict": "above_water_at_flight"}}, {"type": "Feature", "geometry": {"type": "Point", "coordinates": [-68.7456339, 45.7524428]}, "properties": {"lon": -68.7456339, "lat": 45.7524428, "area_m2": 700.0, "height_max_m": 17.69, "height_mean_m": 7.29, "class": "rock", "source": "3dep-lidar-dsm-2m", "stage_ft": 477.9, "shore_buffer_m": 4.0, "verdict": "above_water_at_flight"}}, {"type": "Feature", "geometry": {"type": "Point", "coordinates": [-68.7523452, 45.7829559]}, "properties": {"lon": -68.7523452, "lat": 45.7829559, "area_m2": 700.0, "height_max_m": 10.76, "height_mean_m": 3.93, "class": "rock", "source": "3dep-lidar-dsm-2m", "stage_ft": 477.9, "shore_buffer_m": 4.0, "verdict": "above_water_at_flight"}}, {"type": "Feature", "geometry": {"type": "Point", "coordinates": [-68.7490033, 45.7847886]}, "properties": {"lon": -68.7490033, "lat": 45.7847886, "area_m2": 692.0, "height_max_m": 13.86, "height_mean_m": 3.28, "class": "rock", "source": "3dep-lidar-dsm-2m", "stage_ft": 477.9, "shore_buffer_m": 4.0, "verdict": "above_water_at_flight"}}, {"type": "Feature", "geometry": {"type": "Point", "coordinates": [-68.8309201, 45.7378193]}, "properties": {"lon": -68.8309201, "lat": 45.7378193, "area_m2": 684.0, "height_max_m": 16.86, "height_mean_m": 5.97, "class": "rock", "source": "3dep-lidar-dsm-2m", "stage_ft": 477.9, "shore_buffer_m": 4.0, "verdict": "above_water_at_flight"}}, {"type": "Feature", "geometry": {"type": "Point", "coordinates": [-68.7603078, 45.7517169]}, "properties": {"lon": -68.7603078, "lat": 45.7517169, "area_m2": 668.0, "height_max_m": 5.83, "height_mean_m": 1.57, "class": "rock", "source": "3dep-lidar-dsm-2m", "stage_ft": 477.9, "shore_buffer_m": 4.0, "verdict": "above_water_at_flight"}}, {"type": "Feature", "geometry": {"type": "Point", "coordinates": [-68.804391, 45.7492443]}, "properties": {"lon": -68.804391, "lat": 45.7492443, "area_m2": 664.0, "height_max_m": 15.68, "height_mean_m": 5.45, "class": "rock", "source": "3dep-lidar-dsm-2m", "stage_ft": 477.9, "shore_buffer_m": 4.0, "verdict": "above_water_at_flight"}}, {"type": "Feature", "geometry": {"type": "Point", "coordinates": [-68.8049542, 45.7498648]}, "properties": {"lon": -68.8049542, "lat": 45.7498648, "area_m2": 644.0, "height_max_m": 4.62, "height_mean_m": 1.4, "class": "rock", "source": "3dep-lidar-dsm-2m", "stage_ft": 477.9, "shore_buffer_m": 4.0, "verdict": "above_water_at_flight"}}, {"type": "Feature", "geometry": {"type": "Point", "coordinates": [-68.7466773, 45.783239]}, "properties": {"lon": -68.7466773, "lat": 45.783239, "area_m2": 604.0, "height_max_m": 8.42, "height_mean_m": 1.72, "class": "rock", "source": "3dep-lidar-dsm-2m", "stage_ft": 477.9, "shore_buffer_m": 4.0, "verdict": "above_water_at_flight"}}, {"type": "Feature", "geometry": {"type": "Point", "coordinates": [-68.8225803, 45.7349962]}, "properties": {"lon": -68.8225803, "lat": 45.7349962, "area_m2": 596.0, "height_max_m": 8.94, "height_mean_m": 2.71, "class": "rock", "source": "3dep-lidar-dsm-2m", "stage_ft": 477.9, "shore_buffer_m": 4.0, "verdict": "above_water_at_flight"}}, {"type": "Feature", "geometry": {"type": "Point", "coordinates": [-68.7950779, 45.7882565]}, "properties": {"lon": -68.7950779, "lat": 45.7882565, "area_m2": 584.0, "height_max_m": 11.16, "height_mean_m": 4.68, "class": "rock", "source": "3dep-lidar-dsm-2m", "stage_ft": 477.9, "shore_buffer_m": 4.0, "verdict": "above_water_at_flight"}}, {"type": "Feature", "geometry": {"type": "Point", "coordinates": [-68.8367298, 45.7492276]}, "properties": {"lon": -68.8367298, "lat": 45.7492276, "area_m2": 580.0, "height_max_m": 3.6, "height_mean_m": 0.87, "class": "rock", "source": "3dep-lidar-dsm-2m", "stage_ft": 477.9, "shore_buffer_m": 4.0, "verdict": "above_water_at_flight"}}, {"type": "Feature", "geometry": {"type": "Point", "coordinates": [-68.7540885, 45.7803842]}, "properties": {"lon": -68.7540885, "lat": 45.7803842, "area_m2": 580.0, "height_max_m": 411.48, "height_mean_m": 64.7, "class": "rock", "source": "3dep-lidar-dsm-2m", "stage_ft": 477.9, "shore_buffer_m": 4.0, "verdict": "above_water_at_flight"}}, {"type": "Feature", "geometry": {"type": "Point", "coordinates": [-68.7501124, 45.7832602]}, "properties": {"lon": -68.7501124, "lat": 45.7832602, "area_m2": 580.0, "height_max_m": 6.48, "height_mean_m": 0.87, "class": "rock", "source": "3dep-lidar-dsm-2m", "stage_ft": 477.9, "shore_buffer_m": 4.0, "verdict": "above_water_at_flight"}}, {"type": "Feature", "geometry": {"type": "Point", "coordinates": [-68.8480044, 45.7523471]}, "properties": {"lon": -68.8480044, "lat": 45.7523471, "area_m2": 576.0, "height_max_m": 1.35, "height_mean_m": 0.34, "class": "rock", "source": "3dep-lidar-dsm-2m", "stage_ft": 477.9, "shore_buffer_m": 4.0, "verdict": "above_water_at_flight"}}, {"type": "Feature", "geometry": {"type": "Point", "coordinates": [-68.7493791, 45.7832717]}, "properties": {"lon": -68.7493791, "lat": 45.7832717, "area_m2": 576.0, "height_max_m": 8.82, "height_mean_m": 3.68, "class": "rock", "source": "3dep-lidar-dsm-2m", "stage_ft": 477.9, "shore_buffer_m": 4.0, "verdict": "above_water_at_flight"}}, {"type": "Feature", "geometry": {"type": "Point", "coordinates": [-68.8207127, 45.7276964]}, "properties": {"lon": -68.8207127, "lat": 45.7276964, "area_m2": 568.0, "height_max_m": 9.57, "height_mean_m": 5.68, "class": "rock", "source": "3dep-lidar-dsm-2m", "stage_ft": 477.9, "shore_buffer_m": 4.0, "verdict": "above_water_at_flight"}}, {"type": "Feature", "geometry": {"type": "Point", "coordinates": [-68.7758252, 45.7637947]}, "properties": {"lon": -68.7758252, "lat": 45.7637947, "area_m2": 560.0, "height_max_m": 6.37, "height_mean_m": 1.05, "class": "rock", "source": "3dep-lidar-dsm-2m", "stage_ft": 477.9, "shore_buffer_m": 4.0, "verdict": "above_water_at_flight"}}, {"type": "Feature", "geometry": {"type": "Point", "coordinates": [-68.7804102, 45.7718934]}, "properties": {"lon": -68.7804102, "lat": 45.7718934, "area_m2": 560.0, "height_max_m": 10.23, "height_mean_m": 1.54, "class": "rock", "source": "3dep-lidar-dsm-2m", "stage_ft": 477.9, "shore_buffer_m": 4.0, "verdict": "above_water_at_flight"}}, {"type": "Feature", "geometry": {"type": "Point", "coordinates": [-68.7498212, 45.7844642]}, "properties": {"lon": -68.7498212, "lat": 45.7844642, "area_m2": 560.0, "height_max_m": 14.17, "height_mean_m": 2.81, "class": "rock", "source": "3dep-lidar-dsm-2m", "stage_ft": 477.9, "shore_buffer_m": 4.0, "verdict": "above_water_at_flight"}}, {"type": "Feature", "geometry": {"type": "Point", "coordinates": [-68.7535462, 45.7823595]}, "properties": {"lon": -68.7535462, "lat": 45.7823595, "area_m2": 556.0, "height_max_m": 137.88, "height_mean_m": 27.91, "class": "rock", "source": "3dep-lidar-dsm-2m", "stage_ft": 477.9, "shore_buffer_m": 4.0, "verdict": "above_water_at_flight"}}, {"type": "Feature", "geometry": {"type": "Point", "coordinates": [-68.7927421, 45.7838042]}, "properties": {"lon": -68.7927421, "lat": 45.7838042, "area_m2": 556.0, "height_max_m": 0.39, "height_mean_m": 0.26, "class": "rock", "source": "3dep-lidar-dsm-2m", "stage_ft": 477.9, "shore_buffer_m": 4.0, "verdict": "above_water_at_flight"}}, {"type": "Feature", "geometry": {"type": "Point", "coordinates": [-68.7339035, 45.7429183]}, "properties": {"lon": -68.7339035, "lat": 45.7429183, "area_m2": 552.0, "height_max_m": 14.44, "height_mean_m": 3.41, "class": "rock", "source": "3dep-lidar-dsm-2m", "stage_ft": 477.9, "shore_buffer_m": 4.0, "verdict": "above_water_at_flight"}}, {"type": "Feature", "geometry": {"type": "Point", "coordinates": [-68.7352193, 45.741941]}, "properties": {"lon": -68.7352193, "lat": 45.741941, "area_m2": 544.0, "height_max_m": 13.27, "height_mean_m": 3.53, "class": "rock", "source": "3dep-lidar-dsm-2m", "stage_ft": 477.9, "shore_buffer_m": 4.0, "verdict": "above_water_at_flight"}}, {"type": "Feature", "geometry": {"type": "Point", "coordinates": [-68.7700851, 45.765172]}, "properties": {"lon": -68.7700851, "lat": 45.765172, "area_m2": 544.0, "height_max_m": 9.5, "height_mean_m": 2.57, "class": "rock", "source": "3dep-lidar-dsm-2m", "stage_ft": 477.9, "shore_buffer_m": 4.0, "verdict": "above_water_at_flight"}}, {"type": "Feature", "geometry": {"type": "Point", "coordinates": [-68.7322679, 45.751632]}, "properties": {"lon": -68.7322679, "lat": 45.751632, "area_m2": 512.0, "height_max_m": 9.72, "height_mean_m": 1.56, "class": "rock", "source": "3dep-lidar-dsm-2m", "stage_ft": 477.9, "shore_buffer_m": 4.0, "verdict": "above_water_at_flight"}}, {"type": "Feature", "geometry": {"type": "Point", "coordinates": [-68.7438028, 45.7834094]}, "properties": {"lon": -68.7438028, "lat": 45.7834094, "area_m2": 508.0, "height_max_m": 6.51, "height_mean_m": 0.59, "class": "rock", "source": "3dep-lidar-dsm-2m", "stage_ft": 477.9, "shore_buffer_m": 4.0, "verdict": "above_water_at_flight"}}, {"type": "Feature", "geometry": {"type": "Point", "coordinates": [-68.8091518, 45.7308541]}, "properties": {"lon": -68.8091518, "lat": 45.7308541, "area_m2": 500.0, "height_max_m": 11.15, "height_mean_m": 1.65, "class": "rock", "source": "3dep-lidar-dsm-2m", "stage_ft": 477.9, "shore_buffer_m": 4.0, "verdict": "above_water_at_flight"}}, {"type": "Feature", "geometry": {"type": "Point", "coordinates": [-68.753298, 45.7516286]}, "properties": {"lon": -68.753298, "lat": 45.7516286, "area_m2": 496.0, "height_max_m": 1.15, "height_mean_m": 0.32, "class": "rock", "source": "3dep-lidar-dsm-2m", "stage_ft": 477.9, "shore_buffer_m": 4.0, "verdict": "above_water_at_flight"}}, {"type": "Feature", "geometry": {"type": "Point", "coordinates": [-68.7357777, 45.745078]}, "properties": {"lon": -68.7357777, "lat": 45.745078, "area_m2": 492.0, "height_max_m": 8.59, "height_mean_m": 2.04, "class": "rock", "source": "3dep-lidar-dsm-2m", "stage_ft": 477.9, "shore_buffer_m": 4.0, "verdict": "above_water_at_flight"}}, {"type": "Feature", "geometry": {"type": "Point", "coordinates": [-68.7546773, 45.7824615]}, "properties": {"lon": -68.7546773, "lat": 45.7824615, "area_m2": 492.0, "height_max_m": 12.18, "height_mean_m": 2.72, "class": "rock", "source": "3dep-lidar-dsm-2m", "stage_ft": 477.9, "shore_buffer_m": 4.0, "verdict": "above_water_at_flight"}}, {"type": "Feature", "geometry": {"type": "Point", "coordinates": [-68.790231, 45.737812]}, "properties": {"lon": -68.790231, "lat": 45.737812, "area_m2": 484.0, "height_max_m": 7.69, "height_mean_m": 1.91, "class": "rock", "source": "3dep-lidar-dsm-2m", "stage_ft": 477.9, "shore_buffer_m": 4.0, "verdict": "above_water_at_flight"}}, {"type": "Feature", "geometry": {"type": "Point", "coordinates": [-68.7424706, 45.7747282]}, "properties": {"lon": -68.7424706, "lat": 45.7747282, "area_m2": 480.0, "height_max_m": 345.16, "height_mean_m": 196.68, "class": "rock", "source": "3dep-lidar-dsm-2m", "stage_ft": 477.9, "shore_buffer_m": 4.0, "verdict": "above_water_at_flight"}}, {"type": "Feature", "geometry": {"type": "Point", "coordinates": [-68.7458692, 45.7848038]}, "properties": {"lon": -68.7458692, "lat": 45.7848038, "area_m2": 480.0, "height_max_m": 13.41, "height_mean_m": 3.4, "class": "rock", "source": "3dep-lidar-dsm-2m", "stage_ft": 477.9, "shore_buffer_m": 4.0, "verdict": "above_water_at_flight"}}, {"type": "Feature", "geometry": {"type": "Point", "coordinates": [-68.7909725, 45.7344363]}, "properties": {"lon": -68.7909725, "lat": 45.7344363, "area_m2": 468.0, "height_max_m": 10.75, "height_mean_m": 3.62, "class": "rock", "source": "3dep-lidar-dsm-2m", "stage_ft": 477.9, "shore_buffer_m": 4.0, "verdict": "above_water_at_flight"}}, {"type": "Feature", "geometry": {"type": "Point", "coordinates": [-68.7504013, 45.7799792]}, "properties": {"lon": -68.7504013, "lat": 45.7799792, "area_m2": 468.0, "height_max_m": 8.54, "height_mean_m": 2.11, "class": "rock", "source": "3dep-lidar-dsm-2m", "stage_ft": 477.9, "shore_buffer_m": 4.0, "verdict": "above_water_at_flight"}}, {"type": "Feature", "geometry": {"type": "Point", "coordinates": [-68.7895314, 45.7308836]}, "properties": {"lon": -68.7895314, "lat": 45.7308836, "area_m2": 464.0, "height_max_m": 0.65, "height_mean_m": 0.28, "class": "rock", "source": "3dep-lidar-dsm-2m", "stage_ft": 477.9, "shore_buffer_m": 4.0, "verdict": "above_water_at_flight"}}, {"type": "Feature", "geometry": {"type": "Point", "coordinates": [-68.7824456, 45.7450257]}, "properties": {"lon": -68.7824456, "lat": 45.7450257, "area_m2": 464.0, "height_max_m": 7.66, "height_mean_m": 1.67, "class": "rock", "source": "3dep-lidar-dsm-2m", "stage_ft": 477.9, "shore_buffer_m": 4.0, "verdict": "above_water_at_flight"}}, {"type": "Feature", "geometry": {"type": "Point", "coordinates": [-68.8393141, 45.773107]}, "properties": {"lon": -68.8393141, "lat": 45.773107, "area_m2": 460.0, "height_max_m": 3.81, "height_mean_m": 0.69, "class": "rock", "source": "3dep-lidar-dsm-2m", "stage_ft": 477.9, "shore_buffer_m": 4.0, "verdict": "above_water_at_flight"}}, {"type": "Feature", "geometry": {"type": "Point", "coordinates": [-68.7926279, 45.7895863]}, "properties": {"lon": -68.7926279, "lat": 45.7895863, "area_m2": 456.0, "height_max_m": 7.23, "height_mean_m": 2.14, "class": "rock", "source": "3dep-lidar-dsm-2m", "stage_ft": 477.9, "shore_buffer_m": 4.0, "verdict": "above_water_at_flight"}}, {"type": "Feature", "geometry": {"type": "Point", "coordinates": [-68.8182452, 45.7417922]}, "properties": {"lon": -68.8182452, "lat": 45.7417922, "area_m2": 452.0, "height_max_m": 13.85, "height_mean_m": 3.69, "class": "rock", "source": "3dep-lidar-dsm-2m", "stage_ft": 477.9, "shore_buffer_m": 4.0, "verdict": "above_water_at_flight"}}, {"type": "Feature", "geometry": {"type": "Point", "coordinates": [-68.8079735, 45.7522959]}, "properties": {"lon": -68.8079735, "lat": 45.7522959, "area_m2": 452.0, "height_max_m": 7.87, "height_mean_m": 1.86, "class": "rock", "source": "3dep-lidar-dsm-2m", "stage_ft": 477.9, "shore_buffer_m": 4.0, "verdict": "above_water_at_flight"}}, {"type": "Feature", "geometry": {"type": "Point", "coordinates": [-68.7491655, 45.7610195]}, "properties": {"lon": -68.7491655, "lat": 45.7610195, "area_m2": 452.0, "height_max_m": 12.93, "height_mean_m": 2.58, "class": "rock", "source": "3dep-lidar-dsm-2m", "stage_ft": 477.9, "shore_buffer_m": 4.0, "verdict": "above_water_at_flight"}}, {"type": "Feature", "geometry": {"type": "Point", "coordinates": [-68.8258158, 45.7272513]}, "properties": {"lon": -68.8258158, "lat": 45.7272513, "area_m2": 448.0, "height_max_m": 10.87, "height_mean_m": 3.33, "class": "rock", "source": "3dep-lidar-dsm-2m", "stage_ft": 477.9, "shore_buffer_m": 4.0, "verdict": "above_water_at_flight"}}, {"type": "Feature", "geometry": {"type": "Point", "coordinates": [-68.8288015, 45.7281569]}, "properties": {"lon": -68.8288015, "lat": 45.7281569, "area_m2": 444.0, "height_max_m": 1.31, "height_mean_m": 0.54, "class": "rock", "source": "3dep-lidar-dsm-2m", "stage_ft": 477.9, "shore_buffer_m": 4.0, "verdict": "above_water_at_flight"}}, {"type": "Feature", "geometry": {"type": "Point", "coordinates": [-68.7480776, 45.7696548]}, "properties": {"lon": -68.7480776, "lat": 45.7696548, "area_m2": 444.0, "height_max_m": 17.63, "height_mean_m": 8.34, "class": "rock", "source": "3dep-lidar-dsm-2m", "stage_ft": 477.9, "shore_buffer_m": 4.0, "verdict": "above_water_at_flight"}}, {"type": "Feature", "geometry": {"type": "Point", "coordinates": [-68.75044, 45.7615574]}, "properties": {"lon": -68.75044, "lat": 45.7615574, "area_m2": 428.0, "height_max_m": 4.76, "height_mean_m": 0.97, "class": "rock", "source": "3dep-lidar-dsm-2m", "stage_ft": 477.9, "shore_buffer_m": 4.0, "verdict": "above_water_at_flight"}}, {"type": "Feature", "geometry": {"type": "Point", "coordinates": [-68.8202935, 45.7257466]}, "properties": {"lon": -68.8202935, "lat": 45.7257466, "area_m2": 416.0, "height_max_m": 8.41, "height_mean_m": 1.42, "class": "rock", "source": "3dep-lidar-dsm-2m", "stage_ft": 477.9, "shore_buffer_m": 4.0, "verdict": "above_water_at_flight"}}, {"type": "Feature", "geometry": {"type": "Point", "coordinates": [-68.7453607, 45.7601686]}, "properties": {"lon": -68.7453607, "lat": 45.7601686, "area_m2": 416.0, "height_max_m": 13.95, "height_mean_m": 4.93, "class": "rock", "source": "3dep-lidar-dsm-2m", "stage_ft": 477.9, "shore_buffer_m": 4.0, "verdict": "above_water_at_flight"}}, {"type": "Feature", "geometry": {"type": "Point", "coordinates": [-68.7936637, 45.7883293]}, "properties": {"lon": -68.7936637, "lat": 45.7883293, "area_m2": 416.0, "height_max_m": 3.41, "height_mean_m": 1.08, "class": "rock", "source": "3dep-lidar-dsm-2m", "stage_ft": 477.9, "shore_buffer_m": 4.0, "verdict": "above_water_at_flight"}}, {"type": "Feature", "geometry": {"type": "Point", "coordinates": [-68.7813413, 45.7417321]}, "properties": {"lon": -68.7813413, "lat": 45.7417321, "area_m2": 404.0, "height_max_m": 9.99, "height_mean_m": 1.35, "class": "rock", "source": "3dep-lidar-dsm-2m", "stage_ft": 477.9, "shore_buffer_m": 4.0, "verdict": "above_water_at_flight"}}, {"type": "Feature", "geometry": {"type": "Point", "coordinates": [-68.8199272, 45.7260244]}, "properties": {"lon": -68.8199272, "lat": 45.7260244, "area_m2": 400.0, "height_max_m": 5.28, "height_mean_m": 1.32, "class": "rock", "source": "3dep-lidar-dsm-2m", "stage_ft": 477.9, "shore_buffer_m": 4.0, "verdict": "above_water_at_flight"}}, {"type": "Feature", "geometry": {"type": "Point", "coordinates": [-68.822515, 45.7344941]}, "properties": {"lon": -68.822515, "lat": 45.7344941, "area_m2": 400.0, "height_max_m": 10.5, "height_mean_m": 2.07, "class": "rock", "source": "3dep-lidar-dsm-2m", "stage_ft": 477.9, "shore_buffer_m": 4.0, "verdict": "above_water_at_flight"}}, {"type": "Feature", "geometry": {"type": "Point", "coordinates": [-68.8408162, 45.7710058]}, "properties": {"lon": -68.8408162, "lat": 45.7710058, "area_m2": 400.0, "height_max_m": 0.93, "height_mean_m": 0.49, "class": "rock", "source": "3dep-lidar-dsm-2m", "stage_ft": 477.9, "shore_buffer_m": 4.0, "verdict": "above_water_at_flight"}}, {"type": "Feature", "geometry": {"type": "Point", "coordinates": [-68.7544511, 45.7802005]}, "properties": {"lon": -68.7544511, "lat": 45.7802005, "area_m2": 396.0, "height_max_m": 531.77, "height_mean_m": 51.45, "class": "rock", "source": "3dep-lidar-dsm-2m", "stage_ft": 477.9, "shore_buffer_m": 4.0, "verdict": "above_water_at_flight"}}, {"type": "Feature", "geometry": {"type": "Point", "coordinates": [-68.8200657, 45.7263703]}, "properties": {"lon": -68.8200657, "lat": 45.7263703, "area_m2": 384.0, "height_max_m": 11.24, "height_mean_m": 2.06, "class": "rock", "source": "3dep-lidar-dsm-2m", "stage_ft": 477.9, "shore_buffer_m": 4.0, "verdict": "above_water_at_flight"}}, {"type": "Feature", "geometry": {"type": "Point", "coordinates": [-68.8408435, 45.7702912]}, "properties": {"lon": -68.8408435, "lat": 45.7702912, "area_m2": 380.0, "height_max_m": 1.17, "height_mean_m": 0.38, "class": "rock", "source": "3dep-lidar-dsm-2m", "stage_ft": 477.9, "shore_buffer_m": 4.0, "verdict": "above_water_at_flight"}}, {"type": "Feature", "geometry": {"type": "Point", "coordinates": [-68.8397018, 45.7686091]}, "properties": {"lon": -68.8397018, "lat": 45.7686091, "area_m2": 376.0, "height_max_m": 0.45, "height_mean_m": 0.26, "class": "rock", "source": "3dep-lidar-dsm-2m", "stage_ft": 477.9, "shore_buffer_m": 4.0, "verdict": "above_water_at_flight"}}, {"type": "Feature", "geometry": {"type": "Point", "coordinates": [-68.7425418, 45.7484186]}, "properties": {"lon": -68.7425418, "lat": 45.7484186, "area_m2": 372.0, "height_max_m": 12.95, "height_mean_m": 2.69, "class": "rock", "source": "3dep-lidar-dsm-2m", "stage_ft": 477.9, "shore_buffer_m": 4.0, "verdict": "above_water_at_flight"}}, {"type": "Feature", "geometry": {"type": "Point", "coordinates": [-68.7458272, 45.7843629]}, "properties": {"lon": -68.7458272, "lat": 45.7843629, "area_m2": 372.0, "height_max_m": 192.66, "height_mean_m": 109.77, "class": "rock", "source": "3dep-lidar-dsm-2m", "stage_ft": 477.9, "shore_buffer_m": 4.0, "verdict": "above_water_at_flight"}}, {"type": "Feature", "geometry": {"type": "Point", "coordinates": [-68.8356771, 45.7724911]}, "properties": {"lon": -68.8356771, "lat": 45.7724911, "area_m2": 368.0, "height_max_m": 1.51, "height_mean_m": 0.53, "class": "rock", "source": "3dep-lidar-dsm-2m", "stage_ft": 477.9, "shore_buffer_m": 4.0, "verdict": "above_water_at_flight"}}, {"type": "Feature", "geometry": {"type": "Point", "coordinates": [-68.7786979, 45.7453241]}, "properties": {"lon": -68.7786979, "lat": 45.7453241, "area_m2": 364.0, "height_max_m": 9.0, "height_mean_m": 3.77, "class": "rock", "source": "3dep-lidar-dsm-2m", "stage_ft": 477.9, "shore_buffer_m": 4.0, "verdict": "above_water_at_flight"}}, {"type": "Feature", "geometry": {"type": "Point", "coordinates": [-68.7941805, 45.788531]}, "properties": {"lon": -68.7941805, "lat": 45.788531, "area_m2": 360.0, "height_max_m": 1.45, "height_mean_m": 0.58, "class": "rock", "source": "3dep-lidar-dsm-2m", "stage_ft": 477.9, "shore_buffer_m": 4.0, "verdict": "above_water_at_flight"}}, {"type": "Feature", "geometry": {"type": "Point", "coordinates": [-68.7614602, 45.7752649]}, "properties": {"lon": -68.7614602, "lat": 45.7752649, "area_m2": 352.0, "height_max_m": 2.38, "height_mean_m": 0.64, "class": "rock", "source": "3dep-lidar-dsm-2m", "stage_ft": 477.9, "shore_buffer_m": 4.0, "verdict": "above_water_at_flight"}}, {"type": "Feature", "geometry": {"type": "Point", "coordinates": [-68.8348325, 45.728973]}, "properties": {"lon": -68.8348325, "lat": 45.728973, "area_m2": 348.0, "height_max_m": 2.3, "height_mean_m": 0.45, "class": "rock", "source": "3dep-lidar-dsm-2m", "stage_ft": 477.9, "shore_buffer_m": 4.0, "verdict": "above_water_at_flight"}}, {"type": "Feature", "geometry": {"type": "Point", "coordinates": [-68.8142302, 45.7280717]}, "properties": {"lon": -68.8142302, "lat": 45.7280717, "area_m2": 340.0, "height_max_m": 22.84, "height_mean_m": 3.68, "class": "rock", "source": "3dep-lidar-dsm-2m", "stage_ft": 477.9, "shore_buffer_m": 4.0, "verdict": "above_water_at_flight"}}, {"type": "Feature", "geometry": {"type": "Point", "coordinates": [-68.7530332, 45.7782001]}, "properties": {"lon": -68.7530332, "lat": 45.7782001, "area_m2": 340.0, "height_max_m": 1.24, "height_mean_m": 0.34, "class": "rock", "source": "3dep-lidar-dsm-2m", "stage_ft": 477.9, "shore_buffer_m": 4.0, "verdict": "above_water_at_flight"}}, {"type": "Feature", "geometry": {"type": "Point", "coordinates": [-68.7547399, 45.7803432]}, "properties": {"lon": -68.7547399, "lat": 45.7803432, "area_m2": 340.0, "height_max_m": 210.6, "height_mean_m": 33.87, "class": "rock", "source": "3dep-lidar-dsm-2m", "stage_ft": 477.9, "shore_buffer_m": 4.0, "verdict": "above_water_at_flight"}}, {"type": "Feature", "geometry": {"type": "Point", "coordinates": [-68.8197103, 45.7279073]}, "properties": {"lon": -68.8197103, "lat": 45.7279073, "area_m2": 332.0, "height_max_m": 8.38, "height_mean_m": 3.8, "class": "rock", "source": "3dep-lidar-dsm-2m", "stage_ft": 477.9, "shore_buffer_m": 4.0, "verdict": "above_water_at_flight"}}, {"type": "Feature", "geometry": {"type": "Point", "coordinates": [-68.8403893, 45.7702432]}, "properties": {"lon": -68.8403893, "lat": 45.7702432, "area_m2": 332.0, "height_max_m": 1.22, "height_mean_m": 0.44, "class": "rock", "source": "3dep-lidar-dsm-2m", "stage_ft": 477.9, "shore_buffer_m": 4.0, "verdict": "above_water_at_flight"}}, {"type": "Feature", "geometry": {"type": "Point", "coordinates": [-68.8403074, 45.7707996]}, "properties": {"lon": -68.8403074, "lat": 45.7707996, "area_m2": 332.0, "height_max_m": 0.69, "height_mean_m": 0.36, "class": "rock", "source": "3dep-lidar-dsm-2m", "stage_ft": 477.9, "shore_buffer_m": 4.0, "verdict": "above_water_at_flight"}}, {"type": "Feature", "geometry": {"type": "Point", "coordinates": [-68.7480564, 45.7756806]}, "properties": {"lon": -68.7480564, "lat": 45.7756806, "area_m2": 332.0, "height_max_m": 14.38, "height_mean_m": 3.23, "class": "rock", "source": "3dep-lidar-dsm-2m", "stage_ft": 477.9, "shore_buffer_m": 4.0, "verdict": "above_water_at_flight"}}, {"type": "Feature", "geometry": {"type": "Point", "coordinates": [-68.8352896, 45.7289511]}, "properties": {"lon": -68.8352896, "lat": 45.7289511, "area_m2": 328.0, "height_max_m": 1.12, "height_mean_m": 0.41, "class": "rock", "source": "3dep-lidar-dsm-2m", "stage_ft": 477.9, "shore_buffer_m": 4.0, "verdict": "above_water_at_flight"}}, {"type": "Feature", "geometry": {"type": "Point", "coordinates": [-68.7425316, 45.746845]}, "properties": {"lon": -68.7425316, "lat": 45.746845, "area_m2": 328.0, "height_max_m": 11.43, "height_mean_m": 2.67, "class": "rock", "source": "3dep-lidar-dsm-2m", "stage_ft": 477.9, "shore_buffer_m": 4.0, "verdict": "above_water_at_flight"}}, {"type": "Feature", "geometry": {"type": "Point", "coordinates": [-68.7789638, 45.748138]}, "properties": {"lon": -68.7789638, "lat": 45.748138, "area_m2": 328.0, "height_max_m": 6.85, "height_mean_m": 1.29, "class": "rock", "source": "3dep-lidar-dsm-2m", "stage_ft": 477.9, "shore_buffer_m": 4.0, "verdict": "above_water_at_flight"}}, {"type": "Feature", "geometry": {"type": "Point", "coordinates": [-68.7503625, 45.77751]}, "properties": {"lon": -68.7503625, "lat": 45.77751, "area_m2": 328.0, "height_max_m": 13.23, "height_mean_m": 5.0, "class": "rock", "source": "3dep-lidar-dsm-2m", "stage_ft": 477.9, "shore_buffer_m": 4.0, "verdict": "above_water_at_flight"}}, {"type": "Feature", "geometry": {"type": "Point", "coordinates": [-68.7490406, 45.7775664]}, "properties": {"lon": -68.7490406, "lat": 45.7775664, "area_m2": 328.0, "height_max_m": 13.3, "height_mean_m": 5.15, "class": "rock", "source": "3dep-lidar-dsm-2m", "stage_ft": 477.9, "shore_buffer_m": 4.0, "verdict": "above_water_at_flight"}}, {"type": "Feature", "geometry": {"type": "Point", "coordinates": [-68.7588903, 45.7688073]}, "properties": {"lon": -68.7588903, "lat": 45.7688073, "area_m2": 324.0, "height_max_m": 9.99, "height_mean_m": 2.9, "class": "rock", "source": "3dep-lidar-dsm-2m", "stage_ft": 477.9, "shore_buffer_m": 4.0, "verdict": "above_water_at_flight"}}, {"type": "Feature", "geometry": {"type": "Point", "coordinates": [-68.8064836, 45.7304998]}, "properties": {"lon": -68.8064836, "lat": 45.7304998, "area_m2": 320.0, "height_max_m": 10.89, "height_mean_m": 3.06, "class": "rock", "source": "3dep-lidar-dsm-2m", "stage_ft": 477.9, "shore_buffer_m": 4.0, "verdict": "above_water_at_flight"}}, {"type": "Feature", "geometry": {"type": "Point", "coordinates": [-68.8319216, 45.743009]}, "properties": {"lon": -68.8319216, "lat": 45.743009, "area_m2": 320.0, "height_max_m": 8.99, "height_mean_m": 1.98, "class": "rock", "source": "3dep-lidar-dsm-2m", "stage_ft": 477.9, "shore_buffer_m": 4.0, "verdict": "above_water_at_flight"}}, {"type": "Feature", "geometry": {"type": "Point", "coordinates": [-68.8151069, 45.7268025]}, "properties": {"lon": -68.8151069, "lat": 45.7268025, "area_m2": 316.0, "height_max_m": 11.89, "height_mean_m": 2.77, "class": "rock", "source": "3dep-lidar-dsm-2m", "stage_ft": 477.9, "shore_buffer_m": 4.0, "verdict": "above_water_at_flight"}}, {"type": "Feature", "geometry": {"type": "Point", "coordinates": [-68.8358505, 45.7329361]}, "properties": {"lon": -68.8358505, "lat": 45.7329361, "area_m2": 316.0, "height_max_m": 4.1, "height_mean_m": 0.68, "class": "rock", "source": "3dep-lidar-dsm-2m", "stage_ft": 477.9, "shore_buffer_m": 4.0, "verdict": "above_water_at_flight"}}, {"type": "Feature", "geometry": {"type": "Point", "coordinates": [-68.7383299, 45.7448994]}, "properties": {"lon": -68.7383299, "lat": 45.7448994, "area_m2": 312.0, "height_max_m": 14.7, "height_mean_m": 6.26, "class": "rock", "source": "3dep-lidar-dsm-2m", "stage_ft": 477.9, "shore_buffer_m": 4.0, "verdict": "above_water_at_flight"}}, {"type": "Feature", "geometry": {"type": "Point", "coordinates": [-68.7242705, 45.7540917]}, "properties": {"lon": -68.7242705, "lat": 45.7540917, "area_m2": 312.0, "height_max_m": 2.38, "height_mean_m": 1.2, "class": "rock", "source": "3dep-lidar-dsm-2m", "stage_ft": 477.9, "shore_buffer_m": 4.0, "verdict": "above_water_at_flight"}}, {"type": "Feature", "geometry": {"type": "Point", "coordinates": [-68.773778, 45.7646658]}, "properties": {"lon": -68.773778, "lat": 45.7646658, "area_m2": 308.0, "height_max_m": 15.93, "height_mean_m": 3.79, "class": "rock", "source": "3dep-lidar-dsm-2m", "stage_ft": 477.9, "shore_buffer_m": 4.0, "verdict": "above_water_at_flight"}}, {"type": "Feature", "geometry": {"type": "Point", "coordinates": [-68.7526442, 45.7844853]}, "properties": {"lon": -68.7526442, "lat": 45.7844853, "area_m2": 308.0, "height_max_m": 11.17, "height_mean_m": 6.18, "class": "rock", "source": "3dep-lidar-dsm-2m", "stage_ft": 477.9, "shore_buffer_m": 4.0, "verdict": "above_water_at_flight"}}, {"type": "Feature", "geometry": {"type": "Point", "coordinates": [-68.8398638, 45.7721443]}, "properties": {"lon": -68.8398638, "lat": 45.7721443, "area_m2": 304.0, "height_max_m": 0.71, "height_mean_m": 0.36, "class": "rock", "source": "3dep-lidar-dsm-2m", "stage_ft": 477.9, "shore_buffer_m": 4.0, "verdict": "above_water_at_flight"}}, {"type": "Feature", "geometry": {"type": "Point", "coordinates": [-68.8229395, 45.7268725]}, "properties": {"lon": -68.8229395, "lat": 45.7268725, "area_m2": 300.0, "height_max_m": 13.38, "height_mean_m": 6.53, "class": "rock", "source": "3dep-lidar-dsm-2m", "stage_ft": 477.9, "shore_buffer_m": 4.0, "verdict": "above_water_at_flight"}}, {"type": "Feature", "geometry": {"type": "Point", "coordinates": [-68.7391858, 45.7441401]}, "properties": {"lon": -68.7391858, "lat": 45.7441401, "area_m2": 300.0, "height_max_m": 0.21, "height_mean_m": 0.17, "class": "rock", "source": "3dep-lidar-dsm-2m", "stage_ft": 477.9, "shore_buffer_m": 4.0, "verdict": "above_water_at_flight"}}, {"type": "Feature", "geometry": {"type": "Point", "coordinates": [-68.7332539, 45.7537754]}, "properties": {"lon": -68.7332539, "lat": 45.7537754, "area_m2": 300.0, "height_max_m": 13.14, "height_mean_m": 1.84, "class": "rock", "source": "3dep-lidar-dsm-2m", "stage_ft": 477.9, "shore_buffer_m": 4.0, "verdict": "above_water_at_flight"}}, {"type": "Feature", "geometry": {"type": "Point", "coordinates": [-68.7636238, 45.7717471]}, "properties": {"lon": -68.7636238, "lat": 45.7717471, "area_m2": 300.0, "height_max_m": 13.06, "height_mean_m": 2.69, "class": "rock", "source": "3dep-lidar-dsm-2m", "stage_ft": 477.9, "shore_buffer_m": 4.0, "verdict": "above_water_at_flight"}}, {"type": "Feature", "geometry": {"type": "Point", "coordinates": [-68.8343818, 45.7289406]}, "properties": {"lon": -68.8343818, "lat": 45.7289406, "area_m2": 296.0, "height_max_m": 5.68, "height_mean_m": 0.91, "class": "rock", "source": "3dep-lidar-dsm-2m", "stage_ft": 477.9, "shore_buffer_m": 4.0, "verdict": "above_water_at_flight"}}, {"type": "Feature", "geometry": {"type": "Point", "coordinates": [-68.8221742, 45.7428451]}, "properties": {"lon": -68.8221742, "lat": 45.7428451, "area_m2": 296.0, "height_max_m": 10.52, "height_mean_m": 2.46, "class": "rock", "source": "3dep-lidar-dsm-2m", "stage_ft": 477.9, "shore_buffer_m": 4.0, "verdict": "above_water_at_flight"}}, {"type": "Feature", "geometry": {"type": "Point", "coordinates": [-68.8254585, 45.7459651]}, "properties": {"lon": -68.8254585, "lat": 45.7459651, "area_m2": 296.0, "height_max_m": 8.65, "height_mean_m": 2.2, "class": "rock", "source": "3dep-lidar-dsm-2m", "stage_ft": 477.9, "shore_buffer_m": 4.0, "verdict": "above_water_at_flight"}}, {"type": "Feature", "geometry": {"type": "Point", "coordinates": [-68.8295, 45.7628674]}, "properties": {"lon": -68.8295, "lat": 45.7628674, "area_m2": 296.0, "height_max_m": 1.42, "height_mean_m": 0.55, "class": "rock", "source": "3dep-lidar-dsm-2m", "stage_ft": 477.9, "shore_buffer_m": 4.0, "verdict": "above_water_at_flight"}}, {"type": "Feature", "geometry": {"type": "Point", "coordinates": [-68.7943951, 45.7867821]}, "properties": {"lon": -68.7943951, "lat": 45.7867821, "area_m2": 296.0, "height_max_m": 6.46, "height_mean_m": 1.74, "class": "rock", "source": "3dep-lidar-dsm-2m", "stage_ft": 477.9, "shore_buffer_m": 4.0, "verdict": "above_water_at_flight"}}, {"type": "Feature", "geometry": {"type": "Point", "coordinates": [-68.7756857, 45.7464305]}, "properties": {"lon": -68.7756857, "lat": 45.7464305, "area_m2": 284.0, "height_max_m": 0.86, "height_mean_m": 0.25, "class": "rock", "source": "3dep-lidar-dsm-2m", "stage_ft": 477.9, "shore_buffer_m": 4.0, "verdict": "above_water_at_flight"}}, {"type": "Feature", "geometry": {"type": "Point", "coordinates": [-68.8364979, 45.7355778]}, "properties": {"lon": -68.8364979, "lat": 45.7355778, "area_m2": 280.0, "height_max_m": 4.2, "height_mean_m": 0.81, "class": "rock", "source": "3dep-lidar-dsm-2m", "stage_ft": 477.9, "shore_buffer_m": 4.0, "verdict": "above_water_at_flight"}}, {"type": "Feature", "geometry": {"type": "Point", "coordinates": [-68.8447663, 45.751798]}, "properties": {"lon": -68.8447663, "lat": 45.751798, "area_m2": 276.0, "height_max_m": 1.04, "height_mean_m": 0.37, "class": "rock", "source": "3dep-lidar-dsm-2m", "stage_ft": 477.9, "shore_buffer_m": 4.0, "verdict": "above_water_at_flight"}}, {"type": "Feature", "geometry": {"type": "Point", "coordinates": [-68.8410173, 45.7704397]}, "properties": {"lon": -68.8410173, "lat": 45.7704397, "area_m2": 272.0, "height_max_m": 0.39, "height_mean_m": 0.22, "class": "rock", "source": "3dep-lidar-dsm-2m", "stage_ft": 477.9, "shore_buffer_m": 4.0, "verdict": "above_water_at_flight"}}, {"type": "Feature", "geometry": {"type": "Point", "coordinates": [-68.8102163, 45.7243567]}, "properties": {"lon": -68.8102163, "lat": 45.7243567, "area_m2": 268.0, "height_max_m": 5.29, "height_mean_m": 0.73, "class": "rock", "source": "3dep-lidar-dsm-2m", "stage_ft": 477.9, "shore_buffer_m": 4.0, "verdict": "above_water_at_flight"}}, {"type": "Feature", "geometry": {"type": "Point", "coordinates": [-68.7824611, 45.7444665]}, "properties": {"lon": -68.7824611, "lat": 45.7444665, "area_m2": 268.0, "height_max_m": 8.63, "height_mean_m": 1.29, "class": "rock", "source": "3dep-lidar-dsm-2m", "stage_ft": 477.9, "shore_buffer_m": 4.0, "verdict": "above_water_at_flight"}}, {"type": "Feature", "geometry": {"type": "Point", "coordinates": [-68.821436, 45.75563]}, "properties": {"lon": -68.821436, "lat": 45.75563, "area_m2": 268.0, "height_max_m": 0.77, "height_mean_m": 0.37, "class": "rock", "source": "3dep-lidar-dsm-2m", "stage_ft": 477.9, "shore_buffer_m": 4.0, "verdict": "above_water_at_flight"}}, {"type": "Feature", "geometry": {"type": "Point", "coordinates": [-68.743637, 45.7725402]}, "properties": {"lon": -68.743637, "lat": 45.7725402, "area_m2": 268.0, "height_max_m": 243.85, "height_mean_m": 26.13, "class": "rock", "source": "3dep-lidar-dsm-2m", "stage_ft": 477.9, "shore_buffer_m": 4.0, "verdict": "above_water_at_flight"}}, {"type": "Feature", "geometry": {"type": "Point", "coordinates": [-68.7426846, 45.7461654]}, "properties": {"lon": -68.7426846, "lat": 45.7461654, "area_m2": 264.0, "height_max_m": 9.57, "height_mean_m": 2.78, "class": "rock", "source": "3dep-lidar-dsm-2m", "stage_ft": 477.9, "shore_buffer_m": 4.0, "verdict": "above_water_at_flight"}}, {"type": "Feature", "geometry": {"type": "Point", "coordinates": [-68.7545729, 45.7560275]}, "properties": {"lon": -68.7545729, "lat": 45.7560275, "area_m2": 264.0, "height_max_m": 2.7, "height_mean_m": 0.84, "class": "rock", "source": "3dep-lidar-dsm-2m", "stage_ft": 477.9, "shore_buffer_m": 4.0, "verdict": "above_water_at_flight"}}, {"type": "Feature", "geometry": {"type": "Point", "coordinates": [-68.7432488, 45.7854397]}, "properties": {"lon": -68.7432488, "lat": 45.7854397, "area_m2": 264.0, "height_max_m": 6.94, "height_mean_m": 0.83, "class": "rock", "source": "3dep-lidar-dsm-2m", "stage_ft": 477.9, "shore_buffer_m": 4.0, "verdict": "above_water_at_flight"}}, {"type": "Feature", "geometry": {"type": "Point", "coordinates": [-68.7498501, 45.762204]}, "properties": {"lon": -68.7498501, "lat": 45.762204, "area_m2": 260.0, "height_max_m": 8.21, "height_mean_m": 1.22, "class": "rock", "source": "3dep-lidar-dsm-2m", "stage_ft": 477.9, "shore_buffer_m": 4.0, "verdict": "above_water_at_flight"}}, {"type": "Feature", "geometry": {"type": "Point", "coordinates": [-68.7460833, 45.7627225]}, "properties": {"lon": -68.7460833, "lat": 45.7627225, "area_m2": 260.0, "height_max_m": 8.65, "height_mean_m": 2.1, "class": "rock", "source": "3dep-lidar-dsm-2m", "stage_ft": 477.9, "shore_buffer_m": 4.0, "verdict": "above_water_at_flight"}}, {"type": "Feature", "geometry": {"type": "Point", "coordinates": [-68.8400147, 45.7492535]}, "properties": {"lon": -68.8400147, "lat": 45.7492535, "area_m2": 256.0, "height_max_m": 0.37, "height_mean_m": 0.23, "class": "rock", "source": "3dep-lidar-dsm-2m", "stage_ft": 477.9, "shore_buffer_m": 4.0, "verdict": "above_water_at_flight"}}, {"type": "Feature", "geometry": {"type": "Point", "coordinates": [-68.7492078, 45.767319]}, "properties": {"lon": -68.7492078, "lat": 45.767319, "area_m2": 256.0, "height_max_m": 3.32, "height_mean_m": 0.71, "class": "rock", "source": "3dep-lidar-dsm-2m", "stage_ft": 477.9, "shore_buffer_m": 4.0, "verdict": "above_water_at_flight"}}, {"type": "Feature", "geometry": {"type": "Point", "coordinates": [-68.838697, 45.7683288]}, "properties": {"lon": -68.838697, "lat": 45.7683288, "area_m2": 256.0, "height_max_m": 0.85, "height_mean_m": 0.33, "class": "rock", "source": "3dep-lidar-dsm-2m", "stage_ft": 477.9, "shore_buffer_m": 4.0, "verdict": "above_water_at_flight"}}, {"type": "Feature", "geometry": {"type": "Point", "coordinates": [-68.8384904, 45.7692301]}, "properties": {"lon": -68.8384904, "lat": 45.7692301, "area_m2": 256.0, "height_max_m": 0.84, "height_mean_m": 0.48, "class": "rock", "source": "3dep-lidar-dsm-2m", "stage_ft": 477.9, "shore_buffer_m": 4.0, "verdict": "above_water_at_flight"}}, {"type": "Feature", "geometry": {"type": "Point", "coordinates": [-68.7967823, 45.786487]}, "properties": {"lon": -68.7967823, "lat": 45.786487, "area_m2": 256.0, "height_max_m": 0.72, "height_mean_m": 0.32, "class": "rock", "source": "3dep-lidar-dsm-2m", "stage_ft": 477.9, "shore_buffer_m": 4.0, "verdict": "above_water_at_flight"}}, {"type": "Feature", "geometry": {"type": "Point", "coordinates": [-68.8404405, 45.7716481]}, "properties": {"lon": -68.8404405, "lat": 45.7716481, "area_m2": 252.0, "height_max_m": 0.38, "height_mean_m": 0.24, "class": "rock", "source": "3dep-lidar-dsm-2m", "stage_ft": 477.9, "shore_buffer_m": 4.0, "verdict": "above_water_at_flight"}}, {"type": "Feature", "geometry": {"type": "Point", "coordinates": [-68.7644797, 45.7760764]}, "properties": {"lon": -68.7644797, "lat": 45.7760764, "area_m2": 252.0, "height_max_m": 6.92, "height_mean_m": 2.16, "class": "rock", "source": "3dep-lidar-dsm-2m", "stage_ft": 477.9, "shore_buffer_m": 4.0, "verdict": "above_water_at_flight"}}, {"type": "Feature", "geometry": {"type": "Point", "coordinates": [-68.765999, 45.7754413]}, "properties": {"lon": -68.765999, "lat": 45.7754413, "area_m2": 248.0, "height_max_m": 9.87, "height_mean_m": 3.79, "class": "rock", "source": "3dep-lidar-dsm-2m", "stage_ft": 477.9, "shore_buffer_m": 4.0, "verdict": "above_water_at_flight"}}, {"type": "Feature", "geometry": {"type": "Point", "coordinates": [-68.8080647, 45.7300227]}, "properties": {"lon": -68.8080647, "lat": 45.7300227, "area_m2": 244.0, "height_max_m": 2.21, "height_mean_m": 0.75, "class": "rock", "source": "3dep-lidar-dsm-2m", "stage_ft": 477.9, "shore_buffer_m": 4.0, "verdict": "above_water_at_flight"}}, {"type": "Feature", "geometry": {"type": "Point", "coordinates": [-68.8380172, 45.7475699]}, "properties": {"lon": -68.8380172, "lat": 45.7475699, "area_m2": 244.0, "height_max_m": 0.98, "height_mean_m": 0.38, "class": "rock", "source": "3dep-lidar-dsm-2m", "stage_ft": 477.9, "shore_buffer_m": 4.0, "verdict": "above_water_at_flight"}}, {"type": "Feature", "geometry": {"type": "Point", "coordinates": [-68.8208111, 45.7259807]}, "properties": {"lon": -68.8208111, "lat": 45.7259807, "area_m2": 240.0, "height_max_m": 7.41, "height_mean_m": 1.67, "class": "rock", "source": "3dep-lidar-dsm-2m", "stage_ft": 477.9, "shore_buffer_m": 4.0, "verdict": "above_water_at_flight"}}, {"type": "Feature", "geometry": {"type": "Point", "coordinates": [-68.8132846, 45.7285764]}, "properties": {"lon": -68.8132846, "lat": 45.7285764, "area_m2": 240.0, "height_max_m": 6.94, "height_mean_m": 1.89, "class": "rock", "source": "3dep-lidar-dsm-2m", "stage_ft": 477.9, "shore_buffer_m": 4.0, "verdict": "above_water_at_flight"}}, {"type": "Feature", "geometry": {"type": "Point", "coordinates": [-68.8071551, 45.7305521]}, "properties": {"lon": -68.8071551, "lat": 45.7305521, "area_m2": 240.0, "height_max_m": 5.71, "height_mean_m": 1.24, "class": "rock", "source": "3dep-lidar-dsm-2m", "stage_ft": 477.9, "shore_buffer_m": 4.0, "verdict": "above_water_at_flight"}}, {"type": "Feature", "geometry": {"type": "Point", "coordinates": [-68.8259477, 45.7492238]}, "properties": {"lon": -68.8259477, "lat": 45.7492238, "area_m2": 240.0, "height_max_m": 1.25, "height_mean_m": 0.41, "class": "rock", "source": "3dep-lidar-dsm-2m", "stage_ft": 477.9, "shore_buffer_m": 4.0, "verdict": "above_water_at_flight"}}, {"type": "Feature", "geometry": {"type": "Point", "coordinates": [-68.7367973, 45.7500288]}, "properties": {"lon": -68.7367973, "lat": 45.7500288, "area_m2": 240.0, "height_max_m": 0.21, "height_mean_m": 0.17, "class": "rock", "source": "3dep-lidar-dsm-2m", "stage_ft": 477.9, "shore_buffer_m": 4.0, "verdict": "above_water_at_flight"}}, {"type": "Feature", "geometry": {"type": "Point", "coordinates": [-68.8337888, 45.729397]}, "properties": {"lon": -68.8337888, "lat": 45.729397, "area_m2": 236.0, "height_max_m": 6.81, "height_mean_m": 2.01, "class": "rock", "source": "3dep-lidar-dsm-2m", "stage_ft": 477.9, "shore_buffer_m": 4.0, "verdict": "above_water_at_flight"}}, {"type": "Feature", "geometry": {"type": "Point", "coordinates": [-68.8380905, 45.7479407]}, "properties": {"lon": -68.8380905, "lat": 45.7479407, "area_m2": 236.0, "height_max_m": 3.64, "height_mean_m": 1.17, "class": "rock", "source": "3dep-lidar-dsm-2m", "stage_ft": 477.9, "shore_buffer_m": 4.0, "verdict": "above_water_at_flight"}}, {"type": "Feature", "geometry": {"type": "Point", "coordinates": [-68.7356759, 45.7573987]}, "properties": {"lon": -68.7356759, "lat": 45.7573987, "area_m2": 236.0, "height_max_m": 9.78, "height_mean_m": 1.88, "class": "rock", "source": "3dep-lidar-dsm-2m", "stage_ft": 477.9, "shore_buffer_m": 4.0, "verdict": "above_water_at_flight"}}, {"type": "Feature", "geometry": {"type": "Point", "coordinates": [-68.7509216, 45.7737131]}, "properties": {"lon": -68.7509216, "lat": 45.7737131, "area_m2": 236.0, "height_max_m": 24.35, "height_mean_m": 6.28, "class": "rock", "source": "3dep-lidar-dsm-2m", "stage_ft": 477.9, "shore_buffer_m": 4.0, "verdict": "above_water_at_flight"}}, {"type": "Feature", "geometry": {"type": "Point", "coordinates": [-68.7504587, 45.7813842]}, "properties": {"lon": -68.7504587, "lat": 45.7813842, "area_m2": 236.0, "height_max_m": 7.03, "height_mean_m": 1.29, "class": "rock", "source": "3dep-lidar-dsm-2m", "stage_ft": 477.9, "shore_buffer_m": 4.0, "verdict": "above_water_at_flight"}}, {"type": "Feature", "geometry": {"type": "Point", "coordinates": [-68.8201294, 45.7265621]}, "properties": {"lon": -68.8201294, "lat": 45.7265621, "area_m2": 232.0, "height_max_m": 7.83, "height_mean_m": 2.65, "class": "rock", "source": "3dep-lidar-dsm-2m", "stage_ft": 477.9, "shore_buffer_m": 4.0, "verdict": "above_water_at_flight"}}, {"type": "Feature", "geometry": {"type": "Point", "coordinates": [-68.8301856, 45.729672]}, "properties": {"lon": -68.8301856, "lat": 45.729672, "area_m2": 232.0, "height_max_m": 1.26, "height_mean_m": 0.36, "class": "rock", "source": "3dep-lidar-dsm-2m", "stage_ft": 477.9, "shore_buffer_m": 4.0, "verdict": "above_water_at_flight"}}, {"type": "Feature", "geometry": {"type": "Point", "coordinates": [-68.7773595, 45.7442494]}, "properties": {"lon": -68.7773595, "lat": 45.7442494, "area_m2": 232.0, "height_max_m": 10.63, "height_mean_m": 3.97, "class": "rock", "source": "3dep-lidar-dsm-2m", "stage_ft": 477.9, "shore_buffer_m": 4.0, "verdict": "above_water_at_flight"}}, {"type": "Feature", "geometry": {"type": "Point", "coordinates": [-68.7941976, 45.7359823]}, "properties": {"lon": -68.7941976, "lat": 45.7359823, "area_m2": 228.0, "height_max_m": 0.94, "height_mean_m": 0.35, "class": "rock", "source": "3dep-lidar-dsm-2m", "stage_ft": 477.9, "shore_buffer_m": 4.0, "verdict": "above_water_at_flight"}}, {"type": "Feature", "geometry": {"type": "Point", "coordinates": [-68.7444554, 45.7590519]}, "properties": {"lon": -68.7444554, "lat": 45.7590519, "area_m2": 228.0, "height_max_m": 12.36, "height_mean_m": 4.22, "class": "rock", "source": "3dep-lidar-dsm-2m", "stage_ft": 477.9, "shore_buffer_m": 4.0, "verdict": "above_water_at_flight"}}, {"type": "Feature", "geometry": {"type": "Point", "coordinates": [-68.7328802, 45.7511782]}, "properties": {"lon": -68.7328802, "lat": 45.7511782, "area_m2": 224.0, "height_max_m": 0.33, "height_mean_m": 0.23, "class": "rock", "source": "3dep-lidar-dsm-2m", "stage_ft": 477.9, "shore_buffer_m": 4.0, "verdict": "above_water_at_flight"}}, {"type": "Feature", "geometry": {"type": "Point", "coordinates": [-68.8254708, 45.7571616]}, "properties": {"lon": -68.8254708, "lat": 45.7571616, "area_m2": 224.0, "height_max_m": 2.9, "height_mean_m": 0.99, "class": "rock", "source": "3dep-lidar-dsm-2m", "stage_ft": 477.9, "shore_buffer_m": 4.0, "verdict": "above_water_at_flight"}}, {"type": "Feature", "geometry": {"type": "Point", "coordinates": [-68.8364235, 45.7677845]}, "properties": {"lon": -68.8364235, "lat": 45.7677845, "area_m2": 224.0, "height_max_m": 0.61, "height_mean_m": 0.31, "class": "rock", "source": "3dep-lidar-dsm-2m", "stage_ft": 477.9, "shore_buffer_m": 4.0, "verdict": "above_water_at_flight"}}, {"type": "Feature", "geometry": {"type": "Point", "coordinates": [-68.7517397, 45.7798651]}, "properties": {"lon": -68.7517397, "lat": 45.7798651, "area_m2": 224.0, "height_max_m": 674.74, "height_mean_m": 158.01, "class": "rock", "source": "3dep-lidar-dsm-2m", "stage_ft": 477.9, "shore_buffer_m": 4.0, "verdict": "above_water_at_flight"}}, {"type": "Feature", "geometry": {"type": "Point", "coordinates": [-68.7455654, 45.7841481]}, "properties": {"lon": -68.7455654, "lat": 45.7841481, "area_m2": 224.0, "height_max_m": 8.71, "height_mean_m": 2.13, "class": "rock", "source": "3dep-lidar-dsm-2m", "stage_ft": 477.9, "shore_buffer_m": 4.0, "verdict": "above_water_at_flight"}}, {"type": "Feature", "geometry": {"type": "Point", "coordinates": [-68.8081191, 45.7290462]}, "properties": {"lon": -68.8081191, "lat": 45.7290462, "area_m2": 220.0, "height_max_m": 6.26, "height_mean_m": 1.68, "class": "rock", "source": "3dep-lidar-dsm-2m", "stage_ft": 477.9, "shore_buffer_m": 4.0, "verdict": "above_water_at_flight"}}, {"type": "Feature", "geometry": {"type": "Point", "coordinates": [-68.791143, 45.731408]}, "properties": {"lon": -68.791143, "lat": 45.731408, "area_m2": 220.0, "height_max_m": 0.41, "height_mean_m": 0.28, "class": "rock", "source": "3dep-lidar-dsm-2m", "stage_ft": 477.9, "shore_buffer_m": 4.0, "verdict": "above_water_at_flight"}}, {"type": "Feature", "geometry": {"type": "Point", "coordinates": [-68.7910765, 45.7318498]}, "properties": {"lon": -68.7910765, "lat": 45.7318498, "area_m2": 220.0, "height_max_m": 0.65, "height_mean_m": 0.34, "class": "rock", "source": "3dep-lidar-dsm-2m", "stage_ft": 477.9, "shore_buffer_m": 4.0, "verdict": "above_water_at_flight"}}, {"type": "Feature", "geometry": {"type": "Point", "coordinates": [-68.8398096, 45.7695509]}, "properties": {"lon": -68.8398096, "lat": 45.7695509, "area_m2": 220.0, "height_max_m": 0.45, "height_mean_m": 0.25, "class": "rock", "source": "3dep-lidar-dsm-2m", "stage_ft": 477.9, "shore_buffer_m": 4.0, "verdict": "above_water_at_flight"}}, {"type": "Feature", "geometry": {"type": "Point", "coordinates": [-68.8087305, 45.7301681]}, "properties": {"lon": -68.8087305, "lat": 45.7301681, "area_m2": 216.0, "height_max_m": 5.54, "height_mean_m": 2.37, "class": "rock", "source": "3dep-lidar-dsm-2m", "stage_ft": 477.9, "shore_buffer_m": 4.0, "verdict": "above_water_at_flight"}}, {"type": "Feature", "geometry": {"type": "Point", "coordinates": [-68.8236533, 45.7428854]}, "properties": {"lon": -68.8236533, "lat": 45.7428854, "area_m2": 216.0, "height_max_m": 0.56, "height_mean_m": 0.37, "class": "rock", "source": "3dep-lidar-dsm-2m", "stage_ft": 477.9, "shore_buffer_m": 4.0, "verdict": "above_water_at_flight"}}, {"type": "Feature", "geometry": {"type": "Point", "coordinates": [-68.730256, 45.7533315]}, "properties": {"lon": -68.730256, "lat": 45.7533315, "area_m2": 216.0, "height_max_m": 0.33, "height_mean_m": 0.25, "class": "rock", "source": "3dep-lidar-dsm-2m", "stage_ft": 477.9, "shore_buffer_m": 4.0, "verdict": "above_water_at_flight"}}, {"type": "Feature", "geometry": {"type": "Point", "coordinates": [-68.7901778, 45.773811]}, "properties": {"lon": -68.7901778, "lat": 45.773811, "area_m2": 216.0, "height_max_m": 0.29, "height_mean_m": 0.22, "class": "rock", "source": "3dep-lidar-dsm-2m", "stage_ft": 477.9, "shore_buffer_m": 4.0, "verdict": "above_water_at_flight"}}, {"type": "Feature", "geometry": {"type": "Point", "coordinates": [-68.7425263, 45.7745043]}, "properties": {"lon": -68.7425263, "lat": 45.7745043, "area_m2": 216.0, "height_max_m": 14.82, "height_mean_m": 3.88, "class": "rock", "source": "3dep-lidar-dsm-2m", "stage_ft": 477.9, "shore_buffer_m": 4.0, "verdict": "above_water_at_flight"}}, {"type": "Feature", "geometry": {"type": "Point", "coordinates": [-68.7451077, 45.7847454]}, "properties": {"lon": -68.7451077, "lat": 45.7847454, "area_m2": 216.0, "height_max_m": 0.24, "height_mean_m": 0.21, "class": "rock", "source": "3dep-lidar-dsm-2m", "stage_ft": 477.9, "shore_buffer_m": 4.0, "verdict": "above_water_at_flight"}}, {"type": "Feature", "geometry": {"type": "Point", "coordinates": [-68.7355345, 45.74237]}, "properties": {"lon": -68.7355345, "lat": 45.74237, "area_m2": 212.0, "height_max_m": 7.87, "height_mean_m": 2.16, "class": "rock", "source": "3dep-lidar-dsm-2m", "stage_ft": 477.9, "shore_buffer_m": 4.0, "verdict": "above_water_at_flight"}}, {"type": "Feature", "geometry": {"type": "Point", "coordinates": [-68.8377741, 45.7477496]}, "properties": {"lon": -68.8377741, "lat": 45.7477496, "area_m2": 212.0, "height_max_m": 1.45, "height_mean_m": 0.54, "class": "rock", "source": "3dep-lidar-dsm-2m", "stage_ft": 477.9, "shore_buffer_m": 4.0, "verdict": "above_water_at_flight"}}, {"type": "Feature", "geometry": {"type": "Point", "coordinates": [-68.8205925, 45.726983]}, "properties": {"lon": -68.8205925, "lat": 45.726983, "area_m2": 208.0, "height_max_m": 7.84, "height_mean_m": 3.03, "class": "rock", "source": "3dep-lidar-dsm-2m", "stage_ft": 477.9, "shore_buffer_m": 4.0, "verdict": "above_water_at_flight"}}, {"type": "Feature", "geometry": {"type": "Point", "coordinates": [-68.7722222, 45.7485044]}, "properties": {"lon": -68.7722222, "lat": 45.7485044, "area_m2": 208.0, "height_max_m": 2.21, "height_mean_m": 0.61, "class": "rock", "source": "3dep-lidar-dsm-2m", "stage_ft": 477.9, "shore_buffer_m": 4.0, "verdict": "above_water_at_flight"}}, {"type": "Feature", "geometry": {"type": "Point", "coordinates": [-68.7256569, 45.7532304]}, "properties": {"lon": -68.7256569, "lat": 45.7532304, "area_m2": 208.0, "height_max_m": 4.29, "height_mean_m": 0.98, "class": "rock", "source": "3dep-lidar-dsm-2m", "stage_ft": 477.9, "shore_buffer_m": 4.0, "verdict": "above_water_at_flight"}}, {"type": "Feature", "geometry": {"type": "Point", "coordinates": [-68.7475132, 45.7609966]}, "properties": {"lon": -68.7475132, "lat": 45.7609966, "area_m2": 208.0, "height_max_m": 12.57, "height_mean_m": 3.48, "class": "rock", "source": "3dep-lidar-dsm-2m", "stage_ft": 477.9, "shore_buffer_m": 4.0, "verdict": "above_water_at_flight"}}, {"type": "Feature", "geometry": {"type": "Point", "coordinates": [-68.8373772, 45.7682216]}, "properties": {"lon": -68.8373772, "lat": 45.7682216, "area_m2": 208.0, "height_max_m": 0.38, "height_mean_m": 0.23, "class": "rock", "source": "3dep-lidar-dsm-2m", "stage_ft": 477.9, "shore_buffer_m": 4.0, "verdict": "above_water_at_flight"}}, {"type": "Feature", "geometry": {"type": "Point", "coordinates": [-68.8328239, 45.7816905]}, "properties": {"lon": -68.8328239, "lat": 45.7816905, "area_m2": 208.0, "height_max_m": 1.41, "height_mean_m": 0.44, "class": "rock", "source": "3dep-lidar-dsm-2m", "stage_ft": 477.9, "shore_buffer_m": 4.0, "verdict": "above_water_at_flight"}}, {"type": "Feature", "geometry": {"type": "Point", "coordinates": [-68.7894087, 45.7304598]}, "properties": {"lon": -68.7894087, "lat": 45.7304598, "area_m2": 200.0, "height_max_m": 0.34, "height_mean_m": 0.21, "class": "rock", "source": "3dep-lidar-dsm-2m", "stage_ft": 477.9, "shore_buffer_m": 4.0, "verdict": "above_water_at_flight"}}, {"type": "Feature", "geometry": {"type": "Point", "coordinates": [-68.7902708, 45.7311841]}, "properties": {"lon": -68.7902708, "lat": 45.7311841, "area_m2": 200.0, "height_max_m": 5.37, "height_mean_m": 2.2, "class": "rock", "source": "3dep-lidar-dsm-2m", "stage_ft": 477.9, "shore_buffer_m": 4.0, "verdict": "above_water_at_flight"}}, {"type": "Feature", "geometry": {"type": "Point", "coordinates": [-68.8368383, 45.7316565]}, "properties": {"lon": -68.8368383, "lat": 45.7316565, "area_m2": 200.0, "height_max_m": 7.29, "height_mean_m": 2.33, "class": "rock", "source": "3dep-lidar-dsm-2m", "stage_ft": 477.9, "shore_buffer_m": 4.0, "verdict": "above_water_at_flight"}}, {"type": "Feature", "geometry": {"type": "Point", "coordinates": [-68.7890397, 45.7321645]}, "properties": {"lon": -68.7890397, "lat": 45.7321645, "area_m2": 200.0, "height_max_m": 0.24, "height_mean_m": 0.19, "class": "rock", "source": "3dep-lidar-dsm-2m", "stage_ft": 477.9, "shore_buffer_m": 4.0, "verdict": "above_water_at_flight"}}, {"type": "Feature", "geometry": {"type": "Point", "coordinates": [-68.8259724, 45.7490797]}, "properties": {"lon": -68.8259724, "lat": 45.7490797, "area_m2": 200.0, "height_max_m": 0.78, "height_mean_m": 0.4, "class": "rock", "source": "3dep-lidar-dsm-2m", "stage_ft": 477.9, "shore_buffer_m": 4.0, "verdict": "above_water_at_flight"}}, {"type": "Feature", "geometry": {"type": "Point", "coordinates": [-68.7483043, 45.7621196]}, "properties": {"lon": -68.7483043, "lat": 45.7621196, "area_m2": 200.0, "height_max_m": 10.06, "height_mean_m": 2.92, "class": "rock", "source": "3dep-lidar-dsm-2m", "stage_ft": 477.9, "shore_buffer_m": 4.0, "verdict": "above_water_at_flight"}}, {"type": "Feature", "geometry": {"type": "Point", "coordinates": [-68.8366486, 45.7725544]}, "properties": {"lon": -68.8366486, "lat": 45.7725544, "area_m2": 200.0, "height_max_m": 1.81, "height_mean_m": 0.85, "class": "rock", "source": "3dep-lidar-dsm-2m", "stage_ft": 477.9, "shore_buffer_m": 4.0, "verdict": "above_water_at_flight"}}, {"type": "Feature", "geometry": {"type": "Point", "coordinates": [-68.7713961, 45.7732876]}, "properties": {"lon": -68.7713961, "lat": 45.7732876, "area_m2": 200.0, "height_max_m": 5.32, "height_mean_m": 1.72, "class": "rock", "source": "3dep-lidar-dsm-2m", "stage_ft": 477.9, "shore_buffer_m": 4.0, "verdict": "above_water_at_flight"}}, {"type": "Feature", "geometry": {"type": "Point", "coordinates": [-68.8329145, 45.7747473]}, "properties": {"lon": -68.8329145, "lat": 45.7747473, "area_m2": 200.0, "height_max_m": 0.77, "height_mean_m": 0.34, "class": "rock", "source": "3dep-lidar-dsm-2m", "stage_ft": 477.9, "shore_buffer_m": 4.0, "verdict": "above_water_at_flight"}}, {"type": "Feature", "geometry": {"type": "Point", "coordinates": [-68.8372247, 45.7317729]}, "properties": {"lon": -68.8372247, "lat": 45.7317729, "area_m2": 196.0, "height_max_m": 0.62, "height_mean_m": 0.31, "class": "rock", "source": "3dep-lidar-dsm-2m", "stage_ft": 477.9, "shore_buffer_m": 4.0, "verdict": "above_water_at_flight"}}, {"type": "Feature", "geometry": {"type": "Point", "coordinates": [-68.8383463, 45.7483665]}, "properties": {"lon": -68.8383463, "lat": 45.7483665, "area_m2": 196.0, "height_max_m": 3.25, "height_mean_m": 0.98, "class": "rock", "source": "3dep-lidar-dsm-2m", "stage_ft": 477.9, "shore_buffer_m": 4.0, "verdict": "above_water_at_flight"}}, {"type": "Feature", "geometry": {"type": "Point", "coordinates": [-68.7435243, 45.7471403]}, "properties": {"lon": -68.7435243, "lat": 45.7471403, "area_m2": 192.0, "height_max_m": 2.07, "height_mean_m": 0.4, "class": "rock", "source": "3dep-lidar-dsm-2m", "stage_ft": 477.9, "shore_buffer_m": 4.0, "verdict": "above_water_at_flight"}}, {"type": "Feature", "geometry": {"type": "Point", "coordinates": [-68.8383652, 45.7682935]}, "properties": {"lon": -68.8383652, "lat": 45.7682935, "area_m2": 192.0, "height_max_m": 0.41, "height_mean_m": 0.23, "class": "rock", "source": "3dep-lidar-dsm-2m", "stage_ft": 477.9, "shore_buffer_m": 4.0, "verdict": "above_water_at_flight"}}, {"type": "Feature", "geometry": {"type": "Point", "coordinates": [-68.8347455, 45.7726756]}, "properties": {"lon": -68.8347455, "lat": 45.7726756, "area_m2": 192.0, "height_max_m": 2.11, "height_mean_m": 0.43, "class": "rock", "source": "3dep-lidar-dsm-2m", "stage_ft": 477.9, "shore_buffer_m": 4.0, "verdict": "above_water_at_flight"}}, {"type": "Feature", "geometry": {"type": "Point", "coordinates": [-68.7516237, 45.7805165]}, "properties": {"lon": -68.7516237, "lat": 45.7805165, "area_m2": 192.0, "height_max_m": 12.8, "height_mean_m": 2.63, "class": "rock", "source": "3dep-lidar-dsm-2m", "stage_ft": 477.9, "shore_buffer_m": 4.0, "verdict": "above_water_at_flight"}}, {"type": "Feature", "geometry": {"type": "Point", "coordinates": [-68.7896883, 45.7347317]}, "properties": {"lon": -68.7896883, "lat": 45.7347317, "area_m2": 188.0, "height_max_m": 4.31, "height_mean_m": 1.54, "class": "rock", "source": "3dep-lidar-dsm-2m", "stage_ft": 477.9, "shore_buffer_m": 4.0, "verdict": "above_water_at_flight"}}, {"type": "Feature", "geometry": {"type": "Point", "coordinates": [-68.8345479, 45.736114]}, "properties": {"lon": -68.8345479, "lat": 45.736114, "area_m2": 188.0, "height_max_m": 1.19, "height_mean_m": 0.46, "class": "rock", "source": "3dep-lidar-dsm-2m", "stage_ft": 477.9, "shore_buffer_m": 4.0, "verdict": "above_water_at_flight"}}, {"type": "Feature", "geometry": {"type": "Point", "coordinates": [-68.785417, 45.7395964]}, "properties": {"lon": -68.785417, "lat": 45.7395964, "area_m2": 188.0, "height_max_m": 10.65, "height_mean_m": 3.56, "class": "rock", "source": "3dep-lidar-dsm-2m", "stage_ft": 477.9, "shore_buffer_m": 4.0, "verdict": "above_water_at_flight"}}, {"type": "Feature", "geometry": {"type": "Point", "coordinates": [-68.7809753, 45.742388]}, "properties": {"lon": -68.7809753, "lat": 45.742388, "area_m2": 188.0, "height_max_m": 8.26, "height_mean_m": 1.53, "class": "rock", "source": "3dep-lidar-dsm-2m", "stage_ft": 477.9, "shore_buffer_m": 4.0, "verdict": "above_water_at_flight"}}, {"type": "Feature", "geometry": {"type": "Point", "coordinates": [-68.8345145, 45.7479212]}, "properties": {"lon": -68.8345145, "lat": 45.7479212, "area_m2": 188.0, "height_max_m": 1.45, "height_mean_m": 0.49, "class": "rock", "source": "3dep-lidar-dsm-2m", "stage_ft": 477.9, "shore_buffer_m": 4.0, "verdict": "above_water_at_flight"}}, {"type": "Feature", "geometry": {"type": "Point", "coordinates": [-68.8275146, 45.7577753]}, "properties": {"lon": -68.8275146, "lat": 45.7577753, "area_m2": 188.0, "height_max_m": 5.51, "height_mean_m": 2.0, "class": "rock", "source": "3dep-lidar-dsm-2m", "stage_ft": 477.9, "shore_buffer_m": 4.0, "verdict": "above_water_at_flight"}}, {"type": "Feature", "geometry": {"type": "Point", "coordinates": [-68.7482036, 45.7627238]}, "properties": {"lon": -68.7482036, "lat": 45.7627238, "area_m2": 188.0, "height_max_m": 23.35, "height_mean_m": 10.7, "class": "rock", "source": "3dep-lidar-dsm-2m", "stage_ft": 477.9, "shore_buffer_m": 4.0, "verdict": "above_water_at_flight"}}, {"type": "Feature", "geometry": {"type": "Point", "coordinates": [-68.8004912, 45.7854437]}, "properties": {"lon": -68.8004912, "lat": 45.7854437, "area_m2": 188.0, "height_max_m": 14.57, "height_mean_m": 4.22, "class": "rock", "source": "3dep-lidar-dsm-2m", "stage_ft": 477.9, "shore_buffer_m": 4.0, "verdict": "above_water_at_flight"}}, {"type": "Feature", "geometry": {"type": "Point", "coordinates": [-68.7895622, 45.7336316]}, "properties": {"lon": -68.7895622, "lat": 45.7336316, "area_m2": 184.0, "height_max_m": 6.26, "height_mean_m": 1.75, "class": "rock", "source": "3dep-lidar-dsm-2m", "stage_ft": 477.9, "shore_buffer_m": 4.0, "verdict": "above_water_at_flight"}}, {"type": "Feature", "geometry": {"type": "Point", "coordinates": [-68.823202, 45.7420056]}, "properties": {"lon": -68.823202, "lat": 45.7420056, "area_m2": 184.0, "height_max_m": 6.34, "height_mean_m": 1.0, "class": "rock", "source": "3dep-lidar-dsm-2m", "stage_ft": 477.9, "shore_buffer_m": 4.0, "verdict": "above_water_at_flight"}}, {"type": "Feature", "geometry": {"type": "Point", "coordinates": [-68.7328107, 45.7513377]}, "properties": {"lon": -68.7328107, "lat": 45.7513377, "area_m2": 184.0, "height_max_m": 0.39, "height_mean_m": 0.25, "class": "rock", "source": "3dep-lidar-dsm-2m", "stage_ft": 477.9, "shore_buffer_m": 4.0, "verdict": "above_water_at_flight"}}, {"type": "Feature", "geometry": {"type": "Point", "coordinates": [-68.7960904, 45.7290247]}, "properties": {"lon": -68.7960904, "lat": 45.7290247, "area_m2": 180.0, "height_max_m": 2.82, "height_mean_m": 0.77, "class": "rock", "source": "3dep-lidar-dsm-2m", "stage_ft": 477.9, "shore_buffer_m": 4.0, "verdict": "above_water_at_flight"}}, {"type": "Feature", "geometry": {"type": "Point", "coordinates": [-68.8362191, 45.7363002]}, "properties": {"lon": -68.8362191, "lat": 45.7363002, "area_m2": 180.0, "height_max_m": 1.26, "height_mean_m": 0.43, "class": "rock", "source": "3dep-lidar-dsm-2m", "stage_ft": 477.9, "shore_buffer_m": 4.0, "verdict": "above_water_at_flight"}}, {"type": "Feature", "geometry": {"type": "Point", "coordinates": [-68.7437739, 45.7463144]}, "properties": {"lon": -68.7437739, "lat": 45.7463144, "area_m2": 180.0, "height_max_m": 4.34, "height_mean_m": 1.49, "class": "rock", "source": "3dep-lidar-dsm-2m", "stage_ft": 477.9, "shore_buffer_m": 4.0, "verdict": "above_water_at_flight"}}, {"type": "Feature", "geometry": {"type": "Point", "coordinates": [-68.8044108, 45.7486246]}, "properties": {"lon": -68.8044108, "lat": 45.7486246, "area_m2": 180.0, "height_max_m": 6.01, "height_mean_m": 2.43, "class": "rock", "source": "3dep-lidar-dsm-2m", "stage_ft": 477.9, "shore_buffer_m": 4.0, "verdict": "above_water_at_flight"}}, {"type": "Feature", "geometry": {"type": "Point", "coordinates": [-68.7607079, 45.7660294]}, "properties": {"lon": -68.7607079, "lat": 45.7660294, "area_m2": 180.0, "height_max_m": 1.38, "height_mean_m": 0.62, "class": "rock", "source": "3dep-lidar-dsm-2m", "stage_ft": 477.9, "shore_buffer_m": 4.0, "verdict": "above_water_at_flight"}}, {"type": "Feature", "geometry": {"type": "Point", "coordinates": [-68.7900822, 45.7301695]}, "properties": {"lon": -68.7900822, "lat": 45.7301695, "area_m2": 176.0, "height_max_m": 1.36, "height_mean_m": 0.57, "class": "rock", "source": "3dep-lidar-dsm-2m", "stage_ft": 477.9, "shore_buffer_m": 4.0, "verdict": "above_water_at_flight"}}, {"type": "Feature", "geometry": {"type": "Point", "coordinates": [-68.8339052, 45.7438788]}, "properties": {"lon": -68.8339052, "lat": 45.7438788, "area_m2": 176.0, "height_max_m": 1.89, "height_mean_m": 0.6, "class": "rock", "source": "3dep-lidar-dsm-2m", "stage_ft": 477.9, "shore_buffer_m": 4.0, "verdict": "above_water_at_flight"}}, {"type": "Feature", "geometry": {"type": "Point", "coordinates": [-68.7800079, 45.746813]}, "properties": {"lon": -68.7800079, "lat": 45.746813, "area_m2": 176.0, "height_max_m": 4.95, "height_mean_m": 1.05, "class": "rock", "source": "3dep-lidar-dsm-2m", "stage_ft": 477.9, "shore_buffer_m": 4.0, "verdict": "above_water_at_flight"}}, {"type": "Feature", "geometry": {"type": "Point", "coordinates": [-68.8379073, 45.7492601]}, "properties": {"lon": -68.8379073, "lat": 45.7492601, "area_m2": 176.0, "height_max_m": 8.38, "height_mean_m": 1.37, "class": "rock", "source": "3dep-lidar-dsm-2m", "stage_ft": 477.9, "shore_buffer_m": 4.0, "verdict": "above_water_at_flight"}}, {"type": "Feature", "geometry": {"type": "Point", "coordinates": [-68.74056, 45.7754239]}, "properties": {"lon": -68.74056, "lat": 45.7754239, "area_m2": 176.0, "height_max_m": 1.25, "height_mean_m": 0.52, "class": "rock", "source": "3dep-lidar-dsm-2m", "stage_ft": 477.9, "shore_buffer_m": 4.0, "verdict": "above_water_at_flight"}}, {"type": "Feature", "geometry": {"type": "Point", "coordinates": [-68.8235844, 45.7861124]}, "properties": {"lon": -68.8235844, "lat": 45.7861124, "area_m2": 176.0, "height_max_m": 0.2, "height_mean_m": 0.18, "class": "rock", "source": "3dep-lidar-dsm-2m", "stage_ft": 477.9, "shore_buffer_m": 4.0, "verdict": "above_water_at_flight"}}, {"type": "Feature", "geometry": {"type": "Point", "coordinates": [-68.7685837, 45.7751916]}, "properties": {"lon": -68.7685837, "lat": 45.7751916, "area_m2": 172.0, "height_max_m": 0.86, "height_mean_m": 0.29, "class": "rock", "source": "3dep-lidar-dsm-2m", "stage_ft": 477.9, "shore_buffer_m": 4.0, "verdict": "above_water_at_flight"}}, {"type": "Feature", "geometry": {"type": "Point", "coordinates": [-68.7479894, 45.776536]}, "properties": {"lon": -68.7479894, "lat": 45.776536, "area_m2": 172.0, "height_max_m": 2.78, "height_mean_m": 0.8, "class": "rock", "source": "3dep-lidar-dsm-2m", "stage_ft": 477.9, "shore_buffer_m": 4.0, "verdict": "above_water_at_flight"}}, {"type": "Feature", "geometry": {"type": "Point", "coordinates": [-68.7583297, 45.7781265]}, "properties": {"lon": -68.7583297, "lat": 45.7781265, "area_m2": 172.0, "height_max_m": 9.99, "height_mean_m": 1.47, "class": "rock", "source": "3dep-lidar-dsm-2m", "stage_ft": 477.9, "shore_buffer_m": 4.0, "verdict": "above_water_at_flight"}}, {"type": "Feature", "geometry": {"type": "Point", "coordinates": [-68.7519503, 45.779808]}, "properties": {"lon": -68.7519503, "lat": 45.779808, "area_m2": 172.0, "height_max_m": 9.3, "height_mean_m": 2.37, "class": "rock", "source": "3dep-lidar-dsm-2m", "stage_ft": 477.9, "shore_buffer_m": 4.0, "verdict": "above_water_at_flight"}}, {"type": "Feature", "geometry": {"type": "Point", "coordinates": [-68.754962, 45.7800845]}, "properties": {"lon": -68.754962, "lat": 45.7800845, "area_m2": 172.0, "height_max_m": 40.43, "height_mean_m": 3.83, "class": "rock", "source": "3dep-lidar-dsm-2m", "stage_ft": 477.9, "shore_buffer_m": 4.0, "verdict": "above_water_at_flight"}}, {"type": "Feature", "geometry": {"type": "Point", "coordinates": [-68.8258989, 45.786847]}, "properties": {"lon": -68.8258989, "lat": 45.786847, "area_m2": 172.0, "height_max_m": 0.84, "height_mean_m": 0.32, "class": "rock", "source": "3dep-lidar-dsm-2m", "stage_ft": 477.9, "shore_buffer_m": 4.0, "verdict": "above_water_at_flight"}}, {"type": "Feature", "geometry": {"type": "Point", "coordinates": [-68.7889364, 45.7359824]}, "properties": {"lon": -68.7889364, "lat": 45.7359824, "area_m2": 168.0, "height_max_m": 1.16, "height_mean_m": 0.42, "class": "rock", "source": "3dep-lidar-dsm-2m", "stage_ft": 477.9, "shore_buffer_m": 4.0, "verdict": "above_water_at_flight"}}, {"type": "Feature", "geometry": {"type": "Point", "coordinates": [-68.8315131, 45.7421944]}, "properties": {"lon": -68.8315131, "lat": 45.7421944, "area_m2": 168.0, "height_max_m": 4.21, "height_mean_m": 1.12, "class": "rock", "source": "3dep-lidar-dsm-2m", "stage_ft": 477.9, "shore_buffer_m": 4.0, "verdict": "above_water_at_flight"}}, {"type": "Feature", "geometry": {"type": "Point", "coordinates": [-68.7355719, 45.744691]}, "properties": {"lon": -68.7355719, "lat": 45.744691, "area_m2": 168.0, "height_max_m": 0.72, "height_mean_m": 0.33, "class": "rock", "source": "3dep-lidar-dsm-2m", "stage_ft": 477.9, "shore_buffer_m": 4.0, "verdict": "above_water_at_flight"}}, {"type": "Feature", "geometry": {"type": "Point", "coordinates": [-68.7822333, 45.7714728]}, "properties": {"lon": -68.7822333, "lat": 45.7714728, "area_m2": 168.0, "height_max_m": 4.53, "height_mean_m": 1.12, "class": "rock", "source": "3dep-lidar-dsm-2m", "stage_ft": 477.9, "shore_buffer_m": 4.0, "verdict": "above_water_at_flight"}}, {"type": "Feature", "geometry": {"type": "Point", "coordinates": [-68.7458169, 45.7487467]}, "properties": {"lon": -68.7458169, "lat": 45.7487467, "area_m2": 164.0, "height_max_m": 7.39, "height_mean_m": 1.99, "class": "rock", "source": "3dep-lidar-dsm-2m", "stage_ft": 477.9, "shore_buffer_m": 4.0, "verdict": "above_water_at_flight"}}, {"type": "Feature", "geometry": {"type": "Point", "coordinates": [-68.7680393, 45.7752797]}, "properties": {"lon": -68.7680393, "lat": 45.7752797, "area_m2": 164.0, "height_max_m": 3.44, "height_mean_m": 0.74, "class": "rock", "source": "3dep-lidar-dsm-2m", "stage_ft": 477.9, "shore_buffer_m": 4.0, "verdict": "above_water_at_flight"}}, {"type": "Feature", "geometry": {"type": "Point", "coordinates": [-68.7453009, 45.7849274]}, "properties": {"lon": -68.7453009, "lat": 45.7849274, "area_m2": 164.0, "height_max_m": 10.94, "height_mean_m": 3.2, "class": "rock", "source": "3dep-lidar-dsm-2m", "stage_ft": 477.9, "shore_buffer_m": 4.0, "verdict": "above_water_at_flight"}}, {"type": "Feature", "geometry": {"type": "Point", "coordinates": [-68.8265898, 45.7851842]}, "properties": {"lon": -68.8265898, "lat": 45.7851842, "area_m2": 164.0, "height_max_m": 2.23, "height_mean_m": 1.07, "class": "rock", "source": "3dep-lidar-dsm-2m", "stage_ft": 477.9, "shore_buffer_m": 4.0, "verdict": "above_water_at_flight"}}, {"type": "Feature", "geometry": {"type": "Point", "coordinates": [-68.834707, 45.733849]}, "properties": {"lon": -68.834707, "lat": 45.733849, "area_m2": 160.0, "height_max_m": 11.24, "height_mean_m": 2.64, "class": "rock", "source": "3dep-lidar-dsm-2m", "stage_ft": 477.9, "shore_buffer_m": 4.0, "verdict": "above_water_at_flight"}}, {"type": "Feature", "geometry": {"type": "Point", "coordinates": [-68.7425195, 45.7475359]}, "properties": {"lon": -68.7425195, "lat": 45.7475359, "area_m2": 160.0, "height_max_m": 8.56, "height_mean_m": 2.27, "class": "rock", "source": "3dep-lidar-dsm-2m", "stage_ft": 477.9, "shore_buffer_m": 4.0, "verdict": "above_water_at_flight"}}, {"type": "Feature", "geometry": {"type": "Point", "coordinates": [-68.7379259, 45.7490892]}, "properties": {"lon": -68.7379259, "lat": 45.7490892, "area_m2": 160.0, "height_max_m": 16.66, "height_mean_m": 5.61, "class": "rock", "source": "3dep-lidar-dsm-2m", "stage_ft": 477.9, "shore_buffer_m": 4.0, "verdict": "above_water_at_flight"}}, {"type": "Feature", "geometry": {"type": "Point", "coordinates": [-68.8407094, 45.7713543]}, "properties": {"lon": -68.8407094, "lat": 45.7713543, "area_m2": 160.0, "height_max_m": 0.65, "height_mean_m": 0.3, "class": "rock", "source": "3dep-lidar-dsm-2m", "stage_ft": 477.9, "shore_buffer_m": 4.0, "verdict": "above_water_at_flight"}}, {"type": "Feature", "geometry": {"type": "Point", "coordinates": [-68.7665362, 45.7755582]}, "properties": {"lon": -68.7665362, "lat": 45.7755582, "area_m2": 160.0, "height_max_m": 14.26, "height_mean_m": 4.08, "class": "rock", "source": "3dep-lidar-dsm-2m", "stage_ft": 477.9, "shore_buffer_m": 4.0, "verdict": "above_water_at_flight"}}, {"type": "Feature", "geometry": {"type": "Point", "coordinates": [-68.8224162, 45.7266759]}, "properties": {"lon": -68.8224162, "lat": 45.7266759, "area_m2": 156.0, "height_max_m": 6.38, "height_mean_m": 1.66, "class": "rock", "source": "3dep-lidar-dsm-2m", "stage_ft": 477.9, "shore_buffer_m": 4.0, "verdict": "above_water_at_flight"}}, {"type": "Feature", "geometry": {"type": "Point", "coordinates": [-68.8254613, 45.726944]}, "properties": {"lon": -68.8254613, "lat": 45.726944, "area_m2": 156.0, "height_max_m": 3.39, "height_mean_m": 0.63, "class": "rock", "source": "3dep-lidar-dsm-2m", "stage_ft": 477.9, "shore_buffer_m": 4.0, "verdict": "above_water_at_flight"}}, {"type": "Feature", "geometry": {"type": "Point", "coordinates": [-68.8062075, 45.7290003]}, "properties": {"lon": -68.8062075, "lat": 45.7290003, "area_m2": 156.0, "height_max_m": 4.56, "height_mean_m": 1.71, "class": "rock", "source": "3dep-lidar-dsm-2m", "stage_ft": 477.9, "shore_buffer_m": 4.0, "verdict": "above_water_at_flight"}}, {"type": "Feature", "geometry": {"type": "Point", "coordinates": [-68.806078, 45.7291861]}, "properties": {"lon": -68.806078, "lat": 45.7291861, "area_m2": 156.0, "height_max_m": 1.69, "height_mean_m": 0.34, "class": "rock", "source": "3dep-lidar-dsm-2m", "stage_ft": 477.9, "shore_buffer_m": 4.0, "verdict": "above_water_at_flight"}}, {"type": "Feature", "geometry": {"type": "Point", "coordinates": [-68.7913493, 45.731556]}, "properties": {"lon": -68.7913493, "lat": 45.731556, "area_m2": 156.0, "height_max_m": 7.43, "height_mean_m": 2.47, "class": "rock", "source": "3dep-lidar-dsm-2m", "stage_ft": 477.9, "shore_buffer_m": 4.0, "verdict": "above_water_at_flight"}}, {"type": "Feature", "geometry": {"type": "Point", "coordinates": [-68.7613242, 45.7652524]}, "properties": {"lon": -68.7613242, "lat": 45.7652524, "area_m2": 156.0, "height_max_m": 2.05, "height_mean_m": 0.69, "class": "rock", "source": "3dep-lidar-dsm-2m", "stage_ft": 477.9, "shore_buffer_m": 4.0, "verdict": "above_water_at_flight"}}, {"type": "Feature", "geometry": {"type": "Point", "coordinates": [-68.7911378, 45.7804828]}, "properties": {"lon": -68.7911378, "lat": 45.7804828, "area_m2": 156.0, "height_max_m": 8.65, "height_mean_m": 1.78, "class": "rock", "source": "3dep-lidar-dsm-2m", "stage_ft": 477.9, "shore_buffer_m": 4.0, "verdict": "above_water_at_flight"}}, {"type": "Feature", "geometry": {"type": "Point", "coordinates": [-68.7911339, 45.7321104]}, "properties": {"lon": -68.7911339, "lat": 45.7321104, "area_m2": 152.0, "height_max_m": 0.32, "height_mean_m": 0.23, "class": "rock", "source": "3dep-lidar-dsm-2m", "stage_ft": 477.9, "shore_buffer_m": 4.0, "verdict": "above_water_at_flight"}}, {"type": "Feature", "geometry": {"type": "Point", "coordinates": [-68.8293597, 45.7406689]}, "properties": {"lon": -68.8293597, "lat": 45.7406689, "area_m2": 152.0, "height_max_m": 7.26, "height_mean_m": 1.81, "class": "rock", "source": "3dep-lidar-dsm-2m", "stage_ft": 477.9, "shore_buffer_m": 4.0, "verdict": "above_water_at_flight"}}, {"type": "Feature", "geometry": {"type": "Point", "coordinates": [-68.8004025, 45.7850501]}, "properties": {"lon": -68.8004025, "lat": 45.7850501, "area_m2": 152.0, "height_max_m": 12.22, "height_mean_m": 2.91, "class": "rock", "source": "3dep-lidar-dsm-2m", "stage_ft": 477.9, "shore_buffer_m": 4.0, "verdict": "above_water_at_flight"}}, {"type": "Feature", "geometry": {"type": "Point", "coordinates": [-68.828516, 45.7290691]}, "properties": {"lon": -68.828516, "lat": 45.7290691, "area_m2": 148.0, "height_max_m": 1.69, "height_mean_m": 0.44, "class": "rock", "source": "3dep-lidar-dsm-2m", "stage_ft": 477.9, "shore_buffer_m": 4.0, "verdict": "above_water_at_flight"}}, {"type": "Feature", "geometry": {"type": "Point", "coordinates": [-68.7894534, 45.7302572]}, "properties": {"lon": -68.7894534, "lat": 45.7302572, "area_m2": 148.0, "height_max_m": 0.76, "height_mean_m": 0.34, "class": "rock", "source": "3dep-lidar-dsm-2m", "stage_ft": 477.9, "shore_buffer_m": 4.0, "verdict": "above_water_at_flight"}}, {"type": "Feature", "geometry": {"type": "Point", "coordinates": [-68.784979, 45.7390883]}, "properties": {"lon": -68.784979, "lat": 45.7390883, "area_m2": 148.0, "height_max_m": 4.43, "height_mean_m": 1.51, "class": "rock", "source": "3dep-lidar-dsm-2m", "stage_ft": 477.9, "shore_buffer_m": 4.0, "verdict": "above_water_at_flight"}}, {"type": "Feature", "geometry": {"type": "Point", "coordinates": [-68.7890335, 45.7425031]}, "properties": {"lon": -68.7890335, "lat": 45.7425031, "area_m2": 148.0, "height_max_m": 0.55, "height_mean_m": 0.24, "class": "rock", "source": "3dep-lidar-dsm-2m", "stage_ft": 477.9, "shore_buffer_m": 4.0, "verdict": "above_water_at_flight"}}, {"type": "Feature", "geometry": {"type": "Point", "coordinates": [-68.826408, 45.7450132]}, "properties": {"lon": -68.826408, "lat": 45.7450132, "area_m2": 148.0, "height_max_m": 1.27, "height_mean_m": 0.35, "class": "rock", "source": "3dep-lidar-dsm-2m", "stage_ft": 477.9, "shore_buffer_m": 4.0, "verdict": "above_water_at_flight"}}, {"type": "Feature", "geometry": {"type": "Point", "coordinates": [-68.8325064, 45.7636105]}, "properties": {"lon": -68.8325064, "lat": 45.7636105, "area_m2": 148.0, "height_max_m": 0.31, "height_mean_m": 0.2, "class": "rock", "source": "3dep-lidar-dsm-2m", "stage_ft": 477.9, "shore_buffer_m": 4.0, "verdict": "above_water_at_flight"}}, {"type": "Feature", "geometry": {"type": "Point", "coordinates": [-68.7608341, 45.764408]}, "properties": {"lon": -68.7608341, "lat": 45.764408, "area_m2": 148.0, "height_max_m": 7.67, "height_mean_m": 2.3, "class": "rock", "source": "3dep-lidar-dsm-2m", "stage_ft": 477.9, "shore_buffer_m": 4.0, "verdict": "above_water_at_flight"}}, {"type": "Feature", "geometry": {"type": "Point", "coordinates": [-68.8348201, 45.7359626]}, "properties": {"lon": -68.8348201, "lat": 45.7359626, "area_m2": 144.0, "height_max_m": 5.89, "height_mean_m": 1.5, "class": "rock", "source": "3dep-lidar-dsm-2m", "stage_ft": 477.9, "shore_buffer_m": 4.0, "verdict": "above_water_at_flight"}}, {"type": "Feature", "geometry": {"type": "Point", "coordinates": [-68.7297607, 45.7533436]}, "properties": {"lon": -68.7297607, "lat": 45.7533436, "area_m2": 144.0, "height_max_m": 0.27, "height_mean_m": 0.2, "class": "rock", "source": "3dep-lidar-dsm-2m", "stage_ft": 477.9, "shore_buffer_m": 4.0, "verdict": "above_water_at_flight"}}, {"type": "Feature", "geometry": {"type": "Point", "coordinates": [-68.7602479, 45.7795693]}, "properties": {"lon": -68.7602479, "lat": 45.7795693, "area_m2": 144.0, "height_max_m": 1.73, "height_mean_m": 0.64, "class": "rock", "source": "3dep-lidar-dsm-2m", "stage_ft": 477.9, "shore_buffer_m": 4.0, "verdict": "above_water_at_flight"}}, {"type": "Feature", "geometry": {"type": "Point", "coordinates": [-68.8369385, 45.7321514]}, "properties": {"lon": -68.8369385, "lat": 45.7321514, "area_m2": 140.0, "height_max_m": 6.13, "height_mean_m": 2.15, "class": "rock", "source": "3dep-lidar-dsm-2m", "stage_ft": 477.9, "shore_buffer_m": 4.0, "verdict": "above_water_at_flight"}}, {"type": "Feature", "geometry": {"type": "Point", "coordinates": [-68.7390236, 45.7436385]}, "properties": {"lon": -68.7390236, "lat": 45.7436385, "area_m2": 140.0, "height_max_m": 3.46, "height_mean_m": 0.83, "class": "rock", "source": "3dep-lidar-dsm-2m", "stage_ft": 477.9, "shore_buffer_m": 4.0, "verdict": "above_water_at_flight"}}, {"type": "Feature", "geometry": {"type": "Point", "coordinates": [-68.8263571, 45.7496462]}, "properties": {"lon": -68.8263571, "lat": 45.7496462, "area_m2": 140.0, "height_max_m": 0.47, "height_mean_m": 0.25, "class": "rock", "source": "3dep-lidar-dsm-2m", "stage_ft": 477.9, "shore_buffer_m": 4.0, "verdict": "above_water_at_flight"}}, {"type": "Feature", "geometry": {"type": "Point", "coordinates": [-68.8364982, 45.7500833]}, "properties": {"lon": -68.8364982, "lat": 45.7500833, "area_m2": 140.0, "height_max_m": 1.42, "height_mean_m": 0.47, "class": "rock", "source": "3dep-lidar-dsm-2m", "stage_ft": 477.9, "shore_buffer_m": 4.0, "verdict": "above_water_at_flight"}}, {"type": "Feature", "geometry": {"type": "Point", "coordinates": [-68.8088069, 45.7525632]}, "properties": {"lon": -68.8088069, "lat": 45.7525632, "area_m2": 140.0, "height_max_m": 4.54, "height_mean_m": 0.76, "class": "rock", "source": "3dep-lidar-dsm-2m", "stage_ft": 477.9, "shore_buffer_m": 4.0, "verdict": "above_water_at_flight"}}, {"type": "Feature", "geometry": {"type": "Point", "coordinates": [-68.826991, 45.784954]}, "properties": {"lon": -68.826991, "lat": 45.784954, "area_m2": 140.0, "height_max_m": 1.12, "height_mean_m": 0.45, "class": "rock", "source": "3dep-lidar-dsm-2m", "stage_ft": 477.9, "shore_buffer_m": 4.0, "verdict": "above_water_at_flight"}}, {"type": "Feature", "geometry": {"type": "Point", "coordinates": [-68.8139602, 45.7258486]}, "properties": {"lon": -68.8139602, "lat": 45.7258486, "area_m2": 136.0, "height_max_m": 10.15, "height_mean_m": 2.09, "class": "rock", "source": "3dep-lidar-dsm-2m", "stage_ft": 477.9, "shore_buffer_m": 4.0, "verdict": "above_water_at_flight"}}, {"type": "Feature", "geometry": {"type": "Point", "coordinates": [-68.8240063, 45.7421371]}, "properties": {"lon": -68.8240063, "lat": 45.7421371, "area_m2": 136.0, "height_max_m": 5.26, "height_mean_m": 1.06, "class": "rock", "source": "3dep-lidar-dsm-2m", "stage_ft": 477.9, "shore_buffer_m": 4.0, "verdict": "above_water_at_flight"}}, {"type": "Feature", "geometry": {"type": "Point", "coordinates": [-68.8262662, 45.7504739]}, "properties": {"lon": -68.8262662, "lat": 45.7504739, "area_m2": 136.0, "height_max_m": 0.66, "height_mean_m": 0.35, "class": "rock", "source": "3dep-lidar-dsm-2m", "stage_ft": 477.9, "shore_buffer_m": 4.0, "verdict": "above_water_at_flight"}}, {"type": "Feature", "geometry": {"type": "Point", "coordinates": [-68.8287112, 45.7279364]}, "properties": {"lon": -68.8287112, "lat": 45.7279364, "area_m2": 132.0, "height_max_m": 11.03, "height_mean_m": 4.91, "class": "rock", "source": "3dep-lidar-dsm-2m", "stage_ft": 477.9, "shore_buffer_m": 4.0, "verdict": "above_water_at_flight"}}, {"type": "Feature", "geometry": {"type": "Point", "coordinates": [-68.8283224, 45.727937]}, "properties": {"lon": -68.8283224, "lat": 45.727937, "area_m2": 132.0, "height_max_m": 3.1, "height_mean_m": 0.93, "class": "rock", "source": "3dep-lidar-dsm-2m", "stage_ft": 477.9, "shore_buffer_m": 4.0, "verdict": "above_water_at_flight"}}, {"type": "Feature", "geometry": {"type": "Point", "coordinates": [-68.8344159, 45.7295382]}, "properties": {"lon": -68.8344159, "lat": 45.7295382, "area_m2": 132.0, "height_max_m": 1.98, "height_mean_m": 0.63, "class": "rock", "source": "3dep-lidar-dsm-2m", "stage_ft": 477.9, "shore_buffer_m": 4.0, "verdict": "above_water_at_flight"}}, {"type": "Feature", "geometry": {"type": "Point", "coordinates": [-68.8084194, 45.730385]}, "properties": {"lon": -68.8084194, "lat": 45.730385, "area_m2": 132.0, "height_max_m": 0.29, "height_mean_m": 0.18, "class": "rock", "source": "3dep-lidar-dsm-2m", "stage_ft": 477.9, "shore_buffer_m": 4.0, "verdict": "above_water_at_flight"}}, {"type": "Feature", "geometry": {"type": "Point", "coordinates": [-68.8365295, 45.7362351]}, "properties": {"lon": -68.8365295, "lat": 45.7362351, "area_m2": 132.0, "height_max_m": 0.88, "height_mean_m": 0.34, "class": "rock", "source": "3dep-lidar-dsm-2m", "stage_ft": 477.9, "shore_buffer_m": 4.0, "verdict": "above_water_at_flight"}}, {"type": "Feature", "geometry": {"type": "Point", "coordinates": [-68.7735389, 45.7649885]}, "properties": {"lon": -68.7735389, "lat": 45.7649885, "area_m2": 132.0, "height_max_m": 7.25, "height_mean_m": 1.43, "class": "rock", "source": "3dep-lidar-dsm-2m", "stage_ft": 477.9, "shore_buffer_m": 4.0, "verdict": "above_water_at_flight"}}, {"type": "Feature", "geometry": {"type": "Point", "coordinates": [-68.7695981, 45.7680741]}, "properties": {"lon": -68.7695981, "lat": 45.7680741, "area_m2": 132.0, "height_max_m": 3.43, "height_mean_m": 1.15, "class": "rock", "source": "3dep-lidar-dsm-2m", "stage_ft": 477.9, "shore_buffer_m": 4.0, "verdict": "above_water_at_flight"}}, {"type": "Feature", "geometry": {"type": "Point", "coordinates": [-68.8400635, 45.7695362]}, "properties": {"lon": -68.8400635, "lat": 45.7695362, "area_m2": 132.0, "height_max_m": 0.41, "height_mean_m": 0.26, "class": "rock", "source": "3dep-lidar-dsm-2m", "stage_ft": 477.9, "shore_buffer_m": 4.0, "verdict": "above_water_at_flight"}}, {"type": "Feature", "geometry": {"type": "Point", "coordinates": [-68.8399948, 45.7696802]}, "properties": {"lon": -68.8399948, "lat": 45.7696802, "area_m2": 132.0, "height_max_m": 0.45, "height_mean_m": 0.3, "class": "rock", "source": "3dep-lidar-dsm-2m", "stage_ft": 477.9, "shore_buffer_m": 4.0, "verdict": "above_water_at_flight"}}, {"type": "Feature", "geometry": {"type": "Point", "coordinates": [-68.7449853, 45.7850078]}, "properties": {"lon": -68.7449853, "lat": 45.7850078, "area_m2": 132.0, "height_max_m": 4.97, "height_mean_m": 1.5, "class": "rock", "source": "3dep-lidar-dsm-2m", "stage_ft": 477.9, "shore_buffer_m": 4.0, "verdict": "above_water_at_flight"}}, {"type": "Feature", "geometry": {"type": "Point", "coordinates": [-68.810031, 45.7869183]}, "properties": {"lon": -68.810031, "lat": 45.7869183, "area_m2": 132.0, "height_max_m": 12.0, "height_mean_m": 3.73, "class": "rock", "source": "3dep-lidar-dsm-2m", "stage_ft": 477.9, "shore_buffer_m": 4.0, "verdict": "above_water_at_flight"}}, {"type": "Feature", "geometry": {"type": "Point", "coordinates": [-68.8213639, 45.7264267]}, "properties": {"lon": -68.8213639, "lat": 45.7264267, "area_m2": 128.0, "height_max_m": 4.58, "height_mean_m": 1.14, "class": "rock", "source": "3dep-lidar-dsm-2m", "stage_ft": 477.9, "shore_buffer_m": 4.0, "verdict": "above_water_at_flight"}}, {"type": "Feature", "geometry": {"type": "Point", "coordinates": [-68.7879564, 45.7301934]}, "properties": {"lon": -68.7879564, "lat": 45.7301934, "area_m2": 128.0, "height_max_m": 0.54, "height_mean_m": 0.29, "class": "rock", "source": "3dep-lidar-dsm-2m", "stage_ft": 477.9, "shore_buffer_m": 4.0, "verdict": "above_water_at_flight"}}, {"type": "Feature", "geometry": {"type": "Point", "coordinates": [-68.7882028, 45.7307853]}, "properties": {"lon": -68.7882028, "lat": 45.7307853, "area_m2": 128.0, "height_max_m": 0.22, "height_mean_m": 0.18, "class": "rock", "source": "3dep-lidar-dsm-2m", "stage_ft": 477.9, "shore_buffer_m": 4.0, "verdict": "above_water_at_flight"}}, {"type": "Feature", "geometry": {"type": "Point", "coordinates": [-68.8238907, 45.7417591]}, "properties": {"lon": -68.8238907, "lat": 45.7417591, "area_m2": 128.0, "height_max_m": 1.33, "height_mean_m": 0.64, "class": "rock", "source": "3dep-lidar-dsm-2m", "stage_ft": 477.9, "shore_buffer_m": 4.0, "verdict": "above_water_at_flight"}}, {"type": "Feature", "geometry": {"type": "Point", "coordinates": [-68.8312608, 45.7437596]}, "properties": {"lon": -68.8312608, "lat": 45.7437596, "area_m2": 128.0, "height_max_m": 2.53, "height_mean_m": 0.93, "class": "rock", "source": "3dep-lidar-dsm-2m", "stage_ft": 477.9, "shore_buffer_m": 4.0, "verdict": "above_water_at_flight"}}, {"type": "Feature", "geometry": {"type": "Point", "coordinates": [-68.745896, 45.7482191]}, "properties": {"lon": -68.745896, "lat": 45.7482191, "area_m2": 128.0, "height_max_m": 6.82, "height_mean_m": 1.71, "class": "rock", "source": "3dep-lidar-dsm-2m", "stage_ft": 477.9, "shore_buffer_m": 4.0, "verdict": "above_water_at_flight"}}, {"type": "Feature", "geometry": {"type": "Point", "coordinates": [-68.8247088, 45.7493076]}, "properties": {"lon": -68.8247088, "lat": 45.7493076, "area_m2": 128.0, "height_max_m": 0.4, "height_mean_m": 0.28, "class": "rock", "source": "3dep-lidar-dsm-2m", "stage_ft": 477.9, "shore_buffer_m": 4.0, "verdict": "above_water_at_flight"}}, {"type": "Feature", "geometry": {"type": "Point", "coordinates": [-68.7308513, 45.7531365]}, "properties": {"lon": -68.7308513, "lat": 45.7531365, "area_m2": 128.0, "height_max_m": 0.32, "height_mean_m": 0.19, "class": "rock", "source": "3dep-lidar-dsm-2m", "stage_ft": 477.9, "shore_buffer_m": 4.0, "verdict": "above_water_at_flight"}}, {"type": "Feature", "geometry": {"type": "Point", "coordinates": [-68.7460489, 45.7593061]}, "properties": {"lon": -68.7460489, "lat": 45.7593061, "area_m2": 128.0, "height_max_m": 7.39, "height_mean_m": 1.98, "class": "rock", "source": "3dep-lidar-dsm-2m", "stage_ft": 477.9, "shore_buffer_m": 4.0, "verdict": "above_water_at_flight"}}, {"type": "Feature", "geometry": {"type": "Point", "coordinates": [-68.7700782, 45.7686662]}, "properties": {"lon": -68.7700782, "lat": 45.7686662, "area_m2": 128.0, "height_max_m": 5.96, "height_mean_m": 1.12, "class": "rock", "source": "3dep-lidar-dsm-2m", "stage_ft": 477.9, "shore_buffer_m": 4.0, "verdict": "above_water_at_flight"}}, {"type": "Feature", "geometry": {"type": "Point", "coordinates": [-68.7442783, 45.7852867]}, "properties": {"lon": -68.7442783, "lat": 45.7852867, "area_m2": 128.0, "height_max_m": 2.63, "height_mean_m": 0.85, "class": "rock", "source": "3dep-lidar-dsm-2m", "stage_ft": 477.9, "shore_buffer_m": 4.0, "verdict": "above_water_at_flight"}}, {"type": "Feature", "geometry": {"type": "Point", "coordinates": [-68.8345725, 45.7290961]}, "properties": {"lon": -68.8345725, "lat": 45.7290961, "area_m2": 124.0, "height_max_m": 0.28, "height_mean_m": 0.2, "class": "rock", "source": "3dep-lidar-dsm-2m", "stage_ft": 477.9, "shore_buffer_m": 4.0, "verdict": "above_water_at_flight"}}, {"type": "Feature", "geometry": {"type": "Point", "coordinates": [-68.8229043, 45.7345939]}, "properties": {"lon": -68.8229043, "lat": 45.7345939, "area_m2": 124.0, "height_max_m": 8.45, "height_mean_m": 2.64, "class": "rock", "source": "3dep-lidar-dsm-2m", "stage_ft": 477.9, "shore_buffer_m": 4.0, "verdict": "above_water_at_flight"}}, {"type": "Feature", "geometry": {"type": "Point", "coordinates": [-68.8266155, 45.7392256]}, "properties": {"lon": -68.8266155, "lat": 45.7392256, "area_m2": 124.0, "height_max_m": 3.0, "height_mean_m": 0.8, "class": "rock", "source": "3dep-lidar-dsm-2m", "stage_ft": 477.9, "shore_buffer_m": 4.0, "verdict": "above_water_at_flight"}}, {"type": "Feature", "geometry": {"type": "Point", "coordinates": [-68.8226183, 45.743664]}, "properties": {"lon": -68.8226183, "lat": 45.743664, "area_m2": 124.0, "height_max_m": 0.67, "height_mean_m": 0.37, "class": "rock", "source": "3dep-lidar-dsm-2m", "stage_ft": 477.9, "shore_buffer_m": 4.0, "verdict": "above_water_at_flight"}}, {"type": "Feature", "geometry": {"type": "Point", "coordinates": [-68.7536653, 45.7515075]}, "properties": {"lon": -68.7536653, "lat": 45.7515075, "area_m2": 124.0, "height_max_m": 1.55, "height_mean_m": 0.3, "class": "rock", "source": "3dep-lidar-dsm-2m", "stage_ft": 477.9, "shore_buffer_m": 4.0, "verdict": "above_water_at_flight"}}, {"type": "Feature", "geometry": {"type": "Point", "coordinates": [-68.7244781, 45.7540696]}, "properties": {"lon": -68.7244781, "lat": 45.7540696, "area_m2": 124.0, "height_max_m": 0.19, "height_mean_m": 0.17, "class": "rock", "source": "3dep-lidar-dsm-2m", "stage_ft": 477.9, "shore_buffer_m": 4.0, "verdict": "above_water_at_flight"}}, {"type": "Feature", "geometry": {"type": "Point", "coordinates": [-68.8076569, 45.7657295]}, "properties": {"lon": -68.8076569, "lat": 45.7657295, "area_m2": 124.0, "height_max_m": 0.21, "height_mean_m": 0.19, "class": "rock", "source": "3dep-lidar-dsm-2m", "stage_ft": 477.9, "shore_buffer_m": 4.0, "verdict": "above_water_at_flight"}}, {"type": "Feature", "geometry": {"type": "Point", "coordinates": [-68.7486657, 45.7680074]}, "properties": {"lon": -68.7486657, "lat": 45.7680074, "area_m2": 124.0, "height_max_m": 8.48, "height_mean_m": 2.85, "class": "rock", "source": "3dep-lidar-dsm-2m", "stage_ft": 477.9, "shore_buffer_m": 4.0, "verdict": "above_water_at_flight"}}, {"type": "Feature", "geometry": {"type": "Point", "coordinates": [-68.7750244, 45.7730534]}, "properties": {"lon": -68.7750244, "lat": 45.7730534, "area_m2": 124.0, "height_max_m": 0.83, "height_mean_m": 0.3, "class": "rock", "source": "3dep-lidar-dsm-2m", "stage_ft": 477.9, "shore_buffer_m": 4.0, "verdict": "above_water_at_flight"}}, {"type": "Feature", "geometry": {"type": "Point", "coordinates": [-68.8342799, 45.7732223]}, "properties": {"lon": -68.8342799, "lat": 45.7732223, "area_m2": 124.0, "height_max_m": 2.56, "height_mean_m": 1.0, "class": "rock", "source": "3dep-lidar-dsm-2m", "stage_ft": 477.9, "shore_buffer_m": 4.0, "verdict": "above_water_at_flight"}}, {"type": "Feature", "geometry": {"type": "Point", "coordinates": [-68.8329816, 45.7736563]}, "properties": {"lon": -68.8329816, "lat": 45.7736563, "area_m2": 124.0, "height_max_m": 1.53, "height_mean_m": 0.61, "class": "rock", "source": "3dep-lidar-dsm-2m", "stage_ft": 477.9, "shore_buffer_m": 4.0, "verdict": "above_water_at_flight"}}, {"type": "Feature", "geometry": {"type": "Point", "coordinates": [-68.7398501, 45.7755477]}, "properties": {"lon": -68.7398501, "lat": 45.7755477, "area_m2": 124.0, "height_max_m": 2.85, "height_mean_m": 0.91, "class": "rock", "source": "3dep-lidar-dsm-2m", "stage_ft": 477.9, "shore_buffer_m": 4.0, "verdict": "above_water_at_flight"}}, {"type": "Feature", "geometry": {"type": "Point", "coordinates": [-68.7443677, 45.7842904]}, "properties": {"lon": -68.7443677, "lat": 45.7842904, "area_m2": 124.0, "height_max_m": 0.21, "height_mean_m": 0.17, "class": "rock", "source": "3dep-lidar-dsm-2m", "stage_ft": 477.9, "shore_buffer_m": 4.0, "verdict": "above_water_at_flight"}}, {"type": "Feature", "geometry": {"type": "Point", "coordinates": [-68.8340553, 45.7290867]}, "properties": {"lon": -68.8340553, "lat": 45.7290867, "area_m2": 120.0, "height_max_m": 0.74, "height_mean_m": 0.33, "class": "rock", "source": "3dep-lidar-dsm-2m", "stage_ft": 477.9, "shore_buffer_m": 4.0, "verdict": "above_water_at_flight"}}, {"type": "Feature", "geometry": {"type": "Point", "coordinates": [-68.7816111, 45.7418348]}, "properties": {"lon": -68.7816111, "lat": 45.7418348, "area_m2": 120.0, "height_max_m": 1.28, "height_mean_m": 0.42, "class": "rock", "source": "3dep-lidar-dsm-2m", "stage_ft": 477.9, "shore_buffer_m": 4.0, "verdict": "above_water_at_flight"}}, {"type": "Feature", "geometry": {"type": "Point", "coordinates": [-68.8296552, 45.7437522]}, "properties": {"lon": -68.8296552, "lat": 45.7437522, "area_m2": 120.0, "height_max_m": 2.88, "height_mean_m": 0.75, "class": "rock", "source": "3dep-lidar-dsm-2m", "stage_ft": 477.9, "shore_buffer_m": 4.0, "verdict": "above_water_at_flight"}}, {"type": "Feature", "geometry": {"type": "Point", "coordinates": [-68.8291587, 45.747993]}, "properties": {"lon": -68.8291587, "lat": 45.747993, "area_m2": 120.0, "height_max_m": 3.72, "height_mean_m": 1.09, "class": "rock", "source": "3dep-lidar-dsm-2m", "stage_ft": 477.9, "shore_buffer_m": 4.0, "verdict": "above_water_at_flight"}}, {"type": "Feature", "geometry": {"type": "Point", "coordinates": [-68.8376232, 45.7493717]}, "properties": {"lon": -68.8376232, "lat": 45.7493717, "area_m2": 120.0, "height_max_m": 2.18, "height_mean_m": 0.86, "class": "rock", "source": "3dep-lidar-dsm-2m", "stage_ft": 477.9, "shore_buffer_m": 4.0, "verdict": "above_water_at_flight"}}, {"type": "Feature", "geometry": {"type": "Point", "coordinates": [-68.8408474, 45.7496617]}, "properties": {"lon": -68.8408474, "lat": 45.7496617, "area_m2": 120.0, "height_max_m": 1.26, "height_mean_m": 0.48, "class": "rock", "source": "3dep-lidar-dsm-2m", "stage_ft": 477.9, "shore_buffer_m": 4.0, "verdict": "above_water_at_flight"}}, {"type": "Feature", "geometry": {"type": "Point", "coordinates": [-68.7523391, 45.7562175]}, "properties": {"lon": -68.7523391, "lat": 45.7562175, "area_m2": 120.0, "height_max_m": 4.17, "height_mean_m": 1.31, "class": "rock", "source": "3dep-lidar-dsm-2m", "stage_ft": 477.9, "shore_buffer_m": 4.0, "verdict": "above_water_at_flight"}}, {"type": "Feature", "geometry": {"type": "Point", "coordinates": [-68.8211719, 45.7565697]}, "properties": {"lon": -68.8211719, "lat": 45.7565697, "area_m2": 120.0, "height_max_m": 0.48, "height_mean_m": 0.26, "class": "rock", "source": "3dep-lidar-dsm-2m", "stage_ft": 477.9, "shore_buffer_m": 4.0, "verdict": "above_water_at_flight"}}, {"type": "Feature", "geometry": {"type": "Point", "coordinates": [-68.7439408, 45.7621199]}, "properties": {"lon": -68.7439408, "lat": 45.7621199, "area_m2": 120.0, "height_max_m": 5.96, "height_mean_m": 1.37, "class": "rock", "source": "3dep-lidar-dsm-2m", "stage_ft": 477.9, "shore_buffer_m": 4.0, "verdict": "above_water_at_flight"}}, {"type": "Feature", "geometry": {"type": "Point", "coordinates": [-68.8410845, 45.7710086]}, "properties": {"lon": -68.8410845, "lat": 45.7710086, "area_m2": 120.0, "height_max_m": 4.41, "height_mean_m": 0.96, "class": "rock", "source": "3dep-lidar-dsm-2m", "stage_ft": 477.9, "shore_buffer_m": 4.0, "verdict": "above_water_at_flight"}}, {"type": "Feature", "geometry": {"type": "Point", "coordinates": [-68.7673225, 45.7751705]}, "properties": {"lon": -68.7673225, "lat": 45.7751705, "area_m2": 120.0, "height_max_m": 0.95, "height_mean_m": 0.54, "class": "rock", "source": "3dep-lidar-dsm-2m", "stage_ft": 477.9, "shore_buffer_m": 4.0, "verdict": "above_water_at_flight"}}, {"type": "Feature", "geometry": {"type": "Point", "coordinates": [-68.760192, 45.7791841]}, "properties": {"lon": -68.760192, "lat": 45.7791841, "area_m2": 120.0, "height_max_m": 1.26, "height_mean_m": 0.52, "class": "rock", "source": "3dep-lidar-dsm-2m", "stage_ft": 477.9, "shore_buffer_m": 4.0, "verdict": "above_water_at_flight"}}, {"type": "Feature", "geometry": {"type": "Point", "coordinates": [-68.8363057, 45.7317684]}, "properties": {"lon": -68.8363057, "lat": 45.7317684, "area_m2": 116.0, "height_max_m": 0.79, "height_mean_m": 0.36, "class": "rock", "source": "3dep-lidar-dsm-2m", "stage_ft": 477.9, "shore_buffer_m": 4.0, "verdict": "above_water_at_flight"}}, {"type": "Feature", "geometry": {"type": "Point", "coordinates": [-68.7757677, 45.7460286]}, "properties": {"lon": -68.7757677, "lat": 45.7460286, "area_m2": 116.0, "height_max_m": 2.32, "height_mean_m": 0.74, "class": "rock", "source": "3dep-lidar-dsm-2m", "stage_ft": 477.9, "shore_buffer_m": 4.0, "verdict": "above_water_at_flight"}}, {"type": "Feature", "geometry": {"type": "Point", "coordinates": [-68.8342736, 45.7487147]}, "properties": {"lon": -68.8342736, "lat": 45.7487147, "area_m2": 116.0, "height_max_m": 1.52, "height_mean_m": 0.52, "class": "rock", "source": "3dep-lidar-dsm-2m", "stage_ft": 477.9, "shore_buffer_m": 4.0, "verdict": "above_water_at_flight"}}, {"type": "Feature", "geometry": {"type": "Point", "coordinates": [-68.8306547, 45.7488353]}, "properties": {"lon": -68.8306547, "lat": 45.7488353, "area_m2": 116.0, "height_max_m": 0.88, "height_mean_m": 0.34, "class": "rock", "source": "3dep-lidar-dsm-2m", "stage_ft": 477.9, "shore_buffer_m": 4.0, "verdict": "above_water_at_flight"}}, {"type": "Feature", "geometry": {"type": "Point", "coordinates": [-68.8389543, 45.749828]}, "properties": {"lon": -68.8389543, "lat": 45.749828, "area_m2": 116.0, "height_max_m": 1.52, "height_mean_m": 0.62, "class": "rock", "source": "3dep-lidar-dsm-2m", "stage_ft": 477.9, "shore_buffer_m": 4.0, "verdict": "above_water_at_flight"}}, {"type": "Feature", "geometry": {"type": "Point", "coordinates": [-68.7479359, 45.761188]}, "properties": {"lon": -68.7479359, "lat": 45.761188, "area_m2": 116.0, "height_max_m": 13.69, "height_mean_m": 4.71, "class": "rock", "source": "3dep-lidar-dsm-2m", "stage_ft": 477.9, "shore_buffer_m": 4.0, "verdict": "above_water_at_flight"}}, {"type": "Feature", "geometry": {"type": "Point", "coordinates": [-68.7699746, 45.7671807]}, "properties": {"lon": -68.7699746, "lat": 45.7671807, "area_m2": 116.0, "height_max_m": 2.62, "height_mean_m": 1.13, "class": "rock", "source": "3dep-lidar-dsm-2m", "stage_ft": 477.9, "shore_buffer_m": 4.0, "verdict": "above_water_at_flight"}}, {"type": "Feature", "geometry": {"type": "Point", "coordinates": [-68.8411001, 45.7700438]}, "properties": {"lon": -68.8411001, "lat": 45.7700438, "area_m2": 116.0, "height_max_m": 0.49, "height_mean_m": 0.29, "class": "rock", "source": "3dep-lidar-dsm-2m", "stage_ft": 477.9, "shore_buffer_m": 4.0, "verdict": "above_water_at_flight"}}, {"type": "Feature", "geometry": {"type": "Point", "coordinates": [-68.7543999, 45.7749936]}, "properties": {"lon": -68.7543999, "lat": 45.7749936, "area_m2": 116.0, "height_max_m": 0.8, "height_mean_m": 0.41, "class": "rock", "source": "3dep-lidar-dsm-2m", "stage_ft": 477.9, "shore_buffer_m": 4.0, "verdict": "above_water_at_flight"}}, {"type": "Feature", "geometry": {"type": "Point", "coordinates": [-68.7602854, 45.7759832]}, "properties": {"lon": -68.7602854, "lat": 45.7759832, "area_m2": 116.0, "height_max_m": 0.86, "height_mean_m": 0.4, "class": "rock", "source": "3dep-lidar-dsm-2m", "stage_ft": 477.9, "shore_buffer_m": 4.0, "verdict": "above_water_at_flight"}}, {"type": "Feature", "geometry": {"type": "Point", "coordinates": [-68.8239008, 45.7275362]}, "properties": {"lon": -68.8239008, "lat": 45.7275362, "area_m2": 112.0, "height_max_m": 0.38, "height_mean_m": 0.23, "class": "rock", "source": "3dep-lidar-dsm-2m", "stage_ft": 477.9, "shore_buffer_m": 4.0, "verdict": "above_water_at_flight"}}, {"type": "Feature", "geometry": {"type": "Point", "coordinates": [-68.8066941, 45.7283356]}, "properties": {"lon": -68.8066941, "lat": 45.7283356, "area_m2": 112.0, "height_max_m": 0.31, "height_mean_m": 0.22, "class": "rock", "source": "3dep-lidar-dsm-2m", "stage_ft": 477.9, "shore_buffer_m": 4.0, "verdict": "above_water_at_flight"}}, {"type": "Feature", "geometry": {"type": "Point", "coordinates": [-68.8078803, 45.7649198]}, "properties": {"lon": -68.8078803, "lat": 45.7649198, "area_m2": 112.0, "height_max_m": 0.17, "height_mean_m": 0.16, "class": "rock", "source": "3dep-lidar-dsm-2m", "stage_ft": 477.9, "shore_buffer_m": 4.0, "verdict": "above_water_at_flight"}}, {"type": "Feature", "geometry": {"type": "Point", "coordinates": [-68.8408444, 45.7688223]}, "properties": {"lon": -68.8408444, "lat": 45.7688223, "area_m2": 112.0, "height_max_m": 0.69, "height_mean_m": 0.35, "class": "rock", "source": "3dep-lidar-dsm-2m", "stage_ft": 477.9, "shore_buffer_m": 4.0, "verdict": "above_water_at_flight"}}, {"type": "Feature", "geometry": {"type": "Point", "coordinates": [-68.7770456, 45.771851]}, "properties": {"lon": -68.7770456, "lat": 45.771851, "area_m2": 112.0, "height_max_m": 1.04, "height_mean_m": 0.5, "class": "rock", "source": "3dep-lidar-dsm-2m", "stage_ft": 477.9, "shore_buffer_m": 4.0, "verdict": "above_water_at_flight"}}, {"type": "Feature", "geometry": {"type": "Point", "coordinates": [-68.7637545, 45.7738637]}, "properties": {"lon": -68.7637545, "lat": 45.7738637, "area_m2": 112.0, "height_max_m": 2.43, "height_mean_m": 0.7, "class": "rock", "source": "3dep-lidar-dsm-2m", "stage_ft": 477.9, "shore_buffer_m": 4.0, "verdict": "above_water_at_flight"}}, {"type": "Feature", "geometry": {"type": "Point", "coordinates": [-68.7459284, 45.7740726]}, "properties": {"lon": -68.7459284, "lat": 45.7740726, "area_m2": 112.0, "height_max_m": 19.79, "height_mean_m": 3.64, "class": "rock", "source": "3dep-lidar-dsm-2m", "stage_ft": 477.9, "shore_buffer_m": 4.0, "verdict": "above_water_at_flight"}}, {"type": "Feature", "geometry": {"type": "Point", "coordinates": [-68.7481683, 45.7823785]}, "properties": {"lon": -68.7481683, "lat": 45.7823785, "area_m2": 112.0, "height_max_m": 44.13, "height_mean_m": 8.0, "class": "rock", "source": "3dep-lidar-dsm-2m", "stage_ft": 477.9, "shore_buffer_m": 4.0, "verdict": "above_water_at_flight"}}, {"type": "Feature", "geometry": {"type": "Point", "coordinates": [-68.8233864, 45.7831228]}, "properties": {"lon": -68.8233864, "lat": 45.7831228, "area_m2": 112.0, "height_max_m": 0.16, "height_mean_m": 0.16, "class": "rock", "source": "3dep-lidar-dsm-2m", "stage_ft": 477.9, "shore_buffer_m": 4.0, "verdict": "above_water_at_flight"}}, {"type": "Feature", "geometry": {"type": "Point", "coordinates": [-68.7891849, 45.7305617]}, "properties": {"lon": -68.7891849, "lat": 45.7305617, "area_m2": 108.0, "height_max_m": 0.18, "height_mean_m": 0.16, "class": "rock", "source": "3dep-lidar-dsm-2m", "stage_ft": 477.9, "shore_buffer_m": 4.0, "verdict": "above_water_at_flight"}}, {"type": "Feature", "geometry": {"type": "Point", "coordinates": [-68.8098528, 45.7312519]}, "properties": {"lon": -68.8098528, "lat": 45.7312519, "area_m2": 108.0, "height_max_m": 0.31, "height_mean_m": 0.23, "class": "rock", "source": "3dep-lidar-dsm-2m", "stage_ft": 477.9, "shore_buffer_m": 4.0, "verdict": "above_water_at_flight"}}, {"type": "Feature", "geometry": {"type": "Point", "coordinates": [-68.7933123, 45.7353727]}, "properties": {"lon": -68.7933123, "lat": 45.7353727, "area_m2": 108.0, "height_max_m": 6.66, "height_mean_m": 2.54, "class": "rock", "source": "3dep-lidar-dsm-2m", "stage_ft": 477.9, "shore_buffer_m": 4.0, "verdict": "above_water_at_flight"}}, {"type": "Feature", "geometry": {"type": "Point", "coordinates": [-68.7864784, 45.7475596]}, "properties": {"lon": -68.7864784, "lat": 45.7475596, "area_m2": 108.0, "height_max_m": 1.44, "height_mean_m": 0.68, "class": "rock", "source": "3dep-lidar-dsm-2m", "stage_ft": 477.9, "shore_buffer_m": 4.0, "verdict": "above_water_at_flight"}}, {"type": "Feature", "geometry": {"type": "Point", "coordinates": [-68.7474788, 45.7702373]}, "properties": {"lon": -68.7474788, "lat": 45.7702373, "area_m2": 108.0, "height_max_m": 1.15, "height_mean_m": 0.46, "class": "rock", "source": "3dep-lidar-dsm-2m", "stage_ft": 477.9, "shore_buffer_m": 4.0, "verdict": "above_water_at_flight"}}, {"type": "Feature", "geometry": {"type": "Point", "coordinates": [-68.8345737, 45.7731178]}, "properties": {"lon": -68.8345737, "lat": 45.7731178, "area_m2": 108.0, "height_max_m": 0.89, "height_mean_m": 0.42, "class": "rock", "source": "3dep-lidar-dsm-2m", "stage_ft": 477.9, "shore_buffer_m": 4.0, "verdict": "above_water_at_flight"}}, {"type": "Feature", "geometry": {"type": "Point", "coordinates": [-68.8337157, 45.7737164]}, "properties": {"lon": -68.8337157, "lat": 45.7737164, "area_m2": 108.0, "height_max_m": 0.88, "height_mean_m": 0.38, "class": "rock", "source": "3dep-lidar-dsm-2m", "stage_ft": 477.9, "shore_buffer_m": 4.0, "verdict": "above_water_at_flight"}}, {"type": "Feature", "geometry": {"type": "Point", "coordinates": [-68.807863, 45.7818197]}, "properties": {"lon": -68.807863, "lat": 45.7818197, "area_m2": 108.0, "height_max_m": 0.2, "height_mean_m": 0.17, "class": "rock", "source": "3dep-lidar-dsm-2m", "stage_ft": 477.9, "shore_buffer_m": 4.0, "verdict": "above_water_at_flight"}}, {"type": "Feature", "geometry": {"type": "Point", "coordinates": [-68.8114904, 45.723632]}, "properties": {"lon": -68.8114904, "lat": 45.723632, "area_m2": 104.0, "height_max_m": 2.36, "height_mean_m": 0.55, "class": "rock", "source": "3dep-lidar-dsm-2m", "stage_ft": 477.9, "shore_buffer_m": 4.0, "verdict": "above_water_at_flight"}}, {"type": "Feature", "geometry": {"type": "Point", "coordinates": [-68.807887, 45.7274476]}, "properties": {"lon": -68.807887, "lat": 45.7274476, "area_m2": 104.0, "height_max_m": 0.58, "height_mean_m": 0.26, "class": "rock", "source": "3dep-lidar-dsm-2m", "stage_ft": 477.9, "shore_buffer_m": 4.0, "verdict": "above_water_at_flight"}}, {"type": "Feature", "geometry": {"type": "Point", "coordinates": [-68.8355903, 45.7289839]}, "properties": {"lon": -68.8355903, "lat": 45.7289839, "area_m2": 104.0, "height_max_m": 3.87, "height_mean_m": 0.87, "class": "rock", "source": "3dep-lidar-dsm-2m", "stage_ft": 477.9, "shore_buffer_m": 4.0, "verdict": "above_water_at_flight"}}, {"type": "Feature", "geometry": {"type": "Point", "coordinates": [-68.8295619, 45.7292958]}, "properties": {"lon": -68.8295619, "lat": 45.7292958, "area_m2": 104.0, "height_max_m": 0.53, "height_mean_m": 0.28, "class": "rock", "source": "3dep-lidar-dsm-2m", "stage_ft": 477.9, "shore_buffer_m": 4.0, "verdict": "above_water_at_flight"}}, {"type": "Feature", "geometry": {"type": "Point", "coordinates": [-68.8104161, 45.7299808]}, "properties": {"lon": -68.8104161, "lat": 45.7299808, "area_m2": 104.0, "height_max_m": 2.33, "height_mean_m": 0.88, "class": "rock", "source": "3dep-lidar-dsm-2m", "stage_ft": 477.9, "shore_buffer_m": 4.0, "verdict": "above_water_at_flight"}}, {"type": "Feature", "geometry": {"type": "Point", "coordinates": [-68.7901059, 45.7343484]}, "properties": {"lon": -68.7901059, "lat": 45.7343484, "area_m2": 104.0, "height_max_m": 0.96, "height_mean_m": 0.38, "class": "rock", "source": "3dep-lidar-dsm-2m", "stage_ft": 477.9, "shore_buffer_m": 4.0, "verdict": "above_water_at_flight"}}, {"type": "Feature", "geometry": {"type": "Point", "coordinates": [-68.8288503, 45.7391133]}, "properties": {"lon": -68.8288503, "lat": 45.7391133, "area_m2": 104.0, "height_max_m": 1.37, "height_mean_m": 0.6, "class": "rock", "source": "3dep-lidar-dsm-2m", "stage_ft": 477.9, "shore_buffer_m": 4.0, "verdict": "above_water_at_flight"}}, {"type": "Feature", "geometry": {"type": "Point", "coordinates": [-68.8328759, 45.7408221]}, "properties": {"lon": -68.8328759, "lat": 45.7408221, "area_m2": 104.0, "height_max_m": 0.94, "height_mean_m": 0.42, "class": "rock", "source": "3dep-lidar-dsm-2m", "stage_ft": 477.9, "shore_buffer_m": 4.0, "verdict": "above_water_at_flight"}}, {"type": "Feature", "geometry": {"type": "Point", "coordinates": [-68.8330186, 45.7408676]}, "properties": {"lon": -68.8330186, "lat": 45.7408676, "area_m2": 104.0, "height_max_m": 2.11, "height_mean_m": 0.87, "class": "rock", "source": "3dep-lidar-dsm-2m", "stage_ft": 477.9, "shore_buffer_m": 4.0, "verdict": "above_water_at_flight"}}, {"type": "Feature", "geometry": {"type": "Point", "coordinates": [-68.8227723, 45.7489501]}, "properties": {"lon": -68.8227723, "lat": 45.7489501, "area_m2": 104.0, "height_max_m": 3.54, "height_mean_m": 0.81, "class": "rock", "source": "3dep-lidar-dsm-2m", "stage_ft": 477.9, "shore_buffer_m": 4.0, "verdict": "above_water_at_flight"}}, {"type": "Feature", "geometry": {"type": "Point", "coordinates": [-68.8364882, 45.7491598]}, "properties": {"lon": -68.8364882, "lat": 45.7491598, "area_m2": 104.0, "height_max_m": 1.12, "height_mean_m": 0.41, "class": "rock", "source": "3dep-lidar-dsm-2m", "stage_ft": 477.9, "shore_buffer_m": 4.0, "verdict": "above_water_at_flight"}}, {"type": "Feature", "geometry": {"type": "Point", "coordinates": [-68.827894, 45.7494075]}, "properties": {"lon": -68.827894, "lat": 45.7494075, "area_m2": 104.0, "height_max_m": 0.64, "height_mean_m": 0.33, "class": "rock", "source": "3dep-lidar-dsm-2m", "stage_ft": 477.9, "shore_buffer_m": 4.0, "verdict": "above_water_at_flight"}}, {"type": "Feature", "geometry": {"type": "Point", "coordinates": [-68.7599933, 45.7526133]}, "properties": {"lon": -68.7599933, "lat": 45.7526133, "area_m2": 104.0, "height_max_m": 0.68, "height_mean_m": 0.31, "class": "rock", "source": "3dep-lidar-dsm-2m", "stage_ft": 477.9, "shore_buffer_m": 4.0, "verdict": "above_water_at_flight"}}, {"type": "Feature", "geometry": {"type": "Point", "coordinates": [-68.7308301, 45.7532838]}, "properties": {"lon": -68.7308301, "lat": 45.7532838, "area_m2": 104.0, "height_max_m": 0.38, "height_mean_m": 0.24, "class": "rock", "source": "3dep-lidar-dsm-2m", "stage_ft": 477.9, "shore_buffer_m": 4.0, "verdict": "above_water_at_flight"}}, {"type": "Feature", "geometry": {"type": "Point", "coordinates": [-68.7403094, 45.7544966]}, "properties": {"lon": -68.7403094, "lat": 45.7544966, "area_m2": 104.0, "height_max_m": 4.73, "height_mean_m": 1.13, "class": "rock", "source": "3dep-lidar-dsm-2m", "stage_ft": 477.9, "shore_buffer_m": 4.0, "verdict": "above_water_at_flight"}}, {"type": "Feature", "geometry": {"type": "Point", "coordinates": [-68.7463547, 45.7596762]}, "properties": {"lon": -68.7463547, "lat": 45.7596762, "area_m2": 104.0, "height_max_m": 14.14, "height_mean_m": 5.7, "class": "rock", "source": "3dep-lidar-dsm-2m", "stage_ft": 477.9, "shore_buffer_m": 4.0, "verdict": "above_water_at_flight"}}, {"type": "Feature", "geometry": {"type": "Point", "coordinates": [-68.7451317, 45.759692]}, "properties": {"lon": -68.7451317, "lat": 45.759692, "area_m2": 104.0, "height_max_m": 9.63, "height_mean_m": 2.99, "class": "rock", "source": "3dep-lidar-dsm-2m", "stage_ft": 477.9, "shore_buffer_m": 4.0, "verdict": "above_water_at_flight"}}, {"type": "Feature", "geometry": {"type": "Point", "coordinates": [-68.7898244, 45.7603598]}, "properties": {"lon": -68.7898244, "lat": 45.7603598, "area_m2": 104.0, "height_max_m": 0.23, "height_mean_m": 0.19, "class": "rock", "source": "3dep-lidar-dsm-2m", "stage_ft": 477.9, "shore_buffer_m": 4.0, "verdict": "above_water_at_flight"}}, {"type": "Feature", "geometry": {"type": "Point", "coordinates": [-68.8368777, 45.7727236]}, "properties": {"lon": -68.8368777, "lat": 45.7727236, "area_m2": 104.0, "height_max_m": 0.61, "height_mean_m": 0.33, "class": "rock", "source": "3dep-lidar-dsm-2m", "stage_ft": 477.9, "shore_buffer_m": 4.0, "verdict": "above_water_at_flight"}}, {"type": "Feature", "geometry": {"type": "Point", "coordinates": [-68.8382225, 45.7733349]}, "properties": {"lon": -68.8382225, "lat": 45.7733349, "area_m2": 104.0, "height_max_m": 0.8, "height_mean_m": 0.43, "class": "rock", "source": "3dep-lidar-dsm-2m", "stage_ft": 477.9, "shore_buffer_m": 4.0, "verdict": "above_water_at_flight"}}, {"type": "Feature", "geometry": {"type": "Point", "coordinates": [-68.8347063, 45.7736763]}, "properties": {"lon": -68.8347063, "lat": 45.7736763, "area_m2": 104.0, "height_max_m": 0.6, "height_mean_m": 0.31, "class": "rock", "source": "3dep-lidar-dsm-2m", "stage_ft": 477.9, "shore_buffer_m": 4.0, "verdict": "above_water_at_flight"}}, {"type": "Feature", "geometry": {"type": "Point", "coordinates": [-68.7652775, 45.7754645]}, "properties": {"lon": -68.7652775, "lat": 45.7754645, "area_m2": 104.0, "height_max_m": 5.96, "height_mean_m": 1.5, "class": "rock", "source": "3dep-lidar-dsm-2m", "stage_ft": 477.9, "shore_buffer_m": 4.0, "verdict": "above_water_at_flight"}}, {"type": "Feature", "geometry": {"type": "Point", "coordinates": [-68.7572224, 45.7821307]}, "properties": {"lon": -68.7572224, "lat": 45.7821307, "area_m2": 104.0, "height_max_m": 4.35, "height_mean_m": 1.48, "class": "rock", "source": "3dep-lidar-dsm-2m", "stage_ft": 477.9, "shore_buffer_m": 4.0, "verdict": "above_water_at_flight"}}, {"type": "Feature", "geometry": {"type": "Point", "coordinates": [-68.8268157, 45.7851164]}, "properties": {"lon": -68.8268157, "lat": 45.7851164, "area_m2": 104.0, "height_max_m": 0.71, "height_mean_m": 0.34, "class": "rock", "source": "3dep-lidar-dsm-2m", "stage_ft": 477.9, "shore_buffer_m": 4.0, "verdict": "above_water_at_flight"}}, {"type": "Feature", "geometry": {"type": "Point", "coordinates": [-68.7876323, 45.7365044]}, "properties": {"lon": -68.7876323, "lat": 45.7365044, "area_m2": 100.0, "height_max_m": 1.76, "height_mean_m": 0.52, "class": "rock", "source": "3dep-lidar-dsm-2m", "stage_ft": 477.9, "shore_buffer_m": 4.0, "verdict": "above_water_at_flight"}}, {"type": "Feature", "geometry": {"type": "Point", "coordinates": [-68.8293808, 45.7409871]}, "properties": {"lon": -68.8293808, "lat": 45.7409871, "area_m2": 100.0, "height_max_m": 1.61, "height_mean_m": 0.61, "class": "rock", "source": "3dep-lidar-dsm-2m", "stage_ft": 477.9, "shore_buffer_m": 4.0, "verdict": "above_water_at_flight"}}, {"type": "Feature", "geometry": {"type": "Point", "coordinates": [-68.8342642, 45.7442372]}, "properties": {"lon": -68.8342642, "lat": 45.7442372, "area_m2": 100.0, "height_max_m": 1.07, "height_mean_m": 0.42, "class": "rock", "source": "3dep-lidar-dsm-2m", "stage_ft": 477.9, "shore_buffer_m": 4.0, "verdict": "above_water_at_flight"}}, {"type": "Feature", "geometry": {"type": "Point", "coordinates": [-68.8322379, 45.7443707]}, "properties": {"lon": -68.8322379, "lat": 45.7443707, "area_m2": 100.0, "height_max_m": 1.22, "height_mean_m": 0.47, "class": "rock", "source": "3dep-lidar-dsm-2m", "stage_ft": 477.9, "shore_buffer_m": 4.0, "verdict": "above_water_at_flight"}}, {"type": "Feature", "geometry": {"type": "Point", "coordinates": [-68.8297725, 45.7445866]}, "properties": {"lon": -68.8297725, "lat": 45.7445866, "area_m2": 100.0, "height_max_m": 8.02, "height_mean_m": 2.92, "class": "rock", "source": "3dep-lidar-dsm-2m", "stage_ft": 477.9, "shore_buffer_m": 4.0, "verdict": "above_water_at_flight"}}, {"type": "Feature", "geometry": {"type": "Point", "coordinates": [-68.8273174, 45.7490449]}, "properties": {"lon": -68.8273174, "lat": 45.7490449, "area_m2": 100.0, "height_max_m": 0.63, "height_mean_m": 0.36, "class": "rock", "source": "3dep-lidar-dsm-2m", "stage_ft": 477.9, "shore_buffer_m": 4.0, "verdict": "above_water_at_flight"}}, {"type": "Feature", "geometry": {"type": "Point", "coordinates": [-68.7273419, 45.7536231]}, "properties": {"lon": -68.7273419, "lat": 45.7536231, "area_m2": 100.0, "height_max_m": 2.46, "height_mean_m": 0.99, "class": "rock", "source": "3dep-lidar-dsm-2m", "stage_ft": 477.9, "shore_buffer_m": 4.0, "verdict": "above_water_at_flight"}}, {"type": "Feature", "geometry": {"type": "Point", "coordinates": [-68.7242582, 45.7543563]}, "properties": {"lon": -68.7242582, "lat": 45.7543563, "area_m2": 100.0, "height_max_m": 2.34, "height_mean_m": 0.88, "class": "rock", "source": "3dep-lidar-dsm-2m", "stage_ft": 477.9, "shore_buffer_m": 4.0, "verdict": "above_water_at_flight"}}, {"type": "Feature", "geometry": {"type": "Point", "coordinates": [-68.7245591, 45.7543499]}, "properties": {"lon": -68.7245591, "lat": 45.7543499, "area_m2": 100.0, "height_max_m": 6.08, "height_mean_m": 1.79, "class": "rock", "source": "3dep-lidar-dsm-2m", "stage_ft": 477.9, "shore_buffer_m": 4.0, "verdict": "above_water_at_flight"}}, {"type": "Feature", "geometry": {"type": "Point", "coordinates": [-68.7464713, 45.7615682]}, "properties": {"lon": -68.7464713, "lat": 45.7615682, "area_m2": 100.0, "height_max_m": 7.94, "height_mean_m": 2.31, "class": "rock", "source": "3dep-lidar-dsm-2m", "stage_ft": 477.9, "shore_buffer_m": 4.0, "verdict": "above_water_at_flight"}}, {"type": "Feature", "geometry": {"type": "Point", "coordinates": [-68.7431989, 45.785073]}, "properties": {"lon": -68.7431989, "lat": 45.785073, "area_m2": 100.0, "height_max_m": 0.26, "height_mean_m": 0.22, "class": "rock", "source": "3dep-lidar-dsm-2m", "stage_ft": 477.9, "shore_buffer_m": 4.0, "verdict": "above_water_at_flight"}}, {"type": "Feature", "geometry": {"type": "Point", "coordinates": [-68.8080139, 45.7878224]}, "properties": {"lon": -68.8080139, "lat": 45.7878224, "area_m2": 100.0, "height_max_m": 0.2, "height_mean_m": 0.17, "class": "rock", "source": "3dep-lidar-dsm-2m", "stage_ft": 477.9, "shore_buffer_m": 4.0, "verdict": "above_water_at_flight"}}, {"type": "Feature", "geometry": {"type": "Point", "coordinates": [-68.8061062, 45.7279556]}, "properties": {"lon": -68.8061062, "lat": 45.7279556, "area_m2": 96.0, "height_max_m": 0.49, "height_mean_m": 0.28, "class": "rock", "source": "3dep-lidar-dsm-2m", "stage_ft": 477.9, "shore_buffer_m": 4.0, "verdict": "above_water_at_flight"}}, {"type": "Feature", "geometry": {"type": "Point", "coordinates": [-68.8342382, 45.7302956]}, "properties": {"lon": -68.8342382, "lat": 45.7302956, "area_m2": 96.0, "height_max_m": 9.99, "height_mean_m": 2.5, "class": "rock", "source": "3dep-lidar-dsm-2m", "stage_ft": 477.9, "shore_buffer_m": 4.0, "verdict": "above_water_at_flight"}}, {"type": "Feature", "geometry": {"type": "Point", "coordinates": [-68.8074686, 45.7306065]}, "properties": {"lon": -68.8074686, "lat": 45.7306065, "area_m2": 96.0, "height_max_m": 0.39, "height_mean_m": 0.24, "class": "rock", "source": "3dep-lidar-dsm-2m", "stage_ft": 477.9, "shore_buffer_m": 4.0, "verdict": "above_water_at_flight"}}, {"type": "Feature", "geometry": {"type": "Point", "coordinates": [-68.7937821, 45.7307926]}, "properties": {"lon": -68.7937821, "lat": 45.7307926, "area_m2": 96.0, "height_max_m": 3.26, "height_mean_m": 0.57, "class": "rock", "source": "3dep-lidar-dsm-2m", "stage_ft": 477.9, "shore_buffer_m": 4.0, "verdict": "above_water_at_flight"}}, {"type": "Feature", "geometry": {"type": "Point", "coordinates": [-68.788735, 45.733572]}, "properties": {"lon": -68.788735, "lat": 45.733572, "area_m2": 96.0, "height_max_m": 0.39, "height_mean_m": 0.25, "class": "rock", "source": "3dep-lidar-dsm-2m", "stage_ft": 477.9, "shore_buffer_m": 4.0, "verdict": "above_water_at_flight"}}, {"type": "Feature", "geometry": {"type": "Point", "coordinates": [-68.7894704, 45.7349644]}, "properties": {"lon": -68.7894704, "lat": 45.7349644, "area_m2": 96.0, "height_max_m": 2.95, "height_mean_m": 0.94, "class": "rock", "source": "3dep-lidar-dsm-2m", "stage_ft": 477.9, "shore_buffer_m": 4.0, "verdict": "above_water_at_flight"}}, {"type": "Feature", "geometry": {"type": "Point", "coordinates": [-68.8277933, 45.7448354]}, "properties": {"lon": -68.8277933, "lat": 45.7448354, "area_m2": 96.0, "height_max_m": 1.15, "height_mean_m": 0.63, "class": "rock", "source": "3dep-lidar-dsm-2m", "stage_ft": 477.9, "shore_buffer_m": 4.0, "verdict": "above_water_at_flight"}}, {"type": "Feature", "geometry": {"type": "Point", "coordinates": [-68.8352668, 45.7472823]}, "properties": {"lon": -68.8352668, "lat": 45.7472823, "area_m2": 96.0, "height_max_m": 3.97, "height_mean_m": 0.78, "class": "rock", "source": "3dep-lidar-dsm-2m", "stage_ft": 477.9, "shore_buffer_m": 4.0, "verdict": "above_water_at_flight"}}, {"type": "Feature", "geometry": {"type": "Point", "coordinates": [-68.8373399, 45.7494496]}, "properties": {"lon": -68.8373399, "lat": 45.7494496, "area_m2": 96.0, "height_max_m": 0.67, "height_mean_m": 0.35, "class": "rock", "source": "3dep-lidar-dsm-2m", "stage_ft": 477.9, "shore_buffer_m": 4.0, "verdict": "above_water_at_flight"}}, {"type": "Feature", "geometry": {"type": "Point", "coordinates": [-68.7397221, 45.7542888]}, "properties": {"lon": -68.7397221, "lat": 45.7542888, "area_m2": 96.0, "height_max_m": 11.96, "height_mean_m": 2.74, "class": "rock", "source": "3dep-lidar-dsm-2m", "stage_ft": 477.9, "shore_buffer_m": 4.0, "verdict": "above_water_at_flight"}}, {"type": "Feature", "geometry": {"type": "Point", "coordinates": [-68.8269773, 45.7576048]}, "properties": {"lon": -68.8269773, "lat": 45.7576048, "area_m2": 96.0, "height_max_m": 0.26, "height_mean_m": 0.21, "class": "rock", "source": "3dep-lidar-dsm-2m", "stage_ft": 477.9, "shore_buffer_m": 4.0, "verdict": "above_water_at_flight"}}, {"type": "Feature", "geometry": {"type": "Point", "coordinates": [-68.7768962, 45.7636614]}, "properties": {"lon": -68.7768962, "lat": 45.7636614, "area_m2": 96.0, "height_max_m": 13.28, "height_mean_m": 4.67, "class": "rock", "source": "3dep-lidar-dsm-2m", "stage_ft": 477.9, "shore_buffer_m": 4.0, "verdict": "above_water_at_flight"}}, {"type": "Feature", "geometry": {"type": "Point", "coordinates": [-68.841366, 45.770333]}, "properties": {"lon": -68.841366, "lat": 45.770333, "area_m2": 96.0, "height_max_m": 0.32, "height_mean_m": 0.2, "class": "rock", "source": "3dep-lidar-dsm-2m", "stage_ft": 477.9, "shore_buffer_m": 4.0, "verdict": "above_water_at_flight"}}, {"type": "Feature", "geometry": {"type": "Point", "coordinates": [-68.8081235, 45.7729009]}, "properties": {"lon": -68.8081235, "lat": 45.7729009, "area_m2": 96.0, "height_max_m": 0.18, "height_mean_m": 0.18, "class": "rock", "source": "3dep-lidar-dsm-2m", "stage_ft": 477.9, "shore_buffer_m": 4.0, "verdict": "above_water_at_flight"}}, {"type": "Feature", "geometry": {"type": "Point", "coordinates": [-68.8344401, 45.7737208]}, "properties": {"lon": -68.8344401, "lat": 45.7737208, "area_m2": 96.0, "height_max_m": 1.2, "height_mean_m": 0.44, "class": "rock", "source": "3dep-lidar-dsm-2m", "stage_ft": 477.9, "shore_buffer_m": 4.0, "verdict": "above_water_at_flight"}}, {"type": "Feature", "geometry": {"type": "Point", "coordinates": [-68.7501749, 45.7737193]}, "properties": {"lon": -68.7501749, "lat": 45.7737193, "area_m2": 96.0, "height_max_m": 36.52, "height_mean_m": 8.95, "class": "rock", "source": "3dep-lidar-dsm-2m", "stage_ft": 477.9, "shore_buffer_m": 4.0, "verdict": "above_water_at_flight"}}, {"type": "Feature", "geometry": {"type": "Point", "coordinates": [-68.7627351, 45.7769598]}, "properties": {"lon": -68.7627351, "lat": 45.7769598, "area_m2": 96.0, "height_max_m": 0.6, "height_mean_m": 0.3, "class": "rock", "source": "3dep-lidar-dsm-2m", "stage_ft": 477.9, "shore_buffer_m": 4.0, "verdict": "above_water_at_flight"}}, {"type": "Feature", "geometry": {"type": "Point", "coordinates": [-68.8031301, 45.787165]}, "properties": {"lon": -68.8031301, "lat": 45.787165, "area_m2": 96.0, "height_max_m": 8.12, "height_mean_m": 3.1, "class": "rock", "source": "3dep-lidar-dsm-2m", "stage_ft": 477.9, "shore_buffer_m": 4.0, "verdict": "above_water_at_flight"}}, {"type": "Feature", "geometry": {"type": "Point", "coordinates": [-68.8340241, 45.7304049]}, "properties": {"lon": -68.8340241, "lat": 45.7304049, "area_m2": 92.0, "height_max_m": 12.22, "height_mean_m": 1.3, "class": "rock", "source": "3dep-lidar-dsm-2m", "stage_ft": 477.9, "shore_buffer_m": 4.0, "verdict": "above_water_at_flight"}}, {"type": "Feature", "geometry": {"type": "Point", "coordinates": [-68.8085227, 45.730635]}, "properties": {"lon": -68.8085227, "lat": 45.730635, "area_m2": 92.0, "height_max_m": 0.2, "height_mean_m": 0.17, "class": "rock", "source": "3dep-lidar-dsm-2m", "stage_ft": 477.9, "shore_buffer_m": 4.0, "verdict": "above_water_at_flight"}}, {"type": "Feature", "geometry": {"type": "Point", "coordinates": [-68.8350872, 45.736317]}, "properties": {"lon": -68.8350872, "lat": 45.736317, "area_m2": 92.0, "height_max_m": 1.03, "height_mean_m": 0.46, "class": "rock", "source": "3dep-lidar-dsm-2m", "stage_ft": 477.9, "shore_buffer_m": 4.0, "verdict": "above_water_at_flight"}}, {"type": "Feature", "geometry": {"type": "Point", "coordinates": [-68.8281302, 45.7436834]}, "properties": {"lon": -68.8281302, "lat": 45.7436834, "area_m2": 92.0, "height_max_m": 9.0, "height_mean_m": 2.7, "class": "rock", "source": "3dep-lidar-dsm-2m", "stage_ft": 477.9, "shore_buffer_m": 4.0, "verdict": "above_water_at_flight"}}, {"type": "Feature", "geometry": {"type": "Point", "coordinates": [-68.7425259, 45.7478634]}, "properties": {"lon": -68.7425259, "lat": 45.7478634, "area_m2": 92.0, "height_max_m": 6.92, "height_mean_m": 2.21, "class": "rock", "source": "3dep-lidar-dsm-2m", "stage_ft": 477.9, "shore_buffer_m": 4.0, "verdict": "above_water_at_flight"}}, {"type": "Feature", "geometry": {"type": "Point", "coordinates": [-68.8339098, 45.7482643]}, "properties": {"lon": -68.8339098, "lat": 45.7482643, "area_m2": 92.0, "height_max_m": 1.82, "height_mean_m": 0.83, "class": "rock", "source": "3dep-lidar-dsm-2m", "stage_ft": 477.9, "shore_buffer_m": 4.0, "verdict": "above_water_at_flight"}}, {"type": "Feature", "geometry": {"type": "Point", "coordinates": [-68.8242371, 45.7498645]}, "properties": {"lon": -68.8242371, "lat": 45.7498645, "area_m2": 92.0, "height_max_m": 1.57, "height_mean_m": 0.56, "class": "rock", "source": "3dep-lidar-dsm-2m", "stage_ft": 477.9, "shore_buffer_m": 4.0, "verdict": "above_water_at_flight"}}, {"type": "Feature", "geometry": {"type": "Point", "coordinates": [-68.7384357, 45.7501406]}, "properties": {"lon": -68.7384357, "lat": 45.7501406, "area_m2": 92.0, "height_max_m": 10.7, "height_mean_m": 2.99, "class": "rock", "source": "3dep-lidar-dsm-2m", "stage_ft": 477.9, "shore_buffer_m": 4.0, "verdict": "above_water_at_flight"}}, {"type": "Feature", "geometry": {"type": "Point", "coordinates": [-68.7289311, 45.7533848]}, "properties": {"lon": -68.7289311, "lat": 45.7533848, "area_m2": 92.0, "height_max_m": 0.58, "height_mean_m": 0.3, "class": "rock", "source": "3dep-lidar-dsm-2m", "stage_ft": 477.9, "shore_buffer_m": 4.0, "verdict": "above_water_at_flight"}}, {"type": "Feature", "geometry": {"type": "Point", "coordinates": [-68.822085, 45.7561618]}, "properties": {"lon": -68.822085, "lat": 45.7561618, "area_m2": 92.0, "height_max_m": 5.08, "height_mean_m": 1.62, "class": "rock", "source": "3dep-lidar-dsm-2m", "stage_ft": 477.9, "shore_buffer_m": 4.0, "verdict": "above_water_at_flight"}}, {"type": "Feature", "geometry": {"type": "Point", "coordinates": [-68.7694444, 45.7679259]}, "properties": {"lon": -68.7694444, "lat": 45.7679259, "area_m2": 92.0, "height_max_m": 1.47, "height_mean_m": 0.46, "class": "rock", "source": "3dep-lidar-dsm-2m", "stage_ft": 477.9, "shore_buffer_m": 4.0, "verdict": "above_water_at_flight"}}, {"type": "Feature", "geometry": {"type": "Point", "coordinates": [-68.8370108, 45.7679438]}, "properties": {"lon": -68.8370108, "lat": 45.7679438, "area_m2": 92.0, "height_max_m": 0.66, "height_mean_m": 0.27, "class": "rock", "source": "3dep-lidar-dsm-2m", "stage_ft": 477.9, "shore_buffer_m": 4.0, "verdict": "above_water_at_flight"}}, {"type": "Feature", "geometry": {"type": "Point", "coordinates": [-68.7512093, 45.7737334]}, "properties": {"lon": -68.7512093, "lat": 45.7737334, "area_m2": 92.0, "height_max_m": 11.64, "height_mean_m": 4.29, "class": "rock", "source": "3dep-lidar-dsm-2m", "stage_ft": 477.9, "shore_buffer_m": 4.0, "verdict": "above_water_at_flight"}}, {"type": "Feature", "geometry": {"type": "Point", "coordinates": [-68.7437661, 45.7746334]}, "properties": {"lon": -68.7437661, "lat": 45.7746334, "area_m2": 92.0, "height_max_m": 3.93, "height_mean_m": 1.03, "class": "rock", "source": "3dep-lidar-dsm-2m", "stage_ft": 477.9, "shore_buffer_m": 4.0, "verdict": "above_water_at_flight"}}, {"type": "Feature", "geometry": {"type": "Point", "coordinates": [-68.8074551, 45.7768832]}, "properties": {"lon": -68.8074551, "lat": 45.7768832, "area_m2": 92.0, "height_max_m": 0.22, "height_mean_m": 0.2, "class": "rock", "source": "3dep-lidar-dsm-2m", "stage_ft": 477.9, "shore_buffer_m": 4.0, "verdict": "above_water_at_flight"}}, {"type": "Feature", "geometry": {"type": "Point", "coordinates": [-68.7896737, 45.7773511]}, "properties": {"lon": -68.7896737, "lat": 45.7773511, "area_m2": 92.0, "height_max_m": 0.21, "height_mean_m": 0.19, "class": "rock", "source": "3dep-lidar-dsm-2m", "stage_ft": 477.9, "shore_buffer_m": 4.0, "verdict": "above_water_at_flight"}}, {"type": "Feature", "geometry": {"type": "Point", "coordinates": [-68.7519767, 45.7800416]}, "properties": {"lon": -68.7519767, "lat": 45.7800416, "area_m2": 92.0, "height_max_m": 2.3, "height_mean_m": 0.87, "class": "rock", "source": "3dep-lidar-dsm-2m", "stage_ft": 477.9, "shore_buffer_m": 4.0, "verdict": "above_water_at_flight"}}, {"type": "Feature", "geometry": {"type": "Point", "coordinates": [-68.8019634, 45.7863428]}, "properties": {"lon": -68.8019634, "lat": 45.7863428, "area_m2": 92.0, "height_max_m": 0.57, "height_mean_m": 0.31, "class": "rock", "source": "3dep-lidar-dsm-2m", "stage_ft": 477.9, "shore_buffer_m": 4.0, "verdict": "above_water_at_flight"}}, {"type": "Feature", "geometry": {"type": "Point", "coordinates": [-68.8122936, 45.7872693]}, "properties": {"lon": -68.8122936, "lat": 45.7872693, "area_m2": 92.0, "height_max_m": 1.29, "height_mean_m": 0.49, "class": "rock", "source": "3dep-lidar-dsm-2m", "stage_ft": 477.9, "shore_buffer_m": 4.0, "verdict": "above_water_at_flight"}}, {"type": "Feature", "geometry": {"type": "Point", "coordinates": [-68.8115876, 45.7232379]}, "properties": {"lon": -68.8115876, "lat": 45.7232379, "area_m2": 88.0, "height_max_m": 3.09, "height_mean_m": 0.91, "class": "rock", "source": "3dep-lidar-dsm-2m", "stage_ft": 477.9, "shore_buffer_m": 4.0, "verdict": "above_water_at_flight"}}, {"type": "Feature", "geometry": {"type": "Point", "coordinates": [-68.8128139, 45.7242863]}, "properties": {"lon": -68.8128139, "lat": 45.7242863, "area_m2": 88.0, "height_max_m": 0.84, "height_mean_m": 0.43, "class": "rock", "source": "3dep-lidar-dsm-2m", "stage_ft": 477.9, "shore_buffer_m": 4.0, "verdict": "above_water_at_flight"}}, {"type": "Feature", "geometry": {"type": "Point", "coordinates": [-68.817083, 45.7287631]}, "properties": {"lon": -68.817083, "lat": 45.7287631, "area_m2": 88.0, "height_max_m": 6.0, "height_mean_m": 1.97, "class": "rock", "source": "3dep-lidar-dsm-2m", "stage_ft": 477.9, "shore_buffer_m": 4.0, "verdict": "above_water_at_flight"}}, {"type": "Feature", "geometry": {"type": "Point", "coordinates": [-68.8167808, 45.7288903]}, "properties": {"lon": -68.8167808, "lat": 45.7288903, "area_m2": 88.0, "height_max_m": 2.88, "height_mean_m": 0.92, "class": "rock", "source": "3dep-lidar-dsm-2m", "stage_ft": 477.9, "shore_buffer_m": 4.0, "verdict": "above_water_at_flight"}}, {"type": "Feature", "geometry": {"type": "Point", "coordinates": [-68.7870376, 45.7301695]}, "properties": {"lon": -68.7870376, "lat": 45.7301695, "area_m2": 88.0, "height_max_m": 0.39, "height_mean_m": 0.26, "class": "rock", "source": "3dep-lidar-dsm-2m", "stage_ft": 477.9, "shore_buffer_m": 4.0, "verdict": "above_water_at_flight"}}, {"type": "Feature", "geometry": {"type": "Point", "coordinates": [-68.791329, 45.7321075]}, "properties": {"lon": -68.791329, "lat": 45.7321075, "area_m2": 88.0, "height_max_m": 1.19, "height_mean_m": 0.44, "class": "rock", "source": "3dep-lidar-dsm-2m", "stage_ft": 477.9, "shore_buffer_m": 4.0, "verdict": "above_water_at_flight"}}, {"type": "Feature", "geometry": {"type": "Point", "coordinates": [-68.8340704, 45.7354812]}, "properties": {"lon": -68.8340704, "lat": 45.7354812, "area_m2": 88.0, "height_max_m": 3.53, "height_mean_m": 1.02, "class": "rock", "source": "3dep-lidar-dsm-2m", "stage_ft": 477.9, "shore_buffer_m": 4.0, "verdict": "above_water_at_flight"}}, {"type": "Feature", "geometry": {"type": "Point", "coordinates": [-68.8333793, 45.743626]}, "properties": {"lon": -68.8333793, "lat": 45.743626, "area_m2": 88.0, "height_max_m": 0.73, "height_mean_m": 0.38, "class": "rock", "source": "3dep-lidar-dsm-2m", "stage_ft": 477.9, "shore_buffer_m": 4.0, "verdict": "above_water_at_flight"}}, {"type": "Feature", "geometry": {"type": "Point", "coordinates": [-68.8342507, 45.7477596]}, "properties": {"lon": -68.8342507, "lat": 45.7477596, "area_m2": 88.0, "height_max_m": 0.96, "height_mean_m": 0.44, "class": "rock", "source": "3dep-lidar-dsm-2m", "stage_ft": 477.9, "shore_buffer_m": 4.0, "verdict": "above_water_at_flight"}}, {"type": "Feature", "geometry": {"type": "Point", "coordinates": [-68.8341348, 45.7483751]}, "properties": {"lon": -68.8341348, "lat": 45.7483751, "area_m2": 88.0, "height_max_m": 1.57, "height_mean_m": 0.63, "class": "rock", "source": "3dep-lidar-dsm-2m", "stage_ft": 477.9, "shore_buffer_m": 4.0, "verdict": "above_water_at_flight"}}, {"type": "Feature", "geometry": {"type": "Point", "coordinates": [-68.8071206, 45.7486833]}, "properties": {"lon": -68.8071206, "lat": 45.7486833, "area_m2": 88.0, "height_max_m": 0.24, "height_mean_m": 0.19, "class": "rock", "source": "3dep-lidar-dsm-2m", "stage_ft": 477.9, "shore_buffer_m": 4.0, "verdict": "above_water_at_flight"}}, {"type": "Feature", "geometry": {"type": "Point", "coordinates": [-68.825073, 45.7491203]}, "properties": {"lon": -68.825073, "lat": 45.7491203, "area_m2": 88.0, "height_max_m": 0.51, "height_mean_m": 0.32, "class": "rock", "source": "3dep-lidar-dsm-2m", "stage_ft": 477.9, "shore_buffer_m": 4.0, "verdict": "above_water_at_flight"}}, {"type": "Feature", "geometry": {"type": "Point", "coordinates": [-68.7696836, 45.749969]}, "properties": {"lon": -68.7696836, "lat": 45.749969, "area_m2": 88.0, "height_max_m": 13.66, "height_mean_m": 4.54, "class": "rock", "source": "3dep-lidar-dsm-2m", "stage_ft": 477.9, "shore_buffer_m": 4.0, "verdict": "above_water_at_flight"}}, {"type": "Feature", "geometry": {"type": "Point", "coordinates": [-68.8229812, 45.7567947]}, "properties": {"lon": -68.8229812, "lat": 45.7567947, "area_m2": 88.0, "height_max_m": 1.8, "height_mean_m": 0.91, "class": "rock", "source": "3dep-lidar-dsm-2m", "stage_ft": 477.9, "shore_buffer_m": 4.0, "verdict": "above_water_at_flight"}}, {"type": "Feature", "geometry": {"type": "Point", "coordinates": [-68.7742432, 45.7643061]}, "properties": {"lon": -68.7742432, "lat": 45.7643061, "area_m2": 88.0, "height_max_m": 3.56, "height_mean_m": 0.7, "class": "rock", "source": "3dep-lidar-dsm-2m", "stage_ft": 477.9, "shore_buffer_m": 4.0, "verdict": "above_water_at_flight"}}, {"type": "Feature", "geometry": {"type": "Point", "coordinates": [-68.8308905, 45.7653749]}, "properties": {"lon": -68.8308905, "lat": 45.7653749, "area_m2": 88.0, "height_max_m": 1.24, "height_mean_m": 0.55, "class": "rock", "source": "3dep-lidar-dsm-2m", "stage_ft": 477.9, "shore_buffer_m": 4.0, "verdict": "above_water_at_flight"}}, {"type": "Feature", "geometry": {"type": "Point", "coordinates": [-68.7487, 45.7676675]}, "properties": {"lon": -68.7487, "lat": 45.7676675, "area_m2": 88.0, "height_max_m": 6.79, "height_mean_m": 3.57, "class": "rock", "source": "3dep-lidar-dsm-2m", "stage_ft": 477.9, "shore_buffer_m": 4.0, "verdict": "above_water_at_flight"}}, {"type": "Feature", "geometry": {"type": "Point", "coordinates": [-68.8408705, 45.7707787]}, "properties": {"lon": -68.8408705, "lat": 45.7707787, "area_m2": 88.0, "height_max_m": 0.2, "height_mean_m": 0.17, "class": "rock", "source": "3dep-lidar-dsm-2m", "stage_ft": 477.9, "shore_buffer_m": 4.0, "verdict": "above_water_at_flight"}}, {"type": "Feature", "geometry": {"type": "Point", "coordinates": [-68.7902292, 45.7751259]}, "properties": {"lon": -68.7902292, "lat": 45.7751259, "area_m2": 88.0, "height_max_m": 0.21, "height_mean_m": 0.17, "class": "rock", "source": "3dep-lidar-dsm-2m", "stage_ft": 477.9, "shore_buffer_m": 4.0, "verdict": "above_water_at_flight"}}, {"type": "Feature", "geometry": {"type": "Point", "coordinates": [-68.771068, 45.7752221]}, "properties": {"lon": -68.771068, "lat": 45.7752221, "area_m2": 88.0, "height_max_m": 1.13, "height_mean_m": 0.36, "class": "rock", "source": "3dep-lidar-dsm-2m", "stage_ft": 477.9, "shore_buffer_m": 4.0, "verdict": "above_water_at_flight"}}, {"type": "Feature", "geometry": {"type": "Point", "coordinates": [-68.7852351, 45.7783757]}, "properties": {"lon": -68.7852351, "lat": 45.7783757, "area_m2": 88.0, "height_max_m": 5.11, "height_mean_m": 1.53, "class": "rock", "source": "3dep-lidar-dsm-2m", "stage_ft": 477.9, "shore_buffer_m": 4.0, "verdict": "above_water_at_flight"}}, {"type": "Feature", "geometry": {"type": "Point", "coordinates": [-68.8202744, 45.7280685]}, "properties": {"lon": -68.8202744, "lat": 45.7280685, "area_m2": 84.0, "height_max_m": 1.25, "height_mean_m": 0.63, "class": "rock", "source": "3dep-lidar-dsm-2m", "stage_ft": 477.9, "shore_buffer_m": 4.0, "verdict": "above_water_at_flight"}}, {"type": "Feature", "geometry": {"type": "Point", "coordinates": [-68.817472, 45.7283965]}, "properties": {"lon": -68.817472, "lat": 45.7283965, "area_m2": 84.0, "height_max_m": 6.6, "height_mean_m": 2.06, "class": "rock", "source": "3dep-lidar-dsm-2m", "stage_ft": 477.9, "shore_buffer_m": 4.0, "verdict": "above_water_at_flight"}}, {"type": "Feature", "geometry": {"type": "Point", "coordinates": [-68.7971836, 45.7288022]}, "properties": {"lon": -68.7971836, "lat": 45.7288022, "area_m2": 84.0, "height_max_m": 2.47, "height_mean_m": 0.82, "class": "rock", "source": "3dep-lidar-dsm-2m", "stage_ft": 477.9, "shore_buffer_m": 4.0, "verdict": "above_water_at_flight"}}, {"type": "Feature", "geometry": {"type": "Point", "coordinates": [-68.7870842, 45.7314073]}, "properties": {"lon": -68.7870842, "lat": 45.7314073, "area_m2": 84.0, "height_max_m": 0.29, "height_mean_m": 0.19, "class": "rock", "source": "3dep-lidar-dsm-2m", "stage_ft": 477.9, "shore_buffer_m": 4.0, "verdict": "above_water_at_flight"}}, {"type": "Feature", "geometry": {"type": "Point", "coordinates": [-68.7918008, 45.7337185]}, "properties": {"lon": -68.7918008, "lat": 45.7337185, "area_m2": 84.0, "height_max_m": 0.55, "height_mean_m": 0.3, "class": "rock", "source": "3dep-lidar-dsm-2m", "stage_ft": 477.9, "shore_buffer_m": 4.0, "verdict": "above_water_at_flight"}}, {"type": "Feature", "geometry": {"type": "Point", "coordinates": [-68.8373162, 45.7343284]}, "properties": {"lon": -68.8373162, "lat": 45.7343284, "area_m2": 84.0, "height_max_m": 0.34, "height_mean_m": 0.25, "class": "rock", "source": "3dep-lidar-dsm-2m", "stage_ft": 477.9, "shore_buffer_m": 4.0, "verdict": "above_water_at_flight"}}, {"type": "Feature", "geometry": {"type": "Point", "coordinates": [-68.8366327, 45.7357428]}, "properties": {"lon": -68.8366327, "lat": 45.7357428, "area_m2": 84.0, "height_max_m": 0.91, "height_mean_m": 0.44, "class": "rock", "source": "3dep-lidar-dsm-2m", "stage_ft": 477.9, "shore_buffer_m": 4.0, "verdict": "above_water_at_flight"}}, {"type": "Feature", "geometry": {"type": "Point", "coordinates": [-68.8368352, 45.7360255]}, "properties": {"lon": -68.8368352, "lat": 45.7360255, "area_m2": 84.0, "height_max_m": 1.07, "height_mean_m": 0.59, "class": "rock", "source": "3dep-lidar-dsm-2m", "stage_ft": 477.9, "shore_buffer_m": 4.0, "verdict": "above_water_at_flight"}}, {"type": "Feature", "geometry": {"type": "Point", "coordinates": [-68.8291628, 45.7402585]}, "properties": {"lon": -68.8291628, "lat": 45.7402585, "area_m2": 84.0, "height_max_m": 0.56, "height_mean_m": 0.33, "class": "rock", "source": "3dep-lidar-dsm-2m", "stage_ft": 477.9, "shore_buffer_m": 4.0, "verdict": "above_water_at_flight"}}, {"type": "Feature", "geometry": {"type": "Point", "coordinates": [-68.7837873, 45.7409512]}, "properties": {"lon": -68.7837873, "lat": 45.7409512, "area_m2": 84.0, "height_max_m": 2.93, "height_mean_m": 0.72, "class": "rock", "source": "3dep-lidar-dsm-2m", "stage_ft": 477.9, "shore_buffer_m": 4.0, "verdict": "above_water_at_flight"}}, {"type": "Feature", "geometry": {"type": "Point", "coordinates": [-68.8290204, 45.7427944]}, "properties": {"lon": -68.8290204, "lat": 45.7427944, "area_m2": 84.0, "height_max_m": 0.54, "height_mean_m": 0.32, "class": "rock", "source": "3dep-lidar-dsm-2m", "stage_ft": 477.9, "shore_buffer_m": 4.0, "verdict": "above_water_at_flight"}}, {"type": "Feature", "geometry": {"type": "Point", "coordinates": [-68.8393861, 45.7484615]}, "properties": {"lon": -68.8393861, "lat": 45.7484615, "area_m2": 84.0, "height_max_m": 0.31, "height_mean_m": 0.23, "class": "rock", "source": "3dep-lidar-dsm-2m", "stage_ft": 477.9, "shore_buffer_m": 4.0, "verdict": "above_water_at_flight"}}, {"type": "Feature", "geometry": {"type": "Point", "coordinates": [-68.7502229, 45.7493694]}, "properties": {"lon": -68.7502229, "lat": 45.7493694, "area_m2": 84.0, "height_max_m": 6.13, "height_mean_m": 1.53, "class": "rock", "source": "3dep-lidar-dsm-2m", "stage_ft": 477.9, "shore_buffer_m": 4.0, "verdict": "above_water_at_flight"}}, {"type": "Feature", "geometry": {"type": "Point", "coordinates": [-68.8368487, 45.7493993]}, "properties": {"lon": -68.8368487, "lat": 45.7493993, "area_m2": 84.0, "height_max_m": 1.22, "height_mean_m": 0.48, "class": "rock", "source": "3dep-lidar-dsm-2m", "stage_ft": 477.9, "shore_buffer_m": 4.0, "verdict": "above_water_at_flight"}}, {"type": "Feature", "geometry": {"type": "Point", "coordinates": [-68.837018, 45.7497333]}, "properties": {"lon": -68.837018, "lat": 45.7497333, "area_m2": 84.0, "height_max_m": 1.28, "height_mean_m": 0.46, "class": "rock", "source": "3dep-lidar-dsm-2m", "stage_ft": 477.9, "shore_buffer_m": 4.0, "verdict": "above_water_at_flight"}}, {"type": "Feature", "geometry": {"type": "Point", "coordinates": [-68.7535063, 45.7511358]}, "properties": {"lon": -68.7535063, "lat": 45.7511358, "area_m2": 84.0, "height_max_m": 0.79, "height_mean_m": 0.39, "class": "rock", "source": "3dep-lidar-dsm-2m", "stage_ft": 477.9, "shore_buffer_m": 4.0, "verdict": "above_water_at_flight"}}, {"type": "Feature", "geometry": {"type": "Point", "coordinates": [-68.7899615, 45.7552065]}, "properties": {"lon": -68.7899615, "lat": 45.7552065, "area_m2": 84.0, "height_max_m": 0.17, "height_mean_m": 0.16, "class": "rock", "source": "3dep-lidar-dsm-2m", "stage_ft": 477.9, "shore_buffer_m": 4.0, "verdict": "above_water_at_flight"}}, {"type": "Feature", "geometry": {"type": "Point", "coordinates": [-68.7457124, 45.7604705]}, "properties": {"lon": -68.7457124, "lat": 45.7604705, "area_m2": 84.0, "height_max_m": 2.74, "height_mean_m": 1.08, "class": "rock", "source": "3dep-lidar-dsm-2m", "stage_ft": 477.9, "shore_buffer_m": 4.0, "verdict": "above_water_at_flight"}}, {"type": "Feature", "geometry": {"type": "Point", "coordinates": [-68.7894941, 45.7610051]}, "properties": {"lon": -68.7894941, "lat": 45.7610051, "area_m2": 84.0, "height_max_m": 0.18, "height_mean_m": 0.17, "class": "rock", "source": "3dep-lidar-dsm-2m", "stage_ft": 477.9, "shore_buffer_m": 4.0, "verdict": "above_water_at_flight"}}, {"type": "Feature", "geometry": {"type": "Point", "coordinates": [-68.7465296, 45.7632583]}, "properties": {"lon": -68.7465296, "lat": 45.7632583, "area_m2": 84.0, "height_max_m": 5.44, "height_mean_m": 1.44, "class": "rock", "source": "3dep-lidar-dsm-2m", "stage_ft": 477.9, "shore_buffer_m": 4.0, "verdict": "above_water_at_flight"}}, {"type": "Feature", "geometry": {"type": "Point", "coordinates": [-68.7593394, 45.7693892]}, "properties": {"lon": -68.7593394, "lat": 45.7693892, "area_m2": 84.0, "height_max_m": 0.69, "height_mean_m": 0.35, "class": "rock", "source": "3dep-lidar-dsm-2m", "stage_ft": 477.9, "shore_buffer_m": 4.0, "verdict": "above_water_at_flight"}}, {"type": "Feature", "geometry": {"type": "Point", "coordinates": [-68.7899517, 45.7715758]}, "properties": {"lon": -68.7899517, "lat": 45.7715758, "area_m2": 84.0, "height_max_m": 0.19, "height_mean_m": 0.17, "class": "rock", "source": "3dep-lidar-dsm-2m", "stage_ft": 477.9, "shore_buffer_m": 4.0, "verdict": "above_water_at_flight"}}, {"type": "Feature", "geometry": {"type": "Point", "coordinates": [-68.8399321, 45.772423]}, "properties": {"lon": -68.8399321, "lat": 45.772423, "area_m2": 84.0, "height_max_m": 0.66, "height_mean_m": 0.33, "class": "rock", "source": "3dep-lidar-dsm-2m", "stage_ft": 477.9, "shore_buffer_m": 4.0, "verdict": "above_water_at_flight"}}, {"type": "Feature", "geometry": {"type": "Point", "coordinates": [-68.8347861, 45.7733592]}, "properties": {"lon": -68.8347861, "lat": 45.7733592, "area_m2": 84.0, "height_max_m": 0.91, "height_mean_m": 0.39, "class": "rock", "source": "3dep-lidar-dsm-2m", "stage_ft": 477.9, "shore_buffer_m": 4.0, "verdict": "above_water_at_flight"}}, {"type": "Feature", "geometry": {"type": "Point", "coordinates": [-68.7513615, 45.7736641]}, "properties": {"lon": -68.7513615, "lat": 45.7736641, "area_m2": 84.0, "height_max_m": 13.35, "height_mean_m": 2.92, "class": "rock", "source": "3dep-lidar-dsm-2m", "stage_ft": 477.9, "shore_buffer_m": 4.0, "verdict": "above_water_at_flight"}}, {"type": "Feature", "geometry": {"type": "Point", "coordinates": [-68.7664744, 45.774912]}, "properties": {"lon": -68.7664744, "lat": 45.774912, "area_m2": 84.0, "height_max_m": 155.92, "height_mean_m": 31.06, "class": "rock", "source": "3dep-lidar-dsm-2m", "stage_ft": 477.9, "shore_buffer_m": 4.0, "verdict": "above_water_at_flight"}}, {"type": "Feature", "geometry": {"type": "Point", "coordinates": [-68.7662818, 45.7750759]}, "properties": {"lon": -68.7662818, "lat": 45.7750759, "area_m2": 84.0, "height_max_m": 54.83, "height_mean_m": 15.48, "class": "rock", "source": "3dep-lidar-dsm-2m", "stage_ft": 477.9, "shore_buffer_m": 4.0, "verdict": "above_water_at_flight"}}, {"type": "Feature", "geometry": {"type": "Point", "coordinates": [-68.7640057, 45.776592]}, "properties": {"lon": -68.7640057, "lat": 45.776592, "area_m2": 84.0, "height_max_m": 0.23, "height_mean_m": 0.19, "class": "rock", "source": "3dep-lidar-dsm-2m", "stage_ft": 477.9, "shore_buffer_m": 4.0, "verdict": "above_water_at_flight"}}, {"type": "Feature", "geometry": {"type": "Point", "coordinates": [-68.7897039, 45.7789127]}, "properties": {"lon": -68.7897039, "lat": 45.7789127, "area_m2": 84.0, "height_max_m": 0.96, "height_mean_m": 0.56, "class": "rock", "source": "3dep-lidar-dsm-2m", "stage_ft": 477.9, "shore_buffer_m": 4.0, "verdict": "above_water_at_flight"}}, {"type": "Feature", "geometry": {"type": "Point", "coordinates": [-68.7550266, 45.7802579]}, "properties": {"lon": -68.7550266, "lat": 45.7802579, "area_m2": 84.0, "height_max_m": 24.23, "height_mean_m": 4.7, "class": "rock", "source": "3dep-lidar-dsm-2m", "stage_ft": 477.9, "shore_buffer_m": 4.0, "verdict": "above_water_at_flight"}}, {"type": "Feature", "geometry": {"type": "Point", "coordinates": [-68.7433345, 45.7838401]}, "properties": {"lon": -68.7433345, "lat": 45.7838401, "area_m2": 84.0, "height_max_m": 4.05, "height_mean_m": 0.94, "class": "rock", "source": "3dep-lidar-dsm-2m", "stage_ft": 477.9, "shore_buffer_m": 4.0, "verdict": "above_water_at_flight"}}, {"type": "Feature", "geometry": {"type": "Point", "coordinates": [-68.7446683, 45.785117]}, "properties": {"lon": -68.7446683, "lat": 45.785117, "area_m2": 84.0, "height_max_m": 7.72, "height_mean_m": 2.22, "class": "rock", "source": "3dep-lidar-dsm-2m", "stage_ft": 477.9, "shore_buffer_m": 4.0, "verdict": "above_water_at_flight"}}, {"type": "Feature", "geometry": {"type": "Point", "coordinates": [-68.79491, 45.7863538]}, "properties": {"lon": -68.79491, "lat": 45.7863538, "area_m2": 84.0, "height_max_m": 2.13, "height_mean_m": 0.83, "class": "rock", "source": "3dep-lidar-dsm-2m", "stage_ft": 477.9, "shore_buffer_m": 4.0, "verdict": "above_water_at_flight"}}, {"type": "Feature", "geometry": {"type": "Point", "coordinates": [-68.8256261, 45.7269502]}, "properties": {"lon": -68.8256261, "lat": 45.7269502, "area_m2": 80.0, "height_max_m": 3.81, "height_mean_m": 0.9, "class": "rock", "source": "3dep-lidar-dsm-2m", "stage_ft": 477.9, "shore_buffer_m": 4.0, "verdict": "above_water_at_flight"}}, {"type": "Feature", "geometry": {"type": "Point", "coordinates": [-68.8063525, 45.7285447]}, "properties": {"lon": -68.8063525, "lat": 45.7285447, "area_m2": 80.0, "height_max_m": 0.29, "height_mean_m": 0.2, "class": "rock", "source": "3dep-lidar-dsm-2m", "stage_ft": 477.9, "shore_buffer_m": 4.0, "verdict": "above_water_at_flight"}}, {"type": "Feature", "geometry": {"type": "Point", "coordinates": [-68.8303504, 45.729698]}, "properties": {"lon": -68.8303504, "lat": 45.729698, "area_m2": 80.0, "height_max_m": 0.6, "height_mean_m": 0.33, "class": "rock", "source": "3dep-lidar-dsm-2m", "stage_ft": 477.9, "shore_buffer_m": 4.0, "verdict": "above_water_at_flight"}}, {"type": "Feature", "geometry": {"type": "Point", "coordinates": [-68.8369777, 45.7344396]}, "properties": {"lon": -68.8369777, "lat": 45.7344396, "area_m2": 80.0, "height_max_m": 0.56, "height_mean_m": 0.41, "class": "rock", "source": "3dep-lidar-dsm-2m", "stage_ft": 477.9, "shore_buffer_m": 4.0, "verdict": "above_water_at_flight"}}, {"type": "Feature", "geometry": {"type": "Point", "coordinates": [-68.8259327, 45.7393344]}, "properties": {"lon": -68.8259327, "lat": 45.7393344, "area_m2": 80.0, "height_max_m": 3.31, "height_mean_m": 0.99, "class": "rock", "source": "3dep-lidar-dsm-2m", "stage_ft": 477.9, "shore_buffer_m": 4.0, "verdict": "above_water_at_flight"}}, {"type": "Feature", "geometry": {"type": "Point", "coordinates": [-68.7897096, 45.7404071]}, "properties": {"lon": -68.7897096, "lat": 45.7404071, "area_m2": 80.0, "height_max_m": 0.6, "height_mean_m": 0.33, "class": "rock", "source": "3dep-lidar-dsm-2m", "stage_ft": 477.9, "shore_buffer_m": 4.0, "verdict": "above_water_at_flight"}}, {"type": "Feature", "geometry": {"type": "Point", "coordinates": [-68.8233148, 45.7418447]}, "properties": {"lon": -68.8233148, "lat": 45.7418447, "area_m2": 80.0, "height_max_m": 0.63, "height_mean_m": 0.38, "class": "rock", "source": "3dep-lidar-dsm-2m", "stage_ft": 477.9, "shore_buffer_m": 4.0, "verdict": "above_water_at_flight"}}, {"type": "Feature", "geometry": {"type": "Point", "coordinates": [-68.8353608, 45.7454768]}, "properties": {"lon": -68.8353608, "lat": 45.7454768, "area_m2": 80.0, "height_max_m": 1.2, "height_mean_m": 0.49, "class": "rock", "source": "3dep-lidar-dsm-2m", "stage_ft": 477.9, "shore_buffer_m": 4.0, "verdict": "above_water_at_flight"}}, {"type": "Feature", "geometry": {"type": "Point", "coordinates": [-68.8276784, 45.7457226]}, "properties": {"lon": -68.8276784, "lat": 45.7457226, "area_m2": 80.0, "height_max_m": 0.94, "height_mean_m": 0.49, "class": "rock", "source": "3dep-lidar-dsm-2m", "stage_ft": 477.9, "shore_buffer_m": 4.0, "verdict": "above_water_at_flight"}}, {"type": "Feature", "geometry": {"type": "Point", "coordinates": [-68.7798821, 45.7461234]}, "properties": {"lon": -68.7798821, "lat": 45.7461234, "area_m2": 80.0, "height_max_m": 5.02, "height_mean_m": 1.77, "class": "rock", "source": "3dep-lidar-dsm-2m", "stage_ft": 477.9, "shore_buffer_m": 4.0, "verdict": "above_water_at_flight"}}, {"type": "Feature", "geometry": {"type": "Point", "coordinates": [-68.8369738, 45.7467853]}, "properties": {"lon": -68.8369738, "lat": 45.7467853, "area_m2": 80.0, "height_max_m": 0.71, "height_mean_m": 0.4, "class": "rock", "source": "3dep-lidar-dsm-2m", "stage_ft": 477.9, "shore_buffer_m": 4.0, "verdict": "above_water_at_flight"}}, {"type": "Feature", "geometry": {"type": "Point", "coordinates": [-68.8333781, 45.748248]}, "properties": {"lon": -68.8333781, "lat": 45.748248, "area_m2": 80.0, "height_max_m": 0.72, "height_mean_m": 0.36, "class": "rock", "source": "3dep-lidar-dsm-2m", "stage_ft": 477.9, "shore_buffer_m": 4.0, "verdict": "above_water_at_flight"}}, {"type": "Feature", "geometry": {"type": "Point", "coordinates": [-68.8237631, 45.7492265]}, "properties": {"lon": -68.8237631, "lat": 45.7492265, "area_m2": 80.0, "height_max_m": 0.83, "height_mean_m": 0.45, "class": "rock", "source": "3dep-lidar-dsm-2m", "stage_ft": 477.9, "shore_buffer_m": 4.0, "verdict": "above_water_at_flight"}}, {"type": "Feature", "geometry": {"type": "Point", "coordinates": [-68.8096764, 45.7493045]}, "properties": {"lon": -68.8096764, "lat": 45.7493045, "area_m2": 80.0, "height_max_m": 1.4, "height_mean_m": 0.64, "class": "rock", "source": "3dep-lidar-dsm-2m", "stage_ft": 477.9, "shore_buffer_m": 4.0, "verdict": "above_water_at_flight"}}, {"type": "Feature", "geometry": {"type": "Point", "coordinates": [-68.8258206, 45.7497834]}, "properties": {"lon": -68.8258206, "lat": 45.7497834, "area_m2": 80.0, "height_max_m": 0.91, "height_mean_m": 0.38, "class": "rock", "source": "3dep-lidar-dsm-2m", "stage_ft": 477.9, "shore_buffer_m": 4.0, "verdict": "above_water_at_flight"}}, {"type": "Feature", "geometry": {"type": "Point", "coordinates": [-68.8278536, 45.7501116]}, "properties": {"lon": -68.8278536, "lat": 45.7501116, "area_m2": 80.0, "height_max_m": 0.57, "height_mean_m": 0.29, "class": "rock", "source": "3dep-lidar-dsm-2m", "stage_ft": 477.9, "shore_buffer_m": 4.0, "verdict": "above_water_at_flight"}}, {"type": "Feature", "geometry": {"type": "Point", "coordinates": [-68.8256866, 45.7507062]}, "properties": {"lon": -68.8256866, "lat": 45.7507062, "area_m2": 80.0, "height_max_m": 1.17, "height_mean_m": 0.55, "class": "rock", "source": "3dep-lidar-dsm-2m", "stage_ft": 477.9, "shore_buffer_m": 4.0, "verdict": "above_water_at_flight"}}, {"type": "Feature", "geometry": {"type": "Point", "coordinates": [-68.8201674, 45.7597445]}, "properties": {"lon": -68.8201674, "lat": 45.7597445, "area_m2": 80.0, "height_max_m": 1.39, "height_mean_m": 0.51, "class": "rock", "source": "3dep-lidar-dsm-2m", "stage_ft": 477.9, "shore_buffer_m": 4.0, "verdict": "above_water_at_flight"}}, {"type": "Feature", "geometry": {"type": "Point", "coordinates": [-68.7761524, 45.7722669]}, "properties": {"lon": -68.7761524, "lat": 45.7722669, "area_m2": 80.0, "height_max_m": 0.99, "height_mean_m": 0.51, "class": "rock", "source": "3dep-lidar-dsm-2m", "stage_ft": 477.9, "shore_buffer_m": 4.0, "verdict": "above_water_at_flight"}}, {"type": "Feature", "geometry": {"type": "Point", "coordinates": [-68.7756474, 45.7724704]}, "properties": {"lon": -68.7756474, "lat": 45.7724704, "area_m2": 80.0, "height_max_m": 0.5, "height_mean_m": 0.25, "class": "rock", "source": "3dep-lidar-dsm-2m", "stage_ft": 477.9, "shore_buffer_m": 4.0, "verdict": "above_water_at_flight"}}, {"type": "Feature", "geometry": {"type": "Point", "coordinates": [-68.7477418, 45.7749663]}, "properties": {"lon": -68.7477418, "lat": 45.7749663, "area_m2": 80.0, "height_max_m": 0.86, "height_mean_m": 0.34, "class": "rock", "source": "3dep-lidar-dsm-2m", "stage_ft": 477.9, "shore_buffer_m": 4.0, "verdict": "above_water_at_flight"}}, {"type": "Feature", "geometry": {"type": "Point", "coordinates": [-68.7473618, 45.7750677]}, "properties": {"lon": -68.7473618, "lat": 45.7750677, "area_m2": 80.0, "height_max_m": 0.78, "height_mean_m": 0.29, "class": "rock", "source": "3dep-lidar-dsm-2m", "stage_ft": 477.9, "shore_buffer_m": 4.0, "verdict": "above_water_at_flight"}}, {"type": "Feature", "geometry": {"type": "Point", "coordinates": [-68.768452, 45.7755528]}, "properties": {"lon": -68.768452, "lat": 45.7755528, "area_m2": 80.0, "height_max_m": 0.68, "height_mean_m": 0.32, "class": "rock", "source": "3dep-lidar-dsm-2m", "stage_ft": 477.9, "shore_buffer_m": 4.0, "verdict": "above_water_at_flight"}}, {"type": "Feature", "geometry": {"type": "Point", "coordinates": [-68.737935, 45.7760183]}, "properties": {"lon": -68.737935, "lat": 45.7760183, "area_m2": 80.0, "height_max_m": 0.37, "height_mean_m": 0.28, "class": "rock", "source": "3dep-lidar-dsm-2m", "stage_ft": 477.9, "shore_buffer_m": 4.0, "verdict": "above_water_at_flight"}}, {"type": "Feature", "geometry": {"type": "Point", "coordinates": [-68.7889521, 45.7785402]}, "properties": {"lon": -68.7889521, "lat": 45.7785402, "area_m2": 80.0, "height_max_m": 1.42, "height_mean_m": 0.69, "class": "rock", "source": "3dep-lidar-dsm-2m", "stage_ft": 477.9, "shore_buffer_m": 4.0, "verdict": "above_water_at_flight"}}, {"type": "Feature", "geometry": {"type": "Point", "coordinates": [-68.7806294, 45.7787536]}, "properties": {"lon": -68.7806294, "lat": 45.7787536, "area_m2": 80.0, "height_max_m": 2.33, "height_mean_m": 0.71, "class": "rock", "source": "3dep-lidar-dsm-2m", "stage_ft": 477.9, "shore_buffer_m": 4.0, "verdict": "above_water_at_flight"}}, {"type": "Feature", "geometry": {"type": "Point", "coordinates": [-68.8071538, 45.7796352]}, "properties": {"lon": -68.8071538, "lat": 45.7796352, "area_m2": 80.0, "height_max_m": 0.2, "height_mean_m": 0.18, "class": "rock", "source": "3dep-lidar-dsm-2m", "stage_ft": 477.9, "shore_buffer_m": 4.0, "verdict": "above_water_at_flight"}}, {"type": "Feature", "geometry": {"type": "Point", "coordinates": [-68.7554474, 45.7800262]}, "properties": {"lon": -68.7554474, "lat": 45.7800262, "area_m2": 80.0, "height_max_m": 0.3, "height_mean_m": 0.2, "class": "rock", "source": "3dep-lidar-dsm-2m", "stage_ft": 477.9, "shore_buffer_m": 4.0, "verdict": "above_water_at_flight"}}, {"type": "Feature", "geometry": {"type": "Point", "coordinates": [-68.7481374, 45.782488]}, "properties": {"lon": -68.7481374, "lat": 45.782488, "area_m2": 80.0, "height_max_m": 3.81, "height_mean_m": 1.17, "class": "rock", "source": "3dep-lidar-dsm-2m", "stage_ft": 477.9, "shore_buffer_m": 4.0, "verdict": "above_water_at_flight"}}, {"type": "Feature", "geometry": {"type": "Point", "coordinates": [-68.7951825, 45.7874421]}, "properties": {"lon": -68.7951825, "lat": 45.7874421, "area_m2": 80.0, "height_max_m": 1.48, "height_mean_m": 0.54, "class": "rock", "source": "3dep-lidar-dsm-2m", "stage_ft": 477.9, "shore_buffer_m": 4.0, "verdict": "above_water_at_flight"}}, {"type": "Feature", "geometry": {"type": "Point", "coordinates": [-68.8213179, 45.7877739]}, "properties": {"lon": -68.8213179, "lat": 45.7877739, "area_m2": 80.0, "height_max_m": 1.05, "height_mean_m": 0.35, "class": "rock", "source": "3dep-lidar-dsm-2m", "stage_ft": 477.9, "shore_buffer_m": 4.0, "verdict": "above_water_at_flight"}}, {"type": "Feature", "geometry": {"type": "Point", "coordinates": [-68.8206254, 45.7257556]}, "properties": {"lon": -68.8206254, "lat": 45.7257556, "area_m2": 76.0, "height_max_m": 4.56, "height_mean_m": 1.65, "class": "rock", "source": "3dep-lidar-dsm-2m", "stage_ft": 477.9, "shore_buffer_m": 4.0, "verdict": "above_water_at_flight"}}, {"type": "Feature", "geometry": {"type": "Point", "coordinates": [-68.8268827, 45.7275436]}, "properties": {"lon": -68.8268827, "lat": 45.7275436, "area_m2": 76.0, "height_max_m": 2.74, "height_mean_m": 0.69, "class": "rock", "source": "3dep-lidar-dsm-2m", "stage_ft": 477.9, "shore_buffer_m": 4.0, "verdict": "above_water_at_flight"}}, {"type": "Feature", "geometry": {"type": "Point", "coordinates": [-68.8189167, 45.7275936]}, "properties": {"lon": -68.8189167, "lat": 45.7275936, "area_m2": 76.0, "height_max_m": 1.28, "height_mean_m": 0.56, "class": "rock", "source": "3dep-lidar-dsm-2m", "stage_ft": 477.9, "shore_buffer_m": 4.0, "verdict": "above_water_at_flight"}}, {"type": "Feature", "geometry": {"type": "Point", "coordinates": [-68.8181667, 45.7276248]}, "properties": {"lon": -68.8181667, "lat": 45.7276248, "area_m2": 76.0, "height_max_m": 3.98, "height_mean_m": 1.05, "class": "rock", "source": "3dep-lidar-dsm-2m", "stage_ft": 477.9, "shore_buffer_m": 4.0, "verdict": "above_water_at_flight"}}, {"type": "Feature", "geometry": {"type": "Point", "coordinates": [-68.7915739, 45.7312801]}, "properties": {"lon": -68.7915739, "lat": 45.7312801, "area_m2": 76.0, "height_max_m": 0.78, "height_mean_m": 0.51, "class": "rock", "source": "3dep-lidar-dsm-2m", "stage_ft": 477.9, "shore_buffer_m": 4.0, "verdict": "above_water_at_flight"}}, {"type": "Feature", "geometry": {"type": "Point", "coordinates": [-68.8372952, 45.7315406]}, "properties": {"lon": -68.8372952, "lat": 45.7315406, "area_m2": 76.0, "height_max_m": 0.34, "height_mean_m": 0.22, "class": "rock", "source": "3dep-lidar-dsm-2m", "stage_ft": 477.9, "shore_buffer_m": 4.0, "verdict": "above_water_at_flight"}}, {"type": "Feature", "geometry": {"type": "Point", "coordinates": [-68.7838954, 45.7384783]}, "properties": {"lon": -68.7838954, "lat": 45.7384783, "area_m2": 76.0, "height_max_m": 0.42, "height_mean_m": 0.21, "class": "rock", "source": "3dep-lidar-dsm-2m", "stage_ft": 477.9, "shore_buffer_m": 4.0, "verdict": "above_water_at_flight"}}, {"type": "Feature", "geometry": {"type": "Point", "coordinates": [-68.8223776, 45.7398141]}, "properties": {"lon": -68.8223776, "lat": 45.7398141, "area_m2": 76.0, "height_max_m": 1.56, "height_mean_m": 0.7, "class": "rock", "source": "3dep-lidar-dsm-2m", "stage_ft": 477.9, "shore_buffer_m": 4.0, "verdict": "above_water_at_flight"}}, {"type": "Feature", "geometry": {"type": "Point", "coordinates": [-68.7823494, 45.7407666]}, "properties": {"lon": -68.7823494, "lat": 45.7407666, "area_m2": 76.0, "height_max_m": 3.42, "height_mean_m": 1.4, "class": "rock", "source": "3dep-lidar-dsm-2m", "stage_ft": 477.9, "shore_buffer_m": 4.0, "verdict": "above_water_at_flight"}}, {"type": "Feature", "geometry": {"type": "Point", "coordinates": [-68.8221579, 45.7420571]}, "properties": {"lon": -68.8221579, "lat": 45.7420571, "area_m2": 76.0, "height_max_m": 0.55, "height_mean_m": 0.32, "class": "rock", "source": "3dep-lidar-dsm-2m", "stage_ft": 477.9, "shore_buffer_m": 4.0, "verdict": "above_water_at_flight"}}, {"type": "Feature", "geometry": {"type": "Point", "coordinates": [-68.7352313, 45.7442454]}, "properties": {"lon": -68.7352313, "lat": 45.7442454, "area_m2": 76.0, "height_max_m": 0.85, "height_mean_m": 0.47, "class": "rock", "source": "3dep-lidar-dsm-2m", "stage_ft": 477.9, "shore_buffer_m": 4.0, "verdict": "above_water_at_flight"}}, {"type": "Feature", "geometry": {"type": "Point", "coordinates": [-68.8341747, 45.7476146]}, "properties": {"lon": -68.8341747, "lat": 45.7476146, "area_m2": 76.0, "height_max_m": 1.38, "height_mean_m": 0.38, "class": "rock", "source": "3dep-lidar-dsm-2m", "stage_ft": 477.9, "shore_buffer_m": 4.0, "verdict": "above_water_at_flight"}}, {"type": "Feature", "geometry": {"type": "Point", "coordinates": [-68.8271349, 45.749143]}, "properties": {"lon": -68.8271349, "lat": 45.749143, "area_m2": 76.0, "height_max_m": 0.58, "height_mean_m": 0.31, "class": "rock", "source": "3dep-lidar-dsm-2m", "stage_ft": 477.9, "shore_buffer_m": 4.0, "verdict": "above_water_at_flight"}}, {"type": "Feature", "geometry": {"type": "Point", "coordinates": [-68.8369752, 45.7493167]}, "properties": {"lon": -68.8369752, "lat": 45.7493167, "area_m2": 76.0, "height_max_m": 1.01, "height_mean_m": 0.48, "class": "rock", "source": "3dep-lidar-dsm-2m", "stage_ft": 477.9, "shore_buffer_m": 4.0, "verdict": "above_water_at_flight"}}, {"type": "Feature", "geometry": {"type": "Point", "coordinates": [-68.7385565, 45.749463]}, "properties": {"lon": -68.7385565, "lat": 45.749463, "area_m2": 76.0, "height_max_m": 5.85, "height_mean_m": 1.53, "class": "rock", "source": "3dep-lidar-dsm-2m", "stage_ft": 477.9, "shore_buffer_m": 4.0, "verdict": "above_water_at_flight"}}, {"type": "Feature", "geometry": {"type": "Point", "coordinates": [-68.7335795, 45.7513502]}, "properties": {"lon": -68.7335795, "lat": 45.7513502, "area_m2": 76.0, "height_max_m": 0.22, "height_mean_m": 0.17, "class": "rock", "source": "3dep-lidar-dsm-2m", "stage_ft": 477.9, "shore_buffer_m": 4.0, "verdict": "above_water_at_flight"}}, {"type": "Feature", "geometry": {"type": "Point", "coordinates": [-68.7601099, 45.7524943]}, "properties": {"lon": -68.7601099, "lat": 45.7524943, "area_m2": 76.0, "height_max_m": 1.51, "height_mean_m": 0.37, "class": "rock", "source": "3dep-lidar-dsm-2m", "stage_ft": 477.9, "shore_buffer_m": 4.0, "verdict": "above_water_at_flight"}}, {"type": "Feature", "geometry": {"type": "Point", "coordinates": [-68.7900523, 45.7555369]}, "properties": {"lon": -68.7900523, "lat": 45.7555369, "area_m2": 76.0, "height_max_m": 0.16, "height_mean_m": 0.15, "class": "rock", "source": "3dep-lidar-dsm-2m", "stage_ft": 477.9, "shore_buffer_m": 4.0, "verdict": "above_water_at_flight"}}, {"type": "Feature", "geometry": {"type": "Point", "coordinates": [-68.8205007, 45.7565206]}, "properties": {"lon": -68.8205007, "lat": 45.7565206, "area_m2": 76.0, "height_max_m": 0.53, "height_mean_m": 0.28, "class": "rock", "source": "3dep-lidar-dsm-2m", "stage_ft": 477.9, "shore_buffer_m": 4.0, "verdict": "above_water_at_flight"}}, {"type": "Feature", "geometry": {"type": "Point", "coordinates": [-68.8355336, 45.7725408]}, "properties": {"lon": -68.8355336, "lat": 45.7725408, "area_m2": 76.0, "height_max_m": 0.86, "height_mean_m": 0.44, "class": "rock", "source": "3dep-lidar-dsm-2m", "stage_ft": 477.9, "shore_buffer_m": 4.0, "verdict": "above_water_at_flight"}}, {"type": "Feature", "geometry": {"type": "Point", "coordinates": [-68.8349464, 45.7735735]}, "properties": {"lon": -68.8349464, "lat": 45.7735735, "area_m2": 76.0, "height_max_m": 0.41, "height_mean_m": 0.25, "class": "rock", "source": "3dep-lidar-dsm-2m", "stage_ft": 477.9, "shore_buffer_m": 4.0, "verdict": "above_water_at_flight"}}, {"type": "Feature", "geometry": {"type": "Point", "coordinates": [-68.7678467, 45.7750255]}, "properties": {"lon": -68.7678467, "lat": 45.7750255, "area_m2": 76.0, "height_max_m": 0.65, "height_mean_m": 0.36, "class": "rock", "source": "3dep-lidar-dsm-2m", "stage_ft": 477.9, "shore_buffer_m": 4.0, "verdict": "above_water_at_flight"}}, {"type": "Feature", "geometry": {"type": "Point", "coordinates": [-68.763286, 45.7764547]}, "properties": {"lon": -68.763286, "lat": 45.7764547, "area_m2": 76.0, "height_max_m": 0.77, "height_mean_m": 0.36, "class": "rock", "source": "3dep-lidar-dsm-2m", "stage_ft": 477.9, "shore_buffer_m": 4.0, "verdict": "above_water_at_flight"}}, {"type": "Feature", "geometry": {"type": "Point", "coordinates": [-68.7488321, 45.7765642]}, "properties": {"lon": -68.7488321, "lat": 45.7765642, "area_m2": 76.0, "height_max_m": 5.15, "height_mean_m": 2.08, "class": "rock", "source": "3dep-lidar-dsm-2m", "stage_ft": 477.9, "shore_buffer_m": 4.0, "verdict": "above_water_at_flight"}}, {"type": "Feature", "geometry": {"type": "Point", "coordinates": [-68.7860137, 45.7781691]}, "properties": {"lon": -68.7860137, "lat": 45.7781691, "area_m2": 76.0, "height_max_m": 4.48, "height_mean_m": 1.71, "class": "rock", "source": "3dep-lidar-dsm-2m", "stage_ft": 477.9, "shore_buffer_m": 4.0, "verdict": "above_water_at_flight"}}, {"type": "Feature", "geometry": {"type": "Point", "coordinates": [-68.8338384, 45.7790621]}, "properties": {"lon": -68.8338384, "lat": 45.7790621, "area_m2": 76.0, "height_max_m": 0.66, "height_mean_m": 0.33, "class": "rock", "source": "3dep-lidar-dsm-2m", "stage_ft": 477.9, "shore_buffer_m": 4.0, "verdict": "above_water_at_flight"}}, {"type": "Feature", "geometry": {"type": "Point", "coordinates": [-68.7547558, 45.7801921]}, "properties": {"lon": -68.7547558, "lat": 45.7801921, "area_m2": 76.0, "height_max_m": 457.49, "height_mean_m": 69.11, "class": "rock", "source": "3dep-lidar-dsm-2m", "stage_ft": 477.9, "shore_buffer_m": 4.0, "verdict": "above_water_at_flight"}}, {"type": "Feature", "geometry": {"type": "Point", "coordinates": [-68.756158, 45.7824153]}, "properties": {"lon": -68.756158, "lat": 45.7824153, "area_m2": 76.0, "height_max_m": 0.18, "height_mean_m": 0.17, "class": "rock", "source": "3dep-lidar-dsm-2m", "stage_ft": 477.9, "shore_buffer_m": 4.0, "verdict": "above_water_at_flight"}}, {"type": "Feature", "geometry": {"type": "Point", "coordinates": [-68.7538404, 45.7825456]}, "properties": {"lon": -68.7538404, "lat": 45.7825456, "area_m2": 76.0, "height_max_m": 7.5, "height_mean_m": 3.74, "class": "rock", "source": "3dep-lidar-dsm-2m", "stage_ft": 477.9, "shore_buffer_m": 4.0, "verdict": "above_water_at_flight"}}, {"type": "Feature", "geometry": {"type": "Point", "coordinates": [-68.7964018, 45.7863642]}, "properties": {"lon": -68.7964018, "lat": 45.7863642, "area_m2": 76.0, "height_max_m": 0.65, "height_mean_m": 0.34, "class": "rock", "source": "3dep-lidar-dsm-2m", "stage_ft": 477.9, "shore_buffer_m": 4.0, "verdict": "above_water_at_flight"}}, {"type": "Feature", "geometry": {"type": "Point", "coordinates": [-68.8090588, 45.7880351]}, "properties": {"lon": -68.8090588, "lat": 45.7880351, "area_m2": 76.0, "height_max_m": 1.01, "height_mean_m": 0.49, "class": "rock", "source": "3dep-lidar-dsm-2m", "stage_ft": 477.9, "shore_buffer_m": 4.0, "verdict": "above_water_at_flight"}}, {"type": "Feature", "geometry": {"type": "Point", "coordinates": [-68.7949896, 45.7295323]}, "properties": {"lon": -68.7949896, "lat": 45.7295323, "area_m2": 72.0, "height_max_m": 1.24, "height_mean_m": 0.53, "class": "rock", "source": "3dep-lidar-dsm-2m", "stage_ft": 477.9, "shore_buffer_m": 4.0, "verdict": "above_water_at_flight"}}, {"type": "Feature", "geometry": {"type": "Point", "coordinates": [-68.7927135, 45.7315243]}, "properties": {"lon": -68.7927135, "lat": 45.7315243, "area_m2": 72.0, "height_max_m": 1.36, "height_mean_m": 0.52, "class": "rock", "source": "3dep-lidar-dsm-2m", "stage_ft": 477.9, "shore_buffer_m": 4.0, "verdict": "above_water_at_flight"}}, {"type": "Feature", "geometry": {"type": "Point", "coordinates": [-68.8349826, 45.7338909]}, "properties": {"lon": -68.8349826, "lat": 45.7338909, "area_m2": 72.0, "height_max_m": 0.64, "height_mean_m": 0.37, "class": "rock", "source": "3dep-lidar-dsm-2m", "stage_ft": 477.9, "shore_buffer_m": 4.0, "verdict": "above_water_at_flight"}}, {"type": "Feature", "geometry": {"type": "Point", "coordinates": [-68.8219002, 45.7350089]}, "properties": {"lon": -68.8219002, "lat": 45.7350089, "area_m2": 72.0, "height_max_m": 0.78, "height_mean_m": 0.36, "class": "rock", "source": "3dep-lidar-dsm-2m", "stage_ft": 477.9, "shore_buffer_m": 4.0, "verdict": "above_water_at_flight"}}, {"type": "Feature", "geometry": {"type": "Point", "coordinates": [-68.793548, 45.7350388]}, "properties": {"lon": -68.793548, "lat": 45.7350388, "area_m2": 72.0, "height_max_m": 8.8, "height_mean_m": 2.29, "class": "rock", "source": "3dep-lidar-dsm-2m", "stage_ft": 477.9, "shore_buffer_m": 4.0, "verdict": "above_water_at_flight"}}, {"type": "Feature", "geometry": {"type": "Point", "coordinates": [-68.7902842, 45.7381987]}, "properties": {"lon": -68.7902842, "lat": 45.7381987, "area_m2": 72.0, "height_max_m": 0.22, "height_mean_m": 0.19, "class": "rock", "source": "3dep-lidar-dsm-2m", "stage_ft": 477.9, "shore_buffer_m": 4.0, "verdict": "above_water_at_flight"}}, {"type": "Feature", "geometry": {"type": "Point", "coordinates": [-68.8261274, 45.7389709]}, "properties": {"lon": -68.8261274, "lat": 45.7389709, "area_m2": 72.0, "height_max_m": 0.72, "height_mean_m": 0.37, "class": "rock", "source": "3dep-lidar-dsm-2m", "stage_ft": 477.9, "shore_buffer_m": 4.0, "verdict": "above_water_at_flight"}}, {"type": "Feature", "geometry": {"type": "Point", "coordinates": [-68.8366789, 45.7430924]}, "properties": {"lon": -68.8366789, "lat": 45.7430924, "area_m2": 72.0, "height_max_m": 0.26, "height_mean_m": 0.19, "class": "rock", "source": "3dep-lidar-dsm-2m", "stage_ft": 477.9, "shore_buffer_m": 4.0, "verdict": "above_water_at_flight"}}, {"type": "Feature", "geometry": {"type": "Point", "coordinates": [-68.8289417, 45.7448153]}, "properties": {"lon": -68.8289417, "lat": 45.7448153, "area_m2": 72.0, "height_max_m": 1.66, "height_mean_m": 0.52, "class": "rock", "source": "3dep-lidar-dsm-2m", "stage_ft": 477.9, "shore_buffer_m": 4.0, "verdict": "above_water_at_flight"}}, {"type": "Feature", "geometry": {"type": "Point", "coordinates": [-68.8271123, 45.7451062]}, "properties": {"lon": -68.8271123, "lat": 45.7451062, "area_m2": 72.0, "height_max_m": 0.8, "height_mean_m": 0.41, "class": "rock", "source": "3dep-lidar-dsm-2m", "stage_ft": 477.9, "shore_buffer_m": 4.0, "verdict": "above_water_at_flight"}}, {"type": "Feature", "geometry": {"type": "Point", "coordinates": [-68.8266241, 45.7454141]}, "properties": {"lon": -68.8266241, "lat": 45.7454141, "area_m2": 72.0, "height_max_m": 0.52, "height_mean_m": 0.25, "class": "rock", "source": "3dep-lidar-dsm-2m", "stage_ft": 477.9, "shore_buffer_m": 4.0, "verdict": "above_water_at_flight"}}, {"type": "Feature", "geometry": {"type": "Point", "coordinates": [-68.7373276, 45.7489526]}, "properties": {"lon": -68.7373276, "lat": 45.7489526, "area_m2": 72.0, "height_max_m": 4.11, "height_mean_m": 1.27, "class": "rock", "source": "3dep-lidar-dsm-2m", "stage_ft": 477.9, "shore_buffer_m": 4.0, "verdict": "above_water_at_flight"}}, {"type": "Feature", "geometry": {"type": "Point", "coordinates": [-68.8244969, 45.7492067]}, "properties": {"lon": -68.8244969, "lat": 45.7492067, "area_m2": 72.0, "height_max_m": 0.71, "height_mean_m": 0.41, "class": "rock", "source": "3dep-lidar-dsm-2m", "stage_ft": 477.9, "shore_buffer_m": 4.0, "verdict": "above_water_at_flight"}}, {"type": "Feature", "geometry": {"type": "Point", "coordinates": [-68.8343656, 45.7495655]}, "properties": {"lon": -68.8343656, "lat": 45.7495655, "area_m2": 72.0, "height_max_m": 1.75, "height_mean_m": 0.73, "class": "rock", "source": "3dep-lidar-dsm-2m", "stage_ft": 477.9, "shore_buffer_m": 4.0, "verdict": "above_water_at_flight"}}, {"type": "Feature", "geometry": {"type": "Point", "coordinates": [-68.7517155, 45.7496083]}, "properties": {"lon": -68.7517155, "lat": 45.7496083, "area_m2": 72.0, "height_max_m": 5.64, "height_mean_m": 2.11, "class": "rock", "source": "3dep-lidar-dsm-2m", "stage_ft": 477.9, "shore_buffer_m": 4.0, "verdict": "above_water_at_flight"}}, {"type": "Feature", "geometry": {"type": "Point", "coordinates": [-68.8242851, 45.7569334]}, "properties": {"lon": -68.8242851, "lat": 45.7569334, "area_m2": 72.0, "height_max_m": 0.78, "height_mean_m": 0.42, "class": "rock", "source": "3dep-lidar-dsm-2m", "stage_ft": 477.9, "shore_buffer_m": 4.0, "verdict": "above_water_at_flight"}}, {"type": "Feature", "geometry": {"type": "Point", "coordinates": [-68.7448171, 45.7585048]}, "properties": {"lon": -68.7448171, "lat": 45.7585048, "area_m2": 72.0, "height_max_m": 6.26, "height_mean_m": 2.58, "class": "rock", "source": "3dep-lidar-dsm-2m", "stage_ft": 477.9, "shore_buffer_m": 4.0, "verdict": "above_water_at_flight"}}, {"type": "Feature", "geometry": {"type": "Point", "coordinates": [-68.7505317, 45.7602098]}, "properties": {"lon": -68.7505317, "lat": 45.7602098, "area_m2": 72.0, "height_max_m": 4.65, "height_mean_m": 0.96, "class": "rock", "source": "3dep-lidar-dsm-2m", "stage_ft": 477.9, "shore_buffer_m": 4.0, "verdict": "above_water_at_flight"}}, {"type": "Feature", "geometry": {"type": "Point", "coordinates": [-68.807153, 45.7619756]}, "properties": {"lon": -68.807153, "lat": 45.7619756, "area_m2": 72.0, "height_max_m": 0.2, "height_mean_m": 0.17, "class": "rock", "source": "3dep-lidar-dsm-2m", "stage_ft": 477.9, "shore_buffer_m": 4.0, "verdict": "above_water_at_flight"}}, {"type": "Feature", "geometry": {"type": "Point", "coordinates": [-68.7413286, 45.7620772]}, "properties": {"lon": -68.7413286, "lat": 45.7620772, "area_m2": 72.0, "height_max_m": 3.12, "height_mean_m": 0.86, "class": "rock", "source": "3dep-lidar-dsm-2m", "stage_ft": 477.9, "shore_buffer_m": 4.0, "verdict": "above_water_at_flight"}}, {"type": "Feature", "geometry": {"type": "Point", "coordinates": [-68.7559857, 45.7638918]}, "properties": {"lon": -68.7559857, "lat": 45.7638918, "area_m2": 72.0, "height_max_m": 4.04, "height_mean_m": 1.16, "class": "rock", "source": "3dep-lidar-dsm-2m", "stage_ft": 477.9, "shore_buffer_m": 4.0, "verdict": "above_water_at_flight"}}, {"type": "Feature", "geometry": {"type": "Point", "coordinates": [-68.7724793, 45.7676336]}, "properties": {"lon": -68.7724793, "lat": 45.7676336, "area_m2": 72.0, "height_max_m": 0.27, "height_mean_m": 0.21, "class": "rock", "source": "3dep-lidar-dsm-2m", "stage_ft": 477.9, "shore_buffer_m": 4.0, "verdict": "above_water_at_flight"}}, {"type": "Feature", "geometry": {"type": "Point", "coordinates": [-68.7487953, 45.7684875]}, "properties": {"lon": -68.7487953, "lat": 45.7684875, "area_m2": 72.0, "height_max_m": 10.38, "height_mean_m": 3.55, "class": "rock", "source": "3dep-lidar-dsm-2m", "stage_ft": 477.9, "shore_buffer_m": 4.0, "verdict": "above_water_at_flight"}}, {"type": "Feature", "geometry": {"type": "Point", "coordinates": [-68.78263, 45.7714371]}, "properties": {"lon": -68.78263, "lat": 45.7714371, "area_m2": 72.0, "height_max_m": 1.43, "height_mean_m": 0.6, "class": "rock", "source": "3dep-lidar-dsm-2m", "stage_ft": 477.9, "shore_buffer_m": 4.0, "verdict": "above_water_at_flight"}}, {"type": "Feature", "geometry": {"type": "Point", "coordinates": [-68.7434415, 45.7723648]}, "properties": {"lon": -68.7434415, "lat": 45.7723648, "area_m2": 72.0, "height_max_m": 11.34, "height_mean_m": 4.5, "class": "rock", "source": "3dep-lidar-dsm-2m", "stage_ft": 477.9, "shore_buffer_m": 4.0, "verdict": "above_water_at_flight"}}, {"type": "Feature", "geometry": {"type": "Point", "coordinates": [-68.8364757, 45.7728571]}, "properties": {"lon": -68.8364757, "lat": 45.7728571, "area_m2": 72.0, "height_max_m": 0.38, "height_mean_m": 0.26, "class": "rock", "source": "3dep-lidar-dsm-2m", "stage_ft": 477.9, "shore_buffer_m": 4.0, "verdict": "above_water_at_flight"}}, {"type": "Feature", "geometry": {"type": "Point", "coordinates": [-68.836218, 45.7729687]}, "properties": {"lon": -68.836218, "lat": 45.7729687, "area_m2": 72.0, "height_max_m": 0.73, "height_mean_m": 0.35, "class": "rock", "source": "3dep-lidar-dsm-2m", "stage_ft": 477.9, "shore_buffer_m": 4.0, "verdict": "above_water_at_flight"}}, {"type": "Feature", "geometry": {"type": "Point", "coordinates": [-68.7426098, 45.7751619]}, "properties": {"lon": -68.7426098, "lat": 45.7751619, "area_m2": 72.0, "height_max_m": 18.99, "height_mean_m": 4.53, "class": "rock", "source": "3dep-lidar-dsm-2m", "stage_ft": 477.9, "shore_buffer_m": 4.0, "verdict": "above_water_at_flight"}}, {"type": "Feature", "geometry": {"type": "Point", "coordinates": [-68.831799, 45.7829962]}, "properties": {"lon": -68.831799, "lat": 45.7829962, "area_m2": 72.0, "height_max_m": 0.77, "height_mean_m": 0.36, "class": "rock", "source": "3dep-lidar-dsm-2m", "stage_ft": 477.9, "shore_buffer_m": 4.0, "verdict": "above_water_at_flight"}}, {"type": "Feature", "geometry": {"type": "Point", "coordinates": [-68.8262677, 45.7855133]}, "properties": {"lon": -68.8262677, "lat": 45.7855133, "area_m2": 72.0, "height_max_m": 0.63, "height_mean_m": 0.31, "class": "rock", "source": "3dep-lidar-dsm-2m", "stage_ft": 477.9, "shore_buffer_m": 4.0, "verdict": "above_water_at_flight"}}, {"type": "Feature", "geometry": {"type": "Point", "coordinates": [-68.7970352, 45.7865586]}, "properties": {"lon": -68.7970352, "lat": 45.7865586, "area_m2": 72.0, "height_max_m": 0.48, "height_mean_m": 0.27, "class": "rock", "source": "3dep-lidar-dsm-2m", "stage_ft": 477.9, "shore_buffer_m": 4.0, "verdict": "above_water_at_flight"}}, {"type": "Feature", "geometry": {"type": "Point", "coordinates": [-68.8065447, 45.7278765]}, "properties": {"lon": -68.8065447, "lat": 45.7278765, "area_m2": 68.0, "height_max_m": 1.44, "height_mean_m": 0.8, "class": "rock", "source": "3dep-lidar-dsm-2m", "stage_ft": 477.9, "shore_buffer_m": 4.0, "verdict": "above_water_at_flight"}}, {"type": "Feature", "geometry": {"type": "Point", "coordinates": [-68.8022113, 45.7297651]}, "properties": {"lon": -68.8022113, "lat": 45.7297651, "area_m2": 68.0, "height_max_m": 0.72, "height_mean_m": 0.39, "class": "rock", "source": "3dep-lidar-dsm-2m", "stage_ft": 477.9, "shore_buffer_m": 4.0, "verdict": "above_water_at_flight"}}, {"type": "Feature", "geometry": {"type": "Point", "coordinates": [-68.833174, 45.7305058]}, "properties": {"lon": -68.833174, "lat": 45.7305058, "area_m2": 68.0, "height_max_m": 1.91, "height_mean_m": 0.68, "class": "rock", "source": "3dep-lidar-dsm-2m", "stage_ft": 477.9, "shore_buffer_m": 4.0, "verdict": "above_water_at_flight"}}, {"type": "Feature", "geometry": {"type": "Point", "coordinates": [-68.8365055, 45.7323807]}, "properties": {"lon": -68.8365055, "lat": 45.7323807, "area_m2": 68.0, "height_max_m": 1.87, "height_mean_m": 0.71, "class": "rock", "source": "3dep-lidar-dsm-2m", "stage_ft": 477.9, "shore_buffer_m": 4.0, "verdict": "above_water_at_flight"}}, {"type": "Feature", "geometry": {"type": "Point", "coordinates": [-68.834194, 45.7363984]}, "properties": {"lon": -68.834194, "lat": 45.7363984, "area_m2": 68.0, "height_max_m": 1.38, "height_mean_m": 0.63, "class": "rock", "source": "3dep-lidar-dsm-2m", "stage_ft": 477.9, "shore_buffer_m": 4.0, "verdict": "above_water_at_flight"}}, {"type": "Feature", "geometry": {"type": "Point", "coordinates": [-68.8300592, 45.7425085]}, "properties": {"lon": -68.8300592, "lat": 45.7425085, "area_m2": 68.0, "height_max_m": 13.48, "height_mean_m": 4.03, "class": "rock", "source": "3dep-lidar-dsm-2m", "stage_ft": 477.9, "shore_buffer_m": 4.0, "verdict": "above_water_at_flight"}}, {"type": "Feature", "geometry": {"type": "Point", "coordinates": [-68.8197221, 45.7425528]}, "properties": {"lon": -68.8197221, "lat": 45.7425528, "area_m2": 68.0, "height_max_m": 0.75, "height_mean_m": 0.43, "class": "rock", "source": "3dep-lidar-dsm-2m", "stage_ft": 477.9, "shore_buffer_m": 4.0, "verdict": "above_water_at_flight"}}, {"type": "Feature", "geometry": {"type": "Point", "coordinates": [-68.7796001, 45.7461053]}, "properties": {"lon": -68.7796001, "lat": 45.7461053, "area_m2": 68.0, "height_max_m": 2.08, "height_mean_m": 0.77, "class": "rock", "source": "3dep-lidar-dsm-2m", "stage_ft": 477.9, "shore_buffer_m": 4.0, "verdict": "above_water_at_flight"}}, {"type": "Feature", "geometry": {"type": "Point", "coordinates": [-68.7798123, 45.7474368]}, "properties": {"lon": -68.7798123, "lat": 45.7474368, "area_m2": 68.0, "height_max_m": 2.12, "height_mean_m": 0.77, "class": "rock", "source": "3dep-lidar-dsm-2m", "stage_ft": 477.9, "shore_buffer_m": 4.0, "verdict": "above_water_at_flight"}}, {"type": "Feature", "geometry": {"type": "Point", "coordinates": [-68.7454681, 45.74767]}, "properties": {"lon": -68.7454681, "lat": 45.74767, "area_m2": 68.0, "height_max_m": 4.18, "height_mean_m": 1.56, "class": "rock", "source": "3dep-lidar-dsm-2m", "stage_ft": 477.9, "shore_buffer_m": 4.0, "verdict": "above_water_at_flight"}}, {"type": "Feature", "geometry": {"type": "Point", "coordinates": [-68.8199025, 45.7478367]}, "properties": {"lon": -68.8199025, "lat": 45.7478367, "area_m2": 68.0, "height_max_m": 1.4, "height_mean_m": 0.5, "class": "rock", "source": "3dep-lidar-dsm-2m", "stage_ft": 477.9, "shore_buffer_m": 4.0, "verdict": "above_water_at_flight"}}, {"type": "Feature", "geometry": {"type": "Point", "coordinates": [-68.8342531, 45.7479264]}, "properties": {"lon": -68.8342531, "lat": 45.7479264, "area_m2": 68.0, "height_max_m": 1.6, "height_mean_m": 0.84, "class": "rock", "source": "3dep-lidar-dsm-2m", "stage_ft": 477.9, "shore_buffer_m": 4.0, "verdict": "above_water_at_flight"}}, {"type": "Feature", "geometry": {"type": "Point", "coordinates": [-68.8308292, 45.7485995]}, "properties": {"lon": -68.8308292, "lat": 45.7485995, "area_m2": 68.0, "height_max_m": 1.02, "height_mean_m": 0.53, "class": "rock", "source": "3dep-lidar-dsm-2m", "stage_ft": 477.9, "shore_buffer_m": 4.0, "verdict": "above_water_at_flight"}}, {"type": "Feature", "geometry": {"type": "Point", "coordinates": [-68.8083908, 45.7486291]}, "properties": {"lon": -68.8083908, "lat": 45.7486291, "area_m2": 68.0, "height_max_m": 0.6, "height_mean_m": 0.34, "class": "rock", "source": "3dep-lidar-dsm-2m", "stage_ft": 477.9, "shore_buffer_m": 4.0, "verdict": "above_water_at_flight"}}, {"type": "Feature", "geometry": {"type": "Point", "coordinates": [-68.83656, 45.7490532]}, "properties": {"lon": -68.83656, "lat": 45.7490532, "area_m2": 68.0, "height_max_m": 1.66, "height_mean_m": 0.6, "class": "rock", "source": "3dep-lidar-dsm-2m", "stage_ft": 477.9, "shore_buffer_m": 4.0, "verdict": "above_water_at_flight"}}, {"type": "Feature", "geometry": {"type": "Point", "coordinates": [-68.8402053, 45.7490648]}, "properties": {"lon": -68.8402053, "lat": 45.7490648, "area_m2": 68.0, "height_max_m": 0.72, "height_mean_m": 0.4, "class": "rock", "source": "3dep-lidar-dsm-2m", "stage_ft": 477.9, "shore_buffer_m": 4.0, "verdict": "above_water_at_flight"}}, {"type": "Feature", "geometry": {"type": "Point", "coordinates": [-68.8379333, 45.749125]}, "properties": {"lon": -68.8379333, "lat": 45.749125, "area_m2": 68.0, "height_max_m": 0.96, "height_mean_m": 0.54, "class": "rock", "source": "3dep-lidar-dsm-2m", "stage_ft": 477.9, "shore_buffer_m": 4.0, "verdict": "above_water_at_flight"}}, {"type": "Feature", "geometry": {"type": "Point", "coordinates": [-68.8065068, 45.7494309]}, "properties": {"lon": -68.8065068, "lat": 45.7494309, "area_m2": 68.0, "height_max_m": 5.15, "height_mean_m": 1.62, "class": "rock", "source": "3dep-lidar-dsm-2m", "stage_ft": 477.9, "shore_buffer_m": 4.0, "verdict": "above_water_at_flight"}}, {"type": "Feature", "geometry": {"type": "Point", "coordinates": [-68.8059384, 45.7501558]}, "properties": {"lon": -68.8059384, "lat": 45.7501558, "area_m2": 68.0, "height_max_m": 1.26, "height_mean_m": 0.58, "class": "rock", "source": "3dep-lidar-dsm-2m", "stage_ft": 477.9, "shore_buffer_m": 4.0, "verdict": "above_water_at_flight"}}, {"type": "Feature", "geometry": {"type": "Point", "coordinates": [-68.7384807, 45.7505842]}, "properties": {"lon": -68.7384807, "lat": 45.7505842, "area_m2": 68.0, "height_max_m": 6.67, "height_mean_m": 3.32, "class": "rock", "source": "3dep-lidar-dsm-2m", "stage_ft": 477.9, "shore_buffer_m": 4.0, "verdict": "above_water_at_flight"}}, {"type": "Feature", "geometry": {"type": "Point", "coordinates": [-68.7308112, 45.7529159]}, "properties": {"lon": -68.7308112, "lat": 45.7529159, "area_m2": 68.0, "height_max_m": 1.66, "height_mean_m": 0.75, "class": "rock", "source": "3dep-lidar-dsm-2m", "stage_ft": 477.9, "shore_buffer_m": 4.0, "verdict": "above_water_at_flight"}}, {"type": "Feature", "geometry": {"type": "Point", "coordinates": [-68.7421396, 45.7562268]}, "properties": {"lon": -68.7421396, "lat": 45.7562268, "area_m2": 68.0, "height_max_m": 0.92, "height_mean_m": 0.44, "class": "rock", "source": "3dep-lidar-dsm-2m", "stage_ft": 477.9, "shore_buffer_m": 4.0, "verdict": "above_water_at_flight"}}, {"type": "Feature", "geometry": {"type": "Point", "coordinates": [-68.8220533, 45.7567322]}, "properties": {"lon": -68.8220533, "lat": 45.7567322, "area_m2": 68.0, "height_max_m": 1.68, "height_mean_m": 0.72, "class": "rock", "source": "3dep-lidar-dsm-2m", "stage_ft": 477.9, "shore_buffer_m": 4.0, "verdict": "above_water_at_flight"}}, {"type": "Feature", "geometry": {"type": "Point", "coordinates": [-68.824727, 45.7569453]}, "properties": {"lon": -68.824727, "lat": 45.7569453, "area_m2": 68.0, "height_max_m": 1.65, "height_mean_m": 0.62, "class": "rock", "source": "3dep-lidar-dsm-2m", "stage_ft": 477.9, "shore_buffer_m": 4.0, "verdict": "above_water_at_flight"}}, {"type": "Feature", "geometry": {"type": "Point", "coordinates": [-68.7478204, 45.75828]}, "properties": {"lon": -68.7478204, "lat": 45.75828, "area_m2": 68.0, "height_max_m": 0.99, "height_mean_m": 0.46, "class": "rock", "source": "3dep-lidar-dsm-2m", "stage_ft": 477.9, "shore_buffer_m": 4.0, "verdict": "above_water_at_flight"}}, {"type": "Feature", "geometry": {"type": "Point", "coordinates": [-68.7772689, 45.7718474]}, "properties": {"lon": -68.7772689, "lat": 45.7718474, "area_m2": 68.0, "height_max_m": 0.87, "height_mean_m": 0.38, "class": "rock", "source": "3dep-lidar-dsm-2m", "stage_ft": 477.9, "shore_buffer_m": 4.0, "verdict": "above_water_at_flight"}}, {"type": "Feature", "geometry": {"type": "Point", "coordinates": [-68.8193447, 45.7725607]}, "properties": {"lon": -68.8193447, "lat": 45.7725607, "area_m2": 68.0, "height_max_m": 2.46, "height_mean_m": 0.82, "class": "rock", "source": "3dep-lidar-dsm-2m", "stage_ft": 477.9, "shore_buffer_m": 4.0, "verdict": "above_water_at_flight"}}, {"type": "Feature", "geometry": {"type": "Point", "coordinates": [-68.8314824, 45.7742119]}, "properties": {"lon": -68.8314824, "lat": 45.7742119, "area_m2": 68.0, "height_max_m": 1.08, "height_mean_m": 0.51, "class": "rock", "source": "3dep-lidar-dsm-2m", "stage_ft": 477.9, "shore_buffer_m": 4.0, "verdict": "above_water_at_flight"}}, {"type": "Feature", "geometry": {"type": "Point", "coordinates": [-68.7677018, 45.7751245]}, "properties": {"lon": -68.7677018, "lat": 45.7751245, "area_m2": 68.0, "height_max_m": 0.54, "height_mean_m": 0.28, "class": "rock", "source": "3dep-lidar-dsm-2m", "stage_ft": 477.9, "shore_buffer_m": 4.0, "verdict": "above_water_at_flight"}}, {"type": "Feature", "geometry": {"type": "Point", "coordinates": [-68.8202542, 45.7751646]}, "properties": {"lon": -68.8202542, "lat": 45.7751646, "area_m2": 68.0, "height_max_m": 2.33, "height_mean_m": 0.81, "class": "rock", "source": "3dep-lidar-dsm-2m", "stage_ft": 477.9, "shore_buffer_m": 4.0, "verdict": "above_water_at_flight"}}, {"type": "Feature", "geometry": {"type": "Point", "coordinates": [-68.747299, 45.7752448]}, "properties": {"lon": -68.747299, "lat": 45.7752448, "area_m2": 68.0, "height_max_m": 1.65, "height_mean_m": 0.7, "class": "rock", "source": "3dep-lidar-dsm-2m", "stage_ft": 477.9, "shore_buffer_m": 4.0, "verdict": "above_water_at_flight"}}, {"type": "Feature", "geometry": {"type": "Point", "coordinates": [-68.7682384, 45.7753588]}, "properties": {"lon": -68.7682384, "lat": 45.7753588, "area_m2": 68.0, "height_max_m": 0.45, "height_mean_m": 0.28, "class": "rock", "source": "3dep-lidar-dsm-2m", "stage_ft": 477.9, "shore_buffer_m": 4.0, "verdict": "above_water_at_flight"}}, {"type": "Feature", "geometry": {"type": "Point", "coordinates": [-68.7478007, 45.7759749]}, "properties": {"lon": -68.7478007, "lat": 45.7759749, "area_m2": 68.0, "height_max_m": 0.67, "height_mean_m": 0.36, "class": "rock", "source": "3dep-lidar-dsm-2m", "stage_ft": 477.9, "shore_buffer_m": 4.0, "verdict": "above_water_at_flight"}}, {"type": "Feature", "geometry": {"type": "Point", "coordinates": [-68.7479462, 45.7772062]}, "properties": {"lon": -68.7479462, "lat": 45.7772062, "area_m2": 68.0, "height_max_m": 0.56, "height_mean_m": 0.31, "class": "rock", "source": "3dep-lidar-dsm-2m", "stage_ft": 477.9, "shore_buffer_m": 4.0, "verdict": "above_water_at_flight"}}, {"type": "Feature", "geometry": {"type": "Point", "coordinates": [-68.8333665, 45.7808051]}, "properties": {"lon": -68.8333665, "lat": 45.7808051, "area_m2": 68.0, "height_max_m": 8.8, "height_mean_m": 2.08, "class": "rock", "source": "3dep-lidar-dsm-2m", "stage_ft": 477.9, "shore_buffer_m": 4.0, "verdict": "above_water_at_flight"}}, {"type": "Feature", "geometry": {"type": "Point", "coordinates": [-68.7556399, 45.7824891]}, "properties": {"lon": -68.7556399, "lat": 45.7824891, "area_m2": 68.0, "height_max_m": 0.69, "height_mean_m": 0.37, "class": "rock", "source": "3dep-lidar-dsm-2m", "stage_ft": 477.9, "shore_buffer_m": 4.0, "verdict": "above_water_at_flight"}}, {"type": "Feature", "geometry": {"type": "Point", "coordinates": [-68.831581, 45.7826727]}, "properties": {"lon": -68.831581, "lat": 45.7826727, "area_m2": 68.0, "height_max_m": 1.85, "height_mean_m": 0.73, "class": "rock", "source": "3dep-lidar-dsm-2m", "stage_ft": 477.9, "shore_buffer_m": 4.0, "verdict": "above_water_at_flight"}}, {"type": "Feature", "geometry": {"type": "Point", "coordinates": [-68.8314112, 45.7827856]}, "properties": {"lon": -68.8314112, "lat": 45.7827856, "area_m2": 68.0, "height_max_m": 0.97, "height_mean_m": 0.52, "class": "rock", "source": "3dep-lidar-dsm-2m", "stage_ft": 477.9, "shore_buffer_m": 4.0, "verdict": "above_water_at_flight"}}, {"type": "Feature", "geometry": {"type": "Point", "coordinates": [-68.8235114, 45.7833912]}, "properties": {"lon": -68.8235114, "lat": 45.7833912, "area_m2": 68.0, "height_max_m": 0.21, "height_mean_m": 0.18, "class": "rock", "source": "3dep-lidar-dsm-2m", "stage_ft": 477.9, "shore_buffer_m": 4.0, "verdict": "above_water_at_flight"}}, {"type": "Feature", "geometry": {"type": "Point", "coordinates": [-68.820289, 45.786777]}, "properties": {"lon": -68.820289, "lat": 45.786777, "area_m2": 68.0, "height_max_m": 1.58, "height_mean_m": 0.71, "class": "rock", "source": "3dep-lidar-dsm-2m", "stage_ft": 477.9, "shore_buffer_m": 4.0, "verdict": "above_water_at_flight"}}, {"type": "Feature", "geometry": {"type": "Point", "coordinates": [-68.8233415, 45.727249]}, "properties": {"lon": -68.8233415, "lat": 45.727249, "area_m2": 64.0, "height_max_m": 0.75, "height_mean_m": 0.35, "class": "rock", "source": "3dep-lidar-dsm-2m", "stage_ft": 477.9, "shore_buffer_m": 4.0, "verdict": "above_water_at_flight"}}, {"type": "Feature", "geometry": {"type": "Point", "coordinates": [-68.7928609, 45.7330997]}, "properties": {"lon": -68.7928609, "lat": 45.7330997, "area_m2": 64.0, "height_max_m": 0.67, "height_mean_m": 0.36, "class": "rock", "source": "3dep-lidar-dsm-2m", "stage_ft": 477.9, "shore_buffer_m": 4.0, "verdict": "above_water_at_flight"}}, {"type": "Feature", "geometry": {"type": "Point", "coordinates": [-68.8361718, 45.7344887]}, "properties": {"lon": -68.8361718, "lat": 45.7344887, "area_m2": 64.0, "height_max_m": 1.94, "height_mean_m": 0.51, "class": "rock", "source": "3dep-lidar-dsm-2m", "stage_ft": 477.9, "shore_buffer_m": 4.0, "verdict": "above_water_at_flight"}}, {"type": "Feature", "geometry": {"type": "Point", "coordinates": [-68.8215862, 45.7350402]}, "properties": {"lon": -68.8215862, "lat": 45.7350402, "area_m2": 64.0, "height_max_m": 0.6, "height_mean_m": 0.33, "class": "rock", "source": "3dep-lidar-dsm-2m", "stage_ft": 477.9, "shore_buffer_m": 4.0, "verdict": "above_water_at_flight"}}, {"type": "Feature", "geometry": {"type": "Point", "coordinates": [-68.7892616, 45.7352465]}, "properties": {"lon": -68.7892616, "lat": 45.7352465, "area_m2": 64.0, "height_max_m": 0.85, "height_mean_m": 0.36, "class": "rock", "source": "3dep-lidar-dsm-2m", "stage_ft": 477.9, "shore_buffer_m": 4.0, "verdict": "above_water_at_flight"}}, {"type": "Feature", "geometry": {"type": "Point", "coordinates": [-68.7873806, 45.7379011]}, "properties": {"lon": -68.7873806, "lat": 45.7379011, "area_m2": 64.0, "height_max_m": 6.37, "height_mean_m": 1.69, "class": "rock", "source": "3dep-lidar-dsm-2m", "stage_ft": 477.9, "shore_buffer_m": 4.0, "verdict": "above_water_at_flight"}}, {"type": "Feature", "geometry": {"type": "Point", "coordinates": [-68.8213623, 45.7400613]}, "properties": {"lon": -68.8213623, "lat": 45.7400613, "area_m2": 64.0, "height_max_m": 0.81, "height_mean_m": 0.4, "class": "rock", "source": "3dep-lidar-dsm-2m", "stage_ft": 477.9, "shore_buffer_m": 4.0, "verdict": "above_water_at_flight"}}, {"type": "Feature", "geometry": {"type": "Point", "coordinates": [-68.8369964, 45.7431913]}, "properties": {"lon": -68.8369964, "lat": 45.7431913, "area_m2": 64.0, "height_max_m": 0.64, "height_mean_m": 0.31, "class": "rock", "source": "3dep-lidar-dsm-2m", "stage_ft": 477.9, "shore_buffer_m": 4.0, "verdict": "above_water_at_flight"}}, {"type": "Feature", "geometry": {"type": "Point", "coordinates": [-68.7776343, 45.7446127]}, "properties": {"lon": -68.7776343, "lat": 45.7446127, "area_m2": 64.0, "height_max_m": 4.4, "height_mean_m": 1.6, "class": "rock", "source": "3dep-lidar-dsm-2m", "stage_ft": 477.9, "shore_buffer_m": 4.0, "verdict": "above_water_at_flight"}}, {"type": "Feature", "geometry": {"type": "Point", "coordinates": [-68.7792834, 45.747051]}, "properties": {"lon": -68.7792834, "lat": 45.747051, "area_m2": 64.0, "height_max_m": 1.19, "height_mean_m": 0.6, "class": "rock", "source": "3dep-lidar-dsm-2m", "stage_ft": 477.9, "shore_buffer_m": 4.0, "verdict": "above_water_at_flight"}}, {"type": "Feature", "geometry": {"type": "Point", "coordinates": [-68.74559, 45.7474355]}, "properties": {"lon": -68.74559, "lat": 45.7474355, "area_m2": 64.0, "height_max_m": 4.66, "height_mean_m": 1.5, "class": "rock", "source": "3dep-lidar-dsm-2m", "stage_ft": 477.9, "shore_buffer_m": 4.0, "verdict": "above_water_at_flight"}}, {"type": "Feature", "geometry": {"type": "Point", "coordinates": [-68.834687, 45.7478402]}, "properties": {"lon": -68.834687, "lat": 45.7478402, "area_m2": 64.0, "height_max_m": 0.47, "height_mean_m": 0.31, "class": "rock", "source": "3dep-lidar-dsm-2m", "stage_ft": 477.9, "shore_buffer_m": 4.0, "verdict": "above_water_at_flight"}}, {"type": "Feature", "geometry": {"type": "Point", "coordinates": [-68.7455706, 45.7479175]}, "properties": {"lon": -68.7455706, "lat": 45.7479175, "area_m2": 64.0, "height_max_m": 3.4, "height_mean_m": 0.69, "class": "rock", "source": "3dep-lidar-dsm-2m", "stage_ft": 477.9, "shore_buffer_m": 4.0, "verdict": "above_water_at_flight"}}, {"type": "Feature", "geometry": {"type": "Point", "coordinates": [-68.8347788, 45.7492706]}, "properties": {"lon": -68.8347788, "lat": 45.7492706, "area_m2": 64.0, "height_max_m": 0.21, "height_mean_m": 0.17, "class": "rock", "source": "3dep-lidar-dsm-2m", "stage_ft": 477.9, "shore_buffer_m": 4.0, "verdict": "above_water_at_flight"}}, {"type": "Feature", "geometry": {"type": "Point", "coordinates": [-68.8341556, 45.7496955]}, "properties": {"lon": -68.8341556, "lat": 45.7496955, "area_m2": 64.0, "height_max_m": 2.14, "height_mean_m": 0.9, "class": "rock", "source": "3dep-lidar-dsm-2m", "stage_ft": 477.9, "shore_buffer_m": 4.0, "verdict": "above_water_at_flight"}}, {"type": "Feature", "geometry": {"type": "Point", "coordinates": [-68.8280585, 45.7497448]}, "properties": {"lon": -68.8280585, "lat": 45.7497448, "area_m2": 64.0, "height_max_m": 0.94, "height_mean_m": 0.5, "class": "rock", "source": "3dep-lidar-dsm-2m", "stage_ft": 477.9, "shore_buffer_m": 4.0, "verdict": "above_water_at_flight"}}, {"type": "Feature", "geometry": {"type": "Point", "coordinates": [-68.7532299, 45.7522559]}, "properties": {"lon": -68.7532299, "lat": 45.7522559, "area_m2": 64.0, "height_max_m": 3.3, "height_mean_m": 1.22, "class": "rock", "source": "3dep-lidar-dsm-2m", "stage_ft": 477.9, "shore_buffer_m": 4.0, "verdict": "above_water_at_flight"}}, {"type": "Feature", "geometry": {"type": "Point", "coordinates": [-68.7367181, 45.7577333]}, "properties": {"lon": -68.7367181, "lat": 45.7577333, "area_m2": 64.0, "height_max_m": 11.05, "height_mean_m": 3.23, "class": "rock", "source": "3dep-lidar-dsm-2m", "stage_ft": 477.9, "shore_buffer_m": 4.0, "verdict": "above_water_at_flight"}}, {"type": "Feature", "geometry": {"type": "Point", "coordinates": [-68.8294322, 45.7579116]}, "properties": {"lon": -68.8294322, "lat": 45.7579116, "area_m2": 64.0, "height_max_m": 1.97, "height_mean_m": 0.57, "class": "rock", "source": "3dep-lidar-dsm-2m", "stage_ft": 477.9, "shore_buffer_m": 4.0, "verdict": "above_water_at_flight"}}, {"type": "Feature", "geometry": {"type": "Point", "coordinates": [-68.7463066, 45.763186]}, "properties": {"lon": -68.7463066, "lat": 45.763186, "area_m2": 64.0, "height_max_m": 8.08, "height_mean_m": 2.37, "class": "rock", "source": "3dep-lidar-dsm-2m", "stage_ft": 477.9, "shore_buffer_m": 4.0, "verdict": "above_water_at_flight"}}, {"type": "Feature", "geometry": {"type": "Point", "coordinates": [-68.8325339, 45.7634607]}, "properties": {"lon": -68.8325339, "lat": 45.7634607, "area_m2": 64.0, "height_max_m": 0.5, "height_mean_m": 0.25, "class": "rock", "source": "3dep-lidar-dsm-2m", "stage_ft": 477.9, "shore_buffer_m": 4.0, "verdict": "above_water_at_flight"}}, {"type": "Feature", "geometry": {"type": "Point", "coordinates": [-68.7547259, 45.7660312]}, "properties": {"lon": -68.7547259, "lat": 45.7660312, "area_m2": 64.0, "height_max_m": 0.58, "height_mean_m": 0.32, "class": "rock", "source": "3dep-lidar-dsm-2m", "stage_ft": 477.9, "shore_buffer_m": 4.0, "verdict": "above_water_at_flight"}}, {"type": "Feature", "geometry": {"type": "Point", "coordinates": [-68.7488736, 45.7686769]}, "properties": {"lon": -68.7488736, "lat": 45.7686769, "area_m2": 64.0, "height_max_m": 7.18, "height_mean_m": 2.65, "class": "rock", "source": "3dep-lidar-dsm-2m", "stage_ft": 477.9, "shore_buffer_m": 4.0, "verdict": "above_water_at_flight"}}, {"type": "Feature", "geometry": {"type": "Point", "coordinates": [-68.7593253, 45.7689717]}, "properties": {"lon": -68.7593253, "lat": 45.7689717, "area_m2": 64.0, "height_max_m": 0.75, "height_mean_m": 0.37, "class": "rock", "source": "3dep-lidar-dsm-2m", "stage_ft": 477.9, "shore_buffer_m": 4.0, "verdict": "above_water_at_flight"}}, {"type": "Feature", "geometry": {"type": "Point", "coordinates": [-68.8080489, 45.7713494]}, "properties": {"lon": -68.8080489, "lat": 45.7713494, "area_m2": 64.0, "height_max_m": 0.16, "height_mean_m": 0.16, "class": "rock", "source": "3dep-lidar-dsm-2m", "stage_ft": 477.9, "shore_buffer_m": 4.0, "verdict": "above_water_at_flight"}}, {"type": "Feature", "geometry": {"type": "Point", "coordinates": [-68.8397454, 45.7722888]}, "properties": {"lon": -68.8397454, "lat": 45.7722888, "area_m2": 64.0, "height_max_m": 0.67, "height_mean_m": 0.46, "class": "rock", "source": "3dep-lidar-dsm-2m", "stage_ft": 477.9, "shore_buffer_m": 4.0, "verdict": "above_water_at_flight"}}, {"type": "Feature", "geometry": {"type": "Point", "coordinates": [-68.7457124, 45.7740399]}, "properties": {"lon": -68.7457124, "lat": 45.7740399, "area_m2": 64.0, "height_max_m": 5.08, "height_mean_m": 2.26, "class": "rock", "source": "3dep-lidar-dsm-2m", "stage_ft": 477.9, "shore_buffer_m": 4.0, "verdict": "above_water_at_flight"}}, {"type": "Feature", "geometry": {"type": "Point", "coordinates": [-68.8332344, 45.7745858]}, "properties": {"lon": -68.8332344, "lat": 45.7745858, "area_m2": 64.0, "height_max_m": 1.08, "height_mean_m": 0.52, "class": "rock", "source": "3dep-lidar-dsm-2m", "stage_ft": 477.9, "shore_buffer_m": 4.0, "verdict": "above_water_at_flight"}}, {"type": "Feature", "geometry": {"type": "Point", "coordinates": [-68.8331056, 45.7747506]}, "properties": {"lon": -68.8331056, "lat": 45.7747506, "area_m2": 64.0, "height_max_m": 0.29, "height_mean_m": 0.21, "class": "rock", "source": "3dep-lidar-dsm-2m", "stage_ft": 477.9, "shore_buffer_m": 4.0, "verdict": "above_water_at_flight"}}, {"type": "Feature", "geometry": {"type": "Point", "coordinates": [-68.8072115, 45.7776014]}, "properties": {"lon": -68.8072115, "lat": 45.7776014, "area_m2": 64.0, "height_max_m": 0.19, "height_mean_m": 0.18, "class": "rock", "source": "3dep-lidar-dsm-2m", "stage_ft": 477.9, "shore_buffer_m": 4.0, "verdict": "above_water_at_flight"}}, {"type": "Feature", "geometry": {"type": "Point", "coordinates": [-68.7861503, 45.7781048]}, "properties": {"lon": -68.7861503, "lat": 45.7781048, "area_m2": 64.0, "height_max_m": 1.06, "height_mean_m": 0.56, "class": "rock", "source": "3dep-lidar-dsm-2m", "stage_ft": 477.9, "shore_buffer_m": 4.0, "verdict": "above_water_at_flight"}}, {"type": "Feature", "geometry": {"type": "Point", "coordinates": [-68.7486321, 45.7822638]}, "properties": {"lon": -68.7486321, "lat": 45.7822638, "area_m2": 64.0, "height_max_m": 0.54, "height_mean_m": 0.32, "class": "rock", "source": "3dep-lidar-dsm-2m", "stage_ft": 477.9, "shore_buffer_m": 4.0, "verdict": "above_water_at_flight"}}, {"type": "Feature", "geometry": {"type": "Point", "coordinates": [-68.7483873, 45.7823356]}, "properties": {"lon": -68.7483873, "lat": 45.7823356, "area_m2": 64.0, "height_max_m": 0.62, "height_mean_m": 0.35, "class": "rock", "source": "3dep-lidar-dsm-2m", "stage_ft": 477.9, "shore_buffer_m": 4.0, "verdict": "above_water_at_flight"}}, {"type": "Feature", "geometry": {"type": "Point", "coordinates": [-68.8261904, 45.7859105]}, "properties": {"lon": -68.8261904, "lat": 45.7859105, "area_m2": 64.0, "height_max_m": 1.18, "height_mean_m": 0.6, "class": "rock", "source": "3dep-lidar-dsm-2m", "stage_ft": 477.9, "shore_buffer_m": 4.0, "verdict": "above_water_at_flight"}}, {"type": "Feature", "geometry": {"type": "Point", "coordinates": [-68.7970384, 45.7864004]}, "properties": {"lon": -68.7970384, "lat": 45.7864004, "area_m2": 64.0, "height_max_m": 1.72, "height_mean_m": 0.82, "class": "rock", "source": "3dep-lidar-dsm-2m", "stage_ft": 477.9, "shore_buffer_m": 4.0, "verdict": "above_water_at_flight"}}, {"type": "Feature", "geometry": {"type": "Point", "coordinates": [-68.825667, 45.786989]}, "properties": {"lon": -68.825667, "lat": 45.786989, "area_m2": 64.0, "height_max_m": 1.26, "height_mean_m": 0.45, "class": "rock", "source": "3dep-lidar-dsm-2m", "stage_ft": 477.9, "shore_buffer_m": 4.0, "verdict": "above_water_at_flight"}}, {"type": "Feature", "geometry": {"type": "Point", "coordinates": [-68.7872094, 45.7301766]}, "properties": {"lon": -68.7872094, "lat": 45.7301766, "area_m2": 60.0, "height_max_m": 0.29, "height_mean_m": 0.2, "class": "rock", "source": "3dep-lidar-dsm-2m", "stage_ft": 477.9, "shore_buffer_m": 4.0, "verdict": "above_water_at_flight"}}, {"type": "Feature", "geometry": {"type": "Point", "coordinates": [-68.8337306, 45.730478]}, "properties": {"lon": -68.8337306, "lat": 45.730478, "area_m2": 60.0, "height_max_m": 1.79, "height_mean_m": 0.65, "class": "rock", "source": "3dep-lidar-dsm-2m", "stage_ft": 477.9, "shore_buffer_m": 4.0, "verdict": "above_water_at_flight"}}, {"type": "Feature", "geometry": {"type": "Point", "coordinates": [-68.8345706, 45.7318794]}, "properties": {"lon": -68.8345706, "lat": 45.7318794, "area_m2": 60.0, "height_max_m": 4.3, "height_mean_m": 1.37, "class": "rock", "source": "3dep-lidar-dsm-2m", "stage_ft": 477.9, "shore_buffer_m": 4.0, "verdict": "above_water_at_flight"}}, {"type": "Feature", "geometry": {"type": "Point", "coordinates": [-68.8349279, 45.7333275]}, "properties": {"lon": -68.8349279, "lat": 45.7333275, "area_m2": 60.0, "height_max_m": 2.46, "height_mean_m": 0.94, "class": "rock", "source": "3dep-lidar-dsm-2m", "stage_ft": 477.9, "shore_buffer_m": 4.0, "verdict": "above_water_at_flight"}}, {"type": "Feature", "geometry": {"type": "Point", "coordinates": [-68.791698, 45.7354847]}, "properties": {"lon": -68.791698, "lat": 45.7354847, "area_m2": 60.0, "height_max_m": 0.22, "height_mean_m": 0.17, "class": "rock", "source": "3dep-lidar-dsm-2m", "stage_ft": 477.9, "shore_buffer_m": 4.0, "verdict": "above_water_at_flight"}}, {"type": "Feature", "geometry": {"type": "Point", "coordinates": [-68.7846636, 45.7388292]}, "properties": {"lon": -68.7846636, "lat": 45.7388292, "area_m2": 60.0, "height_max_m": 2.92, "height_mean_m": 1.07, "class": "rock", "source": "3dep-lidar-dsm-2m", "stage_ft": 477.9, "shore_buffer_m": 4.0, "verdict": "above_water_at_flight"}}, {"type": "Feature", "geometry": {"type": "Point", "coordinates": [-68.8291579, 45.7416429]}, "properties": {"lon": -68.8291579, "lat": 45.7416429, "area_m2": 60.0, "height_max_m": 0.87, "height_mean_m": 0.44, "class": "rock", "source": "3dep-lidar-dsm-2m", "stage_ft": 477.9, "shore_buffer_m": 4.0, "verdict": "above_water_at_flight"}}, {"type": "Feature", "geometry": {"type": "Point", "coordinates": [-68.8242604, 45.7418689]}, "properties": {"lon": -68.8242604, "lat": 45.7418689, "area_m2": 60.0, "height_max_m": 0.68, "height_mean_m": 0.4, "class": "rock", "source": "3dep-lidar-dsm-2m", "stage_ft": 477.9, "shore_buffer_m": 4.0, "verdict": "above_water_at_flight"}}, {"type": "Feature", "geometry": {"type": "Point", "coordinates": [-68.8330762, 45.743293]}, "properties": {"lon": -68.8330762, "lat": 45.743293, "area_m2": 60.0, "height_max_m": 0.64, "height_mean_m": 0.31, "class": "rock", "source": "3dep-lidar-dsm-2m", "stage_ft": 477.9, "shore_buffer_m": 4.0, "verdict": "above_water_at_flight"}}, {"type": "Feature", "geometry": {"type": "Point", "coordinates": [-68.828232, 45.7441456]}, "properties": {"lon": -68.828232, "lat": 45.7441456, "area_m2": 60.0, "height_max_m": 0.3, "height_mean_m": 0.22, "class": "rock", "source": "3dep-lidar-dsm-2m", "stage_ft": 477.9, "shore_buffer_m": 4.0, "verdict": "above_water_at_flight"}}, {"type": "Feature", "geometry": {"type": "Point", "coordinates": [-68.834124, 45.7442042]}, "properties": {"lon": -68.834124, "lat": 45.7442042, "area_m2": 60.0, "height_max_m": 0.98, "height_mean_m": 0.5, "class": "rock", "source": "3dep-lidar-dsm-2m", "stage_ft": 477.9, "shore_buffer_m": 4.0, "verdict": "above_water_at_flight"}}, {"type": "Feature", "geometry": {"type": "Point", "coordinates": [-68.7778268, 45.7453438]}, "properties": {"lon": -68.7778268, "lat": 45.7453438, "area_m2": 60.0, "height_max_m": 0.78, "height_mean_m": 0.42, "class": "rock", "source": "3dep-lidar-dsm-2m", "stage_ft": 477.9, "shore_buffer_m": 4.0, "verdict": "above_water_at_flight"}}, {"type": "Feature", "geometry": {"type": "Point", "coordinates": [-68.7458518, 45.7470203]}, "properties": {"lon": -68.7458518, "lat": 45.7470203, "area_m2": 60.0, "height_max_m": 4.48, "height_mean_m": 1.36, "class": "rock", "source": "3dep-lidar-dsm-2m", "stage_ft": 477.9, "shore_buffer_m": 4.0, "verdict": "above_water_at_flight"}}, {"type": "Feature", "geometry": {"type": "Point", "coordinates": [-68.7457299, 45.7472487]}, "properties": {"lon": -68.7457299, "lat": 45.7472487, "area_m2": 60.0, "height_max_m": 2.32, "height_mean_m": 0.9, "class": "rock", "source": "3dep-lidar-dsm-2m", "stage_ft": 477.9, "shore_buffer_m": 4.0, "verdict": "above_water_at_flight"}}, {"type": "Feature", "geometry": {"type": "Point", "coordinates": [-68.8067235, 45.7497119]}, "properties": {"lon": -68.8067235, "lat": 45.7497119, "area_m2": 60.0, "height_max_m": 2.41, "height_mean_m": 0.77, "class": "rock", "source": "3dep-lidar-dsm-2m", "stage_ft": 477.9, "shore_buffer_m": 4.0, "verdict": "above_water_at_flight"}}, {"type": "Feature", "geometry": {"type": "Point", "coordinates": [-68.7673758, 45.7497669]}, "properties": {"lon": -68.7673758, "lat": 45.7497669, "area_m2": 60.0, "height_max_m": 2.84, "height_mean_m": 1.03, "class": "rock", "source": "3dep-lidar-dsm-2m", "stage_ft": 477.9, "shore_buffer_m": 4.0, "verdict": "above_water_at_flight"}}, {"type": "Feature", "geometry": {"type": "Point", "coordinates": [-68.8345449, 45.7498136]}, "properties": {"lon": -68.8345449, "lat": 45.7498136, "area_m2": 60.0, "height_max_m": 0.92, "height_mean_m": 0.48, "class": "rock", "source": "3dep-lidar-dsm-2m", "stage_ft": 477.9, "shore_buffer_m": 4.0, "verdict": "above_water_at_flight"}}, {"type": "Feature", "geometry": {"type": "Point", "coordinates": [-68.8085083, 45.7499248]}, "properties": {"lon": -68.8085083, "lat": 45.7499248, "area_m2": 60.0, "height_max_m": 0.22, "height_mean_m": 0.19, "class": "rock", "source": "3dep-lidar-dsm-2m", "stage_ft": 477.9, "shore_buffer_m": 4.0, "verdict": "above_water_at_flight"}}, {"type": "Feature", "geometry": {"type": "Point", "coordinates": [-68.7361755, 45.7502237]}, "properties": {"lon": -68.7361755, "lat": 45.7502237, "area_m2": 60.0, "height_max_m": 0.24, "height_mean_m": 0.18, "class": "rock", "source": "3dep-lidar-dsm-2m", "stage_ft": 477.9, "shore_buffer_m": 4.0, "verdict": "above_water_at_flight"}}, {"type": "Feature", "geometry": {"type": "Point", "coordinates": [-68.7553203, 45.7507857]}, "properties": {"lon": -68.7553203, "lat": 45.7507857, "area_m2": 60.0, "height_max_m": 4.73, "height_mean_m": 1.31, "class": "rock", "source": "3dep-lidar-dsm-2m", "stage_ft": 477.9, "shore_buffer_m": 4.0, "verdict": "above_water_at_flight"}}, {"type": "Feature", "geometry": {"type": "Point", "coordinates": [-68.8217301, 45.7557924]}, "properties": {"lon": -68.8217301, "lat": 45.7557924, "area_m2": 60.0, "height_max_m": 2.16, "height_mean_m": 0.88, "class": "rock", "source": "3dep-lidar-dsm-2m", "stage_ft": 477.9, "shore_buffer_m": 4.0, "verdict": "above_water_at_flight"}}, {"type": "Feature", "geometry": {"type": "Point", "coordinates": [-68.8219964, 45.755985]}, "properties": {"lon": -68.8219964, "lat": 45.755985, "area_m2": 60.0, "height_max_m": 2.1, "height_mean_m": 0.81, "class": "rock", "source": "3dep-lidar-dsm-2m", "stage_ft": 477.9, "shore_buffer_m": 4.0, "verdict": "above_water_at_flight"}}, {"type": "Feature", "geometry": {"type": "Point", "coordinates": [-68.7469976, 45.760609]}, "properties": {"lon": -68.7469976, "lat": 45.760609, "area_m2": 60.0, "height_max_m": 4.55, "height_mean_m": 1.47, "class": "rock", "source": "3dep-lidar-dsm-2m", "stage_ft": 477.9, "shore_buffer_m": 4.0, "verdict": "above_water_at_flight"}}, {"type": "Feature", "geometry": {"type": "Point", "coordinates": [-68.7479166, 45.7621001]}, "properties": {"lon": -68.7479166, "lat": 45.7621001, "area_m2": 60.0, "height_max_m": 2.29, "height_mean_m": 0.8, "class": "rock", "source": "3dep-lidar-dsm-2m", "stage_ft": 477.9, "shore_buffer_m": 4.0, "verdict": "above_water_at_flight"}}, {"type": "Feature", "geometry": {"type": "Point", "coordinates": [-68.7694491, 45.7676652]}, "properties": {"lon": -68.7694491, "lat": 45.7676652, "area_m2": 60.0, "height_max_m": 0.59, "height_mean_m": 0.35, "class": "rock", "source": "3dep-lidar-dsm-2m", "stage_ft": 477.9, "shore_buffer_m": 4.0, "verdict": "above_water_at_flight"}}, {"type": "Feature", "geometry": {"type": "Point", "coordinates": [-68.8133095, 45.7727903]}, "properties": {"lon": -68.8133095, "lat": 45.7727903, "area_m2": 60.0, "height_max_m": 1.71, "height_mean_m": 0.64, "class": "rock", "source": "3dep-lidar-dsm-2m", "stage_ft": 477.9, "shore_buffer_m": 4.0, "verdict": "above_water_at_flight"}}, {"type": "Feature", "geometry": {"type": "Point", "coordinates": [-68.8366749, 45.7731479]}, "properties": {"lon": -68.8366749, "lat": 45.7731479, "area_m2": 60.0, "height_max_m": 0.83, "height_mean_m": 0.38, "class": "rock", "source": "3dep-lidar-dsm-2m", "stage_ft": 477.9, "shore_buffer_m": 4.0, "verdict": "above_water_at_flight"}}, {"type": "Feature", "geometry": {"type": "Point", "coordinates": [-68.8338801, 45.7732459]}, "properties": {"lon": -68.8338801, "lat": 45.7732459, "area_m2": 60.0, "height_max_m": 0.8, "height_mean_m": 0.39, "class": "rock", "source": "3dep-lidar-dsm-2m", "stage_ft": 477.9, "shore_buffer_m": 4.0, "verdict": "above_water_at_flight"}}, {"type": "Feature", "geometry": {"type": "Point", "coordinates": [-68.8300202, 45.7733667]}, "properties": {"lon": -68.8300202, "lat": 45.7733667, "area_m2": 60.0, "height_max_m": 0.81, "height_mean_m": 0.43, "class": "rock", "source": "3dep-lidar-dsm-2m", "stage_ft": 477.9, "shore_buffer_m": 4.0, "verdict": "above_water_at_flight"}}, {"type": "Feature", "geometry": {"type": "Point", "coordinates": [-68.8339831, 45.7736321]}, "properties": {"lon": -68.8339831, "lat": 45.7736321, "area_m2": 60.0, "height_max_m": 1.03, "height_mean_m": 0.44, "class": "rock", "source": "3dep-lidar-dsm-2m", "stage_ft": 477.9, "shore_buffer_m": 4.0, "verdict": "above_water_at_flight"}}, {"type": "Feature", "geometry": {"type": "Point", "coordinates": [-68.7521682, 45.7746246]}, "properties": {"lon": -68.7521682, "lat": 45.7746246, "area_m2": 60.0, "height_max_m": 1.05, "height_mean_m": 0.39, "class": "rock", "source": "3dep-lidar-dsm-2m", "stage_ft": 477.9, "shore_buffer_m": 4.0, "verdict": "above_water_at_flight"}}, {"type": "Feature", "geometry": {"type": "Point", "coordinates": [-68.7410592, 45.7752405]}, "properties": {"lon": -68.7410592, "lat": 45.7752405, "area_m2": 60.0, "height_max_m": 0.18, "height_mean_m": 0.17, "class": "rock", "source": "3dep-lidar-dsm-2m", "stage_ft": 477.9, "shore_buffer_m": 4.0, "verdict": "above_water_at_flight"}}, {"type": "Feature", "geometry": {"type": "Point", "coordinates": [-68.7491122, 45.7767399]}, "properties": {"lon": -68.7491122, "lat": 45.7767399, "area_m2": 60.0, "height_max_m": 5.11, "height_mean_m": 1.72, "class": "rock", "source": "3dep-lidar-dsm-2m", "stage_ft": 477.9, "shore_buffer_m": 4.0, "verdict": "above_water_at_flight"}}, {"type": "Feature", "geometry": {"type": "Point", "coordinates": [-68.7611453, 45.7776894]}, "properties": {"lon": -68.7611453, "lat": 45.7776894, "area_m2": 60.0, "height_max_m": 1.09, "height_mean_m": 0.52, "class": "rock", "source": "3dep-lidar-dsm-2m", "stage_ft": 477.9, "shore_buffer_m": 4.0, "verdict": "above_water_at_flight"}}, {"type": "Feature", "geometry": {"type": "Point", "coordinates": [-68.8335881, 45.7800869]}, "properties": {"lon": -68.8335881, "lat": 45.7800869, "area_m2": 60.0, "height_max_m": 1.02, "height_mean_m": 0.5, "class": "rock", "source": "3dep-lidar-dsm-2m", "stage_ft": 477.9, "shore_buffer_m": 4.0, "verdict": "above_water_at_flight"}}, {"type": "Feature", "geometry": {"type": "Point", "coordinates": [-68.8079534, 45.7815111]}, "properties": {"lon": -68.8079534, "lat": 45.7815111, "area_m2": 60.0, "height_max_m": 0.18, "height_mean_m": 0.18, "class": "rock", "source": "3dep-lidar-dsm-2m", "stage_ft": 477.9, "shore_buffer_m": 4.0, "verdict": "above_water_at_flight"}}, {"type": "Feature", "geometry": {"type": "Point", "coordinates": [-68.8317741, 45.7828611]}, "properties": {"lon": -68.8317741, "lat": 45.7828611, "area_m2": 60.0, "height_max_m": 0.68, "height_mean_m": 0.33, "class": "rock", "source": "3dep-lidar-dsm-2m", "stage_ft": 477.9, "shore_buffer_m": 4.0, "verdict": "above_water_at_flight"}}, {"type": "Feature", "geometry": {"type": "Point", "coordinates": [-68.8254921, 45.7870905]}, "properties": {"lon": -68.8254921, "lat": 45.7870905, "area_m2": 60.0, "height_max_m": 1.59, "height_mean_m": 0.65, "class": "rock", "source": "3dep-lidar-dsm-2m", "stage_ft": 477.9, "shore_buffer_m": 4.0, "verdict": "above_water_at_flight"}}, {"type": "Feature", "geometry": {"type": "Point", "coordinates": [-68.8203851, 45.7877279]}, "properties": {"lon": -68.8203851, "lat": 45.7877279, "area_m2": 60.0, "height_max_m": 0.85, "height_mean_m": 0.41, "class": "rock", "source": "3dep-lidar-dsm-2m", "stage_ft": 477.9, "shore_buffer_m": 4.0, "verdict": "above_water_at_flight"}}, {"type": "Feature", "geometry": {"type": "Point", "coordinates": [-68.814264, 45.7261006]}, "properties": {"lon": -68.814264, "lat": 45.7261006, "area_m2": 56.0, "height_max_m": 3.59, "height_mean_m": 1.19, "class": "rock", "source": "3dep-lidar-dsm-2m", "stage_ft": 477.9, "shore_buffer_m": 4.0, "verdict": "above_water_at_flight"}}, {"type": "Feature", "geometry": {"type": "Point", "coordinates": [-68.8149045, 45.7278955]}, "properties": {"lon": -68.8149045, "lat": 45.7278955, "area_m2": 56.0, "height_max_m": 5.52, "height_mean_m": 1.61, "class": "rock", "source": "3dep-lidar-dsm-2m", "stage_ft": 477.9, "shore_buffer_m": 4.0, "verdict": "above_water_at_flight"}}, {"type": "Feature", "geometry": {"type": "Point", "coordinates": [-68.8123536, 45.7289423]}, "properties": {"lon": -68.8123536, "lat": 45.7289423, "area_m2": 56.0, "height_max_m": 3.27, "height_mean_m": 0.88, "class": "rock", "source": "3dep-lidar-dsm-2m", "stage_ft": 477.9, "shore_buffer_m": 4.0, "verdict": "above_water_at_flight"}}, {"type": "Feature", "geometry": {"type": "Point", "coordinates": [-68.8107689, 45.73044]}, "properties": {"lon": -68.8107689, "lat": 45.73044, "area_m2": 56.0, "height_max_m": 8.3, "height_mean_m": 2.72, "class": "rock", "source": "3dep-lidar-dsm-2m", "stage_ft": 477.9, "shore_buffer_m": 4.0, "verdict": "above_water_at_flight"}}, {"type": "Feature", "geometry": {"type": "Point", "coordinates": [-68.7881069, 45.7305348]}, "properties": {"lon": -68.7881069, "lat": 45.7305348, "area_m2": 56.0, "height_max_m": 0.57, "height_mean_m": 0.33, "class": "rock", "source": "3dep-lidar-dsm-2m", "stage_ft": 477.9, "shore_buffer_m": 4.0, "verdict": "above_water_at_flight"}}, {"type": "Feature", "geometry": {"type": "Point", "coordinates": [-68.8342573, 45.7311523]}, "properties": {"lon": -68.8342573, "lat": 45.7311523, "area_m2": 56.0, "height_max_m": 0.49, "height_mean_m": 0.38, "class": "rock", "source": "3dep-lidar-dsm-2m", "stage_ft": 477.9, "shore_buffer_m": 4.0, "verdict": "above_water_at_flight"}}, {"type": "Feature", "geometry": {"type": "Point", "coordinates": [-68.837237, 45.7335814]}, "properties": {"lon": -68.837237, "lat": 45.7335814, "area_m2": 56.0, "height_max_m": 0.54, "height_mean_m": 0.34, "class": "rock", "source": "3dep-lidar-dsm-2m", "stage_ft": 477.9, "shore_buffer_m": 4.0, "verdict": "above_water_at_flight"}}, {"type": "Feature", "geometry": {"type": "Point", "coordinates": [-68.8362229, 45.7359311]}, "properties": {"lon": -68.8362229, "lat": 45.7359311, "area_m2": 56.0, "height_max_m": 0.43, "height_mean_m": 0.27, "class": "rock", "source": "3dep-lidar-dsm-2m", "stage_ft": 477.9, "shore_buffer_m": 4.0, "verdict": "above_water_at_flight"}}, {"type": "Feature", "geometry": {"type": "Point", "coordinates": [-68.8364677, 45.7359491]}, "properties": {"lon": -68.8364677, "lat": 45.7359491, "area_m2": 56.0, "height_max_m": 0.55, "height_mean_m": 0.34, "class": "rock", "source": "3dep-lidar-dsm-2m", "stage_ft": 477.9, "shore_buffer_m": 4.0, "verdict": "above_water_at_flight"}}, {"type": "Feature", "geometry": {"type": "Point", "coordinates": [-68.8284634, 45.7383795]}, "properties": {"lon": -68.8284634, "lat": 45.7383795, "area_m2": 56.0, "height_max_m": 1.0, "height_mean_m": 0.48, "class": "rock", "source": "3dep-lidar-dsm-2m", "stage_ft": 477.9, "shore_buffer_m": 4.0, "verdict": "above_water_at_flight"}}, {"type": "Feature", "geometry": {"type": "Point", "coordinates": [-68.8282333, 45.7394018]}, "properties": {"lon": -68.8282333, "lat": 45.7394018, "area_m2": 56.0, "height_max_m": 0.58, "height_mean_m": 0.31, "class": "rock", "source": "3dep-lidar-dsm-2m", "stage_ft": 477.9, "shore_buffer_m": 4.0, "verdict": "above_water_at_flight"}}, {"type": "Feature", "geometry": {"type": "Point", "coordinates": [-68.826183, 45.739512]}, "properties": {"lon": -68.826183, "lat": 45.739512, "area_m2": 56.0, "height_max_m": 0.87, "height_mean_m": 0.47, "class": "rock", "source": "3dep-lidar-dsm-2m", "stage_ft": 477.9, "shore_buffer_m": 4.0, "verdict": "above_water_at_flight"}}, {"type": "Feature", "geometry": {"type": "Point", "coordinates": [-68.8348517, 45.742501]}, "properties": {"lon": -68.8348517, "lat": 45.742501, "area_m2": 56.0, "height_max_m": 0.39, "height_mean_m": 0.24, "class": "rock", "source": "3dep-lidar-dsm-2m", "stage_ft": 477.9, "shore_buffer_m": 4.0, "verdict": "above_water_at_flight"}}, {"type": "Feature", "geometry": {"type": "Point", "coordinates": [-68.8238511, 45.7427009]}, "properties": {"lon": -68.8238511, "lat": 45.7427009, "area_m2": 56.0, "height_max_m": 0.28, "height_mean_m": 0.21, "class": "rock", "source": "3dep-lidar-dsm-2m", "stage_ft": 477.9, "shore_buffer_m": 4.0, "verdict": "above_water_at_flight"}}, {"type": "Feature", "geometry": {"type": "Point", "coordinates": [-68.8233523, 45.7431519]}, "properties": {"lon": -68.8233523, "lat": 45.7431519, "area_m2": 56.0, "height_max_m": 3.87, "height_mean_m": 1.12, "class": "rock", "source": "3dep-lidar-dsm-2m", "stage_ft": 477.9, "shore_buffer_m": 4.0, "verdict": "above_water_at_flight"}}, {"type": "Feature", "geometry": {"type": "Point", "coordinates": [-68.8279922, 45.7434337]}, "properties": {"lon": -68.8279922, "lat": 45.7434337, "area_m2": 56.0, "height_max_m": 6.81, "height_mean_m": 2.54, "class": "rock", "source": "3dep-lidar-dsm-2m", "stage_ft": 477.9, "shore_buffer_m": 4.0, "verdict": "above_water_at_flight"}}, {"type": "Feature", "geometry": {"type": "Point", "coordinates": [-68.8299708, 45.743713]}, "properties": {"lon": -68.8299708, "lat": 45.743713, "area_m2": 56.0, "height_max_m": 1.34, "height_mean_m": 0.33, "class": "rock", "source": "3dep-lidar-dsm-2m", "stage_ft": 477.9, "shore_buffer_m": 4.0, "verdict": "above_water_at_flight"}}, {"type": "Feature", "geometry": {"type": "Point", "coordinates": [-68.8256272, 45.7454862]}, "properties": {"lon": -68.8256272, "lat": 45.7454862, "area_m2": 56.0, "height_max_m": 8.21, "height_mean_m": 2.95, "class": "rock", "source": "3dep-lidar-dsm-2m", "stage_ft": 477.9, "shore_buffer_m": 4.0, "verdict": "above_water_at_flight"}}, {"type": "Feature", "geometry": {"type": "Point", "coordinates": [-68.7432799, 45.747431]}, "properties": {"lon": -68.7432799, "lat": 45.747431, "area_m2": 56.0, "height_max_m": 4.83, "height_mean_m": 1.16, "class": "rock", "source": "3dep-lidar-dsm-2m", "stage_ft": 477.9, "shore_buffer_m": 4.0, "verdict": "above_water_at_flight"}}, {"type": "Feature", "geometry": {"type": "Point", "coordinates": [-68.7758971, 45.7487301]}, "properties": {"lon": -68.7758971, "lat": 45.7487301, "area_m2": 56.0, "height_max_m": 0.48, "height_mean_m": 0.28, "class": "rock", "source": "3dep-lidar-dsm-2m", "stage_ft": 477.9, "shore_buffer_m": 4.0, "verdict": "above_water_at_flight"}}, {"type": "Feature", "geometry": {"type": "Point", "coordinates": [-68.823126, 45.7489351]}, "properties": {"lon": -68.823126, "lat": 45.7489351, "area_m2": 56.0, "height_max_m": 0.26, "height_mean_m": 0.2, "class": "rock", "source": "3dep-lidar-dsm-2m", "stage_ft": 477.9, "shore_buffer_m": 4.0, "verdict": "above_water_at_flight"}}, {"type": "Feature", "geometry": {"type": "Point", "coordinates": [-68.8370769, 45.749536]}, "properties": {"lon": -68.8370769, "lat": 45.749536, "area_m2": 56.0, "height_max_m": 0.46, "height_mean_m": 0.27, "class": "rock", "source": "3dep-lidar-dsm-2m", "stage_ft": 477.9, "shore_buffer_m": 4.0, "verdict": "above_water_at_flight"}}, {"type": "Feature", "geometry": {"type": "Point", "coordinates": [-68.8093076, 45.7495834]}, "properties": {"lon": -68.8093076, "lat": 45.7495834, "area_m2": 56.0, "height_max_m": 0.67, "height_mean_m": 0.39, "class": "rock", "source": "3dep-lidar-dsm-2m", "stage_ft": 477.9, "shore_buffer_m": 4.0, "verdict": "above_water_at_flight"}}, {"type": "Feature", "geometry": {"type": "Point", "coordinates": [-68.7746769, 45.7503982]}, "properties": {"lon": -68.7746769, "lat": 45.7503982, "area_m2": 56.0, "height_max_m": 0.56, "height_mean_m": 0.33, "class": "rock", "source": "3dep-lidar-dsm-2m", "stage_ft": 477.9, "shore_buffer_m": 4.0, "verdict": "above_water_at_flight"}}, {"type": "Feature", "geometry": {"type": "Point", "coordinates": [-68.8198517, 45.7542072]}, "properties": {"lon": -68.8198517, "lat": 45.7542072, "area_m2": 56.0, "height_max_m": 2.15, "height_mean_m": 0.84, "class": "rock", "source": "3dep-lidar-dsm-2m", "stage_ft": 477.9, "shore_buffer_m": 4.0, "verdict": "above_water_at_flight"}}, {"type": "Feature", "geometry": {"type": "Point", "coordinates": [-68.7496848, 45.7605913]}, "properties": {"lon": -68.7496848, "lat": 45.7605913, "area_m2": 56.0, "height_max_m": 3.04, "height_mean_m": 1.23, "class": "rock", "source": "3dep-lidar-dsm-2m", "stage_ft": 477.9, "shore_buffer_m": 4.0, "verdict": "above_water_at_flight"}}, {"type": "Feature", "geometry": {"type": "Point", "coordinates": [-68.7614235, 45.766791]}, "properties": {"lon": -68.7614235, "lat": 45.766791, "area_m2": 56.0, "height_max_m": 0.15, "height_mean_m": 0.15, "class": "rock", "source": "3dep-lidar-dsm-2m", "stage_ft": 477.9, "shore_buffer_m": 4.0, "verdict": "above_water_at_flight"}}, {"type": "Feature", "geometry": {"type": "Point", "coordinates": [-68.7701437, 45.7674521]}, "properties": {"lon": -68.7701437, "lat": 45.7674521, "area_m2": 56.0, "height_max_m": 0.47, "height_mean_m": 0.32, "class": "rock", "source": "3dep-lidar-dsm-2m", "stage_ft": 477.9, "shore_buffer_m": 4.0, "verdict": "above_water_at_flight"}}, {"type": "Feature", "geometry": {"type": "Point", "coordinates": [-68.8361419, 45.7677608]}, "properties": {"lon": -68.8361419, "lat": 45.7677608, "area_m2": 56.0, "height_max_m": 0.44, "height_mean_m": 0.24, "class": "rock", "source": "3dep-lidar-dsm-2m", "stage_ft": 477.9, "shore_buffer_m": 4.0, "verdict": "above_water_at_flight"}}, {"type": "Feature", "geometry": {"type": "Point", "coordinates": [-68.8073419, 45.7689908]}, "properties": {"lon": -68.8073419, "lat": 45.7689908, "area_m2": 56.0, "height_max_m": 0.17, "height_mean_m": 0.16, "class": "rock", "source": "3dep-lidar-dsm-2m", "stage_ft": 477.9, "shore_buffer_m": 4.0, "verdict": "above_water_at_flight"}}, {"type": "Feature", "geometry": {"type": "Point", "coordinates": [-68.7521014, 45.7695878]}, "properties": {"lon": -68.7521014, "lat": 45.7695878, "area_m2": 56.0, "height_max_m": 0.6, "height_mean_m": 0.28, "class": "rock", "source": "3dep-lidar-dsm-2m", "stage_ft": 477.9, "shore_buffer_m": 4.0, "verdict": "above_water_at_flight"}}, {"type": "Feature", "geometry": {"type": "Point", "coordinates": [-68.8402333, 45.7701195]}, "properties": {"lon": -68.8402333, "lat": 45.7701195, "area_m2": 56.0, "height_max_m": 0.41, "height_mean_m": 0.26, "class": "rock", "source": "3dep-lidar-dsm-2m", "stage_ft": 477.9, "shore_buffer_m": 4.0, "verdict": "above_water_at_flight"}}, {"type": "Feature", "geometry": {"type": "Point", "coordinates": [-68.7829793, 45.7702822]}, "properties": {"lon": -68.7829793, "lat": 45.7702822, "area_m2": 56.0, "height_max_m": 0.88, "height_mean_m": 0.46, "class": "rock", "source": "3dep-lidar-dsm-2m", "stage_ft": 477.9, "shore_buffer_m": 4.0, "verdict": "above_water_at_flight"}}, {"type": "Feature", "geometry": {"type": "Point", "coordinates": [-68.7803217, 45.7710816]}, "properties": {"lon": -68.7803217, "lat": 45.7710816, "area_m2": 56.0, "height_max_m": 0.69, "height_mean_m": 0.39, "class": "rock", "source": "3dep-lidar-dsm-2m", "stage_ft": 477.9, "shore_buffer_m": 4.0, "verdict": "above_water_at_flight"}}, {"type": "Feature", "geometry": {"type": "Point", "coordinates": [-68.7767437, 45.7718068]}, "properties": {"lon": -68.7767437, "lat": 45.7718068, "area_m2": 56.0, "height_max_m": 0.83, "height_mean_m": 0.49, "class": "rock", "source": "3dep-lidar-dsm-2m", "stage_ft": 477.9, "shore_buffer_m": 4.0, "verdict": "above_water_at_flight"}}, {"type": "Feature", "geometry": {"type": "Point", "coordinates": [-68.837699, 45.7732135]}, "properties": {"lon": -68.837699, "lat": 45.7732135, "area_m2": 56.0, "height_max_m": 0.63, "height_mean_m": 0.41, "class": "rock", "source": "3dep-lidar-dsm-2m", "stage_ft": 477.9, "shore_buffer_m": 4.0, "verdict": "above_water_at_flight"}}, {"type": "Feature", "geometry": {"type": "Point", "coordinates": [-68.7503327, 45.773676]}, "properties": {"lon": -68.7503327, "lat": 45.773676, "area_m2": 56.0, "height_max_m": 19.84, "height_mean_m": 6.06, "class": "rock", "source": "3dep-lidar-dsm-2m", "stage_ft": 477.9, "shore_buffer_m": 4.0, "verdict": "above_water_at_flight"}}, {"type": "Feature", "geometry": {"type": "Point", "coordinates": [-68.7499922, 45.7737619]}, "properties": {"lon": -68.7499922, "lat": 45.7737619, "area_m2": 56.0, "height_max_m": 23.62, "height_mean_m": 6.79, "class": "rock", "source": "3dep-lidar-dsm-2m", "stage_ft": 477.9, "shore_buffer_m": 4.0, "verdict": "above_water_at_flight"}}, {"type": "Feature", "geometry": {"type": "Point", "coordinates": [-68.8242634, 45.7743192]}, "properties": {"lon": -68.8242634, "lat": 45.7743192, "area_m2": 56.0, "height_max_m": 0.25, "height_mean_m": 0.19, "class": "rock", "source": "3dep-lidar-dsm-2m", "stage_ft": 477.9, "shore_buffer_m": 4.0, "verdict": "above_water_at_flight"}}, {"type": "Feature", "geometry": {"type": "Point", "coordinates": [-68.8311892, 45.7745652]}, "properties": {"lon": -68.8311892, "lat": 45.7745652, "area_m2": 56.0, "height_max_m": 0.81, "height_mean_m": 0.41, "class": "rock", "source": "3dep-lidar-dsm-2m", "stage_ft": 477.9, "shore_buffer_m": 4.0, "verdict": "above_water_at_flight"}}, {"type": "Feature", "geometry": {"type": "Point", "coordinates": [-68.7687891, 45.7745665]}, "properties": {"lon": -68.7687891, "lat": 45.7745665, "area_m2": 56.0, "height_max_m": 0.51, "height_mean_m": 0.32, "class": "rock", "source": "3dep-lidar-dsm-2m", "stage_ft": 477.9, "shore_buffer_m": 4.0, "verdict": "above_water_at_flight"}}, {"type": "Feature", "geometry": {"type": "Point", "coordinates": [-68.8323726, 45.7746933]}, "properties": {"lon": -68.8323726, "lat": 45.7746933, "area_m2": 56.0, "height_max_m": 0.45, "height_mean_m": 0.25, "class": "rock", "source": "3dep-lidar-dsm-2m", "stage_ft": 477.9, "shore_buffer_m": 4.0, "verdict": "above_water_at_flight"}}, {"type": "Feature", "geometry": {"type": "Point", "coordinates": [-68.7420339, 45.7748483]}, "properties": {"lon": -68.7420339, "lat": 45.7748483, "area_m2": 56.0, "height_max_m": 0.43, "height_mean_m": 0.25, "class": "rock", "source": "3dep-lidar-dsm-2m", "stage_ft": 477.9, "shore_buffer_m": 4.0, "verdict": "above_water_at_flight"}}, {"type": "Feature", "geometry": {"type": "Point", "coordinates": [-68.7424223, 45.7750136]}, "properties": {"lon": -68.7424223, "lat": 45.7750136, "area_m2": 56.0, "height_max_m": 7.0, "height_mean_m": 3.43, "class": "rock", "source": "3dep-lidar-dsm-2m", "stage_ft": 477.9, "shore_buffer_m": 4.0, "verdict": "above_water_at_flight"}}, {"type": "Feature", "geometry": {"type": "Point", "coordinates": [-68.7426799, 45.7750495]}, "properties": {"lon": -68.7426799, "lat": 45.7750495, "area_m2": 56.0, "height_max_m": 38.9, "height_mean_m": 9.03, "class": "rock", "source": "3dep-lidar-dsm-2m", "stage_ft": 477.9, "shore_buffer_m": 4.0, "verdict": "above_water_at_flight"}}, {"type": "Feature", "geometry": {"type": "Point", "coordinates": [-68.7421131, 45.775175]}, "properties": {"lon": -68.7421131, "lat": 45.775175, "area_m2": 56.0, "height_max_m": 9.19, "height_mean_m": 3.21, "class": "rock", "source": "3dep-lidar-dsm-2m", "stage_ft": 477.9, "shore_buffer_m": 4.0, "verdict": "above_water_at_flight"}}, {"type": "Feature", "geometry": {"type": "Point", "coordinates": [-68.7902161, 45.7760885]}, "properties": {"lon": -68.7902161, "lat": 45.7760885, "area_m2": 56.0, "height_max_m": 0.19, "height_mean_m": 0.17, "class": "rock", "source": "3dep-lidar-dsm-2m", "stage_ft": 477.9, "shore_buffer_m": 4.0, "verdict": "above_water_at_flight"}}, {"type": "Feature", "geometry": {"type": "Point", "coordinates": [-68.7874628, 45.778501]}, "properties": {"lon": -68.7874628, "lat": 45.778501, "area_m2": 56.0, "height_max_m": 0.82, "height_mean_m": 0.49, "class": "rock", "source": "3dep-lidar-dsm-2m", "stage_ft": 477.9, "shore_buffer_m": 4.0, "verdict": "above_water_at_flight"}}, {"type": "Feature", "geometry": {"type": "Point", "coordinates": [-68.8330922, 45.7810236]}, "properties": {"lon": -68.8330922, "lat": 45.7810236, "area_m2": 56.0, "height_max_m": 2.77, "height_mean_m": 0.82, "class": "rock", "source": "3dep-lidar-dsm-2m", "stage_ft": 477.9, "shore_buffer_m": 4.0, "verdict": "above_water_at_flight"}}, {"type": "Feature", "geometry": {"type": "Point", "coordinates": [-68.7528781, 45.7819589]}, "properties": {"lon": -68.7528781, "lat": 45.7819589, "area_m2": 56.0, "height_max_m": 41.3, "height_mean_m": 12.23, "class": "rock", "source": "3dep-lidar-dsm-2m", "stage_ft": 477.9, "shore_buffer_m": 4.0, "verdict": "above_water_at_flight"}}, {"type": "Feature", "geometry": {"type": "Point", "coordinates": [-68.7533732, 45.7820089]}, "properties": {"lon": -68.7533732, "lat": 45.7820089, "area_m2": 56.0, "height_max_m": 160.07, "height_mean_m": 32.07, "class": "rock", "source": "3dep-lidar-dsm-2m", "stage_ft": 477.9, "shore_buffer_m": 4.0, "verdict": "above_water_at_flight"}}, {"type": "Feature", "geometry": {"type": "Point", "coordinates": [-68.7532443, 45.7820704]}, "properties": {"lon": -68.7532443, "lat": 45.7820704, "area_m2": 56.0, "height_max_m": 100.8, "height_mean_m": 29.37, "class": "rock", "source": "3dep-lidar-dsm-2m", "stage_ft": 477.9, "shore_buffer_m": 4.0, "verdict": "above_water_at_flight"}}, {"type": "Feature", "geometry": {"type": "Point", "coordinates": [-68.7530437, 45.7821024]}, "properties": {"lon": -68.7530437, "lat": 45.7821024, "area_m2": 56.0, "height_max_m": 73.41, "height_mean_m": 22.72, "class": "rock", "source": "3dep-lidar-dsm-2m", "stage_ft": 477.9, "shore_buffer_m": 4.0, "verdict": "above_water_at_flight"}}, {"type": "Feature", "geometry": {"type": "Point", "coordinates": [-68.7479364, 45.7822856]}, "properties": {"lon": -68.7479364, "lat": 45.7822856, "area_m2": 56.0, "height_max_m": 34.03, "height_mean_m": 13.26, "class": "rock", "source": "3dep-lidar-dsm-2m", "stage_ft": 477.9, "shore_buffer_m": 4.0, "verdict": "above_water_at_flight"}}, {"type": "Feature", "geometry": {"type": "Point", "coordinates": [-68.7954928, 45.7832631]}, "properties": {"lon": -68.7954928, "lat": 45.7832631, "area_m2": 56.0, "height_max_m": 0.63, "height_mean_m": 0.32, "class": "rock", "source": "3dep-lidar-dsm-2m", "stage_ft": 477.9, "shore_buffer_m": 4.0, "verdict": "above_water_at_flight"}}, {"type": "Feature", "geometry": {"type": "Point", "coordinates": [-68.8240223, 45.7858217]}, "properties": {"lon": -68.8240223, "lat": 45.7858217, "area_m2": 56.0, "height_max_m": 0.26, "height_mean_m": 0.19, "class": "rock", "source": "3dep-lidar-dsm-2m", "stage_ft": 477.9, "shore_buffer_m": 4.0, "verdict": "above_water_at_flight"}}, {"type": "Feature", "geometry": {"type": "Point", "coordinates": [-68.8141067, 45.7241376]}, "properties": {"lon": -68.8141067, "lat": 45.7241376, "area_m2": 52.0, "height_max_m": 0.52, "height_mean_m": 0.32, "class": "rock", "source": "3dep-lidar-dsm-2m", "stage_ft": 477.9, "shore_buffer_m": 4.0, "verdict": "above_water_at_flight"}}, {"type": "Feature", "geometry": {"type": "Point", "coordinates": [-68.8135597, 45.7283044]}, "properties": {"lon": -68.8135597, "lat": 45.7283044, "area_m2": 52.0, "height_max_m": 2.76, "height_mean_m": 0.85, "class": "rock", "source": "3dep-lidar-dsm-2m", "stage_ft": 477.9, "shore_buffer_m": 4.0, "verdict": "above_water_at_flight"}}, {"type": "Feature", "geometry": {"type": "Point", "coordinates": [-68.802575, 45.7298359]}, "properties": {"lon": -68.802575, "lat": 45.7298359, "area_m2": 52.0, "height_max_m": 0.62, "height_mean_m": 0.35, "class": "rock", "source": "3dep-lidar-dsm-2m", "stage_ft": 477.9, "shore_buffer_m": 4.0, "verdict": "above_water_at_flight"}}, {"type": "Feature", "geometry": {"type": "Point", "coordinates": [-68.8332238, 45.7357246]}, "properties": {"lon": -68.8332238, "lat": 45.7357246, "area_m2": 52.0, "height_max_m": 0.98, "height_mean_m": 0.52, "class": "rock", "source": "3dep-lidar-dsm-2m", "stage_ft": 477.9, "shore_buffer_m": 4.0, "verdict": "above_water_at_flight"}}, {"type": "Feature", "geometry": {"type": "Point", "coordinates": [-68.8335904, 45.7358543]}, "properties": {"lon": -68.8335904, "lat": 45.7358543, "area_m2": 52.0, "height_max_m": 2.42, "height_mean_m": 0.96, "class": "rock", "source": "3dep-lidar-dsm-2m", "stage_ft": 477.9, "shore_buffer_m": 4.0, "verdict": "above_water_at_flight"}}, {"type": "Feature", "geometry": {"type": "Point", "coordinates": [-68.8354199, 45.7362076]}, "properties": {"lon": -68.8354199, "lat": 45.7362076, "area_m2": 52.0, "height_max_m": 0.51, "height_mean_m": 0.28, "class": "rock", "source": "3dep-lidar-dsm-2m", "stage_ft": 477.9, "shore_buffer_m": 4.0, "verdict": "above_water_at_flight"}}, {"type": "Feature", "geometry": {"type": "Point", "coordinates": [-68.7870376, 45.7384676]}, "properties": {"lon": -68.7870376, "lat": 45.7384676, "area_m2": 52.0, "height_max_m": 0.43, "height_mean_m": 0.25, "class": "rock", "source": "3dep-lidar-dsm-2m", "stage_ft": 477.9, "shore_buffer_m": 4.0, "verdict": "above_water_at_flight"}}, {"type": "Feature", "geometry": {"type": "Point", "coordinates": [-68.7842607, 45.7384469]}, "properties": {"lon": -68.7842607, "lat": 45.7384469, "area_m2": 52.0, "height_max_m": 0.33, "height_mean_m": 0.24, "class": "rock", "source": "3dep-lidar-dsm-2m", "stage_ft": 477.9, "shore_buffer_m": 4.0, "verdict": "above_water_at_flight"}}, {"type": "Feature", "geometry": {"type": "Point", "coordinates": [-68.8267127, 45.739363]}, "properties": {"lon": -68.8267127, "lat": 45.739363, "area_m2": 52.0, "height_max_m": 0.45, "height_mean_m": 0.27, "class": "rock", "source": "3dep-lidar-dsm-2m", "stage_ft": 477.9, "shore_buffer_m": 4.0, "verdict": "above_water_at_flight"}}, {"type": "Feature", "geometry": {"type": "Point", "coordinates": [-68.8322288, 45.7396914]}, "properties": {"lon": -68.8322288, "lat": 45.7396914, "area_m2": 52.0, "height_max_m": 0.78, "height_mean_m": 0.38, "class": "rock", "source": "3dep-lidar-dsm-2m", "stage_ft": 477.9, "shore_buffer_m": 4.0, "verdict": "above_water_at_flight"}}, {"type": "Feature", "geometry": {"type": "Point", "coordinates": [-68.7830893, 45.7399218]}, "properties": {"lon": -68.7830893, "lat": 45.7399218, "area_m2": 52.0, "height_max_m": 4.62, "height_mean_m": 1.89, "class": "rock", "source": "3dep-lidar-dsm-2m", "stage_ft": 477.9, "shore_buffer_m": 4.0, "verdict": "above_water_at_flight"}}, {"type": "Feature", "geometry": {"type": "Point", "coordinates": [-68.823914, 45.7424522]}, "properties": {"lon": -68.823914, "lat": 45.7424522, "area_m2": 52.0, "height_max_m": 0.51, "height_mean_m": 0.28, "class": "rock", "source": "3dep-lidar-dsm-2m", "stage_ft": 477.9, "shore_buffer_m": 4.0, "verdict": "above_water_at_flight"}}, {"type": "Feature", "geometry": {"type": "Point", "coordinates": [-68.8326351, 45.7437161]}, "properties": {"lon": -68.8326351, "lat": 45.7437161, "area_m2": 52.0, "height_max_m": 0.8, "height_mean_m": 0.39, "class": "rock", "source": "3dep-lidar-dsm-2m", "stage_ft": 477.9, "shore_buffer_m": 4.0, "verdict": "above_water_at_flight"}}, {"type": "Feature", "geometry": {"type": "Point", "coordinates": [-68.8284034, 45.7439672]}, "properties": {"lon": -68.8284034, "lat": 45.7439672, "area_m2": 52.0, "height_max_m": 1.02, "height_mean_m": 0.45, "class": "rock", "source": "3dep-lidar-dsm-2m", "stage_ft": 477.9, "shore_buffer_m": 4.0, "verdict": "above_water_at_flight"}}, {"type": "Feature", "geometry": {"type": "Point", "coordinates": [-68.8260586, 45.7451938]}, "properties": {"lon": -68.8260586, "lat": 45.7451938, "area_m2": 52.0, "height_max_m": 0.58, "height_mean_m": 0.35, "class": "rock", "source": "3dep-lidar-dsm-2m", "stage_ft": 477.9, "shore_buffer_m": 4.0, "verdict": "above_water_at_flight"}}, {"type": "Feature", "geometry": {"type": "Point", "coordinates": [-68.8189013, 45.7455277]}, "properties": {"lon": -68.8189013, "lat": 45.7455277, "area_m2": 52.0, "height_max_m": 1.27, "height_mean_m": 0.57, "class": "rock", "source": "3dep-lidar-dsm-2m", "stage_ft": 477.9, "shore_buffer_m": 4.0, "verdict": "above_water_at_flight"}}, {"type": "Feature", "geometry": {"type": "Point", "coordinates": [-68.8326351, 45.7470495]}, "properties": {"lon": -68.8326351, "lat": 45.7470495, "area_m2": 52.0, "height_max_m": 1.43, "height_mean_m": 0.71, "class": "rock", "source": "3dep-lidar-dsm-2m", "stage_ft": 477.9, "shore_buffer_m": 4.0, "verdict": "above_water_at_flight"}}, {"type": "Feature", "geometry": {"type": "Point", "coordinates": [-68.7786019, 45.7476304]}, "properties": {"lon": -68.7786019, "lat": 45.7476304, "area_m2": 52.0, "height_max_m": 0.74, "height_mean_m": 0.43, "class": "rock", "source": "3dep-lidar-dsm-2m", "stage_ft": 477.9, "shore_buffer_m": 4.0, "verdict": "above_water_at_flight"}}, {"type": "Feature", "geometry": {"type": "Point", "coordinates": [-68.8373603, 45.7490129]}, "properties": {"lon": -68.8373603, "lat": 45.7490129, "area_m2": 52.0, "height_max_m": 0.41, "height_mean_m": 0.31, "class": "rock", "source": "3dep-lidar-dsm-2m", "stage_ft": 477.9, "shore_buffer_m": 4.0, "verdict": "above_water_at_flight"}}, {"type": "Feature", "geometry": {"type": "Point", "coordinates": [-68.8355824, 45.7490391]}, "properties": {"lon": -68.8355824, "lat": 45.7490391, "area_m2": 52.0, "height_max_m": 0.22, "height_mean_m": 0.19, "class": "rock", "source": "3dep-lidar-dsm-2m", "stage_ft": 477.9, "shore_buffer_m": 4.0, "verdict": "above_water_at_flight"}}, {"type": "Feature", "geometry": {"type": "Point", "coordinates": [-68.7494437, 45.7490501]}, "properties": {"lon": -68.7494437, "lat": 45.7490501, "area_m2": 52.0, "height_max_m": 7.92, "height_mean_m": 2.3, "class": "rock", "source": "3dep-lidar-dsm-2m", "stage_ft": 477.9, "shore_buffer_m": 4.0, "verdict": "above_water_at_flight"}}, {"type": "Feature", "geometry": {"type": "Point", "coordinates": [-68.8374218, 45.7491177]}, "properties": {"lon": -68.8374218, "lat": 45.7491177, "area_m2": 52.0, "height_max_m": 0.46, "height_mean_m": 0.3, "class": "rock", "source": "3dep-lidar-dsm-2m", "stage_ft": 477.9, "shore_buffer_m": 4.0, "verdict": "above_water_at_flight"}}, {"type": "Feature", "geometry": {"type": "Point", "coordinates": [-68.8366408, 45.7495013]}, "properties": {"lon": -68.8366408, "lat": 45.7495013, "area_m2": 52.0, "height_max_m": 0.8, "height_mean_m": 0.39, "class": "rock", "source": "3dep-lidar-dsm-2m", "stage_ft": 477.9, "shore_buffer_m": 4.0, "verdict": "above_water_at_flight"}}, {"type": "Feature", "geometry": {"type": "Point", "coordinates": [-68.8362107, 45.749671]}, "properties": {"lon": -68.8362107, "lat": 45.749671, "area_m2": 52.0, "height_max_m": 0.66, "height_mean_m": 0.35, "class": "rock", "source": "3dep-lidar-dsm-2m", "stage_ft": 477.9, "shore_buffer_m": 4.0, "verdict": "above_water_at_flight"}}, {"type": "Feature", "geometry": {"type": "Point", "coordinates": [-68.8368509, 45.7498131]}, "properties": {"lon": -68.8368509, "lat": 45.7498131, "area_m2": 52.0, "height_max_m": 0.56, "height_mean_m": 0.3, "class": "rock", "source": "3dep-lidar-dsm-2m", "stage_ft": 477.9, "shore_buffer_m": 4.0, "verdict": "above_water_at_flight"}}, {"type": "Feature", "geometry": {"type": "Point", "coordinates": [-68.8279197, 45.7498324]}, "properties": {"lon": -68.8279197, "lat": 45.7498324, "area_m2": 52.0, "height_max_m": 0.97, "height_mean_m": 0.48, "class": "rock", "source": "3dep-lidar-dsm-2m", "stage_ft": 477.9, "shore_buffer_m": 4.0, "verdict": "above_water_at_flight"}}, {"type": "Feature", "geometry": {"type": "Point", "coordinates": [-68.7743563, 45.7507983]}, "properties": {"lon": -68.7743563, "lat": 45.7507983, "area_m2": 52.0, "height_max_m": 0.78, "height_mean_m": 0.43, "class": "rock", "source": "3dep-lidar-dsm-2m", "stage_ft": 477.9, "shore_buffer_m": 4.0, "verdict": "above_water_at_flight"}}, {"type": "Feature", "geometry": {"type": "Point", "coordinates": [-68.7554117, 45.7510342]}, "properties": {"lon": -68.7554117, "lat": 45.7510342, "area_m2": 52.0, "height_max_m": 0.88, "height_mean_m": 0.48, "class": "rock", "source": "3dep-lidar-dsm-2m", "stage_ft": 477.9, "shore_buffer_m": 4.0, "verdict": "above_water_at_flight"}}, {"type": "Feature", "geometry": {"type": "Point", "coordinates": [-68.7715874, 45.7522539]}, "properties": {"lon": -68.7715874, "lat": 45.7522539, "area_m2": 52.0, "height_max_m": 0.78, "height_mean_m": 0.44, "class": "rock", "source": "3dep-lidar-dsm-2m", "stage_ft": 477.9, "shore_buffer_m": 4.0, "verdict": "above_water_at_flight"}}, {"type": "Feature", "geometry": {"type": "Point", "coordinates": [-68.7553027, 45.752258]}, "properties": {"lon": -68.7553027, "lat": 45.752258, "area_m2": 52.0, "height_max_m": 0.62, "height_mean_m": 0.35, "class": "rock", "source": "3dep-lidar-dsm-2m", "stage_ft": 477.9, "shore_buffer_m": 4.0, "verdict": "above_water_at_flight"}}, {"type": "Feature", "geometry": {"type": "Point", "coordinates": [-68.7526507, 45.7560978]}, "properties": {"lon": -68.7526507, "lat": 45.7560978, "area_m2": 52.0, "height_max_m": 5.71, "height_mean_m": 2.06, "class": "rock", "source": "3dep-lidar-dsm-2m", "stage_ft": 477.9, "shore_buffer_m": 4.0, "verdict": "above_water_at_flight"}}, {"type": "Feature", "geometry": {"type": "Point", "coordinates": [-68.7472853, 45.7608634]}, "properties": {"lon": -68.7472853, "lat": 45.7608634, "area_m2": 52.0, "height_max_m": 10.2, "height_mean_m": 4.0, "class": "rock", "source": "3dep-lidar-dsm-2m", "stage_ft": 477.9, "shore_buffer_m": 4.0, "verdict": "above_water_at_flight"}}, {"type": "Feature", "geometry": {"type": "Point", "coordinates": [-68.7444113, 45.762039]}, "properties": {"lon": -68.7444113, "lat": 45.762039, "area_m2": 52.0, "height_max_m": 1.66, "height_mean_m": 0.57, "class": "rock", "source": "3dep-lidar-dsm-2m", "stage_ft": 477.9, "shore_buffer_m": 4.0, "verdict": "above_water_at_flight"}}, {"type": "Feature", "geometry": {"type": "Point", "coordinates": [-68.7900464, 45.7626888]}, "properties": {"lon": -68.7900464, "lat": 45.7626888, "area_m2": 52.0, "height_max_m": 0.16, "height_mean_m": 0.16, "class": "rock", "source": "3dep-lidar-dsm-2m", "stage_ft": 477.9, "shore_buffer_m": 4.0, "verdict": "above_water_at_flight"}}, {"type": "Feature", "geometry": {"type": "Point", "coordinates": [-68.7610388, 45.7646204]}, "properties": {"lon": -68.7610388, "lat": 45.7646204, "area_m2": 52.0, "height_max_m": 3.22, "height_mean_m": 0.91, "class": "rock", "source": "3dep-lidar-dsm-2m", "stage_ft": 477.9, "shore_buffer_m": 4.0, "verdict": "above_water_at_flight"}}, {"type": "Feature", "geometry": {"type": "Point", "coordinates": [-68.7730442, 45.7659643]}, "properties": {"lon": -68.7730442, "lat": 45.7659643, "area_m2": 52.0, "height_max_m": 0.43, "height_mean_m": 0.27, "class": "rock", "source": "3dep-lidar-dsm-2m", "stage_ft": 477.9, "shore_buffer_m": 4.0, "verdict": "above_water_at_flight"}}, {"type": "Feature", "geometry": {"type": "Point", "coordinates": [-68.8338659, 45.7675579]}, "properties": {"lon": -68.8338659, "lat": 45.7675579, "area_m2": 52.0, "height_max_m": 0.46, "height_mean_m": 0.26, "class": "rock", "source": "3dep-lidar-dsm-2m", "stage_ft": 477.9, "shore_buffer_m": 4.0, "verdict": "above_water_at_flight"}}, {"type": "Feature", "geometry": {"type": "Point", "coordinates": [-68.8419904, 45.7703201]}, "properties": {"lon": -68.8419904, "lat": 45.7703201, "area_m2": 52.0, "height_max_m": 0.69, "height_mean_m": 0.37, "class": "rock", "source": "3dep-lidar-dsm-2m", "stage_ft": 477.9, "shore_buffer_m": 4.0, "verdict": "above_water_at_flight"}}, {"type": "Feature", "geometry": {"type": "Point", "coordinates": [-68.7820924, 45.7717799]}, "properties": {"lon": -68.7820924, "lat": 45.7717799, "area_m2": 52.0, "height_max_m": 3.13, "height_mean_m": 0.9, "class": "rock", "source": "3dep-lidar-dsm-2m", "stage_ft": 477.9, "shore_buffer_m": 4.0, "verdict": "above_water_at_flight"}}, {"type": "Feature", "geometry": {"type": "Point", "coordinates": [-68.7435986, 45.7723276]}, "properties": {"lon": -68.7435986, "lat": 45.7723276, "area_m2": 52.0, "height_max_m": 0.84, "height_mean_m": 0.44, "class": "rock", "source": "3dep-lidar-dsm-2m", "stage_ft": 477.9, "shore_buffer_m": 4.0, "verdict": "above_water_at_flight"}}, {"type": "Feature", "geometry": {"type": "Point", "coordinates": [-68.7754465, 45.7725691]}, "properties": {"lon": -68.7754465, "lat": 45.7725691, "area_m2": 52.0, "height_max_m": 0.39, "height_mean_m": 0.27, "class": "rock", "source": "3dep-lidar-dsm-2m", "stage_ft": 477.9, "shore_buffer_m": 4.0, "verdict": "above_water_at_flight"}}, {"type": "Feature", "geometry": {"type": "Point", "coordinates": [-68.75185, 45.7725939]}, "properties": {"lon": -68.75185, "lat": 45.7725939, "area_m2": 52.0, "height_max_m": 0.82, "height_mean_m": 0.45, "class": "rock", "source": "3dep-lidar-dsm-2m", "stage_ft": 477.9, "shore_buffer_m": 4.0, "verdict": "above_water_at_flight"}}, {"type": "Feature", "geometry": {"type": "Point", "coordinates": [-68.7466986, 45.7727112]}, "properties": {"lon": -68.7466986, "lat": 45.7727112, "area_m2": 52.0, "height_max_m": 6.34, "height_mean_m": 2.08, "class": "rock", "source": "3dep-lidar-dsm-2m", "stage_ft": 477.9, "shore_buffer_m": 4.0, "verdict": "above_water_at_flight"}}, {"type": "Feature", "geometry": {"type": "Point", "coordinates": [-68.8131454, 45.7726809]}, "properties": {"lon": -68.8131454, "lat": 45.7726809, "area_m2": 52.0, "height_max_m": 2.17, "height_mean_m": 0.83, "class": "rock", "source": "3dep-lidar-dsm-2m", "stage_ft": 477.9, "shore_buffer_m": 4.0, "verdict": "above_water_at_flight"}}, {"type": "Feature", "geometry": {"type": "Point", "coordinates": [-68.8375328, 45.7732162]}, "properties": {"lon": -68.8375328, "lat": 45.7732162, "area_m2": 52.0, "height_max_m": 0.98, "height_mean_m": 0.54, "class": "rock", "source": "3dep-lidar-dsm-2m", "stage_ft": 477.9, "shore_buffer_m": 4.0, "verdict": "above_water_at_flight"}}, {"type": "Feature", "geometry": {"type": "Point", "coordinates": [-68.7742751, 45.7734425]}, "properties": {"lon": -68.7742751, "lat": 45.7734425, "area_m2": 52.0, "height_max_m": 0.47, "height_mean_m": 0.27, "class": "rock", "source": "3dep-lidar-dsm-2m", "stage_ft": 477.9, "shore_buffer_m": 4.0, "verdict": "above_water_at_flight"}}, {"type": "Feature", "geometry": {"type": "Point", "coordinates": [-68.7507678, 45.7739254]}, "properties": {"lon": -68.7507678, "lat": 45.7739254, "area_m2": 52.0, "height_max_m": 11.42, "height_mean_m": 3.43, "class": "rock", "source": "3dep-lidar-dsm-2m", "stage_ft": 477.9, "shore_buffer_m": 4.0, "verdict": "above_water_at_flight"}}, {"type": "Feature", "geometry": {"type": "Point", "coordinates": [-68.8325697, 45.774658]}, "properties": {"lon": -68.8325697, "lat": 45.774658, "area_m2": 52.0, "height_max_m": 0.46, "height_mean_m": 0.33, "class": "rock", "source": "3dep-lidar-dsm-2m", "stage_ft": 477.9, "shore_buffer_m": 4.0, "verdict": "above_water_at_flight"}}, {"type": "Feature", "geometry": {"type": "Point", "coordinates": [-68.7426472, 45.7752692]}, "properties": {"lon": -68.7426472, "lat": 45.7752692, "area_m2": 52.0, "height_max_m": 15.38, "height_mean_m": 3.81, "class": "rock", "source": "3dep-lidar-dsm-2m", "stage_ft": 477.9, "shore_buffer_m": 4.0, "verdict": "above_water_at_flight"}}, {"type": "Feature", "geometry": {"type": "Point", "coordinates": [-68.748534, 45.7763013]}, "properties": {"lon": -68.748534, "lat": 45.7763013, "area_m2": 52.0, "height_max_m": 3.71, "height_mean_m": 1.06, "class": "rock", "source": "3dep-lidar-dsm-2m", "stage_ft": 477.9, "shore_buffer_m": 4.0, "verdict": "above_water_at_flight"}}, {"type": "Feature", "geometry": {"type": "Point", "coordinates": [-68.8335072, 45.778869]}, "properties": {"lon": -68.8335072, "lat": 45.778869, "area_m2": 52.0, "height_max_m": 0.54, "height_mean_m": 0.34, "class": "rock", "source": "3dep-lidar-dsm-2m", "stage_ft": 477.9, "shore_buffer_m": 4.0, "verdict": "above_water_at_flight"}}, {"type": "Feature", "geometry": {"type": "Point", "coordinates": [-68.755824, 45.782506]}, "properties": {"lon": -68.755824, "lat": 45.782506, "area_m2": 52.0, "height_max_m": 0.26, "height_mean_m": 0.18, "class": "rock", "source": "3dep-lidar-dsm-2m", "stage_ft": 477.9, "shore_buffer_m": 4.0, "verdict": "above_water_at_flight"}}, {"type": "Feature", "geometry": {"type": "Point", "coordinates": [-68.7540818, 45.7825308]}, "properties": {"lon": -68.7540818, "lat": 45.7825308, "area_m2": 52.0, "height_max_m": 3.35, "height_mean_m": 1.28, "class": "rock", "source": "3dep-lidar-dsm-2m", "stage_ft": 477.9, "shore_buffer_m": 4.0, "verdict": "above_water_at_flight"}}, {"type": "Feature", "geometry": {"type": "Point", "coordinates": [-68.8322882, 45.7827833]}, "properties": {"lon": -68.8322882, "lat": 45.7827833, "area_m2": 52.0, "height_max_m": 1.38, "height_mean_m": 0.66, "class": "rock", "source": "3dep-lidar-dsm-2m", "stage_ft": 477.9, "shore_buffer_m": 4.0, "verdict": "above_water_at_flight"}}, {"type": "Feature", "geometry": {"type": "Point", "coordinates": [-68.8127649, 45.7836718]}, "properties": {"lon": -68.8127649, "lat": 45.7836718, "area_m2": 52.0, "height_max_m": 0.8, "height_mean_m": 0.42, "class": "rock", "source": "3dep-lidar-dsm-2m", "stage_ft": 477.9, "shore_buffer_m": 4.0, "verdict": "above_water_at_flight"}}, {"type": "Feature", "geometry": {"type": "Point", "coordinates": [-68.8034709, 45.7872688]}, "properties": {"lon": -68.8034709, "lat": 45.7872688, "area_m2": 52.0, "height_max_m": 9.68, "height_mean_m": 3.52, "class": "rock", "source": "3dep-lidar-dsm-2m", "stage_ft": 477.9, "shore_buffer_m": 4.0, "verdict": "above_water_at_flight"}}, {"type": "Feature", "geometry": {"type": "Point", "coordinates": [-68.8093061, 45.7873626]}, "properties": {"lon": -68.8093061, "lat": 45.7873626, "area_m2": 52.0, "height_max_m": 0.79, "height_mean_m": 0.44, "class": "rock", "source": "3dep-lidar-dsm-2m", "stage_ft": 477.9, "shore_buffer_m": 4.0, "verdict": "above_water_at_flight"}}, {"type": "Feature", "geometry": {"type": "Point", "coordinates": [-68.8106508, 45.7239266]}, "properties": {"lon": -68.8106508, "lat": 45.7239266, "area_m2": 48.0, "height_max_m": 0.82, "height_mean_m": 0.36, "class": "rock", "source": "3dep-lidar-dsm-2m", "stage_ft": 477.9, "shore_buffer_m": 4.0, "verdict": "above_water_at_flight"}}, {"type": "Feature", "geometry": {"type": "Point", "coordinates": [-68.8218036, 45.7265274]}, "properties": {"lon": -68.8218036, "lat": 45.7265274, "area_m2": 48.0, "height_max_m": 0.7, "height_mean_m": 0.37, "class": "rock", "source": "3dep-lidar-dsm-2m", "stage_ft": 477.9, "shore_buffer_m": 4.0, "verdict": "above_water_at_flight"}}, {"type": "Feature", "geometry": {"type": "Point", "coordinates": [-68.819272, 45.7277322]}, "properties": {"lon": -68.819272, "lat": 45.7277322, "area_m2": 48.0, "height_max_m": 3.41, "height_mean_m": 0.85, "class": "rock", "source": "3dep-lidar-dsm-2m", "stage_ft": 477.9, "shore_buffer_m": 4.0, "verdict": "above_water_at_flight"}}, {"type": "Feature", "geometry": {"type": "Point", "coordinates": [-68.8069597, 45.7280237]}, "properties": {"lon": -68.8069597, "lat": 45.7280237, "area_m2": 48.0, "height_max_m": 0.54, "height_mean_m": 0.25, "class": "rock", "source": "3dep-lidar-dsm-2m", "stage_ft": 477.9, "shore_buffer_m": 4.0, "verdict": "above_water_at_flight"}}, {"type": "Feature", "geometry": {"type": "Point", "coordinates": [-68.8068631, 45.728215]}, "properties": {"lon": -68.8068631, "lat": 45.728215, "area_m2": 48.0, "height_max_m": 0.4, "height_mean_m": 0.27, "class": "rock", "source": "3dep-lidar-dsm-2m", "stage_ft": 477.9, "shore_buffer_m": 4.0, "verdict": "above_water_at_flight"}}, {"type": "Feature", "geometry": {"type": "Point", "coordinates": [-68.8297419, 45.7294063]}, "properties": {"lon": -68.8297419, "lat": 45.7294063, "area_m2": 48.0, "height_max_m": 0.42, "height_mean_m": 0.28, "class": "rock", "source": "3dep-lidar-dsm-2m", "stage_ft": 477.9, "shore_buffer_m": 4.0, "verdict": "above_water_at_flight"}}, {"type": "Feature", "geometry": {"type": "Point", "coordinates": [-68.8335747, 45.7312911]}, "properties": {"lon": -68.8335747, "lat": 45.7312911, "area_m2": 48.0, "height_max_m": 1.74, "height_mean_m": 0.53, "class": "rock", "source": "3dep-lidar-dsm-2m", "stage_ft": 477.9, "shore_buffer_m": 4.0, "verdict": "above_water_at_flight"}}, {"type": "Feature", "geometry": {"type": "Point", "coordinates": [-68.8361901, 45.7335974]}, "properties": {"lon": -68.8361901, "lat": 45.7335974, "area_m2": 48.0, "height_max_m": 0.42, "height_mean_m": 0.27, "class": "rock", "source": "3dep-lidar-dsm-2m", "stage_ft": 477.9, "shore_buffer_m": 4.0, "verdict": "above_water_at_flight"}}, {"type": "Feature", "geometry": {"type": "Point", "coordinates": [-68.8315757, 45.7353238]}, "properties": {"lon": -68.8315757, "lat": 45.7353238, "area_m2": 48.0, "height_max_m": 0.6, "height_mean_m": 0.32, "class": "rock", "source": "3dep-lidar-dsm-2m", "stage_ft": 477.9, "shore_buffer_m": 4.0, "verdict": "above_water_at_flight"}}, {"type": "Feature", "geometry": {"type": "Point", "coordinates": [-68.8361471, 45.7360398]}, "properties": {"lon": -68.8361471, "lat": 45.7360398, "area_m2": 48.0, "height_max_m": 0.27, "height_mean_m": 0.19, "class": "rock", "source": "3dep-lidar-dsm-2m", "stage_ft": 477.9, "shore_buffer_m": 4.0, "verdict": "above_water_at_flight"}}, {"type": "Feature", "geometry": {"type": "Point", "coordinates": [-68.8361106, 45.7361399]}, "properties": {"lon": -68.8361106, "lat": 45.7361399, "area_m2": 48.0, "height_max_m": 0.51, "height_mean_m": 0.31, "class": "rock", "source": "3dep-lidar-dsm-2m", "stage_ft": 477.9, "shore_buffer_m": 4.0, "verdict": "above_water_at_flight"}}, {"type": "Feature", "geometry": {"type": "Point", "coordinates": [-68.8357993, 45.736548]}, "properties": {"lon": -68.8357993, "lat": 45.736548, "area_m2": 48.0, "height_max_m": 0.68, "height_mean_m": 0.42, "class": "rock", "source": "3dep-lidar-dsm-2m", "stage_ft": 477.9, "shore_buffer_m": 4.0, "verdict": "above_water_at_flight"}}, {"type": "Feature", "geometry": {"type": "Point", "coordinates": [-68.8284579, 45.7397183]}, "properties": {"lon": -68.8284579, "lat": 45.7397183, "area_m2": 48.0, "height_max_m": 0.75, "height_mean_m": 0.42, "class": "rock", "source": "3dep-lidar-dsm-2m", "stage_ft": 477.9, "shore_buffer_m": 4.0, "verdict": "above_water_at_flight"}}, {"type": "Feature", "geometry": {"type": "Point", "coordinates": [-68.7388385, 45.7430784]}, "properties": {"lon": -68.7388385, "lat": 45.7430784, "area_m2": 48.0, "height_max_m": 1.07, "height_mean_m": 0.59, "class": "rock", "source": "3dep-lidar-dsm-2m", "stage_ft": 477.9, "shore_buffer_m": 4.0, "verdict": "above_water_at_flight"}}, {"type": "Feature", "geometry": {"type": "Point", "coordinates": [-68.8192462, 45.7432458]}, "properties": {"lon": -68.8192462, "lat": 45.7432458, "area_m2": 48.0, "height_max_m": 0.79, "height_mean_m": 0.41, "class": "rock", "source": "3dep-lidar-dsm-2m", "stage_ft": 477.9, "shore_buffer_m": 4.0, "verdict": "above_water_at_flight"}}, {"type": "Feature", "geometry": {"type": "Point", "coordinates": [-68.8205861, 45.743754]}, "properties": {"lon": -68.8205861, "lat": 45.743754, "area_m2": 48.0, "height_max_m": 2.71, "height_mean_m": 1.14, "class": "rock", "source": "3dep-lidar-dsm-2m", "stage_ft": 477.9, "shore_buffer_m": 4.0, "verdict": "above_water_at_flight"}}, {"type": "Feature", "geometry": {"type": "Point", "coordinates": [-68.8262419, 45.7448661]}, "properties": {"lon": -68.8262419, "lat": 45.7448661, "area_m2": 48.0, "height_max_m": 0.67, "height_mean_m": 0.44, "class": "rock", "source": "3dep-lidar-dsm-2m", "stage_ft": 477.9, "shore_buffer_m": 4.0, "verdict": "above_water_at_flight"}}, {"type": "Feature", "geometry": {"type": "Point", "coordinates": [-68.7753781, 45.745745]}, "properties": {"lon": -68.7753781, "lat": 45.745745, "area_m2": 48.0, "height_max_m": 0.76, "height_mean_m": 0.36, "class": "rock", "source": "3dep-lidar-dsm-2m", "stage_ft": 477.9, "shore_buffer_m": 4.0, "verdict": "above_water_at_flight"}}, {"type": "Feature", "geometry": {"type": "Point", "coordinates": [-68.8345002, 45.7457898]}, "properties": {"lon": -68.8345002, "lat": 45.7457898, "area_m2": 48.0, "height_max_m": 2.69, "height_mean_m": 0.8, "class": "rock", "source": "3dep-lidar-dsm-2m", "stage_ft": 477.9, "shore_buffer_m": 4.0, "verdict": "above_water_at_flight"}}, {"type": "Feature", "geometry": {"type": "Point", "coordinates": [-68.8259327, 45.7463548]}, "properties": {"lon": -68.8259327, "lat": 45.7463548, "area_m2": 48.0, "height_max_m": 0.39, "height_mean_m": 0.25, "class": "rock", "source": "3dep-lidar-dsm-2m", "stage_ft": 477.9, "shore_buffer_m": 4.0, "verdict": "above_water_at_flight"}}, {"type": "Feature", "geometry": {"type": "Point", "coordinates": [-68.8255849, 45.7464565]}, "properties": {"lon": -68.8255849, "lat": 45.7464565, "area_m2": 48.0, "height_max_m": 0.44, "height_mean_m": 0.3, "class": "rock", "source": "3dep-lidar-dsm-2m", "stage_ft": 477.9, "shore_buffer_m": 4.0, "verdict": "above_water_at_flight"}}, {"type": "Feature", "geometry": {"type": "Point", "coordinates": [-68.8348201, 45.7484938]}, "properties": {"lon": -68.8348201, "lat": 45.7484938, "area_m2": 48.0, "height_max_m": 0.55, "height_mean_m": 0.37, "class": "rock", "source": "3dep-lidar-dsm-2m", "stage_ft": 477.9, "shore_buffer_m": 4.0, "verdict": "above_water_at_flight"}}, {"type": "Feature", "geometry": {"type": "Point", "coordinates": [-68.7760223, 45.7486866]}, "properties": {"lon": -68.7760223, "lat": 45.7486866, "area_m2": 48.0, "height_max_m": 0.56, "height_mean_m": 0.32, "class": "rock", "source": "3dep-lidar-dsm-2m", "stage_ft": 477.9, "shore_buffer_m": 4.0, "verdict": "above_water_at_flight"}}, {"type": "Feature", "geometry": {"type": "Point", "coordinates": [-68.8298557, 45.7489048]}, "properties": {"lon": -68.8298557, "lat": 45.7489048, "area_m2": 48.0, "height_max_m": 1.25, "height_mean_m": 0.57, "class": "rock", "source": "3dep-lidar-dsm-2m", "stage_ft": 477.9, "shore_buffer_m": 4.0, "verdict": "above_water_at_flight"}}, {"type": "Feature", "geometry": {"type": "Point", "coordinates": [-68.7499333, 45.7492292]}, "properties": {"lon": -68.7499333, "lat": 45.7492292, "area_m2": 48.0, "height_max_m": 1.47, "height_mean_m": 0.65, "class": "rock", "source": "3dep-lidar-dsm-2m", "stage_ft": 477.9, "shore_buffer_m": 4.0, "verdict": "above_water_at_flight"}}, {"type": "Feature", "geometry": {"type": "Point", "coordinates": [-68.7373054, 45.7494444]}, "properties": {"lon": -68.7373054, "lat": 45.7494444, "area_m2": 48.0, "height_max_m": 3.69, "height_mean_m": 1.25, "class": "rock", "source": "3dep-lidar-dsm-2m", "stage_ft": 477.9, "shore_buffer_m": 4.0, "verdict": "above_water_at_flight"}}, {"type": "Feature", "geometry": {"type": "Point", "coordinates": [-68.8261174, 45.7494175]}, "properties": {"lon": -68.8261174, "lat": 45.7494175, "area_m2": 48.0, "height_max_m": 0.55, "height_mean_m": 0.35, "class": "rock", "source": "3dep-lidar-dsm-2m", "stage_ft": 477.9, "shore_buffer_m": 4.0, "verdict": "above_water_at_flight"}}, {"type": "Feature", "geometry": {"type": "Point", "coordinates": [-68.8283935, 45.7494638]}, "properties": {"lon": -68.8283935, "lat": 45.7494638, "area_m2": 48.0, "height_max_m": 0.75, "height_mean_m": 0.41, "class": "rock", "source": "3dep-lidar-dsm-2m", "stage_ft": 477.9, "shore_buffer_m": 4.0, "verdict": "above_water_at_flight"}}, {"type": "Feature", "geometry": {"type": "Point", "coordinates": [-68.8235622, 45.7495834]}, "properties": {"lon": -68.8235622, "lat": 45.7495834, "area_m2": 48.0, "height_max_m": 0.33, "height_mean_m": 0.25, "class": "rock", "source": "3dep-lidar-dsm-2m", "stage_ft": 477.9, "shore_buffer_m": 4.0, "verdict": "above_water_at_flight"}}, {"type": "Feature", "geometry": {"type": "Point", "coordinates": [-68.8240045, 45.7497717]}, "properties": {"lon": -68.8240045, "lat": 45.7497717, "area_m2": 48.0, "height_max_m": 0.38, "height_mean_m": 0.25, "class": "rock", "source": "3dep-lidar-dsm-2m", "stage_ft": 477.9, "shore_buffer_m": 4.0, "verdict": "above_water_at_flight"}}, {"type": "Feature", "geometry": {"type": "Point", "coordinates": [-68.8269398, 45.7498345]}, "properties": {"lon": -68.8269398, "lat": 45.7498345, "area_m2": 48.0, "height_max_m": 0.35, "height_mean_m": 0.25, "class": "rock", "source": "3dep-lidar-dsm-2m", "stage_ft": 477.9, "shore_buffer_m": 4.0, "verdict": "above_water_at_flight"}}, {"type": "Feature", "geometry": {"type": "Point", "coordinates": [-68.7592351, 45.7509227]}, "properties": {"lon": -68.7592351, "lat": 45.7509227, "area_m2": 48.0, "height_max_m": 3.93, "height_mean_m": 1.32, "class": "rock", "source": "3dep-lidar-dsm-2m", "stage_ft": 477.9, "shore_buffer_m": 4.0, "verdict": "above_water_at_flight"}}, {"type": "Feature", "geometry": {"type": "Point", "coordinates": [-68.7345569, 45.7521483]}, "properties": {"lon": -68.7345569, "lat": 45.7521483, "area_m2": 48.0, "height_max_m": 3.9, "height_mean_m": 1.47, "class": "rock", "source": "3dep-lidar-dsm-2m", "stage_ft": 477.9, "shore_buffer_m": 4.0, "verdict": "above_water_at_flight"}}, {"type": "Feature", "geometry": {"type": "Point", "coordinates": [-68.7532873, 45.7521394]}, "properties": {"lon": -68.7532873, "lat": 45.7521394, "area_m2": 48.0, "height_max_m": 4.65, "height_mean_m": 1.75, "class": "rock", "source": "3dep-lidar-dsm-2m", "stage_ft": 477.9, "shore_buffer_m": 4.0, "verdict": "above_water_at_flight"}}, {"type": "Feature", "geometry": {"type": "Point", "coordinates": [-68.7860692, 45.7522335]}, "properties": {"lon": -68.7860692, "lat": 45.7522335, "area_m2": 48.0, "height_max_m": 0.56, "height_mean_m": 0.33, "class": "rock", "source": "3dep-lidar-dsm-2m", "stage_ft": 477.9, "shore_buffer_m": 4.0, "verdict": "above_water_at_flight"}}, {"type": "Feature", "geometry": {"type": "Point", "coordinates": [-68.7338591, 45.7534278]}, "properties": {"lon": -68.7338591, "lat": 45.7534278, "area_m2": 48.0, "height_max_m": 2.47, "height_mean_m": 0.92, "class": "rock", "source": "3dep-lidar-dsm-2m", "stage_ft": 477.9, "shore_buffer_m": 4.0, "verdict": "above_water_at_flight"}}, {"type": "Feature", "geometry": {"type": "Point", "coordinates": [-68.8212818, 45.7547985]}, "properties": {"lon": -68.8212818, "lat": 45.7547985, "area_m2": 48.0, "height_max_m": 2.58, "height_mean_m": 0.88, "class": "rock", "source": "3dep-lidar-dsm-2m", "stage_ft": 477.9, "shore_buffer_m": 4.0, "verdict": "above_water_at_flight"}}, {"type": "Feature", "geometry": {"type": "Point", "coordinates": [-68.8072775, 45.7577804]}, "properties": {"lon": -68.8072775, "lat": 45.7577804, "area_m2": 48.0, "height_max_m": 0.16, "height_mean_m": 0.15, "class": "rock", "source": "3dep-lidar-dsm-2m", "stage_ft": 477.9, "shore_buffer_m": 4.0, "verdict": "above_water_at_flight"}}, {"type": "Feature", "geometry": {"type": "Point", "coordinates": [-68.7499891, 45.7603812]}, "properties": {"lon": -68.7499891, "lat": 45.7603812, "area_m2": 48.0, "height_max_m": 6.11, "height_mean_m": 1.73, "class": "rock", "source": "3dep-lidar-dsm-2m", "stage_ft": 477.9, "shore_buffer_m": 4.0, "verdict": "above_water_at_flight"}}, {"type": "Feature", "geometry": {"type": "Point", "coordinates": [-68.8327502, 45.7627249]}, "properties": {"lon": -68.8327502, "lat": 45.7627249, "area_m2": 48.0, "height_max_m": 0.81, "height_mean_m": 0.43, "class": "rock", "source": "3dep-lidar-dsm-2m", "stage_ft": 477.9, "shore_buffer_m": 4.0, "verdict": "above_water_at_flight"}}, {"type": "Feature", "geometry": {"type": "Point", "coordinates": [-68.7732416, 45.7649775]}, "properties": {"lon": -68.7732416, "lat": 45.7649775, "area_m2": 48.0, "height_max_m": 0.5, "height_mean_m": 0.3, "class": "rock", "source": "3dep-lidar-dsm-2m", "stage_ft": 477.9, "shore_buffer_m": 4.0, "verdict": "above_water_at_flight"}}, {"type": "Feature", "geometry": {"type": "Point", "coordinates": [-68.7491882, 45.7653736]}, "properties": {"lon": -68.7491882, "lat": 45.7653736, "area_m2": 48.0, "height_max_m": 1.0, "height_mean_m": 0.46, "class": "rock", "source": "3dep-lidar-dsm-2m", "stage_ft": 477.9, "shore_buffer_m": 4.0, "verdict": "above_water_at_flight"}}, {"type": "Feature", "geometry": {"type": "Point", "coordinates": [-68.7597805, 45.76936]}, "properties": {"lon": -68.7597805, "lat": 45.76936, "area_m2": 48.0, "height_max_m": 0.34, "height_mean_m": 0.24, "class": "rock", "source": "3dep-lidar-dsm-2m", "stage_ft": 477.9, "shore_buffer_m": 4.0, "verdict": "above_water_at_flight"}}, {"type": "Feature", "geometry": {"type": "Point", "coordinates": [-68.840564, 45.7700535]}, "properties": {"lon": -68.840564, "lat": 45.7700535, "area_m2": 48.0, "height_max_m": 0.4, "height_mean_m": 0.26, "class": "rock", "source": "3dep-lidar-dsm-2m", "stage_ft": 477.9, "shore_buffer_m": 4.0, "verdict": "above_water_at_flight"}}, {"type": "Feature", "geometry": {"type": "Point", "coordinates": [-68.7825241, 45.7716364]}, "properties": {"lon": -68.7825241, "lat": 45.7716364, "area_m2": 48.0, "height_max_m": 0.59, "height_mean_m": 0.31, "class": "rock", "source": "3dep-lidar-dsm-2m", "stage_ft": 477.9, "shore_buffer_m": 4.0, "verdict": "above_water_at_flight"}}, {"type": "Feature", "geometry": {"type": "Point", "coordinates": [-68.7505904, 45.7736991]}, "properties": {"lon": -68.7505904, "lat": 45.7736991, "area_m2": 48.0, "height_max_m": 12.52, "height_mean_m": 5.24, "class": "rock", "source": "3dep-lidar-dsm-2m", "stage_ft": 477.9, "shore_buffer_m": 4.0, "verdict": "above_water_at_flight"}}, {"type": "Feature", "geometry": {"type": "Point", "coordinates": [-68.7505517, 45.7738695]}, "properties": {"lon": -68.7505517, "lat": 45.7738695, "area_m2": 48.0, "height_max_m": 8.19, "height_mean_m": 3.31, "class": "rock", "source": "3dep-lidar-dsm-2m", "stage_ft": 477.9, "shore_buffer_m": 4.0, "verdict": "above_water_at_flight"}}, {"type": "Feature", "geometry": {"type": "Point", "coordinates": [-68.7445738, 45.7739412]}, "properties": {"lon": -68.7445738, "lat": 45.7739412, "area_m2": 48.0, "height_max_m": 11.53, "height_mean_m": 7.38, "class": "rock", "source": "3dep-lidar-dsm-2m", "stage_ft": 477.9, "shore_buffer_m": 4.0, "verdict": "above_water_at_flight"}}, {"type": "Feature", "geometry": {"type": "Point", "coordinates": [-68.7510026, 45.7739143]}, "properties": {"lon": -68.7510026, "lat": 45.7739143, "area_m2": 48.0, "height_max_m": 8.62, "height_mean_m": 3.33, "class": "rock", "source": "3dep-lidar-dsm-2m", "stage_ft": 477.9, "shore_buffer_m": 4.0, "verdict": "above_water_at_flight"}}, {"type": "Feature", "geometry": {"type": "Point", "coordinates": [-68.7558468, 45.7744704]}, "properties": {"lon": -68.7558468, "lat": 45.7744704, "area_m2": 48.0, "height_max_m": 0.46, "height_mean_m": 0.3, "class": "rock", "source": "3dep-lidar-dsm-2m", "stage_ft": 477.9, "shore_buffer_m": 4.0, "verdict": "above_water_at_flight"}}, {"type": "Feature", "geometry": {"type": "Point", "coordinates": [-68.7422569, 45.7747992]}, "properties": {"lon": -68.7422569, "lat": 45.7747992, "area_m2": 48.0, "height_max_m": 0.35, "height_mean_m": 0.23, "class": "rock", "source": "3dep-lidar-dsm-2m", "stage_ft": 477.9, "shore_buffer_m": 4.0, "verdict": "above_water_at_flight"}}, {"type": "Feature", "geometry": {"type": "Point", "coordinates": [-68.7419649, 45.7752297]}, "properties": {"lon": -68.7419649, "lat": 45.7752297, "area_m2": 48.0, "height_max_m": 0.78, "height_mean_m": 0.4, "class": "rock", "source": "3dep-lidar-dsm-2m", "stage_ft": 477.9, "shore_buffer_m": 4.0, "verdict": "above_water_at_flight"}}, {"type": "Feature", "geometry": {"type": "Point", "coordinates": [-68.7655309, 45.7754016]}, "properties": {"lon": -68.7655309, "lat": 45.7754016, "area_m2": 48.0, "height_max_m": 4.23, "height_mean_m": 2.16, "class": "rock", "source": "3dep-lidar-dsm-2m", "stage_ft": 477.9, "shore_buffer_m": 4.0, "verdict": "above_water_at_flight"}}, {"type": "Feature", "geometry": {"type": "Point", "coordinates": [-68.8299631, 45.7755047]}, "properties": {"lon": -68.8299631, "lat": 45.7755047, "area_m2": 48.0, "height_max_m": 0.71, "height_mean_m": 0.41, "class": "rock", "source": "3dep-lidar-dsm-2m", "stage_ft": 477.9, "shore_buffer_m": 4.0, "verdict": "above_water_at_flight"}}, {"type": "Feature", "geometry": {"type": "Point", "coordinates": [-68.7630315, 45.7765017]}, "properties": {"lon": -68.7630315, "lat": 45.7765017, "area_m2": 48.0, "height_max_m": 0.45, "height_mean_m": 0.28, "class": "rock", "source": "3dep-lidar-dsm-2m", "stage_ft": 477.9, "shore_buffer_m": 4.0, "verdict": "above_water_at_flight"}}, {"type": "Feature", "geometry": {"type": "Point", "coordinates": [-68.7858437, 45.7773567]}, "properties": {"lon": -68.7858437, "lat": 45.7773567, "area_m2": 48.0, "height_max_m": 0.72, "height_mean_m": 0.41, "class": "rock", "source": "3dep-lidar-dsm-2m", "stage_ft": 477.9, "shore_buffer_m": 4.0, "verdict": "above_water_at_flight"}}, {"type": "Feature", "geometry": {"type": "Point", "coordinates": [-68.7892192, 45.7787019]}, "properties": {"lon": -68.7892192, "lat": 45.7787019, "area_m2": 48.0, "height_max_m": 1.83, "height_mean_m": 0.71, "class": "rock", "source": "3dep-lidar-dsm-2m", "stage_ft": 477.9, "shore_buffer_m": 4.0, "verdict": "above_water_at_flight"}}, {"type": "Feature", "geometry": {"type": "Point", "coordinates": [-68.7601155, 45.7793955]}, "properties": {"lon": -68.7601155, "lat": 45.7793955, "area_m2": 48.0, "height_max_m": 0.39, "height_mean_m": 0.22, "class": "rock", "source": "3dep-lidar-dsm-2m", "stage_ft": 477.9, "shore_buffer_m": 4.0, "verdict": "above_water_at_flight"}}, {"type": "Feature", "geometry": {"type": "Point", "coordinates": [-68.8338689, 45.7797437]}, "properties": {"lon": -68.8338689, "lat": 45.7797437, "area_m2": 48.0, "height_max_m": 0.77, "height_mean_m": 0.4, "class": "rock", "source": "3dep-lidar-dsm-2m", "stage_ft": 477.9, "shore_buffer_m": 4.0, "verdict": "above_water_at_flight"}}, {"type": "Feature", "geometry": {"type": "Point", "coordinates": [-68.8338324, 45.7801159]}, "properties": {"lon": -68.8338324, "lat": 45.7801159, "area_m2": 48.0, "height_max_m": 1.57, "height_mean_m": 0.83, "class": "rock", "source": "3dep-lidar-dsm-2m", "stage_ft": 477.9, "shore_buffer_m": 4.0, "verdict": "above_water_at_flight"}}, {"type": "Feature", "geometry": {"type": "Point", "coordinates": [-68.8072732, 45.7801593]}, "properties": {"lon": -68.8072732, "lat": 45.7801593, "area_m2": 48.0, "height_max_m": 0.19, "height_mean_m": 0.18, "class": "rock", "source": "3dep-lidar-dsm-2m", "stage_ft": 477.9, "shore_buffer_m": 4.0, "verdict": "above_water_at_flight"}}, {"type": "Feature", "geometry": {"type": "Point", "coordinates": [-68.8301585, 45.7814298]}, "properties": {"lon": -68.8301585, "lat": 45.7814298, "area_m2": 48.0, "height_max_m": 0.87, "height_mean_m": 0.43, "class": "rock", "source": "3dep-lidar-dsm-2m", "stage_ft": 477.9, "shore_buffer_m": 4.0, "verdict": "above_water_at_flight"}}, {"type": "Feature", "geometry": {"type": "Point", "coordinates": [-68.7522459, 45.7818707]}, "properties": {"lon": -68.7522459, "lat": 45.7818707, "area_m2": 48.0, "height_max_m": 0.46, "height_mean_m": 0.3, "class": "rock", "source": "3dep-lidar-dsm-2m", "stage_ft": 477.9, "shore_buffer_m": 4.0, "verdict": "above_water_at_flight"}}, {"type": "Feature", "geometry": {"type": "Point", "coordinates": [-68.7480781, 45.7820665]}, "properties": {"lon": -68.7480781, "lat": 45.7820665, "area_m2": 48.0, "height_max_m": 15.15, "height_mean_m": 6.33, "class": "rock", "source": "3dep-lidar-dsm-2m", "stage_ft": 477.9, "shore_buffer_m": 4.0, "verdict": "above_water_at_flight"}}, {"type": "Feature", "geometry": {"type": "Point", "coordinates": [-68.7952959, 45.7832503]}, "properties": {"lon": -68.7952959, "lat": 45.7832503, "area_m2": 48.0, "height_max_m": 0.5, "height_mean_m": 0.3, "class": "rock", "source": "3dep-lidar-dsm-2m", "stage_ft": 477.9, "shore_buffer_m": 4.0, "verdict": "above_water_at_flight"}}, {"type": "Feature", "geometry": {"type": "Point", "coordinates": [-68.8305149, 45.7838557]}, "properties": {"lon": -68.8305149, "lat": 45.7838557, "area_m2": 48.0, "height_max_m": 1.09, "height_mean_m": 0.52, "class": "rock", "source": "3dep-lidar-dsm-2m", "stage_ft": 477.9, "shore_buffer_m": 4.0, "verdict": "above_water_at_flight"}}, {"type": "Feature", "geometry": {"type": "Point", "coordinates": [-68.7968269, 45.7863279]}, "properties": {"lon": -68.7968269, "lat": 45.7863279, "area_m2": 48.0, "height_max_m": 1.66, "height_mean_m": 0.65, "class": "rock", "source": "3dep-lidar-dsm-2m", "stage_ft": 477.9, "shore_buffer_m": 4.0, "verdict": "above_water_at_flight"}}, {"type": "Feature", "geometry": {"type": "Point", "coordinates": [-68.7943661, 45.7873443]}, "properties": {"lon": -68.7943661, "lat": 45.7873443, "area_m2": 48.0, "height_max_m": 0.96, "height_mean_m": 0.42, "class": "rock", "source": "3dep-lidar-dsm-2m", "stage_ft": 477.9, "shore_buffer_m": 4.0, "verdict": "above_water_at_flight"}}, {"type": "Feature", "geometry": {"type": "Point", "coordinates": [-68.8163474, 45.7875551]}, "properties": {"lon": -68.8163474, "lat": 45.7875551, "area_m2": 48.0, "height_max_m": 0.63, "height_mean_m": 0.34, "class": "rock", "source": "3dep-lidar-dsm-2m", "stage_ft": 477.9, "shore_buffer_m": 4.0, "verdict": "above_water_at_flight"}}, {"type": "Feature", "geometry": {"type": "Point", "coordinates": [-68.8170689, 45.7876537]}, "properties": {"lon": -68.8170689, "lat": 45.7876537, "area_m2": 48.0, "height_max_m": 0.79, "height_mean_m": 0.43, "class": "rock", "source": "3dep-lidar-dsm-2m", "stage_ft": 477.9, "shore_buffer_m": 4.0, "verdict": "above_water_at_flight"}}, {"type": "Feature", "geometry": {"type": "Point", "coordinates": [-68.8219752, 45.7265879]}, "properties": {"lon": -68.8219752, "lat": 45.7265879, "area_m2": 44.0, "height_max_m": 0.78, "height_mean_m": 0.4, "class": "rock", "source": "3dep-lidar-dsm-2m", "stage_ft": 477.9, "shore_buffer_m": 4.0, "verdict": "above_water_at_flight"}}, {"type": "Feature", "geometry": {"type": "Point", "coordinates": [-68.8152055, 45.7276396]}, "properties": {"lon": -68.8152055, "lat": 45.7276396, "area_m2": 44.0, "height_max_m": 0.9, "height_mean_m": 0.46, "class": "rock", "source": "3dep-lidar-dsm-2m", "stage_ft": 477.9, "shore_buffer_m": 4.0, "verdict": "above_water_at_flight"}}, {"type": "Feature", "geometry": {"type": "Point", "coordinates": [-68.8158473, 45.7301247]}, "properties": {"lon": -68.8158473, "lat": 45.7301247, "area_m2": 44.0, "height_max_m": 0.62, "height_mean_m": 0.32, "class": "rock", "source": "3dep-lidar-dsm-2m", "stage_ft": 477.9, "shore_buffer_m": 4.0, "verdict": "above_water_at_flight"}}, {"type": "Feature", "geometry": {"type": "Point", "coordinates": [-68.7945077, 45.7304117]}, "properties": {"lon": -68.7945077, "lat": 45.7304117, "area_m2": 44.0, "height_max_m": 0.55, "height_mean_m": 0.35, "class": "rock", "source": "3dep-lidar-dsm-2m", "stage_ft": 477.9, "shore_buffer_m": 4.0, "verdict": "above_water_at_flight"}}, {"type": "Feature", "geometry": {"type": "Point", "coordinates": [-68.8207196, 45.7308633]}, "properties": {"lon": -68.8207196, "lat": 45.7308633, "area_m2": 44.0, "height_max_m": 3.95, "height_mean_m": 1.62, "class": "rock", "source": "3dep-lidar-dsm-2m", "stage_ft": 477.9, "shore_buffer_m": 4.0, "verdict": "above_water_at_flight"}}, {"type": "Feature", "geometry": {"type": "Point", "coordinates": [-68.8356316, 45.7336174]}, "properties": {"lon": -68.8356316, "lat": 45.7336174, "area_m2": 44.0, "height_max_m": 0.46, "height_mean_m": 0.29, "class": "rock", "source": "3dep-lidar-dsm-2m", "stage_ft": 477.9, "shore_buffer_m": 4.0, "verdict": "above_water_at_flight"}}, {"type": "Feature", "geometry": {"type": "Point", "coordinates": [-68.8371659, 45.7341523]}, "properties": {"lon": -68.8371659, "lat": 45.7341523, "area_m2": 44.0, "height_max_m": 0.24, "height_mean_m": 0.18, "class": "rock", "source": "3dep-lidar-dsm-2m", "stage_ft": 477.9, "shore_buffer_m": 4.0, "verdict": "above_water_at_flight"}}, {"type": "Feature", "geometry": {"type": "Point", "coordinates": [-68.8361001, 45.7364318]}, "properties": {"lon": -68.8361001, "lat": 45.7364318, "area_m2": 44.0, "height_max_m": 0.33, "height_mean_m": 0.23, "class": "rock", "source": "3dep-lidar-dsm-2m", "stage_ft": 477.9, "shore_buffer_m": 4.0, "verdict": "above_water_at_flight"}}, {"type": "Feature", "geometry": {"type": "Point", "coordinates": [-68.8349289, 45.7364432]}, "properties": {"lon": -68.8349289, "lat": 45.7364432, "area_m2": 44.0, "height_max_m": 0.58, "height_mean_m": 0.33, "class": "rock", "source": "3dep-lidar-dsm-2m", "stage_ft": 477.9, "shore_buffer_m": 4.0, "verdict": "above_water_at_flight"}}, {"type": "Feature", "geometry": {"type": "Point", "coordinates": [-68.7877755, 45.7369813]}, "properties": {"lon": -68.7877755, "lat": 45.7369813, "area_m2": 44.0, "height_max_m": 0.63, "height_mean_m": 0.43, "class": "rock", "source": "3dep-lidar-dsm-2m", "stage_ft": 477.9, "shore_buffer_m": 4.0, "verdict": "above_water_at_flight"}}, {"type": "Feature", "geometry": {"type": "Point", "coordinates": [-68.7865715, 45.7389984]}, "properties": {"lon": -68.7865715, "lat": 45.7389984, "area_m2": 44.0, "height_max_m": 5.21, "height_mean_m": 1.64, "class": "rock", "source": "3dep-lidar-dsm-2m", "stage_ft": 477.9, "shore_buffer_m": 4.0, "verdict": "above_water_at_flight"}}, {"type": "Feature", "geometry": {"type": "Point", "coordinates": [-68.8219189, 45.7399425]}, "properties": {"lon": -68.8219189, "lat": 45.7399425, "area_m2": 44.0, "height_max_m": 0.4, "height_mean_m": 0.26, "class": "rock", "source": "3dep-lidar-dsm-2m", "stage_ft": 477.9, "shore_buffer_m": 4.0, "verdict": "above_water_at_flight"}}, {"type": "Feature", "geometry": {"type": "Point", "coordinates": [-68.7831421, 45.7406534]}, "properties": {"lon": -68.7831421, "lat": 45.7406534, "area_m2": 44.0, "height_max_m": 5.65, "height_mean_m": 2.04, "class": "rock", "source": "3dep-lidar-dsm-2m", "stage_ft": 477.9, "shore_buffer_m": 4.0, "verdict": "above_water_at_flight"}}, {"type": "Feature", "geometry": {"type": "Point", "coordinates": [-68.8362898, 45.7425335]}, "properties": {"lon": -68.8362898, "lat": 45.7425335, "area_m2": 44.0, "height_max_m": 0.45, "height_mean_m": 0.26, "class": "rock", "source": "3dep-lidar-dsm-2m", "stage_ft": 477.9, "shore_buffer_m": 4.0, "verdict": "above_water_at_flight"}}, {"type": "Feature", "geometry": {"type": "Point", "coordinates": [-68.7389098, 45.7431972]}, "properties": {"lon": -68.7389098, "lat": 45.7431972, "area_m2": 44.0, "height_max_m": 1.33, "height_mean_m": 0.63, "class": "rock", "source": "3dep-lidar-dsm-2m", "stage_ft": 477.9, "shore_buffer_m": 4.0, "verdict": "above_water_at_flight"}}, {"type": "Feature", "geometry": {"type": "Point", "coordinates": [-68.8337038, 45.7437027]}, "properties": {"lon": -68.8337038, "lat": 45.7437027, "area_m2": 44.0, "height_max_m": 0.84, "height_mean_m": 0.44, "class": "rock", "source": "3dep-lidar-dsm-2m", "stage_ft": 477.9, "shore_buffer_m": 4.0, "verdict": "above_water_at_flight"}}, {"type": "Feature", "geometry": {"type": "Point", "coordinates": [-68.8207407, 45.7437532]}, "properties": {"lon": -68.8207407, "lat": 45.7437532, "area_m2": 44.0, "height_max_m": 1.41, "height_mean_m": 0.62, "class": "rock", "source": "3dep-lidar-dsm-2m", "stage_ft": 477.9, "shore_buffer_m": 4.0, "verdict": "above_water_at_flight"}}, {"type": "Feature", "geometry": {"type": "Point", "coordinates": [-68.7352157, 45.7444576]}, "properties": {"lon": -68.7352157, "lat": 45.7444576, "area_m2": 44.0, "height_max_m": 0.29, "height_mean_m": 0.2, "class": "rock", "source": "3dep-lidar-dsm-2m", "stage_ft": 477.9, "shore_buffer_m": 4.0, "verdict": "above_water_at_flight"}}, {"type": "Feature", "geometry": {"type": "Point", "coordinates": [-68.7821372, 45.7450104]}, "properties": {"lon": -68.7821372, "lat": 45.7450104, "area_m2": 44.0, "height_max_m": 0.96, "height_mean_m": 0.49, "class": "rock", "source": "3dep-lidar-dsm-2m", "stage_ft": 477.9, "shore_buffer_m": 4.0, "verdict": "above_water_at_flight"}}, {"type": "Feature", "geometry": {"type": "Point", "coordinates": [-68.8258589, 45.7453756]}, "properties": {"lon": -68.8258589, "lat": 45.7453756, "area_m2": 44.0, "height_max_m": 6.69, "height_mean_m": 3.22, "class": "rock", "source": "3dep-lidar-dsm-2m", "stage_ft": 477.9, "shore_buffer_m": 4.0, "verdict": "above_water_at_flight"}}, {"type": "Feature", "geometry": {"type": "Point", "coordinates": [-68.8189159, 45.7456431]}, "properties": {"lon": -68.8189159, "lat": 45.7456431, "area_m2": 44.0, "height_max_m": 1.43, "height_mean_m": 0.66, "class": "rock", "source": "3dep-lidar-dsm-2m", "stage_ft": 477.9, "shore_buffer_m": 4.0, "verdict": "above_water_at_flight"}}, {"type": "Feature", "geometry": {"type": "Point", "coordinates": [-68.8257676, 45.7466394]}, "properties": {"lon": -68.8257676, "lat": 45.7466394, "area_m2": 44.0, "height_max_m": 0.39, "height_mean_m": 0.28, "class": "rock", "source": "3dep-lidar-dsm-2m", "stage_ft": 477.9, "shore_buffer_m": 4.0, "verdict": "above_water_at_flight"}}, {"type": "Feature", "geometry": {"type": "Point", "coordinates": [-68.8352334, 45.7474155]}, "properties": {"lon": -68.8352334, "lat": 45.7474155, "area_m2": 44.0, "height_max_m": 0.94, "height_mean_m": 0.47, "class": "rock", "source": "3dep-lidar-dsm-2m", "stage_ft": 477.9, "shore_buffer_m": 4.0, "verdict": "above_water_at_flight"}}, {"type": "Feature", "geometry": {"type": "Point", "coordinates": [-68.813868, 45.7474465]}, "properties": {"lon": -68.813868, "lat": 45.7474465, "area_m2": 44.0, "height_max_m": 0.36, "height_mean_m": 0.21, "class": "rock", "source": "3dep-lidar-dsm-2m", "stage_ft": 477.9, "shore_buffer_m": 4.0, "verdict": "above_water_at_flight"}}, {"type": "Feature", "geometry": {"type": "Point", "coordinates": [-68.8129497, 45.7479357]}, "properties": {"lon": -68.8129497, "lat": 45.7479357, "area_m2": 44.0, "height_max_m": 1.86, "height_mean_m": 0.6, "class": "rock", "source": "3dep-lidar-dsm-2m", "stage_ft": 477.9, "shore_buffer_m": 4.0, "verdict": "above_water_at_flight"}}, {"type": "Feature", "geometry": {"type": "Point", "coordinates": [-68.8335515, 45.7487298]}, "properties": {"lon": -68.8335515, "lat": 45.7487298, "area_m2": 44.0, "height_max_m": 0.99, "height_mean_m": 0.44, "class": "rock", "source": "3dep-lidar-dsm-2m", "stage_ft": 477.9, "shore_buffer_m": 4.0, "verdict": "above_water_at_flight"}}, {"type": "Feature", "geometry": {"type": "Point", "coordinates": [-68.7756346, 45.7487836]}, "properties": {"lon": -68.7756346, "lat": 45.7487836, "area_m2": 44.0, "height_max_m": 0.28, "height_mean_m": 0.23, "class": "rock", "source": "3dep-lidar-dsm-2m", "stage_ft": 477.9, "shore_buffer_m": 4.0, "verdict": "above_water_at_flight"}}, {"type": "Feature", "geometry": {"type": "Point", "coordinates": [-68.8369645, 45.7488977]}, "properties": {"lon": -68.8369645, "lat": 45.7488977, "area_m2": 44.0, "height_max_m": 0.32, "height_mean_m": 0.22, "class": "rock", "source": "3dep-lidar-dsm-2m", "stage_ft": 477.9, "shore_buffer_m": 4.0, "verdict": "above_water_at_flight"}}, {"type": "Feature", "geometry": {"type": "Point", "coordinates": [-68.8362969, 45.7490673]}, "properties": {"lon": -68.8362969, "lat": 45.7490673, "area_m2": 44.0, "height_max_m": 0.67, "height_mean_m": 0.39, "class": "rock", "source": "3dep-lidar-dsm-2m", "stage_ft": 477.9, "shore_buffer_m": 4.0, "verdict": "above_water_at_flight"}}, {"type": "Feature", "geometry": {"type": "Point", "coordinates": [-68.8076675, 45.7494358]}, "properties": {"lon": -68.8076675, "lat": 45.7494358, "area_m2": 44.0, "height_max_m": 1.78, "height_mean_m": 0.71, "class": "rock", "source": "3dep-lidar-dsm-2m", "stage_ft": 477.9, "shore_buffer_m": 4.0, "verdict": "above_water_at_flight"}}, {"type": "Feature", "geometry": {"type": "Point", "coordinates": [-68.8255169, 45.7505088]}, "properties": {"lon": -68.8255169, "lat": 45.7505088, "area_m2": 44.0, "height_max_m": 0.47, "height_mean_m": 0.3, "class": "rock", "source": "3dep-lidar-dsm-2m", "stage_ft": 477.9, "shore_buffer_m": 4.0, "verdict": "above_water_at_flight"}}, {"type": "Feature", "geometry": {"type": "Point", "coordinates": [-68.8184849, 45.7517138]}, "properties": {"lon": -68.8184849, "lat": 45.7517138, "area_m2": 44.0, "height_max_m": 0.67, "height_mean_m": 0.39, "class": "rock", "source": "3dep-lidar-dsm-2m", "stage_ft": 477.9, "shore_buffer_m": 4.0, "verdict": "above_water_at_flight"}}, {"type": "Feature", "geometry": {"type": "Point", "coordinates": [-68.7898111, 45.7518165]}, "properties": {"lon": -68.7898111, "lat": 45.7518165, "area_m2": 44.0, "height_max_m": 0.22, "height_mean_m": 0.17, "class": "rock", "source": "3dep-lidar-dsm-2m", "stage_ft": 477.9, "shore_buffer_m": 4.0, "verdict": "above_water_at_flight"}}, {"type": "Feature", "geometry": {"type": "Point", "coordinates": [-68.761437, 45.7524671]}, "properties": {"lon": -68.761437, "lat": 45.7524671, "area_m2": 44.0, "height_max_m": 4.79, "height_mean_m": 2.08, "class": "rock", "source": "3dep-lidar-dsm-2m", "stage_ft": 477.9, "shore_buffer_m": 4.0, "verdict": "above_water_at_flight"}}, {"type": "Feature", "geometry": {"type": "Point", "coordinates": [-68.8081875, 45.7525943]}, "properties": {"lon": -68.8081875, "lat": 45.7525943, "area_m2": 44.0, "height_max_m": 0.35, "height_mean_m": 0.26, "class": "rock", "source": "3dep-lidar-dsm-2m", "stage_ft": 477.9, "shore_buffer_m": 4.0, "verdict": "above_water_at_flight"}}, {"type": "Feature", "geometry": {"type": "Point", "coordinates": [-68.7269399, 45.7536004]}, "properties": {"lon": -68.7269399, "lat": 45.7536004, "area_m2": 44.0, "height_max_m": 1.66, "height_mean_m": 0.75, "class": "rock", "source": "3dep-lidar-dsm-2m", "stage_ft": 477.9, "shore_buffer_m": 4.0, "verdict": "above_water_at_flight"}}, {"type": "Feature", "geometry": {"type": "Point", "coordinates": [-68.8226357, 45.7567751]}, "properties": {"lon": -68.8226357, "lat": 45.7567751, "area_m2": 44.0, "height_max_m": 1.46, "height_mean_m": 0.74, "class": "rock", "source": "3dep-lidar-dsm-2m", "stage_ft": 477.9, "shore_buffer_m": 4.0, "verdict": "above_water_at_flight"}}, {"type": "Feature", "geometry": {"type": "Point", "coordinates": [-68.751908, 45.7570377]}, "properties": {"lon": -68.751908, "lat": 45.7570377, "area_m2": 44.0, "height_max_m": 1.06, "height_mean_m": 0.55, "class": "rock", "source": "3dep-lidar-dsm-2m", "stage_ft": 477.9, "shore_buffer_m": 4.0, "verdict": "above_water_at_flight"}}, {"type": "Feature", "geometry": {"type": "Point", "coordinates": [-68.821003, 45.7606918]}, "properties": {"lon": -68.821003, "lat": 45.7606918, "area_m2": 44.0, "height_max_m": 2.51, "height_mean_m": 0.98, "class": "rock", "source": "3dep-lidar-dsm-2m", "stage_ft": 477.9, "shore_buffer_m": 4.0, "verdict": "above_water_at_flight"}}, {"type": "Feature", "geometry": {"type": "Point", "coordinates": [-68.7471153, 45.760744]}, "properties": {"lon": -68.7471153, "lat": 45.760744, "area_m2": 44.0, "height_max_m": 10.44, "height_mean_m": 4.47, "class": "rock", "source": "3dep-lidar-dsm-2m", "stage_ft": 477.9, "shore_buffer_m": 4.0, "verdict": "above_water_at_flight"}}, {"type": "Feature", "geometry": {"type": "Point", "coordinates": [-68.7639107, 45.7616457]}, "properties": {"lon": -68.7639107, "lat": 45.7616457, "area_m2": 44.0, "height_max_m": 0.47, "height_mean_m": 0.26, "class": "rock", "source": "3dep-lidar-dsm-2m", "stage_ft": 477.9, "shore_buffer_m": 4.0, "verdict": "above_water_at_flight"}}, {"type": "Feature", "geometry": {"type": "Point", "coordinates": [-68.7459558, 45.7622083]}, "properties": {"lon": -68.7459558, "lat": 45.7622083, "area_m2": 44.0, "height_max_m": 2.27, "height_mean_m": 1.17, "class": "rock", "source": "3dep-lidar-dsm-2m", "stage_ft": 477.9, "shore_buffer_m": 4.0, "verdict": "above_water_at_flight"}}, {"type": "Feature", "geometry": {"type": "Point", "coordinates": [-68.7606758, 45.7641862]}, "properties": {"lon": -68.7606758, "lat": 45.7641862, "area_m2": 44.0, "height_max_m": 0.85, "height_mean_m": 0.46, "class": "rock", "source": "3dep-lidar-dsm-2m", "stage_ft": 477.9, "shore_buffer_m": 4.0, "verdict": "above_water_at_flight"}}, {"type": "Feature", "geometry": {"type": "Point", "coordinates": [-68.8334414, 45.7660614]}, "properties": {"lon": -68.8334414, "lat": 45.7660614, "area_m2": 44.0, "height_max_m": 0.77, "height_mean_m": 0.42, "class": "rock", "source": "3dep-lidar-dsm-2m", "stage_ft": 477.9, "shore_buffer_m": 4.0, "verdict": "above_water_at_flight"}}, {"type": "Feature", "geometry": {"type": "Point", "coordinates": [-68.7702821, 45.7676007]}, "properties": {"lon": -68.7702821, "lat": 45.7676007, "area_m2": 44.0, "height_max_m": 1.0, "height_mean_m": 0.41, "class": "rock", "source": "3dep-lidar-dsm-2m", "stage_ft": 477.9, "shore_buffer_m": 4.0, "verdict": "above_water_at_flight"}}, {"type": "Feature", "geometry": {"type": "Point", "coordinates": [-68.7553748, 45.768716]}, "properties": {"lon": -68.7553748, "lat": 45.768716, "area_m2": 44.0, "height_max_m": 0.69, "height_mean_m": 0.4, "class": "rock", "source": "3dep-lidar-dsm-2m", "stage_ft": 477.9, "shore_buffer_m": 4.0, "verdict": "above_water_at_flight"}}, {"type": "Feature", "geometry": {"type": "Point", "coordinates": [-68.8403305, 45.7713755]}, "properties": {"lon": -68.8403305, "lat": 45.7713755, "area_m2": 44.0, "height_max_m": 0.22, "height_mean_m": 0.17, "class": "rock", "source": "3dep-lidar-dsm-2m", "stage_ft": 477.9, "shore_buffer_m": 4.0, "verdict": "above_water_at_flight"}}, {"type": "Feature", "geometry": {"type": "Point", "coordinates": [-68.7823574, 45.7718353]}, "properties": {"lon": -68.7823574, "lat": 45.7718353, "area_m2": 44.0, "height_max_m": 0.69, "height_mean_m": 0.36, "class": "rock", "source": "3dep-lidar-dsm-2m", "stage_ft": 477.9, "shore_buffer_m": 4.0, "verdict": "above_water_at_flight"}}, {"type": "Feature", "geometry": {"type": "Point", "coordinates": [-68.7765739, 45.7720913]}, "properties": {"lon": -68.7765739, "lat": 45.7720913, "area_m2": 44.0, "height_max_m": 0.76, "height_mean_m": 0.44, "class": "rock", "source": "3dep-lidar-dsm-2m", "stage_ft": 477.9, "shore_buffer_m": 4.0, "verdict": "above_water_at_flight"}}, {"type": "Feature", "geometry": {"type": "Point", "coordinates": [-68.7754894, 45.7724044]}, "properties": {"lon": -68.7754894, "lat": 45.7724044, "area_m2": 44.0, "height_max_m": 0.58, "height_mean_m": 0.37, "class": "rock", "source": "3dep-lidar-dsm-2m", "stage_ft": 477.9, "shore_buffer_m": 4.0, "verdict": "above_water_at_flight"}}, {"type": "Feature", "geometry": {"type": "Point", "coordinates": [-68.8364866, 45.7727371]}, "properties": {"lon": -68.8364866, "lat": 45.7727371, "area_m2": 44.0, "height_max_m": 0.52, "height_mean_m": 0.32, "class": "rock", "source": "3dep-lidar-dsm-2m", "stage_ft": 477.9, "shore_buffer_m": 4.0, "verdict": "above_water_at_flight"}}, {"type": "Feature", "geometry": {"type": "Point", "coordinates": [-68.7548454, 45.7748128]}, "properties": {"lon": -68.7548454, "lat": 45.7748128, "area_m2": 44.0, "height_max_m": 0.69, "height_mean_m": 0.42, "class": "rock", "source": "3dep-lidar-dsm-2m", "stage_ft": 477.9, "shore_buffer_m": 4.0, "verdict": "above_water_at_flight"}}, {"type": "Feature", "geometry": {"type": "Point", "coordinates": [-68.7706218, 45.7749253]}, "properties": {"lon": -68.7706218, "lat": 45.7749253, "area_m2": 44.0, "height_max_m": 55.18, "height_mean_m": 15.97, "class": "rock", "source": "3dep-lidar-dsm-2m", "stage_ft": 477.9, "shore_buffer_m": 4.0, "verdict": "above_water_at_flight"}}, {"type": "Feature", "geometry": {"type": "Point", "coordinates": [-68.8123383, 45.7760374]}, "properties": {"lon": -68.8123383, "lat": 45.7760374, "area_m2": 44.0, "height_max_m": 2.95, "height_mean_m": 1.1, "class": "rock", "source": "3dep-lidar-dsm-2m", "stage_ft": 477.9, "shore_buffer_m": 4.0, "verdict": "above_water_at_flight"}}, {"type": "Feature", "geometry": {"type": "Point", "coordinates": [-68.7601792, 45.7764059]}, "properties": {"lon": -68.7601792, "lat": 45.7764059, "area_m2": 44.0, "height_max_m": 0.53, "height_mean_m": 0.3, "class": "rock", "source": "3dep-lidar-dsm-2m", "stage_ft": 477.9, "shore_buffer_m": 4.0, "verdict": "above_water_at_flight"}}, {"type": "Feature", "geometry": {"type": "Point", "coordinates": [-68.7483217, 45.777787]}, "properties": {"lon": -68.7483217, "lat": 45.777787, "area_m2": 44.0, "height_max_m": 2.89, "height_mean_m": 1.37, "class": "rock", "source": "3dep-lidar-dsm-2m", "stage_ft": 477.9, "shore_buffer_m": 4.0, "verdict": "above_water_at_flight"}}, {"type": "Feature", "geometry": {"type": "Point", "coordinates": [-68.7846272, 45.7787931]}, "properties": {"lon": -68.7846272, "lat": 45.7787931, "area_m2": 44.0, "height_max_m": 2.2, "height_mean_m": 0.82, "class": "rock", "source": "3dep-lidar-dsm-2m", "stage_ft": 477.9, "shore_buffer_m": 4.0, "verdict": "above_water_at_flight"}}, {"type": "Feature", "geometry": {"type": "Point", "coordinates": [-68.8336991, 45.7788404]}, "properties": {"lon": -68.8336991, "lat": 45.7788404, "area_m2": 44.0, "height_max_m": 0.99, "height_mean_m": 0.54, "class": "rock", "source": "3dep-lidar-dsm-2m", "stage_ft": 477.9, "shore_buffer_m": 4.0, "verdict": "above_water_at_flight"}}, {"type": "Feature", "geometry": {"type": "Point", "coordinates": [-68.831373, 45.7830065]}, "properties": {"lon": -68.831373, "lat": 45.7830065, "area_m2": 44.0, "height_max_m": 0.68, "height_mean_m": 0.34, "class": "rock", "source": "3dep-lidar-dsm-2m", "stage_ft": 477.9, "shore_buffer_m": 4.0, "verdict": "above_water_at_flight"}}, {"type": "Feature", "geometry": {"type": "Point", "coordinates": [-68.8276298, 45.785004]}, "properties": {"lon": -68.8276298, "lat": 45.785004, "area_m2": 44.0, "height_max_m": 0.46, "height_mean_m": 0.29, "class": "rock", "source": "3dep-lidar-dsm-2m", "stage_ft": 477.9, "shore_buffer_m": 4.0, "verdict": "above_water_at_flight"}}, {"type": "Feature", "geometry": {"type": "Point", "coordinates": [-68.8074356, 45.7863346]}, "properties": {"lon": -68.8074356, "lat": 45.7863346, "area_m2": 44.0, "height_max_m": 0.22, "height_mean_m": 0.19, "class": "rock", "source": "3dep-lidar-dsm-2m", "stage_ft": 477.9, "shore_buffer_m": 4.0, "verdict": "above_water_at_flight"}}, {"type": "Feature", "geometry": {"type": "Point", "coordinates": [-68.8020878, 45.7866542]}, "properties": {"lon": -68.8020878, "lat": 45.7866542, "area_m2": 44.0, "height_max_m": 0.36, "height_mean_m": 0.23, "class": "rock", "source": "3dep-lidar-dsm-2m", "stage_ft": 477.9, "shore_buffer_m": 4.0, "verdict": "above_water_at_flight"}}, {"type": "Feature", "geometry": {"type": "Point", "coordinates": [-68.8103871, 45.786646]}, "properties": {"lon": -68.8103871, "lat": 45.786646, "area_m2": 44.0, "height_max_m": 0.64, "height_mean_m": 0.39, "class": "rock", "source": "3dep-lidar-dsm-2m", "stage_ft": 477.9, "shore_buffer_m": 4.0, "verdict": "above_water_at_flight"}}, {"type": "Feature", "geometry": {"type": "Point", "coordinates": [-68.7972436, 45.7867683]}, "properties": {"lon": -68.7972436, "lat": 45.7867683, "area_m2": 44.0, "height_max_m": 0.78, "height_mean_m": 0.38, "class": "rock", "source": "3dep-lidar-dsm-2m", "stage_ft": 477.9, "shore_buffer_m": 4.0, "verdict": "above_water_at_flight"}}, {"type": "Feature", "geometry": {"type": "Point", "coordinates": [-68.7952034, 45.7877385]}, "properties": {"lon": -68.7952034, "lat": 45.7877385, "area_m2": 44.0, "height_max_m": 0.9, "height_mean_m": 0.49, "class": "rock", "source": "3dep-lidar-dsm-2m", "stage_ft": 477.9, "shore_buffer_m": 4.0, "verdict": "above_water_at_flight"}}, {"type": "Feature", "geometry": {"type": "Point", "coordinates": [-68.7937932, 45.7878494]}, "properties": {"lon": -68.7937932, "lat": 45.7878494, "area_m2": 44.0, "height_max_m": 1.9, "height_mean_m": 0.79, "class": "rock", "source": "3dep-lidar-dsm-2m", "stage_ft": 477.9, "shore_buffer_m": 4.0, "verdict": "above_water_at_flight"}}, {"type": "Feature", "geometry": {"type": "Point", "coordinates": [-68.8064166, 45.7879538]}, "properties": {"lon": -68.8064166, "lat": 45.7879538, "area_m2": 44.0, "height_max_m": 8.56, "height_mean_m": 3.51, "class": "rock", "source": "3dep-lidar-dsm-2m", "stage_ft": 477.9, "shore_buffer_m": 4.0, "verdict": "above_water_at_flight"}}, {"type": "Feature", "geometry": {"type": "Point", "coordinates": [-68.8234617, 45.7273923]}, "properties": {"lon": -68.8234617, "lat": 45.7273923, "area_m2": 40.0, "height_max_m": 0.3, "height_mean_m": 0.24, "class": "rock", "source": "3dep-lidar-dsm-2m", "stage_ft": 477.9, "shore_buffer_m": 4.0, "verdict": "above_water_at_flight"}}, {"type": "Feature", "geometry": {"type": "Point", "coordinates": [-68.8286692, 45.7288147]}, "properties": {"lon": -68.8286692, "lat": 45.7288147, "area_m2": 40.0, "height_max_m": 0.33, "height_mean_m": 0.23, "class": "rock", "source": "3dep-lidar-dsm-2m", "stage_ft": 477.9, "shore_buffer_m": 4.0, "verdict": "above_water_at_flight"}}, {"type": "Feature", "geometry": {"type": "Point", "coordinates": [-68.8028611, 45.7297348]}, "properties": {"lon": -68.8028611, "lat": 45.7297348, "area_m2": 40.0, "height_max_m": 2.91, "height_mean_m": 1.23, "class": "rock", "source": "3dep-lidar-dsm-2m", "stage_ft": 477.9, "shore_buffer_m": 4.0, "verdict": "above_water_at_flight"}}, {"type": "Feature", "geometry": {"type": "Point", "coordinates": [-68.8106839, 45.7297671]}, "properties": {"lon": -68.8106839, "lat": 45.7297671, "area_m2": 40.0, "height_max_m": 0.77, "height_mean_m": 0.37, "class": "rock", "source": "3dep-lidar-dsm-2m", "stage_ft": 477.9, "shore_buffer_m": 4.0, "verdict": "above_water_at_flight"}}, {"type": "Feature", "geometry": {"type": "Point", "coordinates": [-68.825353, 45.7309061]}, "properties": {"lon": -68.825353, "lat": 45.7309061, "area_m2": 40.0, "height_max_m": 0.42, "height_mean_m": 0.26, "class": "rock", "source": "3dep-lidar-dsm-2m", "stage_ft": 477.9, "shore_buffer_m": 4.0, "verdict": "above_water_at_flight"}}, {"type": "Feature", "geometry": {"type": "Point", "coordinates": [-68.8356365, 45.7309778]}, "properties": {"lon": -68.8356365, "lat": 45.7309778, "area_m2": 40.0, "height_max_m": 6.92, "height_mean_m": 3.13, "class": "rock", "source": "3dep-lidar-dsm-2m", "stage_ft": 477.9, "shore_buffer_m": 4.0, "verdict": "above_water_at_flight"}}, {"type": "Feature", "geometry": {"type": "Point", "coordinates": [-68.8375278, 45.7315661]}, "properties": {"lon": -68.8375278, "lat": 45.7315661, "area_m2": 40.0, "height_max_m": 0.43, "height_mean_m": 0.29, "class": "rock", "source": "3dep-lidar-dsm-2m", "stage_ft": 477.9, "shore_buffer_m": 4.0, "verdict": "above_water_at_flight"}}, {"type": "Feature", "geometry": {"type": "Point", "coordinates": [-68.8363863, 45.7336683]}, "properties": {"lon": -68.8363863, "lat": 45.7336683, "area_m2": 40.0, "height_max_m": 0.32, "height_mean_m": 0.22, "class": "rock", "source": "3dep-lidar-dsm-2m", "stage_ft": 477.9, "shore_buffer_m": 4.0, "verdict": "above_water_at_flight"}}, {"type": "Feature", "geometry": {"type": "Point", "coordinates": [-68.7903332, 45.7337526]}, "properties": {"lon": -68.7903332, "lat": 45.7337526, "area_m2": 40.0, "height_max_m": 2.46, "height_mean_m": 1.09, "class": "rock", "source": "3dep-lidar-dsm-2m", "stage_ft": 477.9, "shore_buffer_m": 4.0, "verdict": "above_water_at_flight"}}, {"type": "Feature", "geometry": {"type": "Point", "coordinates": [-68.820179, 45.7348037]}, "properties": {"lon": -68.820179, "lat": 45.7348037, "area_m2": 40.0, "height_max_m": 0.8, "height_mean_m": 0.39, "class": "rock", "source": "3dep-lidar-dsm-2m", "stage_ft": 477.9, "shore_buffer_m": 4.0, "verdict": "above_water_at_flight"}}, {"type": "Feature", "geometry": {"type": "Point", "coordinates": [-68.8368682, 45.7354081]}, "properties": {"lon": -68.8368682, "lat": 45.7354081, "area_m2": 40.0, "height_max_m": 0.38, "height_mean_m": 0.26, "class": "rock", "source": "3dep-lidar-dsm-2m", "stage_ft": 477.9, "shore_buffer_m": 4.0, "verdict": "above_water_at_flight"}}, {"type": "Feature", "geometry": {"type": "Point", "coordinates": [-68.8353428, 45.7368628]}, "properties": {"lon": -68.8353428, "lat": 45.7368628, "area_m2": 40.0, "height_max_m": 0.58, "height_mean_m": 0.33, "class": "rock", "source": "3dep-lidar-dsm-2m", "stage_ft": 477.9, "shore_buffer_m": 4.0, "verdict": "above_water_at_flight"}}, {"type": "Feature", "geometry": {"type": "Point", "coordinates": [-68.8126344, 45.7374619]}, "properties": {"lon": -68.8126344, "lat": 45.7374619, "area_m2": 40.0, "height_max_m": 0.46, "height_mean_m": 0.3, "class": "rock", "source": "3dep-lidar-dsm-2m", "stage_ft": 477.9, "shore_buffer_m": 4.0, "verdict": "above_water_at_flight"}}, {"type": "Feature", "geometry": {"type": "Point", "coordinates": [-68.7867671, 45.7387533]}, "properties": {"lon": -68.7867671, "lat": 45.7387533, "area_m2": 40.0, "height_max_m": 0.52, "height_mean_m": 0.29, "class": "rock", "source": "3dep-lidar-dsm-2m", "stage_ft": 477.9, "shore_buffer_m": 4.0, "verdict": "above_water_at_flight"}}, {"type": "Feature", "geometry": {"type": "Point", "coordinates": [-68.8257601, 45.7393775]}, "properties": {"lon": -68.8257601, "lat": 45.7393775, "area_m2": 40.0, "height_max_m": 0.36, "height_mean_m": 0.25, "class": "rock", "source": "3dep-lidar-dsm-2m", "stage_ft": 477.9, "shore_buffer_m": 4.0, "verdict": "above_water_at_flight"}}, {"type": "Feature", "geometry": {"type": "Point", "coordinates": [-68.829352, 45.7417631]}, "properties": {"lon": -68.829352, "lat": 45.7417631, "area_m2": 40.0, "height_max_m": 0.57, "height_mean_m": 0.34, "class": "rock", "source": "3dep-lidar-dsm-2m", "stage_ft": 477.9, "shore_buffer_m": 4.0, "verdict": "above_water_at_flight"}}, {"type": "Feature", "geometry": {"type": "Point", "coordinates": [-68.8334953, 45.7431747]}, "properties": {"lon": -68.8334953, "lat": 45.7431747, "area_m2": 40.0, "height_max_m": 0.73, "height_mean_m": 0.39, "class": "rock", "source": "3dep-lidar-dsm-2m", "stage_ft": 477.9, "shore_buffer_m": 4.0, "verdict": "above_water_at_flight"}}, {"type": "Feature", "geometry": {"type": "Point", "coordinates": [-68.8318771, 45.743207]}, "properties": {"lon": -68.8318771, "lat": 45.743207, "area_m2": 40.0, "height_max_m": 0.89, "height_mean_m": 0.47, "class": "rock", "source": "3dep-lidar-dsm-2m", "stage_ft": 477.9, "shore_buffer_m": 4.0, "verdict": "above_water_at_flight"}}, {"type": "Feature", "geometry": {"type": "Point", "coordinates": [-68.7350658, 45.7441486]}, "properties": {"lon": -68.7350658, "lat": 45.7441486, "area_m2": 40.0, "height_max_m": 2.22, "height_mean_m": 0.8, "class": "rock", "source": "3dep-lidar-dsm-2m", "stage_ft": 477.9, "shore_buffer_m": 4.0, "verdict": "above_water_at_flight"}}, {"type": "Feature", "geometry": {"type": "Point", "coordinates": [-68.8324337, 45.744337]}, "properties": {"lon": -68.8324337, "lat": 45.744337, "area_m2": 40.0, "height_max_m": 0.77, "height_mean_m": 0.41, "class": "rock", "source": "3dep-lidar-dsm-2m", "stage_ft": 477.9, "shore_buffer_m": 4.0, "verdict": "above_water_at_flight"}}, {"type": "Feature", "geometry": {"type": "Point", "coordinates": [-68.8281487, 45.7444769]}, "properties": {"lon": -68.8281487, "lat": 45.7444769, "area_m2": 40.0, "height_max_m": 0.37, "height_mean_m": 0.25, "class": "rock", "source": "3dep-lidar-dsm-2m", "stage_ft": 477.9, "shore_buffer_m": 4.0, "verdict": "above_water_at_flight"}}, {"type": "Feature", "geometry": {"type": "Point", "coordinates": [-68.8216812, 45.7452553]}, "properties": {"lon": -68.8216812, "lat": 45.7452553, "area_m2": 40.0, "height_max_m": 1.09, "height_mean_m": 0.59, "class": "rock", "source": "3dep-lidar-dsm-2m", "stage_ft": 477.9, "shore_buffer_m": 4.0, "verdict": "above_water_at_flight"}}, {"type": "Feature", "geometry": {"type": "Point", "coordinates": [-68.8300889, 45.7458974]}, "properties": {"lon": -68.8300889, "lat": 45.7458974, "area_m2": 40.0, "height_max_m": 0.61, "height_mean_m": 0.32, "class": "rock", "source": "3dep-lidar-dsm-2m", "stage_ft": 477.9, "shore_buffer_m": 4.0, "verdict": "above_water_at_flight"}}, {"type": "Feature", "geometry": {"type": "Point", "coordinates": [-68.8215266, 45.7460858]}, "properties": {"lon": -68.8215266, "lat": 45.7460858, "area_m2": 40.0, "height_max_m": 0.38, "height_mean_m": 0.26, "class": "rock", "source": "3dep-lidar-dsm-2m", "stage_ft": 477.9, "shore_buffer_m": 4.0, "verdict": "above_water_at_flight"}}, {"type": "Feature", "geometry": {"type": "Point", "coordinates": [-68.8255256, 45.746753]}, "properties": {"lon": -68.8255256, "lat": 45.746753, "area_m2": 40.0, "height_max_m": 0.39, "height_mean_m": 0.26, "class": "rock", "source": "3dep-lidar-dsm-2m", "stage_ft": 477.9, "shore_buffer_m": 4.0, "verdict": "above_water_at_flight"}}, {"type": "Feature", "geometry": {"type": "Point", "coordinates": [-68.8201867, 45.7469952]}, "properties": {"lon": -68.8201867, "lat": 45.7469952, "area_m2": 40.0, "height_max_m": 1.39, "height_mean_m": 0.72, "class": "rock", "source": "3dep-lidar-dsm-2m", "stage_ft": 477.9, "shore_buffer_m": 4.0, "verdict": "above_water_at_flight"}}, {"type": "Feature", "geometry": {"type": "Point", "coordinates": [-68.8331912, 45.7470992]}, "properties": {"lon": -68.8331912, "lat": 45.7470992, "area_m2": 40.0, "height_max_m": 0.76, "height_mean_m": 0.42, "class": "rock", "source": "3dep-lidar-dsm-2m", "stage_ft": 477.9, "shore_buffer_m": 4.0, "verdict": "above_water_at_flight"}}, {"type": "Feature", "geometry": {"type": "Point", "coordinates": [-68.8315035, 45.7470992]}, "properties": {"lon": -68.8315035, "lat": 45.7470992, "area_m2": 40.0, "height_max_m": 0.76, "height_mean_m": 0.37, "class": "rock", "source": "3dep-lidar-dsm-2m", "stage_ft": 477.9, "shore_buffer_m": 4.0, "verdict": "above_water_at_flight"}}, {"type": "Feature", "geometry": {"type": "Point", "coordinates": [-68.8144304, 45.7473557]}, "properties": {"lon": -68.8144304, "lat": 45.7473557, "area_m2": 40.0, "height_max_m": 0.38, "height_mean_m": 0.24, "class": "rock", "source": "3dep-lidar-dsm-2m", "stage_ft": 477.9, "shore_buffer_m": 4.0, "verdict": "above_water_at_flight"}}, {"type": "Feature", "geometry": {"type": "Point", "coordinates": [-68.8292644, 45.7475835]}, "properties": {"lon": -68.8292644, "lat": 45.7475835, "area_m2": 40.0, "height_max_m": 0.63, "height_mean_m": 0.33, "class": "rock", "source": "3dep-lidar-dsm-2m", "stage_ft": 477.9, "shore_buffer_m": 4.0, "verdict": "above_water_at_flight"}}, {"type": "Feature", "geometry": {"type": "Point", "coordinates": [-68.8352217, 45.7477054]}, "properties": {"lon": -68.8352217, "lat": 45.7477054, "area_m2": 40.0, "height_max_m": 0.89, "height_mean_m": 0.46, "class": "rock", "source": "3dep-lidar-dsm-2m", "stage_ft": 477.9, "shore_buffer_m": 4.0, "verdict": "above_water_at_flight"}}, {"type": "Feature", "geometry": {"type": "Point", "coordinates": [-68.7856642, 45.7479404]}, "properties": {"lon": -68.7856642, "lat": 45.7479404, "area_m2": 40.0, "height_max_m": 0.46, "height_mean_m": 0.3, "class": "rock", "source": "3dep-lidar-dsm-2m", "stage_ft": 477.9, "shore_buffer_m": 4.0, "verdict": "above_water_at_flight"}}, {"type": "Feature", "geometry": {"type": "Point", "coordinates": [-68.8342683, 45.7481359]}, "properties": {"lon": -68.8342683, "lat": 45.7481359, "area_m2": 40.0, "height_max_m": 0.92, "height_mean_m": 0.49, "class": "rock", "source": "3dep-lidar-dsm-2m", "stage_ft": 477.9, "shore_buffer_m": 4.0, "verdict": "above_water_at_flight"}}, {"type": "Feature", "geometry": {"type": "Point", "coordinates": [-68.7722964, 45.7482435]}, "properties": {"lon": -68.7722964, "lat": 45.7482435, "area_m2": 40.0, "height_max_m": 1.46, "height_mean_m": 0.6, "class": "rock", "source": "3dep-lidar-dsm-2m", "stage_ft": 477.9, "shore_buffer_m": 4.0, "verdict": "above_water_at_flight"}}, {"type": "Feature", "geometry": {"type": "Point", "coordinates": [-68.8289294, 45.748396]}, "properties": {"lon": -68.8289294, "lat": 45.748396, "area_m2": 40.0, "height_max_m": 1.36, "height_mean_m": 0.55, "class": "rock", "source": "3dep-lidar-dsm-2m", "stage_ft": 477.9, "shore_buffer_m": 4.0, "verdict": "above_water_at_flight"}}, {"type": "Feature", "geometry": {"type": "Point", "coordinates": [-68.8273937, 45.7485054]}, "properties": {"lon": -68.8273937, "lat": 45.7485054, "area_m2": 40.0, "height_max_m": 3.36, "height_mean_m": 1.08, "class": "rock", "source": "3dep-lidar-dsm-2m", "stage_ft": 477.9, "shore_buffer_m": 4.0, "verdict": "above_water_at_flight"}}, {"type": "Feature", "geometry": {"type": "Point", "coordinates": [-68.8288418, 45.7485682]}, "properties": {"lon": -68.8288418, "lat": 45.7485682, "area_m2": 40.0, "height_max_m": 0.94, "height_mean_m": 0.41, "class": "rock", "source": "3dep-lidar-dsm-2m", "stage_ft": 477.9, "shore_buffer_m": 4.0, "verdict": "above_water_at_flight"}}, {"type": "Feature", "geometry": {"type": "Point", "coordinates": [-68.8204521, 45.7487045]}, "properties": {"lon": -68.8204521, "lat": 45.7487045, "area_m2": 40.0, "height_max_m": 3.18, "height_mean_m": 1.06, "class": "rock", "source": "3dep-lidar-dsm-2m", "stage_ft": 477.9, "shore_buffer_m": 4.0, "verdict": "above_water_at_flight"}}, {"type": "Feature", "geometry": {"type": "Point", "coordinates": [-68.8288392, 45.7487924]}, "properties": {"lon": -68.8288392, "lat": 45.7487924, "area_m2": 40.0, "height_max_m": 0.95, "height_mean_m": 0.37, "class": "rock", "source": "3dep-lidar-dsm-2m", "stage_ft": 477.9, "shore_buffer_m": 4.0, "verdict": "above_water_at_flight"}}, {"type": "Feature", "geometry": {"type": "Point", "coordinates": [-68.8338045, 45.7491942]}, "properties": {"lon": -68.8338045, "lat": 45.7491942, "area_m2": 40.0, "height_max_m": 0.58, "height_mean_m": 0.3, "class": "rock", "source": "3dep-lidar-dsm-2m", "stage_ft": 477.9, "shore_buffer_m": 4.0, "verdict": "above_water_at_flight"}}, {"type": "Feature", "geometry": {"type": "Point", "coordinates": [-68.8062365, 45.7492265]}, "properties": {"lon": -68.8062365, "lat": 45.7492265, "area_m2": 40.0, "height_max_m": 0.73, "height_mean_m": 0.44, "class": "rock", "source": "3dep-lidar-dsm-2m", "stage_ft": 477.9, "shore_buffer_m": 4.0, "verdict": "above_water_at_flight"}}, {"type": "Feature", "geometry": {"type": "Point", "coordinates": [-68.8273164, 45.7492516]}, "properties": {"lon": -68.8273164, "lat": 45.7492516, "area_m2": 40.0, "height_max_m": 0.35, "height_mean_m": 0.26, "class": "rock", "source": "3dep-lidar-dsm-2m", "stage_ft": 477.9, "shore_buffer_m": 4.0, "verdict": "above_water_at_flight"}}, {"type": "Feature", "geometry": {"type": "Point", "coordinates": [-68.8289474, 45.7493018]}, "properties": {"lon": -68.8289474, "lat": 45.7493018, "area_m2": 40.0, "height_max_m": 0.5, "height_mean_m": 0.29, "class": "rock", "source": "3dep-lidar-dsm-2m", "stage_ft": 477.9, "shore_buffer_m": 4.0, "verdict": "above_water_at_flight"}}, {"type": "Feature", "geometry": {"type": "Point", "coordinates": [-68.8024591, 45.7493807]}, "properties": {"lon": -68.8024591, "lat": 45.7493807, "area_m2": 40.0, "height_max_m": 0.61, "height_mean_m": 0.35, "class": "rock", "source": "3dep-lidar-dsm-2m", "stage_ft": 477.9, "shore_buffer_m": 4.0, "verdict": "above_water_at_flight"}}, {"type": "Feature", "geometry": {"type": "Point", "coordinates": [-68.8232143, 45.749422]}, "properties": {"lon": -68.8232143, "lat": 45.749422, "area_m2": 40.0, "height_max_m": 2.43, "height_mean_m": 0.83, "class": "rock", "source": "3dep-lidar-dsm-2m", "stage_ft": 477.9, "shore_buffer_m": 4.0, "verdict": "above_water_at_flight"}}, {"type": "Feature", "geometry": {"type": "Point", "coordinates": [-68.8356211, 45.749578]}, "properties": {"lon": -68.8356211, "lat": 45.749578, "area_m2": 40.0, "height_max_m": 0.9, "height_mean_m": 0.42, "class": "rock", "source": "3dep-lidar-dsm-2m", "stage_ft": 477.9, "shore_buffer_m": 4.0, "verdict": "above_water_at_flight"}}, {"type": "Feature", "geometry": {"type": "Point", "coordinates": [-68.8270845, 45.749691]}, "properties": {"lon": -68.8270845, "lat": 45.749691, "area_m2": 40.0, "height_max_m": 0.35, "height_mean_m": 0.26, "class": "rock", "source": "3dep-lidar-dsm-2m", "stage_ft": 477.9, "shore_buffer_m": 4.0, "verdict": "above_water_at_flight"}}, {"type": "Feature", "geometry": {"type": "Point", "coordinates": [-68.7893592, 45.7497825]}, "properties": {"lon": -68.7893592, "lat": 45.7497825, "area_m2": 40.0, "height_max_m": 0.15, "height_mean_m": 0.15, "class": "rock", "source": "3dep-lidar-dsm-2m", "stage_ft": 477.9, "shore_buffer_m": 4.0, "verdict": "above_water_at_flight"}}, {"type": "Feature", "geometry": {"type": "Point", "coordinates": [-68.8366852, 45.7498255]}, "properties": {"lon": -68.8366852, "lat": 45.7498255, "area_m2": 40.0, "height_max_m": 0.71, "height_mean_m": 0.32, "class": "rock", "source": "3dep-lidar-dsm-2m", "stage_ft": 477.9, "shore_buffer_m": 4.0, "verdict": "above_water_at_flight"}}, {"type": "Feature", "geometry": {"type": "Point", "coordinates": [-68.8266748, 45.7499924]}, "properties": {"lon": -68.8266748, "lat": 45.7499924, "area_m2": 40.0, "height_max_m": 0.38, "height_mean_m": 0.23, "class": "rock", "source": "3dep-lidar-dsm-2m", "stage_ft": 477.9, "shore_buffer_m": 4.0, "verdict": "above_water_at_flight"}}, {"type": "Feature", "geometry": {"type": "Point", "coordinates": [-68.8272855, 45.7501807]}, "properties": {"lon": -68.8272855, "lat": 45.7501807, "area_m2": 40.0, "height_max_m": 0.39, "height_mean_m": 0.25, "class": "rock", "source": "3dep-lidar-dsm-2m", "stage_ft": 477.9, "shore_buffer_m": 4.0, "verdict": "above_water_at_flight"}}, {"type": "Feature", "geometry": {"type": "Point", "coordinates": [-68.7534582, 45.7508712]}, "properties": {"lon": -68.7534582, "lat": 45.7508712, "area_m2": 40.0, "height_max_m": 0.28, "height_mean_m": 0.22, "class": "rock", "source": "3dep-lidar-dsm-2m", "stage_ft": 477.9, "shore_buffer_m": 4.0, "verdict": "above_water_at_flight"}}, {"type": "Feature", "geometry": {"type": "Point", "coordinates": [-68.7553263, 45.7509555]}, "properties": {"lon": -68.7553263, "lat": 45.7509555, "area_m2": 40.0, "height_max_m": 6.33, "height_mean_m": 2.78, "class": "rock", "source": "3dep-lidar-dsm-2m", "stage_ft": 477.9, "shore_buffer_m": 4.0, "verdict": "above_water_at_flight"}}, {"type": "Feature", "geometry": {"type": "Point", "coordinates": [-68.7554036, 45.7517896]}, "properties": {"lon": -68.7554036, "lat": 45.7517896, "area_m2": 40.0, "height_max_m": 6.35, "height_mean_m": 2.81, "class": "rock", "source": "3dep-lidar-dsm-2m", "stage_ft": 477.9, "shore_buffer_m": 4.0, "verdict": "above_water_at_flight"}}, {"type": "Feature", "geometry": {"type": "Point", "coordinates": [-68.845129, 45.7518309]}, "properties": {"lon": -68.845129, "lat": 45.7518309, "area_m2": 40.0, "height_max_m": 0.3, "height_mean_m": 0.22, "class": "rock", "source": "3dep-lidar-dsm-2m", "stage_ft": 477.9, "shore_buffer_m": 4.0, "verdict": "above_water_at_flight"}}, {"type": "Feature", "geometry": {"type": "Point", "coordinates": [-68.7553005, 45.7520264]}, "properties": {"lon": -68.7553005, "lat": 45.7520264, "area_m2": 40.0, "height_max_m": 7.09, "height_mean_m": 2.64, "class": "rock", "source": "3dep-lidar-dsm-2m", "stage_ft": 477.9, "shore_buffer_m": 4.0, "verdict": "above_water_at_flight"}}, {"type": "Feature", "geometry": {"type": "Point", "coordinates": [-68.8091327, 45.7524909]}, "properties": {"lon": -68.8091327, "lat": 45.7524909, "area_m2": 40.0, "height_max_m": 0.81, "height_mean_m": 0.28, "class": "rock", "source": "3dep-lidar-dsm-2m", "stage_ft": 477.9, "shore_buffer_m": 4.0, "verdict": "above_water_at_flight"}}, {"type": "Feature", "geometry": {"type": "Point", "coordinates": [-68.8187979, 45.7527492]}, "properties": {"lon": -68.8187979, "lat": 45.7527492, "area_m2": 40.0, "height_max_m": 1.37, "height_mean_m": 0.6, "class": "rock", "source": "3dep-lidar-dsm-2m", "stage_ft": 477.9, "shore_buffer_m": 4.0, "verdict": "above_water_at_flight"}}, {"type": "Feature", "geometry": {"type": "Point", "coordinates": [-68.7290879, 45.7535653]}, "properties": {"lon": -68.7290879, "lat": 45.7535653, "area_m2": 40.0, "height_max_m": 0.53, "height_mean_m": 0.32, "class": "rock", "source": "3dep-lidar-dsm-2m", "stage_ft": 477.9, "shore_buffer_m": 4.0, "verdict": "above_water_at_flight"}}, {"type": "Feature", "geometry": {"type": "Point", "coordinates": [-68.7334708, 45.7537196]}, "properties": {"lon": -68.7334708, "lat": 45.7537196, "area_m2": 40.0, "height_max_m": 0.65, "height_mean_m": 0.32, "class": "rock", "source": "3dep-lidar-dsm-2m", "stage_ft": 477.9, "shore_buffer_m": 4.0, "verdict": "above_water_at_flight"}}, {"type": "Feature", "geometry": {"type": "Point", "coordinates": [-68.8215472, 45.7563132]}, "properties": {"lon": -68.8215472, "lat": 45.7563132, "area_m2": 40.0, "height_max_m": 0.48, "height_mean_m": 0.28, "class": "rock", "source": "3dep-lidar-dsm-2m", "stage_ft": 477.9, "shore_buffer_m": 4.0, "verdict": "above_water_at_flight"}}, {"type": "Feature", "geometry": {"type": "Point", "coordinates": [-68.7450144, 45.7585176]}, "properties": {"lon": -68.7450144, "lat": 45.7585176, "area_m2": 40.0, "height_max_m": 0.98, "height_mean_m": 0.53, "class": "rock", "source": "3dep-lidar-dsm-2m", "stage_ft": 477.9, "shore_buffer_m": 4.0, "verdict": "above_water_at_flight"}}, {"type": "Feature", "geometry": {"type": "Point", "coordinates": [-68.7457204, 45.7590055]}, "properties": {"lon": -68.7457204, "lat": 45.7590055, "area_m2": 40.0, "height_max_m": 5.63, "height_mean_m": 2.02, "class": "rock", "source": "3dep-lidar-dsm-2m", "stage_ft": 477.9, "shore_buffer_m": 4.0, "verdict": "above_water_at_flight"}}, {"type": "Feature", "geometry": {"type": "Point", "coordinates": [-68.74411, 45.7605731]}, "properties": {"lon": -68.74411, "lat": 45.7605731, "area_m2": 40.0, "height_max_m": 0.58, "height_mean_m": 0.33, "class": "rock", "source": "3dep-lidar-dsm-2m", "stage_ft": 477.9, "shore_buffer_m": 4.0, "verdict": "above_water_at_flight"}}, {"type": "Feature", "geometry": {"type": "Point", "coordinates": [-68.8071512, 45.7640636]}, "properties": {"lon": -68.8071512, "lat": 45.7640636, "area_m2": 40.0, "height_max_m": 0.19, "height_mean_m": 0.17, "class": "rock", "source": "3dep-lidar-dsm-2m", "stage_ft": 477.9, "shore_buffer_m": 4.0, "verdict": "above_water_at_flight"}}, {"type": "Feature", "geometry": {"type": "Point", "coordinates": [-68.7741001, 45.7644116]}, "properties": {"lon": -68.7741001, "lat": 45.7644116, "area_m2": 40.0, "height_max_m": 1.86, "height_mean_m": 1.04, "class": "rock", "source": "3dep-lidar-dsm-2m", "stage_ft": 477.9, "shore_buffer_m": 4.0, "verdict": "above_water_at_flight"}}, {"type": "Feature", "geometry": {"type": "Point", "coordinates": [-68.7492505, 45.7650178]}, "properties": {"lon": -68.7492505, "lat": 45.7650178, "area_m2": 40.0, "height_max_m": 0.65, "height_mean_m": 0.38, "class": "rock", "source": "3dep-lidar-dsm-2m", "stage_ft": 477.9, "shore_buffer_m": 4.0, "verdict": "above_water_at_flight"}}, {"type": "Feature", "geometry": {"type": "Point", "coordinates": [-68.7730977, 45.7656366]}, "properties": {"lon": -68.7730977, "lat": 45.7656366, "area_m2": 40.0, "height_max_m": 0.35, "height_mean_m": 0.27, "class": "rock", "source": "3dep-lidar-dsm-2m", "stage_ft": 477.9, "shore_buffer_m": 4.0, "verdict": "above_water_at_flight"}}, {"type": "Feature", "geometry": {"type": "Point", "coordinates": [-68.7731802, 45.7661209]}, "properties": {"lon": -68.7731802, "lat": 45.7661209, "area_m2": 40.0, "height_max_m": 0.73, "height_mean_m": 0.37, "class": "rock", "source": "3dep-lidar-dsm-2m", "stage_ft": 477.9, "shore_buffer_m": 4.0, "verdict": "above_water_at_flight"}}, {"type": "Feature", "geometry": {"type": "Point", "coordinates": [-68.8333149, 45.7662411]}, "properties": {"lon": -68.8333149, "lat": 45.7662411, "area_m2": 40.0, "height_max_m": 0.97, "height_mean_m": 0.42, "class": "rock", "source": "3dep-lidar-dsm-2m", "stage_ft": 477.9, "shore_buffer_m": 4.0, "verdict": "above_water_at_flight"}}, {"type": "Feature", "geometry": {"type": "Point", "coordinates": [-68.8338612, 45.7674034]}, "properties": {"lon": -68.8338612, "lat": 45.7674034, "area_m2": 40.0, "height_max_m": 0.55, "height_mean_m": 0.3, "class": "rock", "source": "3dep-lidar-dsm-2m", "stage_ft": 477.9, "shore_buffer_m": 4.0, "verdict": "above_water_at_flight"}}, {"type": "Feature", "geometry": {"type": "Point", "coordinates": [-68.8203155, 45.7695055]}, "properties": {"lon": -68.8203155, "lat": 45.7695055, "area_m2": 40.0, "height_max_m": 0.98, "height_mean_m": 0.53, "class": "rock", "source": "3dep-lidar-dsm-2m", "stage_ft": 477.9, "shore_buffer_m": 4.0, "verdict": "above_water_at_flight"}}, {"type": "Feature", "geometry": {"type": "Point", "coordinates": [-68.8412357, 45.7709315]}, "properties": {"lon": -68.8412357, "lat": 45.7709315, "area_m2": 40.0, "height_max_m": 1.26, "height_mean_m": 0.57, "class": "rock", "source": "3dep-lidar-dsm-2m", "stage_ft": 477.9, "shore_buffer_m": 4.0, "verdict": "above_water_at_flight"}}, {"type": "Feature", "geometry": {"type": "Point", "coordinates": [-68.7895782, 45.7710947]}, "properties": {"lon": -68.7895782, "lat": 45.7710947, "area_m2": 40.0, "height_max_m": 0.16, "height_mean_m": 0.16, "class": "rock", "source": "3dep-lidar-dsm-2m", "stage_ft": 477.9, "shore_buffer_m": 4.0, "verdict": "above_water_at_flight"}}, {"type": "Feature", "geometry": {"type": "Point", "coordinates": [-68.7781455, 45.7716579]}, "properties": {"lon": -68.7781455, "lat": 45.7716579, "area_m2": 40.0, "height_max_m": 0.69, "height_mean_m": 0.36, "class": "rock", "source": "3dep-lidar-dsm-2m", "stage_ft": 477.9, "shore_buffer_m": 4.0, "verdict": "above_water_at_flight"}}, {"type": "Feature", "geometry": {"type": "Point", "coordinates": [-68.7475808, 45.7722319]}, "properties": {"lon": -68.7475808, "lat": 45.7722319, "area_m2": 40.0, "height_max_m": 2.64, "height_mean_m": 0.69, "class": "rock", "source": "3dep-lidar-dsm-2m", "stage_ft": 477.9, "shore_buffer_m": 4.0, "verdict": "above_water_at_flight"}}, {"type": "Feature", "geometry": {"type": "Point", "coordinates": [-68.8364018, 45.7724633]}, "properties": {"lon": -68.8364018, "lat": 45.7724633, "area_m2": 40.0, "height_max_m": 0.43, "height_mean_m": 0.26, "class": "rock", "source": "3dep-lidar-dsm-2m", "stage_ft": 477.9, "shore_buffer_m": 4.0, "verdict": "above_water_at_flight"}}, {"type": "Feature", "geometry": {"type": "Point", "coordinates": [-68.7740717, 45.7735269]}, "properties": {"lon": -68.7740717, "lat": 45.7735269, "area_m2": 40.0, "height_max_m": 0.36, "height_mean_m": 0.26, "class": "rock", "source": "3dep-lidar-dsm-2m", "stage_ft": 477.9, "shore_buffer_m": 4.0, "verdict": "above_water_at_flight"}}, {"type": "Feature", "geometry": {"type": "Point", "coordinates": [-68.7864501, 45.7740758]}, "properties": {"lon": -68.7864501, "lat": 45.7740758, "area_m2": 40.0, "height_max_m": 2.85, "height_mean_m": 1.25, "class": "rock", "source": "3dep-lidar-dsm-2m", "stage_ft": 477.9, "shore_buffer_m": 4.0, "verdict": "above_water_at_flight"}}, {"type": "Feature", "geometry": {"type": "Point", "coordinates": [-68.7557695, 45.7742013]}, "properties": {"lon": -68.7557695, "lat": 45.7742013, "area_m2": 40.0, "height_max_m": 0.38, "height_mean_m": 0.27, "class": "rock", "source": "3dep-lidar-dsm-2m", "stage_ft": 477.9, "shore_buffer_m": 4.0, "verdict": "above_water_at_flight"}}, {"type": "Feature", "geometry": {"type": "Point", "coordinates": [-68.7653651, 45.7747789]}, "properties": {"lon": -68.7653651, "lat": 45.7747789, "area_m2": 40.0, "height_max_m": 0.34, "height_mean_m": 0.23, "class": "rock", "source": "3dep-lidar-dsm-2m", "stage_ft": 477.9, "shore_buffer_m": 4.0, "verdict": "above_water_at_flight"}}, {"type": "Feature", "geometry": {"type": "Point", "coordinates": [-68.8321219, 45.7749313]}, "properties": {"lon": -68.8321219, "lat": 45.7749313, "area_m2": 40.0, "height_max_m": 1.22, "height_mean_m": 0.61, "class": "rock", "source": "3dep-lidar-dsm-2m", "stage_ft": 477.9, "shore_buffer_m": 4.0, "verdict": "above_water_at_flight"}}, {"type": "Feature", "geometry": {"type": "Point", "coordinates": [-68.7626879, 45.7766802]}, "properties": {"lon": -68.7626879, "lat": 45.7766802, "area_m2": 40.0, "height_max_m": 0.42, "height_mean_m": 0.3, "class": "rock", "source": "3dep-lidar-dsm-2m", "stage_ft": 477.9, "shore_buffer_m": 4.0, "verdict": "above_water_at_flight"}}, {"type": "Feature", "geometry": {"type": "Point", "coordinates": [-68.7884548, 45.7784128]}, "properties": {"lon": -68.7884548, "lat": 45.7784128, "area_m2": 40.0, "height_max_m": 0.41, "height_mean_m": 0.27, "class": "rock", "source": "3dep-lidar-dsm-2m", "stage_ft": 477.9, "shore_buffer_m": 4.0, "verdict": "above_water_at_flight"}}, {"type": "Feature", "geometry": {"type": "Point", "coordinates": [-68.7598845, 45.7791249]}, "properties": {"lon": -68.7598845, "lat": 45.7791249, "area_m2": 40.0, "height_max_m": 0.55, "height_mean_m": 0.31, "class": "rock", "source": "3dep-lidar-dsm-2m", "stage_ft": 477.9, "shore_buffer_m": 4.0, "verdict": "above_water_at_flight"}}, {"type": "Feature", "geometry": {"type": "Point", "coordinates": [-68.7558726, 45.7812002]}, "properties": {"lon": -68.7558726, "lat": 45.7812002, "area_m2": 40.0, "height_max_m": 1.31, "height_mean_m": 0.52, "class": "rock", "source": "3dep-lidar-dsm-2m", "stage_ft": 477.9, "shore_buffer_m": 4.0, "verdict": "above_water_at_flight"}}, {"type": "Feature", "geometry": {"type": "Point", "coordinates": [-68.8226114, 45.7813706]}, "properties": {"lon": -68.8226114, "lat": 45.7813706, "area_m2": 40.0, "height_max_m": 0.2, "height_mean_m": 0.18, "class": "rock", "source": "3dep-lidar-dsm-2m", "stage_ft": 477.9, "shore_buffer_m": 4.0, "verdict": "above_water_at_flight"}}, {"type": "Feature", "geometry": {"type": "Point", "coordinates": [-68.8322611, 45.782879]}, "properties": {"lon": -68.8322611, "lat": 45.782879, "area_m2": 40.0, "height_max_m": 0.72, "height_mean_m": 0.36, "class": "rock", "source": "3dep-lidar-dsm-2m", "stage_ft": 477.9, "shore_buffer_m": 4.0, "verdict": "above_water_at_flight"}}, {"type": "Feature", "geometry": {"type": "Point", "coordinates": [-68.8314906, 45.7832772]}, "properties": {"lon": -68.8314906, "lat": 45.7832772, "area_m2": 40.0, "height_max_m": 0.71, "height_mean_m": 0.38, "class": "rock", "source": "3dep-lidar-dsm-2m", "stage_ft": 477.9, "shore_buffer_m": 4.0, "verdict": "above_water_at_flight"}}, {"type": "Feature", "geometry": {"type": "Point", "coordinates": [-68.7973856, 45.7859498]}, "properties": {"lon": -68.7973856, "lat": 45.7859498, "area_m2": 40.0, "height_max_m": 4.48, "height_mean_m": 1.48, "class": "rock", "source": "3dep-lidar-dsm-2m", "stage_ft": 477.9, "shore_buffer_m": 4.0, "verdict": "above_water_at_flight"}}, {"type": "Feature", "geometry": {"type": "Point", "coordinates": [-68.8206325, 45.7862188]}, "properties": {"lon": -68.8206325, "lat": 45.7862188, "area_m2": 40.0, "height_max_m": 4.01, "height_mean_m": 1.64, "class": "rock", "source": "3dep-lidar-dsm-2m", "stage_ft": 477.9, "shore_buffer_m": 4.0, "verdict": "above_water_at_flight"}}, {"type": "Feature", "geometry": {"type": "Point", "coordinates": [-68.8205139, 45.7862726]}, "properties": {"lon": -68.8205139, "lat": 45.7862726, "area_m2": 40.0, "height_max_m": 1.13, "height_mean_m": 0.49, "class": "rock", "source": "3dep-lidar-dsm-2m", "stage_ft": 477.9, "shore_buffer_m": 4.0, "verdict": "above_water_at_flight"}}, {"type": "Feature", "geometry": {"type": "Point", "coordinates": [-68.8252112, 45.7870762]}, "properties": {"lon": -68.8252112, "lat": 45.7870762, "area_m2": 40.0, "height_max_m": 0.43, "height_mean_m": 0.27, "class": "rock", "source": "3dep-lidar-dsm-2m", "stage_ft": 477.9, "shore_buffer_m": 4.0, "verdict": "above_water_at_flight"}}, {"type": "Feature", "geometry": {"type": "Point", "coordinates": [-68.8092615, 45.7876179]}, "properties": {"lon": -68.8092615, "lat": 45.7876179, "area_m2": 40.0, "height_max_m": 0.31, "height_mean_m": 0.24, "class": "rock", "source": "3dep-lidar-dsm-2m", "stage_ft": 477.9, "shore_buffer_m": 4.0, "verdict": "above_water_at_flight"}}, {"type": "Feature", "geometry": {"type": "Point", "coordinates": [-68.8088287, 45.7881273]}, "properties": {"lon": -68.8088287, "lat": 45.7881273, "area_m2": 40.0, "height_max_m": 0.46, "height_mean_m": 0.23, "class": "rock", "source": "3dep-lidar-dsm-2m", "stage_ft": 477.9, "shore_buffer_m": 4.0, "verdict": "above_water_at_flight"}}, {"type": "Feature", "geometry": {"type": "Point", "coordinates": [-68.8072543, 45.7883533]}, "properties": {"lon": -68.8072543, "lat": 45.7883533, "area_m2": 40.0, "height_max_m": 1.24, "height_mean_m": 0.54, "class": "rock", "source": "3dep-lidar-dsm-2m", "stage_ft": 477.9, "shore_buffer_m": 4.0, "verdict": "above_water_at_flight"}}, {"type": "Feature", "geometry": {"type": "Point", "coordinates": [-68.8118683, 45.7232535]}, "properties": {"lon": -68.8118683, "lat": 45.7232535, "area_m2": 36.0, "height_max_m": 1.83, "height_mean_m": 0.69, "class": "rock", "source": "3dep-lidar-dsm-2m", "stage_ft": 477.9, "shore_buffer_m": 4.0, "verdict": "above_water_at_flight"}}, {"type": "Feature", "geometry": {"type": "Point", "coordinates": [-68.8182871, 45.7273849]}, "properties": {"lon": -68.8182871, "lat": 45.7273849, "area_m2": 36.0, "height_max_m": 1.85, "height_mean_m": 0.78, "class": "rock", "source": "3dep-lidar-dsm-2m", "stage_ft": 477.9, "shore_buffer_m": 4.0, "verdict": "above_water_at_flight"}}, {"type": "Feature", "geometry": {"type": "Point", "coordinates": [-68.8278753, 45.7278652]}, "properties": {"lon": -68.8278753, "lat": 45.7278652, "area_m2": 36.0, "height_max_m": 0.34, "height_mean_m": 0.25, "class": "rock", "source": "3dep-lidar-dsm-2m", "stage_ft": 477.9, "shore_buffer_m": 4.0, "verdict": "above_water_at_flight"}}, {"type": "Feature", "geometry": {"type": "Point", "coordinates": [-68.8030818, 45.7285906]}, "properties": {"lon": -68.8030818, "lat": 45.7285906, "area_m2": 36.0, "height_max_m": 0.38, "height_mean_m": 0.27, "class": "rock", "source": "3dep-lidar-dsm-2m", "stage_ft": 477.9, "shore_buffer_m": 4.0, "verdict": "above_water_at_flight"}}, {"type": "Feature", "geometry": {"type": "Point", "coordinates": [-68.828946, 45.7286385]}, "properties": {"lon": -68.828946, "lat": 45.7286385, "area_m2": 36.0, "height_max_m": 1.19, "height_mean_m": 0.43, "class": "rock", "source": "3dep-lidar-dsm-2m", "stage_ft": 477.9, "shore_buffer_m": 4.0, "verdict": "above_water_at_flight"}}, {"type": "Feature", "geometry": {"type": "Point", "coordinates": [-68.8208924, 45.7294436]}, "properties": {"lon": -68.8208924, "lat": 45.7294436, "area_m2": 36.0, "height_max_m": 0.6, "height_mean_m": 0.33, "class": "rock", "source": "3dep-lidar-dsm-2m", "stage_ft": 477.9, "shore_buffer_m": 4.0, "verdict": "above_water_at_flight"}}, {"type": "Feature", "geometry": {"type": "Point", "coordinates": [-68.8200994, 45.729623]}, "properties": {"lon": -68.8200994, "lat": 45.729623, "area_m2": 36.0, "height_max_m": 0.84, "height_mean_m": 0.46, "class": "rock", "source": "3dep-lidar-dsm-2m", "stage_ft": 477.9, "shore_buffer_m": 4.0, "verdict": "above_water_at_flight"}}, {"type": "Feature", "geometry": {"type": "Point", "coordinates": [-68.7947419, 45.7302388]}, "properties": {"lon": -68.7947419, "lat": 45.7302388, "area_m2": 36.0, "height_max_m": 0.54, "height_mean_m": 0.33, "class": "rock", "source": "3dep-lidar-dsm-2m", "stage_ft": 477.9, "shore_buffer_m": 4.0, "verdict": "above_water_at_flight"}}, {"type": "Feature", "geometry": {"type": "Point", "coordinates": [-68.7875673, 45.7306374]}, "properties": {"lon": -68.7875673, "lat": 45.7306374, "area_m2": 36.0, "height_max_m": 0.23, "height_mean_m": 0.21, "class": "rock", "source": "3dep-lidar-dsm-2m", "stage_ft": 477.9, "shore_buffer_m": 4.0, "verdict": "above_water_at_flight"}}, {"type": "Feature", "geometry": {"type": "Point", "coordinates": [-68.8340879, 45.7312313]}, "properties": {"lon": -68.8340879, "lat": 45.7312313, "area_m2": 36.0, "height_max_m": 0.42, "height_mean_m": 0.28, "class": "rock", "source": "3dep-lidar-dsm-2m", "stage_ft": 477.9, "shore_buffer_m": 4.0, "verdict": "above_water_at_flight"}}, {"type": "Feature", "geometry": {"type": "Point", "coordinates": [-68.7916986, 45.7322776]}, "properties": {"lon": -68.7916986, "lat": 45.7322776, "area_m2": 36.0, "height_max_m": 0.42, "height_mean_m": 0.3, "class": "rock", "source": "3dep-lidar-dsm-2m", "stage_ft": 477.9, "shore_buffer_m": 4.0, "verdict": "above_water_at_flight"}}, {"type": "Feature", "geometry": {"type": "Point", "coordinates": [-68.7873268, 45.7324171]}, "properties": {"lon": -68.7873268, "lat": 45.7324171, "area_m2": 36.0, "height_max_m": 0.7, "height_mean_m": 0.37, "class": "rock", "source": "3dep-lidar-dsm-2m", "stage_ft": 477.9, "shore_buffer_m": 4.0, "verdict": "above_water_at_flight"}}, {"type": "Feature", "geometry": {"type": "Point", "coordinates": [-68.7903043, 45.7336288]}, "properties": {"lon": -68.7903043, "lat": 45.7336288, "area_m2": 36.0, "height_max_m": 1.44, "height_mean_m": 0.53, "class": "rock", "source": "3dep-lidar-dsm-2m", "stage_ft": 477.9, "shore_buffer_m": 4.0, "verdict": "above_water_at_flight"}}, {"type": "Feature", "geometry": {"type": "Point", "coordinates": [-68.7892793, 45.7337544]}, "properties": {"lon": -68.7892793, "lat": 45.7337544, "area_m2": 36.0, "height_max_m": 5.07, "height_mean_m": 1.34, "class": "rock", "source": "3dep-lidar-dsm-2m", "stage_ft": 477.9, "shore_buffer_m": 4.0, "verdict": "above_water_at_flight"}}, {"type": "Feature", "geometry": {"type": "Point", "coordinates": [-68.8366045, 45.7349382]}, "properties": {"lon": -68.8366045, "lat": 45.7349382, "area_m2": 36.0, "height_max_m": 0.38, "height_mean_m": 0.25, "class": "rock", "source": "3dep-lidar-dsm-2m", "stage_ft": 477.9, "shore_buffer_m": 4.0, "verdict": "above_water_at_flight"}}, {"type": "Feature", "geometry": {"type": "Point", "coordinates": [-68.8365902, 45.7350936]}, "properties": {"lon": -68.8365902, "lat": 45.7350936, "area_m2": 36.0, "height_max_m": 0.37, "height_mean_m": 0.24, "class": "rock", "source": "3dep-lidar-dsm-2m", "stage_ft": 477.9, "shore_buffer_m": 4.0, "verdict": "above_water_at_flight"}}, {"type": "Feature", "geometry": {"type": "Point", "coordinates": [-68.7891849, 45.7353986]}, "properties": {"lon": -68.7891849, "lat": 45.7353986, "area_m2": 36.0, "height_max_m": 1.53, "height_mean_m": 0.49, "class": "rock", "source": "3dep-lidar-dsm-2m", "stage_ft": 477.9, "shore_buffer_m": 4.0, "verdict": "above_water_at_flight"}}, {"type": "Feature", "geometry": {"type": "Point", "coordinates": [-68.8341738, 45.73612]}, "properties": {"lon": -68.8341738, "lat": 45.73612, "area_m2": 36.0, "height_max_m": 0.55, "height_mean_m": 0.34, "class": "rock", "source": "3dep-lidar-dsm-2m", "stage_ft": 477.9, "shore_buffer_m": 4.0, "verdict": "above_water_at_flight"}}, {"type": "Feature", "geometry": {"type": "Point", "coordinates": [-68.8349153, 45.7362854]}, "properties": {"lon": -68.8349153, "lat": 45.7362854, "area_m2": 36.0, "height_max_m": 0.38, "height_mean_m": 0.28, "class": "rock", "source": "3dep-lidar-dsm-2m", "stage_ft": 477.9, "shore_buffer_m": 4.0, "verdict": "above_water_at_flight"}}, {"type": "Feature", "geometry": {"type": "Point", "coordinates": [-68.7845411, 45.7385973]}, "properties": {"lon": -68.7845411, "lat": 45.7385973, "area_m2": 36.0, "height_max_m": 1.78, "height_mean_m": 0.69, "class": "rock", "source": "3dep-lidar-dsm-2m", "stage_ft": 477.9, "shore_buffer_m": 4.0, "verdict": "above_water_at_flight"}}, {"type": "Feature", "geometry": {"type": "Point", "coordinates": [-68.8334438, 45.7409469]}, "properties": {"lon": -68.8334438, "lat": 45.7409469, "area_m2": 36.0, "height_max_m": 0.93, "height_mean_m": 0.5, "class": "rock", "source": "3dep-lidar-dsm-2m", "stage_ft": 477.9, "shore_buffer_m": 4.0, "verdict": "above_water_at_flight"}}, {"type": "Feature", "geometry": {"type": "Point", "coordinates": [-68.8193493, 45.7415747]}, "properties": {"lon": -68.8193493, "lat": 45.7415747, "area_m2": 36.0, "height_max_m": 4.35, "height_mean_m": 1.99, "class": "rock", "source": "3dep-lidar-dsm-2m", "stage_ft": 477.9, "shore_buffer_m": 4.0, "verdict": "above_water_at_flight"}}, {"type": "Feature", "geometry": {"type": "Point", "coordinates": [-68.8356511, 45.7418418]}, "properties": {"lon": -68.8356511, "lat": 45.7418418, "area_m2": 36.0, "height_max_m": 0.4, "height_mean_m": 0.27, "class": "rock", "source": "3dep-lidar-dsm-2m", "stage_ft": 477.9, "shore_buffer_m": 4.0, "verdict": "above_water_at_flight"}}, {"type": "Feature", "geometry": {"type": "Point", "coordinates": [-68.7814577, 45.7419913]}, "properties": {"lon": -68.7814577, "lat": 45.7419913, "area_m2": 36.0, "height_max_m": 0.26, "height_mean_m": 0.21, "class": "rock", "source": "3dep-lidar-dsm-2m", "stage_ft": 477.9, "shore_buffer_m": 4.0, "verdict": "above_water_at_flight"}}, {"type": "Feature", "geometry": {"type": "Point", "coordinates": [-68.7351259, 45.7424018]}, "properties": {"lon": -68.7351259, "lat": 45.7424018, "area_m2": 36.0, "height_max_m": 0.44, "height_mean_m": 0.29, "class": "rock", "source": "3dep-lidar-dsm-2m", "stage_ft": 477.9, "shore_buffer_m": 4.0, "verdict": "above_water_at_flight"}}, {"type": "Feature", "geometry": {"type": "Point", "coordinates": [-68.8207407, 45.7434222]}, "properties": {"lon": -68.8207407, "lat": 45.7434222, "area_m2": 36.0, "height_max_m": 1.93, "height_mean_m": 0.78, "class": "rock", "source": "3dep-lidar-dsm-2m", "stage_ft": 477.9, "shore_buffer_m": 4.0, "verdict": "above_water_at_flight"}}, {"type": "Feature", "geometry": {"type": "Point", "coordinates": [-68.8320008, 45.7439782]}, "properties": {"lon": -68.8320008, "lat": 45.7439782, "area_m2": 36.0, "height_max_m": 0.75, "height_mean_m": 0.39, "class": "rock", "source": "3dep-lidar-dsm-2m", "stage_ft": 477.9, "shore_buffer_m": 4.0, "verdict": "above_water_at_flight"}}, {"type": "Feature", "geometry": {"type": "Point", "coordinates": [-68.8329542, 45.7441576]}, "properties": {"lon": -68.8329542, "lat": 45.7441576, "area_m2": 36.0, "height_max_m": 0.55, "height_mean_m": 0.32, "class": "rock", "source": "3dep-lidar-dsm-2m", "stage_ft": 477.9, "shore_buffer_m": 4.0, "verdict": "above_water_at_flight"}}, {"type": "Feature", "geometry": {"type": "Point", "coordinates": [-68.8277264, 45.7441815]}, "properties": {"lon": -68.8277264, "lat": 45.7441815, "area_m2": 36.0, "height_max_m": 0.31, "height_mean_m": 0.22, "class": "rock", "source": "3dep-lidar-dsm-2m", "stage_ft": 477.9, "shore_buffer_m": 4.0, "verdict": "above_water_at_flight"}}, {"type": "Feature", "geometry": {"type": "Point", "coordinates": [-68.8273112, 45.7451441]}, "properties": {"lon": -68.8273112, "lat": 45.7451441, "area_m2": 36.0, "height_max_m": 0.53, "height_mean_m": 0.33, "class": "rock", "source": "3dep-lidar-dsm-2m", "stage_ft": 477.9, "shore_buffer_m": 4.0, "verdict": "above_water_at_flight"}}, {"type": "Feature", "geometry": {"type": "Point", "coordinates": [-68.8329542, 45.7476911]}, "properties": {"lon": -68.8329542, "lat": 45.7476911, "area_m2": 36.0, "height_max_m": 0.49, "height_mean_m": 0.27, "class": "rock", "source": "3dep-lidar-dsm-2m", "stage_ft": 477.9, "shore_buffer_m": 4.0, "verdict": "above_water_at_flight"}}, {"type": "Feature", "geometry": {"type": "Point", "coordinates": [-68.7779934, 45.7478346]}, "properties": {"lon": -68.7779934, "lat": 45.7478346, "area_m2": 36.0, "height_max_m": 0.57, "height_mean_m": 0.3, "class": "rock", "source": "3dep-lidar-dsm-2m", "stage_ft": 477.9, "shore_buffer_m": 4.0, "verdict": "above_water_at_flight"}}, {"type": "Feature", "geometry": {"type": "Point", "coordinates": [-68.8280213, 45.7479542]}, "properties": {"lon": -68.8280213, "lat": 45.7479542, "area_m2": 36.0, "height_max_m": 0.43, "height_mean_m": 0.29, "class": "rock", "source": "3dep-lidar-dsm-2m", "stage_ft": 477.9, "shore_buffer_m": 4.0, "verdict": "above_water_at_flight"}}, {"type": "Feature", "geometry": {"type": "Point", "coordinates": [-68.8210499, 45.7481933]}, "properties": {"lon": -68.8210499, "lat": 45.7481933, "area_m2": 36.0, "height_max_m": 1.52, "height_mean_m": 0.75, "class": "rock", "source": "3dep-lidar-dsm-2m", "stage_ft": 477.9, "shore_buffer_m": 4.0, "verdict": "above_water_at_flight"}}, {"type": "Feature", "geometry": {"type": "Point", "coordinates": [-68.8064487, 45.7482551]}, "properties": {"lon": -68.8064487, "lat": 45.7482551, "area_m2": 36.0, "height_max_m": 0.29, "height_mean_m": 0.23, "class": "rock", "source": "3dep-lidar-dsm-2m", "stage_ft": 477.9, "shore_buffer_m": 4.0, "verdict": "above_water_at_flight"}}, {"type": "Feature", "geometry": {"type": "Point", "coordinates": [-68.8365558, 45.7483169]}, "properties": {"lon": -68.8365558, "lat": 45.7483169, "area_m2": 36.0, "height_max_m": 0.43, "height_mean_m": 0.28, "class": "rock", "source": "3dep-lidar-dsm-2m", "stage_ft": 477.9, "shore_buffer_m": 4.0, "verdict": "above_water_at_flight"}}, {"type": "Feature", "geometry": {"type": "Point", "coordinates": [-68.8343542, 45.7483348]}, "properties": {"lon": -68.8343542, "lat": 45.7483348, "area_m2": 36.0, "height_max_m": 0.55, "height_mean_m": 0.31, "class": "rock", "source": "3dep-lidar-dsm-2m", "stage_ft": 477.9, "shore_buffer_m": 4.0, "verdict": "above_water_at_flight"}}, {"type": "Feature", "geometry": {"type": "Point", "coordinates": [-68.8206348, 45.7483428]}, "properties": {"lon": -68.8206348, "lat": 45.7483428, "area_m2": 36.0, "height_max_m": 1.21, "height_mean_m": 0.48, "class": "rock", "source": "3dep-lidar-dsm-2m", "stage_ft": 477.9, "shore_buffer_m": 4.0, "verdict": "above_water_at_flight"}}, {"type": "Feature", "geometry": {"type": "Point", "coordinates": [-68.8308928, 45.7484683]}, "properties": {"lon": -68.8308928, "lat": 45.7484683, "area_m2": 36.0, "height_max_m": 2.74, "height_mean_m": 1.0, "class": "rock", "source": "3dep-lidar-dsm-2m", "stage_ft": 477.9, "shore_buffer_m": 4.0, "verdict": "above_water_at_flight"}}, {"type": "Feature", "geometry": {"type": "Point", "coordinates": [-68.8253243, 45.7484823]}, "properties": {"lon": -68.8253243, "lat": 45.7484823, "area_m2": 36.0, "height_max_m": 0.32, "height_mean_m": 0.25, "class": "rock", "source": "3dep-lidar-dsm-2m", "stage_ft": 477.9, "shore_buffer_m": 4.0, "verdict": "above_water_at_flight"}}, {"type": "Feature", "geometry": {"type": "Point", "coordinates": [-68.8201566, 45.74856]}, "properties": {"lon": -68.8201566, "lat": 45.74856, "area_m2": 36.0, "height_max_m": 1.85, "height_mean_m": 0.63, "class": "rock", "source": "3dep-lidar-dsm-2m", "stage_ft": 477.9, "shore_buffer_m": 4.0, "verdict": "above_water_at_flight"}}, {"type": "Feature", "geometry": {"type": "Point", "coordinates": [-68.8365358, 45.7486417]}, "properties": {"lon": -68.8365358, "lat": 45.7486417, "area_m2": 36.0, "height_max_m": 2.11, "height_mean_m": 0.8, "class": "rock", "source": "3dep-lidar-dsm-2m", "stage_ft": 477.9, "shore_buffer_m": 4.0, "verdict": "above_water_at_flight"}}, {"type": "Feature", "geometry": {"type": "Point", "coordinates": [-68.7770658, 45.7487493]}, "properties": {"lon": -68.7770658, "lat": 45.7487493, "area_m2": 36.0, "height_max_m": 0.41, "height_mean_m": 0.24, "class": "rock", "source": "3dep-lidar-dsm-2m", "stage_ft": 477.9, "shore_buffer_m": 4.0, "verdict": "above_water_at_flight"}}, {"type": "Feature", "geometry": {"type": "Point", "coordinates": [-68.7458736, 45.7490383]}, "properties": {"lon": -68.7458736, "lat": 45.7490383, "area_m2": 36.0, "height_max_m": 6.73, "height_mean_m": 2.17, "class": "rock", "source": "3dep-lidar-dsm-2m", "stage_ft": 477.9, "shore_buffer_m": 4.0, "verdict": "above_water_at_flight"}}, {"type": "Feature", "geometry": {"type": "Point", "coordinates": [-68.8271652, 45.7490164]}, "properties": {"lon": -68.8271652, "lat": 45.7490164, "area_m2": 36.0, "height_max_m": 0.54, "height_mean_m": 0.34, "class": "rock", "source": "3dep-lidar-dsm-2m", "stage_ft": 477.9, "shore_buffer_m": 4.0, "verdict": "above_water_at_flight"}}, {"type": "Feature", "geometry": {"type": "Point", "coordinates": [-68.8286483, 45.7492476]}, "properties": {"lon": -68.8286483, "lat": 45.7492476, "area_m2": 36.0, "height_max_m": 0.38, "height_mean_m": 0.27, "class": "rock", "source": "3dep-lidar-dsm-2m", "stage_ft": 477.9, "shore_buffer_m": 4.0, "verdict": "above_water_at_flight"}}, {"type": "Feature", "geometry": {"type": "Point", "coordinates": [-68.8276806, 45.7493253]}, "properties": {"lon": -68.8276806, "lat": 45.7493253, "area_m2": 36.0, "height_max_m": 0.26, "height_mean_m": 0.21, "class": "rock", "source": "3dep-lidar-dsm-2m", "stage_ft": 477.9, "shore_buffer_m": 4.0, "verdict": "above_water_at_flight"}}, {"type": "Feature", "geometry": {"type": "Point", "coordinates": [-68.73784, 45.749686]}, "properties": {"lon": -68.73784, "lat": 45.749686, "area_m2": 36.0, "height_max_m": 4.14, "height_mean_m": 1.51, "class": "rock", "source": "3dep-lidar-dsm-2m", "stage_ft": 477.9, "shore_buffer_m": 4.0, "verdict": "above_water_at_flight"}}, {"type": "Feature", "geometry": {"type": "Point", "coordinates": [-68.8357485, 45.749702]}, "properties": {"lon": -68.8357485, "lat": 45.749702, "area_m2": 36.0, "height_max_m": 0.32, "height_mean_m": 0.22, "class": "rock", "source": "3dep-lidar-dsm-2m", "stage_ft": 477.9, "shore_buffer_m": 4.0, "verdict": "above_water_at_flight"}}, {"type": "Feature", "geometry": {"type": "Point", "coordinates": [-68.8264094, 45.7502381]}, "properties": {"lon": -68.8264094, "lat": 45.7502381, "area_m2": 36.0, "height_max_m": 0.36, "height_mean_m": 0.25, "class": "rock", "source": "3dep-lidar-dsm-2m", "stage_ft": 477.9, "shore_buffer_m": 4.0, "verdict": "above_water_at_flight"}}, {"type": "Feature", "geometry": {"type": "Point", "coordinates": [-68.7369955, 45.7508619]}, "properties": {"lon": -68.7369955, "lat": 45.7508619, "area_m2": 36.0, "height_max_m": 0.22, "height_mean_m": 0.19, "class": "rock", "source": "3dep-lidar-dsm-2m", "stage_ft": 477.9, "shore_buffer_m": 4.0, "verdict": "above_water_at_flight"}}, {"type": "Feature", "geometry": {"type": "Point", "coordinates": [-68.7326666, 45.7515534]}, "properties": {"lon": -68.7326666, "lat": 45.7515534, "area_m2": 36.0, "height_max_m": 0.25, "height_mean_m": 0.21, "class": "rock", "source": "3dep-lidar-dsm-2m", "stage_ft": 477.9, "shore_buffer_m": 4.0, "verdict": "above_water_at_flight"}}, {"type": "Feature", "geometry": {"type": "Point", "coordinates": [-68.7529824, 45.7518006]}, "properties": {"lon": -68.7529824, "lat": 45.7518006, "area_m2": 36.0, "height_max_m": 0.36, "height_mean_m": 0.25, "class": "rock", "source": "3dep-lidar-dsm-2m", "stage_ft": 477.9, "shore_buffer_m": 4.0, "verdict": "above_water_at_flight"}}, {"type": "Feature", "geometry": {"type": "Point", "coordinates": [-68.8184818, 45.7520098]}, "properties": {"lon": -68.8184818, "lat": 45.7520098, "area_m2": 36.0, "height_max_m": 0.57, "height_mean_m": 0.3, "class": "rock", "source": "3dep-lidar-dsm-2m", "stage_ft": 477.9, "shore_buffer_m": 4.0, "verdict": "above_water_at_flight"}}, {"type": "Feature", "geometry": {"type": "Point", "coordinates": [-68.7344932, 45.7524921]}, "properties": {"lon": -68.7344932, "lat": 45.7524921, "area_m2": 36.0, "height_max_m": 0.5, "height_mean_m": 0.32, "class": "rock", "source": "3dep-lidar-dsm-2m", "stage_ft": 477.9, "shore_buffer_m": 4.0, "verdict": "above_water_at_flight"}}, {"type": "Feature", "geometry": {"type": "Point", "coordinates": [-68.7255492, 45.7527771]}, "properties": {"lon": -68.7255492, "lat": 45.7527771, "area_m2": 36.0, "height_max_m": 0.76, "height_mean_m": 0.46, "class": "rock", "source": "3dep-lidar-dsm-2m", "stage_ft": 477.9, "shore_buffer_m": 4.0, "verdict": "above_water_at_flight"}}, {"type": "Feature", "geometry": {"type": "Point", "coordinates": [-68.7542392, 45.7561671]}, "properties": {"lon": -68.7542392, "lat": 45.7561671, "area_m2": 36.0, "height_max_m": 1.71, "height_mean_m": 0.77, "class": "rock", "source": "3dep-lidar-dsm-2m", "stage_ft": 477.9, "shore_buffer_m": 4.0, "verdict": "above_water_at_flight"}}, {"type": "Feature", "geometry": {"type": "Point", "coordinates": [-68.8203542, 45.7564262]}, "properties": {"lon": -68.8203542, "lat": 45.7564262, "area_m2": 36.0, "height_max_m": 0.38, "height_mean_m": 0.26, "class": "rock", "source": "3dep-lidar-dsm-2m", "stage_ft": 477.9, "shore_buffer_m": 4.0, "verdict": "above_water_at_flight"}}, {"type": "Feature", "geometry": {"type": "Point", "coordinates": [-68.8208667, 45.75706]}, "properties": {"lon": -68.8208667, "lat": 45.75706, "area_m2": 36.0, "height_max_m": 3.28, "height_mean_m": 1.48, "class": "rock", "source": "3dep-lidar-dsm-2m", "stage_ft": 477.9, "shore_buffer_m": 4.0, "verdict": "above_water_at_flight"}}, {"type": "Feature", "geometry": {"type": "Point", "coordinates": [-68.7428302, 45.7572034]}, "properties": {"lon": -68.7428302, "lat": 45.7572034, "area_m2": 36.0, "height_max_m": 3.06, "height_mean_m": 0.79, "class": "rock", "source": "3dep-lidar-dsm-2m", "stage_ft": 477.9, "shore_buffer_m": 4.0, "verdict": "above_water_at_flight"}}, {"type": "Feature", "geometry": {"type": "Point", "coordinates": [-68.7519403, 45.757321]}, "properties": {"lon": -68.7519403, "lat": 45.757321, "area_m2": 36.0, "height_max_m": 0.77, "height_mean_m": 0.38, "class": "rock", "source": "3dep-lidar-dsm-2m", "stage_ft": 477.9, "shore_buffer_m": 4.0, "verdict": "above_water_at_flight"}}, {"type": "Feature", "geometry": {"type": "Point", "coordinates": [-68.8205145, 45.7577774]}, "properties": {"lon": -68.8205145, "lat": 45.7577774, "area_m2": 36.0, "height_max_m": 1.74, "height_mean_m": 0.75, "class": "rock", "source": "3dep-lidar-dsm-2m", "stage_ft": 477.9, "shore_buffer_m": 4.0, "verdict": "above_water_at_flight"}}, {"type": "Feature", "geometry": {"type": "Point", "coordinates": [-68.7369983, 45.7580146]}, "properties": {"lon": -68.7369983, "lat": 45.7580146, "area_m2": 36.0, "height_max_m": 6.54, "height_mean_m": 2.64, "class": "rock", "source": "3dep-lidar-dsm-2m", "stage_ft": 477.9, "shore_buffer_m": 4.0, "verdict": "above_water_at_flight"}}, {"type": "Feature", "geometry": {"type": "Point", "coordinates": [-68.8209726, 45.7581302]}, "properties": {"lon": -68.8209726, "lat": 45.7581302, "area_m2": 36.0, "height_max_m": 0.24, "height_mean_m": 0.18, "class": "rock", "source": "3dep-lidar-dsm-2m", "stage_ft": 477.9, "shore_buffer_m": 4.0, "verdict": "above_water_at_flight"}}, {"type": "Feature", "geometry": {"type": "Point", "coordinates": [-68.7437922, 45.7605675]}, "properties": {"lon": -68.7437922, "lat": 45.7605675, "area_m2": 36.0, "height_max_m": 0.41, "height_mean_m": 0.27, "class": "rock", "source": "3dep-lidar-dsm-2m", "stage_ft": 477.9, "shore_buffer_m": 4.0, "verdict": "above_water_at_flight"}}, {"type": "Feature", "geometry": {"type": "Point", "coordinates": [-68.7459022, 45.7611076]}, "properties": {"lon": -68.7459022, "lat": 45.7611076, "area_m2": 36.0, "height_max_m": 10.32, "height_mean_m": 5.89, "class": "rock", "source": "3dep-lidar-dsm-2m", "stage_ft": 477.9, "shore_buffer_m": 4.0, "verdict": "above_water_at_flight"}}, {"type": "Feature", "geometry": {"type": "Point", "coordinates": [-68.7406601, 45.7623114]}, "properties": {"lon": -68.7406601, "lat": 45.7623114, "area_m2": 36.0, "height_max_m": 4.31, "height_mean_m": 1.63, "class": "rock", "source": "3dep-lidar-dsm-2m", "stage_ft": 477.9, "shore_buffer_m": 4.0, "verdict": "above_water_at_flight"}}, {"type": "Feature", "geometry": {"type": "Point", "coordinates": [-68.7482985, 45.7630647]}, "properties": {"lon": -68.7482985, "lat": 45.7630647, "area_m2": 36.0, "height_max_m": 4.25, "height_mean_m": 1.93, "class": "rock", "source": "3dep-lidar-dsm-2m", "stage_ft": 477.9, "shore_buffer_m": 4.0, "verdict": "above_water_at_flight"}}, {"type": "Feature", "geometry": {"type": "Point", "coordinates": [-68.8314597, 45.7633676]}, "properties": {"lon": -68.8314597, "lat": 45.7633676, "area_m2": 36.0, "height_max_m": 0.58, "height_mean_m": 0.35, "class": "rock", "source": "3dep-lidar-dsm-2m", "stage_ft": 477.9, "shore_buffer_m": 4.0, "verdict": "above_water_at_flight"}}, {"type": "Feature", "geometry": {"type": "Point", "coordinates": [-68.8327509, 45.7636048]}, "properties": {"lon": -68.8327509, "lat": 45.7636048, "area_m2": 36.0, "height_max_m": 0.66, "height_mean_m": 0.32, "class": "rock", "source": "3dep-lidar-dsm-2m", "stage_ft": 477.9, "shore_buffer_m": 4.0, "verdict": "above_water_at_flight"}}, {"type": "Feature", "geometry": {"type": "Point", "coordinates": [-68.8330029, 45.7639476]}, "properties": {"lon": -68.8330029, "lat": 45.7639476, "area_m2": 36.0, "height_max_m": 0.52, "height_mean_m": 0.32, "class": "rock", "source": "3dep-lidar-dsm-2m", "stage_ft": 477.9, "shore_buffer_m": 4.0, "verdict": "above_water_at_flight"}}, {"type": "Feature", "geometry": {"type": "Point", "coordinates": [-68.8193836, 45.7685314]}, "properties": {"lon": -68.8193836, "lat": 45.7685314, "area_m2": 36.0, "height_max_m": 0.91, "height_mean_m": 0.47, "class": "rock", "source": "3dep-lidar-dsm-2m", "stage_ft": 477.9, "shore_buffer_m": 4.0, "verdict": "above_water_at_flight"}}, {"type": "Feature", "geometry": {"type": "Point", "coordinates": [-68.7569419, 45.7691612]}, "properties": {"lon": -68.7569419, "lat": 45.7691612, "area_m2": 36.0, "height_max_m": 0.72, "height_mean_m": 0.43, "class": "rock", "source": "3dep-lidar-dsm-2m", "stage_ft": 477.9, "shore_buffer_m": 4.0, "verdict": "above_water_at_flight"}}, {"type": "Feature", "geometry": {"type": "Point", "coordinates": [-68.8405268, 45.7707555]}, "properties": {"lon": -68.8405268, "lat": 45.7707555, "area_m2": 36.0, "height_max_m": 0.28, "height_mean_m": 0.21, "class": "rock", "source": "3dep-lidar-dsm-2m", "stage_ft": 477.9, "shore_buffer_m": 4.0, "verdict": "above_water_at_flight"}}, {"type": "Feature", "geometry": {"type": "Point", "coordinates": [-68.7478233, 45.7709389]}, "properties": {"lon": -68.7478233, "lat": 45.7709389, "area_m2": 36.0, "height_max_m": 6.75, "height_mean_m": 2.93, "class": "rock", "source": "3dep-lidar-dsm-2m", "stage_ft": 477.9, "shore_buffer_m": 4.0, "verdict": "above_water_at_flight"}}, {"type": "Feature", "geometry": {"type": "Point", "coordinates": [-68.8405554, 45.7713135]}, "properties": {"lon": -68.8405554, "lat": 45.7713135, "area_m2": 36.0, "height_max_m": 0.3, "height_mean_m": 0.23, "class": "rock", "source": "3dep-lidar-dsm-2m", "stage_ft": 477.9, "shore_buffer_m": 4.0, "verdict": "above_water_at_flight"}}, {"type": "Feature", "geometry": {"type": "Point", "coordinates": [-68.7782425, 45.7715188]}, "properties": {"lon": -68.7782425, "lat": 45.7715188, "area_m2": 36.0, "height_max_m": 0.51, "height_mean_m": 0.3, "class": "rock", "source": "3dep-lidar-dsm-2m", "stage_ft": 477.9, "shore_buffer_m": 4.0, "verdict": "above_water_at_flight"}}, {"type": "Feature", "geometry": {"type": "Point", "coordinates": [-68.782683, 45.7715467]}, "properties": {"lon": -68.782683, "lat": 45.7715467, "area_m2": 36.0, "height_max_m": 0.7, "height_mean_m": 0.37, "class": "rock", "source": "3dep-lidar-dsm-2m", "stage_ft": 477.9, "shore_buffer_m": 4.0, "verdict": "above_water_at_flight"}}, {"type": "Feature", "geometry": {"type": "Point", "coordinates": [-68.7773722, 45.7716125]}, "properties": {"lon": -68.7773722, "lat": 45.7716125, "area_m2": 36.0, "height_max_m": 0.48, "height_mean_m": 0.3, "class": "rock", "source": "3dep-lidar-dsm-2m", "stage_ft": 477.9, "shore_buffer_m": 4.0, "verdict": "above_water_at_flight"}}, {"type": "Feature", "geometry": {"type": "Point", "coordinates": [-68.8193149, 45.7718178]}, "properties": {"lon": -68.8193149, "lat": 45.7718178, "area_m2": 36.0, "height_max_m": 1.41, "height_mean_m": 0.6, "class": "rock", "source": "3dep-lidar-dsm-2m", "stage_ft": 477.9, "shore_buffer_m": 4.0, "verdict": "above_water_at_flight"}}, {"type": "Feature", "geometry": {"type": "Point", "coordinates": [-68.7766965, 45.772033]}, "properties": {"lon": -68.7766965, "lat": 45.772033, "area_m2": 36.0, "height_max_m": 0.64, "height_mean_m": 0.38, "class": "rock", "source": "3dep-lidar-dsm-2m", "stage_ft": 477.9, "shore_buffer_m": 4.0, "verdict": "above_water_at_flight"}}, {"type": "Feature", "geometry": {"type": "Point", "coordinates": [-68.77562, 45.7721326]}, "properties": {"lon": -68.77562, "lat": 45.7721326, "area_m2": 36.0, "height_max_m": 0.36, "height_mean_m": 0.24, "class": "rock", "source": "3dep-lidar-dsm-2m", "stage_ft": 477.9, "shore_buffer_m": 4.0, "verdict": "above_water_at_flight"}}, {"type": "Feature", "geometry": {"type": "Point", "coordinates": [-68.8402376, 45.7721625]}, "properties": {"lon": -68.8402376, "lat": 45.7721625, "area_m2": 36.0, "height_max_m": 0.41, "height_mean_m": 0.27, "class": "rock", "source": "3dep-lidar-dsm-2m", "stage_ft": 477.9, "shore_buffer_m": 4.0, "verdict": "above_water_at_flight"}}, {"type": "Feature", "geometry": {"type": "Point", "coordinates": [-68.8349297, 45.7725711]}, "properties": {"lon": -68.8349297, "lat": 45.7725711, "area_m2": 36.0, "height_max_m": 0.34, "height_mean_m": 0.24, "class": "rock", "source": "3dep-lidar-dsm-2m", "stage_ft": 477.9, "shore_buffer_m": 4.0, "verdict": "above_water_at_flight"}}, {"type": "Feature", "geometry": {"type": "Point", "coordinates": [-68.8354479, 45.7726329]}, "properties": {"lon": -68.8354479, "lat": 45.7726329, "area_m2": 36.0, "height_max_m": 0.37, "height_mean_m": 0.27, "class": "rock", "source": "3dep-lidar-dsm-2m", "stage_ft": 477.9, "shore_buffer_m": 4.0, "verdict": "above_water_at_flight"}}, {"type": "Feature", "geometry": {"type": "Point", "coordinates": [-68.8356053, 45.7726648]}, "properties": {"lon": -68.8356053, "lat": 45.7726648, "area_m2": 36.0, "height_max_m": 0.55, "height_mean_m": 0.32, "class": "rock", "source": "3dep-lidar-dsm-2m", "stage_ft": 477.9, "shore_buffer_m": 4.0, "verdict": "above_water_at_flight"}}, {"type": "Feature", "geometry": {"type": "Point", "coordinates": [-68.834337, 45.772872]}, "properties": {"lon": -68.834337, "lat": 45.772872, "area_m2": 36.0, "height_max_m": 0.35, "height_mean_m": 0.23, "class": "rock", "source": "3dep-lidar-dsm-2m", "stage_ft": 477.9, "shore_buffer_m": 4.0, "verdict": "above_water_at_flight"}}, {"type": "Feature", "geometry": {"type": "Point", "coordinates": [-68.8366446, 45.7730095]}, "properties": {"lon": -68.8366446, "lat": 45.7730095, "area_m2": 36.0, "height_max_m": 0.49, "height_mean_m": 0.29, "class": "rock", "source": "3dep-lidar-dsm-2m", "stage_ft": 477.9, "shore_buffer_m": 4.0, "verdict": "above_water_at_flight"}}, {"type": "Feature", "geometry": {"type": "Point", "coordinates": [-68.8347235, 45.7730713]}, "properties": {"lon": -68.8347235, "lat": 45.7730713, "area_m2": 36.0, "height_max_m": 0.47, "height_mean_m": 0.25, "class": "rock", "source": "3dep-lidar-dsm-2m", "stage_ft": 477.9, "shore_buffer_m": 4.0, "verdict": "above_water_at_flight"}}, {"type": "Feature", "geometry": {"type": "Point", "coordinates": [-68.7739452, 45.7735676]}, "properties": {"lon": -68.7739452, "lat": 45.7735676, "area_m2": 36.0, "height_max_m": 0.48, "height_mean_m": 0.3, "class": "rock", "source": "3dep-lidar-dsm-2m", "stage_ft": 477.9, "shore_buffer_m": 4.0, "verdict": "above_water_at_flight"}}, {"type": "Feature", "geometry": {"type": "Point", "coordinates": [-68.7638474, 45.7739502]}, "properties": {"lon": -68.7638474, "lat": 45.7739502, "area_m2": 36.0, "height_max_m": 0.41, "height_mean_m": 0.25, "class": "rock", "source": "3dep-lidar-dsm-2m", "stage_ft": 477.9, "shore_buffer_m": 4.0, "verdict": "above_water_at_flight"}}, {"type": "Feature", "geometry": {"type": "Point", "coordinates": [-68.8076568, 45.7742272]}, "properties": {"lon": -68.8076568, "lat": 45.7742272, "area_m2": 36.0, "height_max_m": 0.17, "height_mean_m": 0.16, "class": "rock", "source": "3dep-lidar-dsm-2m", "stage_ft": 477.9, "shore_buffer_m": 4.0, "verdict": "above_water_at_flight"}}, {"type": "Feature", "geometry": {"type": "Point", "coordinates": [-68.8326249, 45.7747892]}, "properties": {"lon": -68.8326249, "lat": 45.7747892, "area_m2": 36.0, "height_max_m": 0.97, "height_mean_m": 0.42, "class": "rock", "source": "3dep-lidar-dsm-2m", "stage_ft": 477.9, "shore_buffer_m": 4.0, "verdict": "above_water_at_flight"}}, {"type": "Feature", "geometry": {"type": "Point", "coordinates": [-68.7613337, 45.7755665]}, "properties": {"lon": -68.7613337, "lat": 45.7755665, "area_m2": 36.0, "height_max_m": 0.19, "height_mean_m": 0.18, "class": "rock", "source": "3dep-lidar-dsm-2m", "stage_ft": 477.9, "shore_buffer_m": 4.0, "verdict": "above_water_at_flight"}}, {"type": "Feature", "geometry": {"type": "Point", "coordinates": [-68.8114303, 45.7768041]}, "properties": {"lon": -68.8114303, "lat": 45.7768041, "area_m2": 36.0, "height_max_m": 0.96, "height_mean_m": 0.46, "class": "rock", "source": "3dep-lidar-dsm-2m", "stage_ft": 477.9, "shore_buffer_m": 4.0, "verdict": "above_water_at_flight"}}, {"type": "Feature", "geometry": {"type": "Point", "coordinates": [-68.7575689, 45.7781135]}, "properties": {"lon": -68.7575689, "lat": 45.7781135, "area_m2": 36.0, "height_max_m": 0.64, "height_mean_m": 0.35, "class": "rock", "source": "3dep-lidar-dsm-2m", "stage_ft": 477.9, "shore_buffer_m": 4.0, "verdict": "above_water_at_flight"}}, {"type": "Feature", "geometry": {"type": "Point", "coordinates": [-68.8328282, 45.7783387]}, "properties": {"lon": -68.8328282, "lat": 45.7783387, "area_m2": 36.0, "height_max_m": 0.55, "height_mean_m": 0.34, "class": "rock", "source": "3dep-lidar-dsm-2m", "stage_ft": 477.9, "shore_buffer_m": 4.0, "verdict": "above_water_at_flight"}}, {"type": "Feature", "geometry": {"type": "Point", "coordinates": [-68.7895885, 45.7786436]}, "properties": {"lon": -68.7895885, "lat": 45.7786436, "area_m2": 36.0, "height_max_m": 0.33, "height_mean_m": 0.24, "class": "rock", "source": "3dep-lidar-dsm-2m", "stage_ft": 477.9, "shore_buffer_m": 4.0, "verdict": "above_water_at_flight"}}, {"type": "Feature", "geometry": {"type": "Point", "coordinates": [-68.7834302, 45.7787213]}, "properties": {"lon": -68.7834302, "lat": 45.7787213, "area_m2": 36.0, "height_max_m": 0.32, "height_mean_m": 0.25, "class": "rock", "source": "3dep-lidar-dsm-2m", "stage_ft": 477.9, "shore_buffer_m": 4.0, "verdict": "above_water_at_flight"}}, {"type": "Feature", "geometry": {"type": "Point", "coordinates": [-68.8205632, 45.7801622]}, "properties": {"lon": -68.8205632, "lat": 45.7801622, "area_m2": 36.0, "height_max_m": 1.36, "height_mean_m": 0.64, "class": "rock", "source": "3dep-lidar-dsm-2m", "stage_ft": 477.9, "shore_buffer_m": 4.0, "verdict": "above_water_at_flight"}}, {"type": "Feature", "geometry": {"type": "Point", "coordinates": [-68.7514192, 45.7809953]}, "properties": {"lon": -68.7514192, "lat": 45.7809953, "area_m2": 36.0, "height_max_m": 6.49, "height_mean_m": 2.03, "class": "rock", "source": "3dep-lidar-dsm-2m", "stage_ft": 477.9, "shore_buffer_m": 4.0, "verdict": "above_water_at_flight"}}, {"type": "Feature", "geometry": {"type": "Point", "coordinates": [-68.7576004, 45.7810651]}, "properties": {"lon": -68.7576004, "lat": 45.7810651, "area_m2": 36.0, "height_max_m": 0.21, "height_mean_m": 0.19, "class": "rock", "source": "3dep-lidar-dsm-2m", "stage_ft": 477.9, "shore_buffer_m": 4.0, "verdict": "above_water_at_flight"}}, {"type": "Feature", "geometry": {"type": "Point", "coordinates": [-68.8325763, 45.7820017]}, "properties": {"lon": -68.8325763, "lat": 45.7820017, "area_m2": 36.0, "height_max_m": 0.5, "height_mean_m": 0.29, "class": "rock", "source": "3dep-lidar-dsm-2m", "stage_ft": 477.9, "shore_buffer_m": 4.0, "verdict": "above_water_at_flight"}}, {"type": "Feature", "geometry": {"type": "Point", "coordinates": [-68.7480523, 45.7823087]}, "properties": {"lon": -68.7480523, "lat": 45.7823087, "area_m2": 36.0, "height_max_m": 16.91, "height_mean_m": 7.68, "class": "rock", "source": "3dep-lidar-dsm-2m", "stage_ft": 477.9, "shore_buffer_m": 4.0, "verdict": "above_water_at_flight"}}, {"type": "Feature", "geometry": {"type": "Point", "coordinates": [-68.7470216, 45.7826196]}, "properties": {"lon": -68.7470216, "lat": 45.7826196, "area_m2": 36.0, "height_max_m": 1.16, "height_mean_m": 0.59, "class": "rock", "source": "3dep-lidar-dsm-2m", "stage_ft": 477.9, "shore_buffer_m": 4.0, "verdict": "above_water_at_flight"}}, {"type": "Feature", "geometry": {"type": "Point", "coordinates": [-68.8066892, 45.7836878]}, "properties": {"lon": -68.8066892, "lat": 45.7836878, "area_m2": 36.0, "height_max_m": 0.24, "height_mean_m": 0.19, "class": "rock", "source": "3dep-lidar-dsm-2m", "stage_ft": 477.9, "shore_buffer_m": 4.0, "verdict": "above_water_at_flight"}}, {"type": "Feature", "geometry": {"type": "Point", "coordinates": [-68.8201509, 45.7838572]}, "properties": {"lon": -68.8201509, "lat": 45.7838572, "area_m2": 36.0, "height_max_m": 0.69, "height_mean_m": 0.35, "class": "rock", "source": "3dep-lidar-dsm-2m", "stage_ft": 477.9, "shore_buffer_m": 4.0, "verdict": "above_water_at_flight"}}, {"type": "Feature", "geometry": {"type": "Point", "coordinates": [-68.8211615, 45.7856827]}, "properties": {"lon": -68.8211615, "lat": 45.7856827, "area_m2": 36.0, "height_max_m": 0.85, "height_mean_m": 0.41, "class": "rock", "source": "3dep-lidar-dsm-2m", "stage_ft": 477.9, "shore_buffer_m": 4.0, "verdict": "above_water_at_flight"}}, {"type": "Feature", "geometry": {"type": "Point", "coordinates": [-68.8096094, 45.7871097]}, "properties": {"lon": -68.8096094, "lat": 45.7871097, "area_m2": 36.0, "height_max_m": 4.71, "height_mean_m": 1.67, "class": "rock", "source": "3dep-lidar-dsm-2m", "stage_ft": 477.9, "shore_buffer_m": 4.0, "verdict": "above_water_at_flight"}}, {"type": "Feature", "geometry": {"type": "Point", "coordinates": [-68.8072217, 45.7879567]}, "properties": {"lon": -68.8072217, "lat": 45.7879567, "area_m2": 36.0, "height_max_m": 0.37, "height_mean_m": 0.26, "class": "rock", "source": "3dep-lidar-dsm-2m", "stage_ft": 477.9, "shore_buffer_m": 4.0, "verdict": "above_water_at_flight"}}, {"type": "Feature", "geometry": {"type": "Point", "coordinates": [-68.812914, 45.7242256]}, "properties": {"lon": -68.812914, "lat": 45.7242256, "area_m2": 32.0, "height_max_m": 0.38, "height_mean_m": 0.23, "class": "rock", "source": "3dep-lidar-dsm-2m", "stage_ft": 477.9, "shore_buffer_m": 4.0, "verdict": "above_water_at_flight"}}, {"type": "Feature", "geometry": {"type": "Point", "coordinates": [-68.8116192, 45.7244543]}, "properties": {"lon": -68.8116192, "lat": 45.7244543, "area_m2": 32.0, "height_max_m": 0.68, "height_mean_m": 0.37, "class": "rock", "source": "3dep-lidar-dsm-2m", "stage_ft": 477.9, "shore_buffer_m": 4.0, "verdict": "above_water_at_flight"}}, {"type": "Feature", "geometry": {"type": "Point", "coordinates": [-68.8203059, 45.7266919]}, "properties": {"lon": -68.8203059, "lat": 45.7266919, "area_m2": 32.0, "height_max_m": 11.97, "height_mean_m": 4.39, "class": "rock", "source": "3dep-lidar-dsm-2m", "stage_ft": 477.9, "shore_buffer_m": 4.0, "verdict": "above_water_at_flight"}}, {"type": "Feature", "geometry": {"type": "Point", "coordinates": [-68.8232304, 45.7270865]}, "properties": {"lon": -68.8232304, "lat": 45.7270865, "area_m2": 32.0, "height_max_m": 0.33, "height_mean_m": 0.23, "class": "rock", "source": "3dep-lidar-dsm-2m", "stage_ft": 477.9, "shore_buffer_m": 4.0, "verdict": "above_water_at_flight"}}, {"type": "Feature", "geometry": {"type": "Point", "coordinates": [-68.8275206, 45.7277479]}, "properties": {"lon": -68.8275206, "lat": 45.7277479, "area_m2": 32.0, "height_max_m": 0.46, "height_mean_m": 0.25, "class": "rock", "source": "3dep-lidar-dsm-2m", "stage_ft": 477.9, "shore_buffer_m": 4.0, "verdict": "above_water_at_flight"}}, {"type": "Feature", "geometry": {"type": "Point", "coordinates": [-68.803464, 45.7284721]}, "properties": {"lon": -68.803464, "lat": 45.7284721, "area_m2": 32.0, "height_max_m": 0.27, "height_mean_m": 0.23, "class": "rock", "source": "3dep-lidar-dsm-2m", "stage_ft": 477.9, "shore_buffer_m": 4.0, "verdict": "above_water_at_flight"}}, {"type": "Feature", "geometry": {"type": "Point", "coordinates": [-68.8135517, 45.7291895]}, "properties": {"lon": -68.8135517, "lat": 45.7291895, "area_m2": 32.0, "height_max_m": 0.67, "height_mean_m": 0.38, "class": "rock", "source": "3dep-lidar-dsm-2m", "stage_ft": 477.9, "shore_buffer_m": 4.0, "verdict": "above_water_at_flight"}}, {"type": "Feature", "geometry": {"type": "Point", "coordinates": [-68.8315112, 45.7302388]}, "properties": {"lon": -68.8315112, "lat": 45.7302388, "area_m2": 32.0, "height_max_m": 0.47, "height_mean_m": 0.32, "class": "rock", "source": "3dep-lidar-dsm-2m", "stage_ft": 477.9, "shore_buffer_m": 4.0, "verdict": "above_water_at_flight"}}, {"type": "Feature", "geometry": {"type": "Point", "coordinates": [-68.83336, 45.7304698]}, "properties": {"lon": -68.83336, "lat": 45.7304698, "area_m2": 32.0, "height_max_m": 0.32, "height_mean_m": 0.24, "class": "rock", "source": "3dep-lidar-dsm-2m", "stage_ft": 477.9, "shore_buffer_m": 4.0, "verdict": "above_water_at_flight"}}, {"type": "Feature", "geometry": {"type": "Point", "coordinates": [-68.7893051, 45.7307366]}, "properties": {"lon": -68.7893051, "lat": 45.7307366, "area_m2": 32.0, "height_max_m": 0.21, "height_mean_m": 0.19, "class": "rock", "source": "3dep-lidar-dsm-2m", "stage_ft": 477.9, "shore_buffer_m": 4.0, "verdict": "above_water_at_flight"}}, {"type": "Feature", "geometry": {"type": "Point", "coordinates": [-68.8104629, 45.731241]}, "properties": {"lon": -68.8104629, "lat": 45.731241, "area_m2": 32.0, "height_max_m": 0.44, "height_mean_m": 0.25, "class": "rock", "source": "3dep-lidar-dsm-2m", "stage_ft": 477.9, "shore_buffer_m": 4.0, "verdict": "above_water_at_flight"}}, {"type": "Feature", "geometry": {"type": "Point", "coordinates": [-68.8092229, 45.7312702]}, "properties": {"lon": -68.8092229, "lat": 45.7312702, "area_m2": 32.0, "height_max_m": 0.26, "height_mean_m": 0.21, "class": "rock", "source": "3dep-lidar-dsm-2m", "stage_ft": 477.9, "shore_buffer_m": 4.0, "verdict": "above_water_at_flight"}}, {"type": "Feature", "geometry": {"type": "Point", "coordinates": [-68.8200482, 45.7313352]}, "properties": {"lon": -68.8200482, "lat": 45.7313352, "area_m2": 32.0, "height_max_m": 0.9, "height_mean_m": 0.38, "class": "rock", "source": "3dep-lidar-dsm-2m", "stage_ft": 477.9, "shore_buffer_m": 4.0, "verdict": "above_water_at_flight"}}, {"type": "Feature", "geometry": {"type": "Point", "coordinates": [-68.7922361, 45.7319338]}, "properties": {"lon": -68.7922361, "lat": 45.7319338, "area_m2": 32.0, "height_max_m": 0.36, "height_mean_m": 0.26, "class": "rock", "source": "3dep-lidar-dsm-2m", "stage_ft": 477.9, "shore_buffer_m": 4.0, "verdict": "above_water_at_flight"}}, {"type": "Feature", "geometry": {"type": "Point", "coordinates": [-68.8205056, 45.7326446]}, "properties": {"lon": -68.8205056, "lat": 45.7326446, "area_m2": 32.0, "height_max_m": 2.19, "height_mean_m": 0.83, "class": "rock", "source": "3dep-lidar-dsm-2m", "stage_ft": 477.9, "shore_buffer_m": 4.0, "verdict": "above_water_at_flight"}}, {"type": "Feature", "geometry": {"type": "Point", "coordinates": [-68.8108752, 45.7326939]}, "properties": {"lon": -68.8108752, "lat": 45.7326939, "area_m2": 32.0, "height_max_m": 1.08, "height_mean_m": 0.47, "class": "rock", "source": "3dep-lidar-dsm-2m", "stage_ft": 477.9, "shore_buffer_m": 4.0, "verdict": "above_water_at_flight"}}, {"type": "Feature", "geometry": {"type": "Point", "coordinates": [-68.8109718, 45.7329271]}, "properties": {"lon": -68.8109718, "lat": 45.7329271, "area_m2": 32.0, "height_max_m": 0.75, "height_mean_m": 0.42, "class": "rock", "source": "3dep-lidar-dsm-2m", "stage_ft": 477.9, "shore_buffer_m": 4.0, "verdict": "above_water_at_flight"}}, {"type": "Feature", "geometry": {"type": "Point", "coordinates": [-68.7874467, 45.7329315]}, "properties": {"lon": -68.7874467, "lat": 45.7329315, "area_m2": 32.0, "height_max_m": 0.29, "height_mean_m": 0.2, "class": "rock", "source": "3dep-lidar-dsm-2m", "stage_ft": 477.9, "shore_buffer_m": 4.0, "verdict": "above_water_at_flight"}}, {"type": "Feature", "geometry": {"type": "Point", "coordinates": [-68.8206602, 45.7332185]}, "properties": {"lon": -68.8206602, "lat": 45.7332185, "area_m2": 32.0, "height_max_m": 0.89, "height_mean_m": 0.43, "class": "rock", "source": "3dep-lidar-dsm-2m", "stage_ft": 477.9, "shore_buffer_m": 4.0, "verdict": "above_water_at_flight"}}, {"type": "Feature", "geometry": {"type": "Point", "coordinates": [-68.8350928, 45.7337634]}, "properties": {"lon": -68.8350928, "lat": 45.7337634, "area_m2": 32.0, "height_max_m": 0.81, "height_mean_m": 0.35, "class": "rock", "source": "3dep-lidar-dsm-2m", "stage_ft": 477.9, "shore_buffer_m": 4.0, "verdict": "above_water_at_flight"}}, {"type": "Feature", "geometry": {"type": "Point", "coordinates": [-68.8369706, 45.7341692]}, "properties": {"lon": -68.8369706, "lat": 45.7341692, "area_m2": 32.0, "height_max_m": 0.3, "height_mean_m": 0.23, "class": "rock", "source": "3dep-lidar-dsm-2m", "stage_ft": 477.9, "shore_buffer_m": 4.0, "verdict": "above_water_at_flight"}}, {"type": "Feature", "geometry": {"type": "Point", "coordinates": [-68.821591, 45.7349292]}, "properties": {"lon": -68.821591, "lat": 45.7349292, "area_m2": 32.0, "height_max_m": 0.31, "height_mean_m": 0.24, "class": "rock", "source": "3dep-lidar-dsm-2m", "stage_ft": 477.9, "shore_buffer_m": 4.0, "verdict": "above_water_at_flight"}}, {"type": "Feature", "geometry": {"type": "Point", "coordinates": [-68.7891215, 45.7356019]}, "properties": {"lon": -68.7891215, "lat": 45.7356019, "area_m2": 32.0, "height_max_m": 0.36, "height_mean_m": 0.26, "class": "rock", "source": "3dep-lidar-dsm-2m", "stage_ft": 477.9, "shore_buffer_m": 4.0, "verdict": "above_water_at_flight"}}, {"type": "Feature", "geometry": {"type": "Point", "coordinates": [-68.8342425, 45.736057]}, "properties": {"lon": -68.8342425, "lat": 45.736057, "area_m2": 32.0, "height_max_m": 6.58, "height_mean_m": 2.72, "class": "rock", "source": "3dep-lidar-dsm-2m", "stage_ft": 477.9, "shore_buffer_m": 4.0, "verdict": "above_water_at_flight"}}, {"type": "Feature", "geometry": {"type": "Point", "coordinates": [-68.787189, 45.7384695]}, "properties": {"lon": -68.787189, "lat": 45.7384695, "area_m2": 32.0, "height_max_m": 0.37, "height_mean_m": 0.27, "class": "rock", "source": "3dep-lidar-dsm-2m", "stage_ft": 477.9, "shore_buffer_m": 4.0, "verdict": "above_water_at_flight"}}, {"type": "Feature", "geometry": {"type": "Point", "coordinates": [-68.8206441, 45.73853]}, "properties": {"lon": -68.8206441, "lat": 45.73853, "area_m2": 32.0, "height_max_m": 1.48, "height_mean_m": 0.65, "class": "rock", "source": "3dep-lidar-dsm-2m", "stage_ft": 477.9, "shore_buffer_m": 4.0, "verdict": "above_water_at_flight"}}, {"type": "Feature", "geometry": {"type": "Point", "coordinates": [-68.8287928, 45.740355]}, "properties": {"lon": -68.8287928, "lat": 45.740355, "area_m2": 32.0, "height_max_m": 0.57, "height_mean_m": 0.36, "class": "rock", "source": "3dep-lidar-dsm-2m", "stage_ft": 477.9, "shore_buffer_m": 4.0, "verdict": "above_water_at_flight"}}, {"type": "Feature", "geometry": {"type": "Point", "coordinates": [-68.7811177, 45.7420254]}, "properties": {"lon": -68.7811177, "lat": 45.7420254, "area_m2": 32.0, "height_max_m": 0.28, "height_mean_m": 0.22, "class": "rock", "source": "3dep-lidar-dsm-2m", "stage_ft": 477.9, "shore_buffer_m": 4.0, "verdict": "above_water_at_flight"}}, {"type": "Feature", "geometry": {"type": "Point", "coordinates": [-68.8353988, 45.7421016]}, "properties": {"lon": -68.8353988, "lat": 45.7421016, "area_m2": 32.0, "height_max_m": 0.21, "height_mean_m": 0.18, "class": "rock", "source": "3dep-lidar-dsm-2m", "stage_ft": 477.9, "shore_buffer_m": 4.0, "verdict": "above_water_at_flight"}}, {"type": "Feature", "geometry": {"type": "Point", "coordinates": [-68.824377, 45.7422563]}, "properties": {"lon": -68.824377, "lat": 45.7422563, "area_m2": 32.0, "height_max_m": 0.34, "height_mean_m": 0.22, "class": "rock", "source": "3dep-lidar-dsm-2m", "stage_ft": 477.9, "shore_buffer_m": 4.0, "verdict": "above_water_at_flight"}}, {"type": "Feature", "geometry": {"type": "Point", "coordinates": [-68.8360945, 45.7426532]}, "properties": {"lon": -68.8360945, "lat": 45.7426532, "area_m2": 32.0, "height_max_m": 0.29, "height_mean_m": 0.21, "class": "rock", "source": "3dep-lidar-dsm-2m", "stage_ft": 477.9, "shore_buffer_m": 4.0, "verdict": "above_water_at_flight"}}, {"type": "Feature", "geometry": {"type": "Point", "coordinates": [-68.8241902, 45.7429043]}, "properties": {"lon": -68.8241902, "lat": 45.7429043, "area_m2": 32.0, "height_max_m": 0.27, "height_mean_m": 0.21, "class": "rock", "source": "3dep-lidar-dsm-2m", "stage_ft": 477.9, "shore_buffer_m": 4.0, "verdict": "above_water_at_flight"}}, {"type": "Feature", "geometry": {"type": "Point", "coordinates": [-68.8281777, 45.7431823]}, "properties": {"lon": -68.8281777, "lat": 45.7431823, "area_m2": 32.0, "height_max_m": 1.09, "height_mean_m": 0.58, "class": "rock", "source": "3dep-lidar-dsm-2m", "stage_ft": 477.9, "shore_buffer_m": 4.0, "verdict": "above_water_at_flight"}}, {"type": "Feature", "geometry": {"type": "Point", "coordinates": [-68.8231757, 45.7435477]}, "properties": {"lon": -68.8231757, "lat": 45.7435477, "area_m2": 32.0, "height_max_m": 0.27, "height_mean_m": 0.21, "class": "rock", "source": "3dep-lidar-dsm-2m", "stage_ft": 477.9, "shore_buffer_m": 4.0, "verdict": "above_water_at_flight"}}, {"type": "Feature", "geometry": {"type": "Point", "coordinates": [-68.831901, 45.7439042]}, "properties": {"lon": -68.831901, "lat": 45.7439042, "area_m2": 32.0, "height_max_m": 0.55, "height_mean_m": 0.32, "class": "rock", "source": "3dep-lidar-dsm-2m", "stage_ft": 477.9, "shore_buffer_m": 4.0, "verdict": "above_water_at_flight"}}, {"type": "Feature", "geometry": {"type": "Point", "coordinates": [-68.8327738, 45.7445791]}, "properties": {"lon": -68.8327738, "lat": 45.7445791, "area_m2": 32.0, "height_max_m": 0.58, "height_mean_m": 0.37, "class": "rock", "source": "3dep-lidar-dsm-2m", "stage_ft": 477.9, "shore_buffer_m": 4.0, "verdict": "above_water_at_flight"}}, {"type": "Feature", "geometry": {"type": "Point", "coordinates": [-68.7352172, 45.7445903]}, "properties": {"lon": -68.7352172, "lat": 45.7445903, "area_m2": 32.0, "height_max_m": 1.62, "height_mean_m": 0.72, "class": "rock", "source": "3dep-lidar-dsm-2m", "stage_ft": 477.9, "shore_buffer_m": 4.0, "verdict": "above_water_at_flight"}}, {"type": "Feature", "geometry": {"type": "Point", "coordinates": [-68.8334051, 45.7451082]}, "properties": {"lon": -68.8334051, "lat": 45.7451082, "area_m2": 32.0, "height_max_m": 0.68, "height_mean_m": 0.42, "class": "rock", "source": "3dep-lidar-dsm-2m", "stage_ft": 477.9, "shore_buffer_m": 4.0, "verdict": "above_water_at_flight"}}, {"type": "Feature", "geometry": {"type": "Point", "coordinates": [-68.8201513, 45.7455903]}, "properties": {"lon": -68.8201513, "lat": 45.7455903, "area_m2": 32.0, "height_max_m": 0.67, "height_mean_m": 0.34, "class": "rock", "source": "3dep-lidar-dsm-2m", "stage_ft": 477.9, "shore_buffer_m": 4.0, "verdict": "above_water_at_flight"}}, {"type": "Feature", "geometry": {"type": "Point", "coordinates": [-68.8042273, 45.7456441]}, "properties": {"lon": -68.8042273, "lat": 45.7456441, "area_m2": 32.0, "height_max_m": 0.33, "height_mean_m": 0.23, "class": "rock", "source": "3dep-lidar-dsm-2m", "stage_ft": 477.9, "shore_buffer_m": 4.0, "verdict": "above_water_at_flight"}}, {"type": "Feature", "geometry": {"type": "Point", "coordinates": [-68.8341395, 45.7458683]}, "properties": {"lon": -68.8341395, "lat": 45.7458683, "area_m2": 32.0, "height_max_m": 2.31, "height_mean_m": 1.07, "class": "rock", "source": "3dep-lidar-dsm-2m", "stage_ft": 477.9, "shore_buffer_m": 4.0, "verdict": "above_water_at_flight"}}, {"type": "Feature", "geometry": {"type": "Point", "coordinates": [-68.8253046, 45.7465992]}, "properties": {"lon": -68.8253046, "lat": 45.7465992, "area_m2": 32.0, "height_max_m": 0.29, "height_mean_m": 0.24, "class": "rock", "source": "3dep-lidar-dsm-2m", "stage_ft": 477.9, "shore_buffer_m": 4.0, "verdict": "above_water_at_flight"}}, {"type": "Feature", "geometry": {"type": "Point", "coordinates": [-68.8322456, 45.7466508]}, "properties": {"lon": -68.8322456, "lat": 45.7466508, "area_m2": 32.0, "height_max_m": 0.55, "height_mean_m": 0.28, "class": "rock", "source": "3dep-lidar-dsm-2m", "stage_ft": 477.9, "shore_buffer_m": 4.0, "verdict": "above_water_at_flight"}}, {"type": "Feature", "geometry": {"type": "Point", "coordinates": [-68.8213043, 45.746792]}, "properties": {"lon": -68.8213043, "lat": 45.746792, "area_m2": 32.0, "height_max_m": 0.99, "height_mean_m": 0.55, "class": "rock", "source": "3dep-lidar-dsm-2m", "stage_ft": 477.9, "shore_buffer_m": 4.0, "verdict": "above_water_at_flight"}}, {"type": "Feature", "geometry": {"type": "Point", "coordinates": [-68.8340847, 45.747514]}, "properties": {"lon": -68.8340847, "lat": 45.747514, "area_m2": 32.0, "height_max_m": 0.42, "height_mean_m": 0.29, "class": "rock", "source": "3dep-lidar-dsm-2m", "stage_ft": 477.9, "shore_buffer_m": 4.0, "verdict": "above_water_at_flight"}}, {"type": "Feature", "geometry": {"type": "Point", "coordinates": [-68.8339172, 45.7476888]}, "properties": {"lon": -68.8339172, "lat": 45.7476888, "area_m2": 32.0, "height_max_m": 0.25, "height_mean_m": 0.19, "class": "rock", "source": "3dep-lidar-dsm-2m", "stage_ft": 477.9, "shore_buffer_m": 4.0, "verdict": "above_water_at_flight"}}, {"type": "Feature", "geometry": {"type": "Point", "coordinates": [-68.7431405, 45.747727]}, "properties": {"lon": -68.7431405, "lat": 45.747727, "area_m2": 32.0, "height_max_m": 4.97, "height_mean_m": 1.83, "class": "rock", "source": "3dep-lidar-dsm-2m", "stage_ft": 477.9, "shore_buffer_m": 4.0, "verdict": "above_water_at_flight"}}, {"type": "Feature", "geometry": {"type": "Point", "coordinates": [-68.8285706, 45.7477965]}, "properties": {"lon": -68.8285706, "lat": 45.7477965, "area_m2": 32.0, "height_max_m": 0.52, "height_mean_m": 0.31, "class": "rock", "source": "3dep-lidar-dsm-2m", "stage_ft": 477.9, "shore_buffer_m": 4.0, "verdict": "above_water_at_flight"}}, {"type": "Feature", "geometry": {"type": "Point", "coordinates": [-68.8285352, 45.7478996]}, "properties": {"lon": -68.8285352, "lat": 45.7478996, "area_m2": 32.0, "height_max_m": 1.82, "height_mean_m": 0.55, "class": "rock", "source": "3dep-lidar-dsm-2m", "stage_ft": 477.9, "shore_buffer_m": 4.0, "verdict": "above_water_at_flight"}}, {"type": "Feature", "geometry": {"type": "Point", "coordinates": [-68.8059022, 45.74794]}, "properties": {"lon": -68.8059022, "lat": 45.74794, "area_m2": 32.0, "height_max_m": 0.27, "height_mean_m": 0.19, "class": "rock", "source": "3dep-lidar-dsm-2m", "stage_ft": 477.9, "shore_buffer_m": 4.0, "verdict": "above_water_at_flight"}}, {"type": "Feature", "geometry": {"type": "Point", "coordinates": [-68.836874, 45.7481014]}, "properties": {"lon": -68.836874, "lat": 45.7481014, "area_m2": 32.0, "height_max_m": 0.65, "height_mean_m": 0.34, "class": "rock", "source": "3dep-lidar-dsm-2m", "stage_ft": 477.9, "shore_buffer_m": 4.0, "verdict": "above_water_at_flight"}}, {"type": "Feature", "geometry": {"type": "Point", "coordinates": [-68.8326418, 45.7481956]}, "properties": {"lon": -68.8326418, "lat": 45.7481956, "area_m2": 32.0, "height_max_m": 0.69, "height_mean_m": 0.36, "class": "rock", "source": "3dep-lidar-dsm-2m", "stage_ft": 477.9, "shore_buffer_m": 4.0, "verdict": "above_water_at_flight"}}, {"type": "Feature", "geometry": {"type": "Point", "coordinates": [-68.8063338, 45.7482135]}, "properties": {"lon": -68.8063338, "lat": 45.7482135, "area_m2": 32.0, "height_max_m": 0.3, "height_mean_m": 0.23, "class": "rock", "source": "3dep-lidar-dsm-2m", "stage_ft": 477.9, "shore_buffer_m": 4.0, "verdict": "above_water_at_flight"}}, {"type": "Feature", "geometry": {"type": "Point", "coordinates": [-68.8199677, 45.7484534]}, "properties": {"lon": -68.8199677, "lat": 45.7484534, "area_m2": 32.0, "height_max_m": 1.4, "height_mean_m": 0.51, "class": "rock", "source": "3dep-lidar-dsm-2m", "stage_ft": 477.9, "shore_buffer_m": 4.0, "verdict": "above_water_at_flight"}}, {"type": "Feature", "geometry": {"type": "Point", "coordinates": [-68.7459008, 45.7484646]}, "properties": {"lon": -68.7459008, "lat": 45.7484646, "area_m2": 32.0, "height_max_m": 3.06, "height_mean_m": 1.07, "class": "rock", "source": "3dep-lidar-dsm-2m", "stage_ft": 477.9, "shore_buffer_m": 4.0, "verdict": "above_water_at_flight"}}, {"type": "Feature", "geometry": {"type": "Point", "coordinates": [-68.8202769, 45.7486148]}, "properties": {"lon": -68.8202769, "lat": 45.7486148, "area_m2": 32.0, "height_max_m": 0.82, "height_mean_m": 0.4, "class": "rock", "source": "3dep-lidar-dsm-2m", "stage_ft": 477.9, "shore_buffer_m": 4.0, "verdict": "above_water_at_flight"}}, {"type": "Feature", "geometry": {"type": "Point", "coordinates": [-68.8308381, 45.7487337]}, "properties": {"lon": -68.8308381, "lat": 45.7487337, "area_m2": 32.0, "height_max_m": 0.59, "height_mean_m": 0.38, "class": "rock", "source": "3dep-lidar-dsm-2m", "stage_ft": 477.9, "shore_buffer_m": 4.0, "verdict": "above_water_at_flight"}}, {"type": "Feature", "geometry": {"type": "Point", "coordinates": [-68.8335146, 45.7488771]}, "properties": {"lon": -68.8335146, "lat": 45.7488771, "area_m2": 32.0, "height_max_m": 0.61, "height_mean_m": 0.32, "class": "rock", "source": "3dep-lidar-dsm-2m", "stage_ft": 477.9, "shore_buffer_m": 4.0, "verdict": "above_water_at_flight"}}, {"type": "Feature", "geometry": {"type": "Point", "coordinates": [-68.8302004, 45.7488771]}, "properties": {"lon": -68.8302004, "lat": 45.7488771, "area_m2": 32.0, "height_max_m": 0.65, "height_mean_m": 0.35, "class": "rock", "source": "3dep-lidar-dsm-2m", "stage_ft": 477.9, "shore_buffer_m": 4.0, "verdict": "above_water_at_flight"}}, {"type": "Feature", "geometry": {"type": "Point", "coordinates": [-68.8336274, 45.7488951]}, "properties": {"lon": -68.8336274, "lat": 45.7488951, "area_m2": 32.0, "height_max_m": 0.77, "height_mean_m": 0.39, "class": "rock", "source": "3dep-lidar-dsm-2m", "stage_ft": 477.9, "shore_buffer_m": 4.0, "verdict": "above_water_at_flight"}}, {"type": "Feature", "geometry": {"type": "Point", "coordinates": [-68.8272372, 45.7489422]}, "properties": {"lon": -68.8272372, "lat": 45.7489422, "area_m2": 32.0, "height_max_m": 0.22, "height_mean_m": 0.19, "class": "rock", "source": "3dep-lidar-dsm-2m", "stage_ft": 477.9, "shore_buffer_m": 4.0, "verdict": "above_water_at_flight"}}, {"type": "Feature", "geometry": {"type": "Point", "coordinates": [-68.8338528, 45.7490027]}, "properties": {"lon": -68.8338528, "lat": 45.7490027, "area_m2": 32.0, "height_max_m": 0.67, "height_mean_m": 0.4, "class": "rock", "source": "3dep-lidar-dsm-2m", "stage_ft": 477.9, "shore_buffer_m": 4.0, "verdict": "above_water_at_flight"}}, {"type": "Feature", "geometry": {"type": "Point", "coordinates": [-68.8371155, 45.749117]}, "properties": {"lon": -68.8371155, "lat": 45.749117, "area_m2": 32.0, "height_max_m": 1.65, "height_mean_m": 0.73, "class": "rock", "source": "3dep-lidar-dsm-2m", "stage_ft": 477.9, "shore_buffer_m": 4.0, "verdict": "above_water_at_flight"}}, {"type": "Feature", "geometry": {"type": "Point", "coordinates": [-68.8201867, 45.7491395]}, "properties": {"lon": -68.8201867, "lat": 45.7491395, "area_m2": 32.0, "height_max_m": 3.79, "height_mean_m": 1.55, "class": "rock", "source": "3dep-lidar-dsm-2m", "stage_ft": 477.9, "shore_buffer_m": 4.0, "verdict": "above_water_at_flight"}}, {"type": "Feature", "geometry": {"type": "Point", "coordinates": [-68.8353795, 45.7492135]}, "properties": {"lon": -68.8353795, "lat": 45.7492135, "area_m2": 32.0, "height_max_m": 0.54, "height_mean_m": 0.35, "class": "rock", "source": "3dep-lidar-dsm-2m", "stage_ft": 477.9, "shore_buffer_m": 4.0, "verdict": "above_water_at_flight"}}, {"type": "Feature", "geometry": {"type": "Point", "coordinates": [-68.8369706, 45.7494646]}, "properties": {"lon": -68.8369706, "lat": 45.7494646, "area_m2": 32.0, "height_max_m": 0.76, "height_mean_m": 0.37, "class": "rock", "source": "3dep-lidar-dsm-2m", "stage_ft": 477.9, "shore_buffer_m": 4.0, "verdict": "above_water_at_flight"}}, {"type": "Feature", "geometry": {"type": "Point", "coordinates": [-68.7507353, 45.7495049]}, "properties": {"lon": -68.7507353, "lat": 45.7495049, "area_m2": 32.0, "height_max_m": 2.63, "height_mean_m": 1.08, "class": "rock", "source": "3dep-lidar-dsm-2m", "stage_ft": 477.9, "shore_buffer_m": 4.0, "verdict": "above_water_at_flight"}}, {"type": "Feature", "geometry": {"type": "Point", "coordinates": [-68.8267057, 45.7496462]}, "properties": {"lon": -68.8267057, "lat": 45.7496462, "area_m2": 32.0, "height_max_m": 0.32, "height_mean_m": 0.23, "class": "rock", "source": "3dep-lidar-dsm-2m", "stage_ft": 477.9, "shore_buffer_m": 4.0, "verdict": "above_water_at_flight"}}, {"type": "Feature", "geometry": {"type": "Point", "coordinates": [-68.8411448, 45.7496619]}, "properties": {"lon": -68.8411448, "lat": 45.7496619, "area_m2": 32.0, "height_max_m": 0.42, "height_mean_m": 0.26, "class": "rock", "source": "3dep-lidar-dsm-2m", "stage_ft": 477.9, "shore_buffer_m": 4.0, "verdict": "above_water_at_flight"}}, {"type": "Feature", "geometry": {"type": "Point", "coordinates": [-68.8256106, 45.74983]}, "properties": {"lon": -68.8256106, "lat": 45.74983, "area_m2": 32.0, "height_max_m": 0.42, "height_mean_m": 0.29, "class": "rock", "source": "3dep-lidar-dsm-2m", "stage_ft": 477.9, "shore_buffer_m": 4.0, "verdict": "above_water_at_flight"}}, {"type": "Feature", "geometry": {"type": "Point", "coordinates": [-68.738087, 45.7498457]}, "properties": {"lon": -68.738087, "lat": 45.7498457, "area_m2": 32.0, "height_max_m": 7.08, "height_mean_m": 2.6, "class": "rock", "source": "3dep-lidar-dsm-2m", "stage_ft": 477.9, "shore_buffer_m": 4.0, "verdict": "above_water_at_flight"}}, {"type": "Feature", "geometry": {"type": "Point", "coordinates": [-68.8083533, 45.7498726]}, "properties": {"lon": -68.8083533, "lat": 45.7498726, "area_m2": 32.0, "height_max_m": 0.44, "height_mean_m": 0.25, "class": "rock", "source": "3dep-lidar-dsm-2m", "stage_ft": 477.9, "shore_buffer_m": 4.0, "verdict": "above_water_at_flight"}}, {"type": "Feature", "geometry": {"type": "Point", "coordinates": [-68.7684178, 45.749904]}, "properties": {"lon": -68.7684178, "lat": 45.749904, "area_m2": 32.0, "height_max_m": 0.68, "height_mean_m": 0.35, "class": "rock", "source": "3dep-lidar-dsm-2m", "stage_ft": 477.9, "shore_buffer_m": 4.0, "verdict": "above_water_at_flight"}}, {"type": "Feature", "geometry": {"type": "Point", "coordinates": [-68.8278556, 45.7499175]}, "properties": {"lon": -68.8278556, "lat": 45.7499175, "area_m2": 32.0, "height_max_m": 0.41, "height_mean_m": 0.28, "class": "rock", "source": "3dep-lidar-dsm-2m", "stage_ft": 477.9, "shore_buffer_m": 4.0, "verdict": "above_water_at_flight"}}, {"type": "Feature", "geometry": {"type": "Point", "coordinates": [-68.8261807, 45.7500251]}, "properties": {"lon": -68.8261807, "lat": 45.7500251, "area_m2": 32.0, "height_max_m": 0.33, "height_mean_m": 0.25, "class": "rock", "source": "3dep-lidar-dsm-2m", "stage_ft": 477.9, "shore_buffer_m": 4.0, "verdict": "above_water_at_flight"}}, {"type": "Feature", "geometry": {"type": "Point", "coordinates": [-68.7391499, 45.7508121]}, "properties": {"lon": -68.7391499, "lat": 45.7508121, "area_m2": 32.0, "height_max_m": 7.4, "height_mean_m": 3.26, "class": "rock", "source": "3dep-lidar-dsm-2m", "stage_ft": 477.9, "shore_buffer_m": 4.0, "verdict": "above_water_at_flight"}}, {"type": "Feature", "geometry": {"type": "Point", "coordinates": [-68.7367858, 45.7508412]}, "properties": {"lon": -68.7367858, "lat": 45.7508412, "area_m2": 32.0, "height_max_m": 0.22, "height_mean_m": 0.18, "class": "rock", "source": "3dep-lidar-dsm-2m", "stage_ft": 477.9, "shore_buffer_m": 4.0, "verdict": "above_water_at_flight"}}, {"type": "Feature", "geometry": {"type": "Point", "coordinates": [-68.7535407, 45.7528815]}, "properties": {"lon": -68.7535407, "lat": 45.7528815, "area_m2": 32.0, "height_max_m": 6.05, "height_mean_m": 1.84, "class": "rock", "source": "3dep-lidar-dsm-2m", "stage_ft": 477.9, "shore_buffer_m": 4.0, "verdict": "above_water_at_flight"}}, {"type": "Feature", "geometry": {"type": "Point", "coordinates": [-68.8212721, 45.7549487]}, "properties": {"lon": -68.8212721, "lat": 45.7549487, "area_m2": 32.0, "height_max_m": 0.33, "height_mean_m": 0.23, "class": "rock", "source": "3dep-lidar-dsm-2m", "stage_ft": 477.9, "shore_buffer_m": 4.0, "verdict": "above_water_at_flight"}}, {"type": "Feature", "geometry": {"type": "Point", "coordinates": [-68.7707819, 45.7555495]}, "properties": {"lon": -68.7707819, "lat": 45.7555495, "area_m2": 32.0, "height_max_m": 0.55, "height_mean_m": 0.29, "class": "rock", "source": "3dep-lidar-dsm-2m", "stage_ft": 477.9, "shore_buffer_m": 4.0, "verdict": "above_water_at_flight"}}, {"type": "Feature", "geometry": {"type": "Point", "coordinates": [-68.7706273, 45.7556213]}, "properties": {"lon": -68.7706273, "lat": 45.7556213, "area_m2": 32.0, "height_max_m": 0.47, "height_mean_m": 0.29, "class": "rock", "source": "3dep-lidar-dsm-2m", "stage_ft": 477.9, "shore_buffer_m": 4.0, "verdict": "above_water_at_flight"}}, {"type": "Feature", "geometry": {"type": "Point", "coordinates": [-68.8234366, 45.7568724]}, "properties": {"lon": -68.8234366, "lat": 45.7568724, "area_m2": 32.0, "height_max_m": 0.31, "height_mean_m": 0.24, "class": "rock", "source": "3dep-lidar-dsm-2m", "stage_ft": 477.9, "shore_buffer_m": 4.0, "verdict": "above_water_at_flight"}}, {"type": "Feature", "geometry": {"type": "Point", "coordinates": [-68.8202543, 45.7577333]}, "properties": {"lon": -68.8202543, "lat": 45.7577333, "area_m2": 32.0, "height_max_m": 1.14, "height_mean_m": 0.61, "class": "rock", "source": "3dep-lidar-dsm-2m", "stage_ft": 477.9, "shore_buffer_m": 4.0, "verdict": "above_water_at_flight"}}, {"type": "Feature", "geometry": {"type": "Point", "coordinates": [-68.8294306, 45.7580517]}, "properties": {"lon": -68.8294306, "lat": 45.7580517, "area_m2": 32.0, "height_max_m": 0.44, "height_mean_m": 0.25, "class": "rock", "source": "3dep-lidar-dsm-2m", "stage_ft": 477.9, "shore_buffer_m": 4.0, "verdict": "above_water_at_flight"}}, {"type": "Feature", "geometry": {"type": "Point", "coordinates": [-68.8275496, 45.7585696]}, "properties": {"lon": -68.8275496, "lat": 45.7585696, "area_m2": 32.0, "height_max_m": 0.23, "height_mean_m": 0.19, "class": "rock", "source": "3dep-lidar-dsm-2m", "stage_ft": 477.9, "shore_buffer_m": 4.0, "verdict": "above_water_at_flight"}}, {"type": "Feature", "geometry": {"type": "Point", "coordinates": [-68.7440037, 45.7619776]}, "properties": {"lon": -68.7440037, "lat": 45.7619776, "area_m2": 32.0, "height_max_m": 0.75, "height_mean_m": 0.33, "class": "rock", "source": "3dep-lidar-dsm-2m", "stage_ft": 477.9, "shore_buffer_m": 4.0, "verdict": "above_water_at_flight"}}, {"type": "Feature", "geometry": {"type": "Point", "coordinates": [-68.7635543, 45.7625314]}, "properties": {"lon": -68.7635543, "lat": 45.7625314, "area_m2": 32.0, "height_max_m": 0.31, "height_mean_m": 0.22, "class": "rock", "source": "3dep-lidar-dsm-2m", "stage_ft": 477.9, "shore_buffer_m": 4.0, "verdict": "above_water_at_flight"}}, {"type": "Feature", "geometry": {"type": "Point", "coordinates": [-68.8304323, 45.763065]}, "properties": {"lon": -68.8304323, "lat": 45.763065, "area_m2": 32.0, "height_max_m": 0.6, "height_mean_m": 0.37, "class": "rock", "source": "3dep-lidar-dsm-2m", "stage_ft": 477.9, "shore_buffer_m": 4.0, "verdict": "above_water_at_flight"}}, {"type": "Feature", "geometry": {"type": "Point", "coordinates": [-68.7754425, 45.7636457]}, "properties": {"lon": -68.7754425, "lat": 45.7636457, "area_m2": 32.0, "height_max_m": 0.37, "height_mean_m": 0.25, "class": "rock", "source": "3dep-lidar-dsm-2m", "stage_ft": 477.9, "shore_buffer_m": 4.0, "verdict": "above_water_at_flight"}}, {"type": "Feature", "geometry": {"type": "Point", "coordinates": [-68.8336402, 45.7639752]}, "properties": {"lon": -68.8336402, "lat": 45.7639752, "area_m2": 32.0, "height_max_m": 0.33, "height_mean_m": 0.22, "class": "rock", "source": "3dep-lidar-dsm-2m", "stage_ft": 477.9, "shore_buffer_m": 4.0, "verdict": "above_water_at_flight"}}, {"type": "Feature", "geometry": {"type": "Point", "coordinates": [-68.7807279, 45.7662173]}, "properties": {"lon": -68.7807279, "lat": 45.7662173, "area_m2": 32.0, "height_max_m": 0.48, "height_mean_m": 0.31, "class": "rock", "source": "3dep-lidar-dsm-2m", "stage_ft": 477.9, "shore_buffer_m": 4.0, "verdict": "above_water_at_flight"}}, {"type": "Feature", "geometry": {"type": "Point", "coordinates": [-68.8307511, 45.7662554]}, "properties": {"lon": -68.8307511, "lat": 45.7662554, "area_m2": 32.0, "height_max_m": 0.56, "height_mean_m": 0.37, "class": "rock", "source": "3dep-lidar-dsm-2m", "stage_ft": 477.9, "shore_buffer_m": 4.0, "verdict": "above_water_at_flight"}}, {"type": "Feature", "geometry": {"type": "Point", "coordinates": [-68.7693873, 45.7673585]}, "properties": {"lon": -68.7693873, "lat": 45.7673585, "area_m2": 32.0, "height_max_m": 0.38, "height_mean_m": 0.26, "class": "rock", "source": "3dep-lidar-dsm-2m", "stage_ft": 477.9, "shore_buffer_m": 4.0, "verdict": "above_water_at_flight"}}, {"type": "Feature", "geometry": {"type": "Point", "coordinates": [-68.8356114, 45.7680693]}, "properties": {"lon": -68.8356114, "lat": 45.7680693, "area_m2": 32.0, "height_max_m": 0.43, "height_mean_m": 0.34, "class": "rock", "source": "3dep-lidar-dsm-2m", "stage_ft": 477.9, "shore_buffer_m": 4.0, "verdict": "above_water_at_flight"}}, {"type": "Feature", "geometry": {"type": "Point", "coordinates": [-68.8194556, 45.7686074]}, "properties": {"lon": -68.8194556, "lat": 45.7686074, "area_m2": 32.0, "height_max_m": 0.7, "height_mean_m": 0.4, "class": "rock", "source": "3dep-lidar-dsm-2m", "stage_ft": 477.9, "shore_buffer_m": 4.0, "verdict": "above_water_at_flight"}}, {"type": "Feature", "geometry": {"type": "Point", "coordinates": [-68.7908286, 45.7699167]}, "properties": {"lon": -68.7908286, "lat": 45.7699167, "area_m2": 32.0, "height_max_m": 0.21, "height_mean_m": 0.18, "class": "rock", "source": "3dep-lidar-dsm-2m", "stage_ft": 477.9, "shore_buffer_m": 4.0, "verdict": "above_water_at_flight"}}, {"type": "Feature", "geometry": {"type": "Point", "coordinates": [-68.7528289, 45.7706566]}, "properties": {"lon": -68.7528289, "lat": 45.7706566, "area_m2": 32.0, "height_max_m": 1.94, "height_mean_m": 0.69, "class": "rock", "source": "3dep-lidar-dsm-2m", "stage_ft": 477.9, "shore_buffer_m": 4.0, "verdict": "above_water_at_flight"}}, {"type": "Feature", "geometry": {"type": "Point", "coordinates": [-68.7788309, 45.7712508]}, "properties": {"lon": -68.7788309, "lat": 45.7712508, "area_m2": 32.0, "height_max_m": 0.23, "height_mean_m": 0.19, "class": "rock", "source": "3dep-lidar-dsm-2m", "stage_ft": 477.9, "shore_buffer_m": 4.0, "verdict": "above_water_at_flight"}}, {"type": "Feature", "geometry": {"type": "Point", "coordinates": [-68.8401979, 45.7719794]}, "properties": {"lon": -68.8401979, "lat": 45.7719794, "area_m2": 32.0, "height_max_m": 0.25, "height_mean_m": 0.22, "class": "rock", "source": "3dep-lidar-dsm-2m", "stage_ft": 477.9, "shore_buffer_m": 4.0, "verdict": "above_water_at_flight"}}, {"type": "Feature", "geometry": {"type": "Point", "coordinates": [-68.8360913, 45.7726072]}, "properties": {"lon": -68.8360913, "lat": 45.7726072, "area_m2": 32.0, "height_max_m": 0.26, "height_mean_m": 0.18, "class": "rock", "source": "3dep-lidar-dsm-2m", "stage_ft": 477.9, "shore_buffer_m": 4.0, "verdict": "above_water_at_flight"}}, {"type": "Feature", "geometry": {"type": "Point", "coordinates": [-68.8193203, 45.772661]}, "properties": {"lon": -68.8193203, "lat": 45.772661, "area_m2": 32.0, "height_max_m": 1.61, "height_mean_m": 0.54, "class": "rock", "source": "3dep-lidar-dsm-2m", "stage_ft": 477.9, "shore_buffer_m": 4.0, "verdict": "above_water_at_flight"}}, {"type": "Feature", "geometry": {"type": "Point", "coordinates": [-68.8357112, 45.7728112]}, "properties": {"lon": -68.8357112, "lat": 45.7728112, "area_m2": 32.0, "height_max_m": 0.52, "height_mean_m": 0.31, "class": "rock", "source": "3dep-lidar-dsm-2m", "stage_ft": 477.9, "shore_buffer_m": 4.0, "verdict": "above_water_at_flight"}}, {"type": "Feature", "geometry": {"type": "Point", "coordinates": [-68.8210821, 45.7729144]}, "properties": {"lon": -68.8210821, "lat": 45.7729144, "area_m2": 32.0, "height_max_m": 1.33, "height_mean_m": 0.46, "class": "rock", "source": "3dep-lidar-dsm-2m", "stage_ft": 477.9, "shore_buffer_m": 4.0, "verdict": "above_water_at_flight"}}, {"type": "Feature", "geometry": {"type": "Point", "coordinates": [-68.8344261, 45.7731094]}, "properties": {"lon": -68.8344261, "lat": 45.7731094, "area_m2": 32.0, "height_max_m": 0.42, "height_mean_m": 0.28, "class": "rock", "source": "3dep-lidar-dsm-2m", "stage_ft": 477.9, "shore_buffer_m": 4.0, "verdict": "above_water_at_flight"}}, {"type": "Feature", "geometry": {"type": "Point", "coordinates": [-68.7446447, 45.7736655]}, "properties": {"lon": -68.7446447, "lat": 45.7736655, "area_m2": 32.0, "height_max_m": 13.53, "height_mean_m": 5.46, "class": "rock", "source": "3dep-lidar-dsm-2m", "stage_ft": 477.9, "shore_buffer_m": 4.0, "verdict": "above_water_at_flight"}}, {"type": "Feature", "geometry": {"type": "Point", "coordinates": [-68.8318688, 45.7738807]}, "properties": {"lon": -68.8318688, "lat": 45.7738807, "area_m2": 32.0, "height_max_m": 0.53, "height_mean_m": 0.31, "class": "rock", "source": "3dep-lidar-dsm-2m", "stage_ft": 477.9, "shore_buffer_m": 4.0, "verdict": "above_water_at_flight"}}, {"type": "Feature", "geometry": {"type": "Point", "coordinates": [-68.8294885, 45.7746296]}, "properties": {"lon": -68.8294885, "lat": 45.7746296, "area_m2": 32.0, "height_max_m": 0.54, "height_mean_m": 0.33, "class": "rock", "source": "3dep-lidar-dsm-2m", "stage_ft": 477.9, "shore_buffer_m": 4.0, "verdict": "above_water_at_flight"}}, {"type": "Feature", "geometry": {"type": "Point", "coordinates": [-68.8188629, 45.774652]}, "properties": {"lon": -68.8188629, "lat": 45.774652, "area_m2": 32.0, "height_max_m": 0.68, "height_mean_m": 0.35, "class": "rock", "source": "3dep-lidar-dsm-2m", "stage_ft": 477.9, "shore_buffer_m": 4.0, "verdict": "above_water_at_flight"}}, {"type": "Feature", "geometry": {"type": "Point", "coordinates": [-68.7885256, 45.7746744]}, "properties": {"lon": -68.7885256, "lat": 45.7746744, "area_m2": 32.0, "height_max_m": 0.25, "height_mean_m": 0.2, "class": "rock", "source": "3dep-lidar-dsm-2m", "stage_ft": 477.9, "shore_buffer_m": 4.0, "verdict": "above_water_at_flight"}}, {"type": "Feature", "geometry": {"type": "Point", "coordinates": [-68.8189402, 45.7747372]}, "properties": {"lon": -68.8189402, "lat": 45.7747372, "area_m2": 32.0, "height_max_m": 1.01, "height_mean_m": 0.46, "class": "rock", "source": "3dep-lidar-dsm-2m", "stage_ft": 477.9, "shore_buffer_m": 4.0, "verdict": "above_water_at_flight"}}, {"type": "Feature", "geometry": {"type": "Point", "coordinates": [-68.8200224, 45.7757775]}, "properties": {"lon": -68.8200224, "lat": 45.7757775, "area_m2": 32.0, "height_max_m": 0.66, "height_mean_m": 0.41, "class": "rock", "source": "3dep-lidar-dsm-2m", "stage_ft": 477.9, "shore_buffer_m": 4.0, "verdict": "above_water_at_flight"}}, {"type": "Feature", "geometry": {"type": "Point", "coordinates": [-68.8124985, 45.7761362]}, "properties": {"lon": -68.8124985, "lat": 45.7761362, "area_m2": 32.0, "height_max_m": 2.02, "height_mean_m": 0.78, "class": "rock", "source": "3dep-lidar-dsm-2m", "stage_ft": 477.9, "shore_buffer_m": 4.0, "verdict": "above_water_at_flight"}}, {"type": "Feature", "geometry": {"type": "Point", "coordinates": [-68.7638442, 45.7765846]}, "properties": {"lon": -68.7638442, "lat": 45.7765846, "area_m2": 32.0, "height_max_m": 0.4, "height_mean_m": 0.27, "class": "rock", "source": "3dep-lidar-dsm-2m", "stage_ft": 477.9, "shore_buffer_m": 4.0, "verdict": "above_water_at_flight"}}, {"type": "Feature", "geometry": {"type": "Point", "coordinates": [-68.7623819, 45.7766071]}, "properties": {"lon": -68.7623819, "lat": 45.7766071, "area_m2": 32.0, "height_max_m": 0.35, "height_mean_m": 0.26, "class": "rock", "source": "3dep-lidar-dsm-2m", "stage_ft": 477.9, "shore_buffer_m": 4.0, "verdict": "above_water_at_flight"}}, {"type": "Feature", "geometry": {"type": "Point", "coordinates": [-68.7611709, 45.7778043]}, "properties": {"lon": -68.7611709, "lat": 45.7778043, "area_m2": 32.0, "height_max_m": 0.36, "height_mean_m": 0.26, "class": "rock", "source": "3dep-lidar-dsm-2m", "stage_ft": 477.9, "shore_buffer_m": 4.0, "verdict": "above_water_at_flight"}}, {"type": "Feature", "geometry": {"type": "Point", "coordinates": [-68.8334148, 45.7786653]}, "properties": {"lon": -68.8334148, "lat": 45.7786653, "area_m2": 32.0, "height_max_m": 0.48, "height_mean_m": 0.29, "class": "rock", "source": "3dep-lidar-dsm-2m", "stage_ft": 477.9, "shore_buffer_m": 4.0, "verdict": "above_water_at_flight"}}, {"type": "Feature", "geometry": {"type": "Point", "coordinates": [-68.8331635, 45.7808401]}, "properties": {"lon": -68.8331635, "lat": 45.7808401, "area_m2": 32.0, "height_max_m": 0.41, "height_mean_m": 0.28, "class": "rock", "source": "3dep-lidar-dsm-2m", "stage_ft": 477.9, "shore_buffer_m": 4.0, "verdict": "above_water_at_flight"}}, {"type": "Feature", "geometry": {"type": "Point", "coordinates": [-68.8067783, 45.7821629]}, "properties": {"lon": -68.8067783, "lat": 45.7821629, "area_m2": 32.0, "height_max_m": 0.23, "height_mean_m": 0.19, "class": "rock", "source": "3dep-lidar-dsm-2m", "stage_ft": 477.9, "shore_buffer_m": 4.0, "verdict": "above_water_at_flight"}}, {"type": "Feature", "geometry": {"type": "Point", "coordinates": [-68.7491539, 45.7829297]}, "properties": {"lon": -68.7491539, "lat": 45.7829297, "area_m2": 32.0, "height_max_m": 2.38, "height_mean_m": 1.03, "class": "rock", "source": "3dep-lidar-dsm-2m", "stage_ft": 477.9, "shore_buffer_m": 4.0, "verdict": "above_water_at_flight"}}, {"type": "Feature", "geometry": {"type": "Point", "coordinates": [-68.83145, 45.7836247]}, "properties": {"lon": -68.83145, "lat": 45.7836247, "area_m2": 32.0, "height_max_m": 0.33, "height_mean_m": 0.25, "class": "rock", "source": "3dep-lidar-dsm-2m", "stage_ft": 477.9, "shore_buffer_m": 4.0, "verdict": "above_water_at_flight"}}, {"type": "Feature", "geometry": {"type": "Point", "coordinates": [-68.8286737, 45.7847637]}, "properties": {"lon": -68.8286737, "lat": 45.7847637, "area_m2": 32.0, "height_max_m": 0.44, "height_mean_m": 0.28, "class": "rock", "source": "3dep-lidar-dsm-2m", "stage_ft": 477.9, "shore_buffer_m": 4.0, "verdict": "above_water_at_flight"}}, {"type": "Feature", "geometry": {"type": "Point", "coordinates": [-68.826403, 45.7854745]}, "properties": {"lon": -68.826403, "lat": 45.7854745, "area_m2": 32.0, "height_max_m": 0.48, "height_mean_m": 0.27, "class": "rock", "source": "3dep-lidar-dsm-2m", "stage_ft": 477.9, "shore_buffer_m": 4.0, "verdict": "above_water_at_flight"}}, {"type": "Feature", "geometry": {"type": "Point", "coordinates": [-68.7965681, 45.7863601]}, "properties": {"lon": -68.7965681, "lat": 45.7863601, "area_m2": 32.0, "height_max_m": 0.31, "height_mean_m": 0.24, "class": "rock", "source": "3dep-lidar-dsm-2m", "stage_ft": 477.9, "shore_buffer_m": 4.0, "verdict": "above_water_at_flight"}}, {"type": "Feature", "geometry": {"type": "Point", "coordinates": [-68.8253272, 45.7871784]}, "properties": {"lon": -68.8253272, "lat": 45.7871784, "area_m2": 32.0, "height_max_m": 0.44, "height_mean_m": 0.3, "class": "rock", "source": "3dep-lidar-dsm-2m", "stage_ft": 477.9, "shore_buffer_m": 4.0, "verdict": "above_water_at_flight"}}, {"type": "Feature", "geometry": {"type": "Point", "coordinates": [-68.8153329, 45.7872255]}, "properties": {"lon": -68.8153329, "lat": 45.7872255, "area_m2": 32.0, "height_max_m": 0.67, "height_mean_m": 0.39, "class": "rock", "source": "3dep-lidar-dsm-2m", "stage_ft": 477.9, "shore_buffer_m": 4.0, "verdict": "above_water_at_flight"}}, {"type": "Feature", "geometry": {"type": "Point", "coordinates": [-68.8138319, 45.7872793]}, "properties": {"lon": -68.8138319, "lat": 45.7872793, "area_m2": 32.0, "height_max_m": 0.49, "height_mean_m": 0.29, "class": "rock", "source": "3dep-lidar-dsm-2m", "stage_ft": 477.9, "shore_buffer_m": 4.0, "verdict": "above_water_at_flight"}}, {"type": "Feature", "geometry": {"type": "Point", "coordinates": [-68.8092487, 45.7874609]}, "properties": {"lon": -68.8092487, "lat": 45.7874609, "area_m2": 32.0, "height_max_m": 0.96, "height_mean_m": 0.4, "class": "rock", "source": "3dep-lidar-dsm-2m", "stage_ft": 477.9, "shore_buffer_m": 4.0, "verdict": "above_water_at_flight"}}, {"type": "Feature", "geometry": {"type": "Point", "coordinates": [-68.812856, 45.7241353]}, "properties": {"lon": -68.812856, "lat": 45.7241353, "area_m2": 28.0, "height_max_m": 0.78, "height_mean_m": 0.41, "class": "rock", "source": "3dep-lidar-dsm-2m", "stage_ft": 477.9, "shore_buffer_m": 4.0, "verdict": "above_water_at_flight"}}, {"type": "Feature", "geometry": {"type": "Point", "coordinates": [-68.812418, 45.7242173]}, "properties": {"lon": -68.812418, "lat": 45.7242173, "area_m2": 28.0, "height_max_m": 0.74, "height_mean_m": 0.31, "class": "rock", "source": "3dep-lidar-dsm-2m", "stage_ft": 477.9, "shore_buffer_m": 4.0, "verdict": "above_water_at_flight"}}, {"type": "Feature", "geometry": {"type": "Point", "coordinates": [-68.8206376, 45.7262082]}, "properties": {"lon": -68.8206376, "lat": 45.7262082, "area_m2": 28.0, "height_max_m": 4.92, "height_mean_m": 2.08, "class": "rock", "source": "3dep-lidar-dsm-2m", "stage_ft": 477.9, "shore_buffer_m": 4.0, "verdict": "above_water_at_flight"}}, {"type": "Feature", "geometry": {"type": "Point", "coordinates": [-68.8236523, 45.7274535]}, "properties": {"lon": -68.8236523, "lat": 45.7274535, "area_m2": 28.0, "height_max_m": 0.45, "height_mean_m": 0.28, "class": "rock", "source": "3dep-lidar-dsm-2m", "stage_ft": 477.9, "shore_buffer_m": 4.0, "verdict": "above_water_at_flight"}}, {"type": "Feature", "geometry": {"type": "Point", "coordinates": [-68.8243002, 45.7276073]}, "properties": {"lon": -68.8243002, "lat": 45.7276073, "area_m2": 28.0, "height_max_m": 0.72, "height_mean_m": 0.36, "class": "rock", "source": "3dep-lidar-dsm-2m", "stage_ft": 477.9, "shore_buffer_m": 4.0, "verdict": "above_water_at_flight"}}, {"type": "Feature", "geometry": {"type": "Point", "coordinates": [-68.8194266, 45.7278763]}, "properties": {"lon": -68.8194266, "lat": 45.7278763, "area_m2": 28.0, "height_max_m": 2.45, "height_mean_m": 1.01, "class": "rock", "source": "3dep-lidar-dsm-2m", "stage_ft": 477.9, "shore_buffer_m": 4.0, "verdict": "above_water_at_flight"}}, {"type": "Feature", "geometry": {"type": "Point", "coordinates": [-68.8201223, 45.7280864]}, "properties": {"lon": -68.8201223, "lat": 45.7280864, "area_m2": 28.0, "height_max_m": 1.37, "height_mean_m": 0.53, "class": "rock", "source": "3dep-lidar-dsm-2m", "stage_ft": 477.9, "shore_buffer_m": 4.0, "verdict": "above_water_at_flight"}}, {"type": "Feature", "geometry": {"type": "Point", "coordinates": [-68.8290266, 45.7285348]}, "properties": {"lon": -68.8290266, "lat": 45.7285348, "area_m2": 28.0, "height_max_m": 0.34, "height_mean_m": 0.22, "class": "rock", "source": "3dep-lidar-dsm-2m", "stage_ft": 477.9, "shore_buffer_m": 4.0, "verdict": "above_water_at_flight"}}, {"type": "Feature", "geometry": {"type": "Point", "coordinates": [-68.8266155, 45.7286732]}, "properties": {"lon": -68.8266155, "lat": 45.7286732, "area_m2": 28.0, "height_max_m": 0.3, "height_mean_m": 0.26, "class": "rock", "source": "3dep-lidar-dsm-2m", "stage_ft": 477.9, "shore_buffer_m": 4.0, "verdict": "above_water_at_flight"}}, {"type": "Feature", "geometry": {"type": "Point", "coordinates": [-68.7956769, 45.7291447]}, "properties": {"lon": -68.7956769, "lat": 45.7291447, "area_m2": 28.0, "height_max_m": 4.37, "height_mean_m": 1.79, "class": "rock", "source": "3dep-lidar-dsm-2m", "stage_ft": 477.9, "shore_buffer_m": 4.0, "verdict": "above_water_at_flight"}}, {"type": "Feature", "geometry": {"type": "Point", "coordinates": [-68.8200634, 45.7294675]}, "properties": {"lon": -68.8200634, "lat": 45.7294675, "area_m2": 28.0, "height_max_m": 0.73, "height_mean_m": 0.46, "class": "rock", "source": "3dep-lidar-dsm-2m", "stage_ft": 477.9, "shore_buffer_m": 4.0, "verdict": "above_water_at_flight"}}, {"type": "Feature", "geometry": {"type": "Point", "coordinates": [-68.7946425, 45.7301158]}, "properties": {"lon": -68.7946425, "lat": 45.7301158, "area_m2": 28.0, "height_max_m": 0.75, "height_mean_m": 0.35, "class": "rock", "source": "3dep-lidar-dsm-2m", "stage_ft": 477.9, "shore_buffer_m": 4.0, "verdict": "above_water_at_flight"}}, {"type": "Feature", "geometry": {"type": "Point", "coordinates": [-68.8121088, 45.7308973]}, "properties": {"lon": -68.8121088, "lat": 45.7308973, "area_m2": 28.0, "height_max_m": 1.96, "height_mean_m": 0.68, "class": "rock", "source": "3dep-lidar-dsm-2m", "stage_ft": 477.9, "shore_buffer_m": 4.0, "verdict": "above_water_at_flight"}}, {"type": "Feature", "geometry": {"type": "Point", "coordinates": [-68.8122707, 45.7309204]}, "properties": {"lon": -68.8122707, "lat": 45.7309204, "area_m2": 28.0, "height_max_m": 1.09, "height_mean_m": 0.5, "class": "rock", "source": "3dep-lidar-dsm-2m", "stage_ft": 477.9, "shore_buffer_m": 4.0, "verdict": "above_water_at_flight"}}, {"type": "Feature", "geometry": {"type": "Point", "coordinates": [-68.7893051, 45.7336109]}, "properties": {"lon": -68.7893051, "lat": 45.7336109, "area_m2": 28.0, "height_max_m": 0.25, "height_mean_m": 0.19, "class": "rock", "source": "3dep-lidar-dsm-2m", "stage_ft": 477.9, "shore_buffer_m": 4.0, "verdict": "above_water_at_flight"}}, {"type": "Feature", "geometry": {"type": "Point", "coordinates": [-68.8362008, 45.7336775]}, "properties": {"lon": -68.8362008, "lat": 45.7336775, "area_m2": 28.0, "height_max_m": 0.28, "height_mean_m": 0.23, "class": "rock", "source": "3dep-lidar-dsm-2m", "stage_ft": 477.9, "shore_buffer_m": 4.0, "verdict": "above_water_at_flight"}}, {"type": "Feature", "geometry": {"type": "Point", "coordinates": [-68.7889186, 45.7337057]}, "properties": {"lon": -68.7889186, "lat": 45.7337057, "area_m2": 28.0, "height_max_m": 0.18, "height_mean_m": 0.17, "class": "rock", "source": "3dep-lidar-dsm-2m", "stage_ft": 477.9, "shore_buffer_m": 4.0, "verdict": "above_water_at_flight"}}, {"type": "Feature", "geometry": {"type": "Point", "coordinates": [-68.8230487, 45.7347511]}, "properties": {"lon": -68.8230487, "lat": 45.7347511, "area_m2": 28.0, "height_max_m": 3.05, "height_mean_m": 1.03, "class": "rock", "source": "3dep-lidar-dsm-2m", "stage_ft": 477.9, "shore_buffer_m": 4.0, "verdict": "above_water_at_flight"}}, {"type": "Feature", "geometry": {"type": "Point", "coordinates": [-68.8366646, 45.7350279]}, "properties": {"lon": -68.8366646, "lat": 45.7350279, "area_m2": 28.0, "height_max_m": 0.27, "height_mean_m": 0.21, "class": "rock", "source": "3dep-lidar-dsm-2m", "stage_ft": 477.9, "shore_buffer_m": 4.0, "verdict": "above_water_at_flight"}}, {"type": "Feature", "geometry": {"type": "Point", "coordinates": [-68.7956695, 45.7351304]}, "properties": {"lon": -68.7956695, "lat": 45.7351304, "area_m2": 28.0, "height_max_m": 0.37, "height_mean_m": 0.27, "class": "rock", "source": "3dep-lidar-dsm-2m", "stage_ft": 477.9, "shore_buffer_m": 4.0, "verdict": "above_water_at_flight"}}, {"type": "Feature", "geometry": {"type": "Point", "coordinates": [-68.8365873, 45.7353277]}, "properties": {"lon": -68.8365873, "lat": 45.7353277, "area_m2": 28.0, "height_max_m": 0.44, "height_mean_m": 0.31, "class": "rock", "source": "3dep-lidar-dsm-2m", "stage_ft": 477.9, "shore_buffer_m": 4.0, "verdict": "above_water_at_flight"}}, {"type": "Feature", "geometry": {"type": "Point", "coordinates": [-68.7891615, 45.7355019]}, "properties": {"lon": -68.7891615, "lat": 45.7355019, "area_m2": 28.0, "height_max_m": 1.28, "height_mean_m": 0.54, "class": "rock", "source": "3dep-lidar-dsm-2m", "stage_ft": 477.9, "shore_buffer_m": 4.0, "verdict": "above_water_at_flight"}}, {"type": "Feature", "geometry": {"type": "Point", "coordinates": [-68.8348094, 45.7361169]}, "properties": {"lon": -68.8348094, "lat": 45.7361169, "area_m2": 28.0, "height_max_m": 0.26, "height_mean_m": 0.19, "class": "rock", "source": "3dep-lidar-dsm-2m", "stage_ft": 477.9, "shore_buffer_m": 4.0, "verdict": "above_water_at_flight"}}, {"type": "Feature", "geometry": {"type": "Point", "coordinates": [-68.8351885, 45.7362117]}, "properties": {"lon": -68.8351885, "lat": 45.7362117, "area_m2": 28.0, "height_max_m": 0.23, "height_mean_m": 0.2, "class": "rock", "source": "3dep-lidar-dsm-2m", "stage_ft": 477.9, "shore_buffer_m": 4.0, "verdict": "above_water_at_flight"}}, {"type": "Feature", "geometry": {"type": "Point", "coordinates": [-68.8356266, 45.7363193]}, "properties": {"lon": -68.8356266, "lat": 45.7363193, "area_m2": 28.0, "height_max_m": 0.39, "height_mean_m": 0.25, "class": "rock", "source": "3dep-lidar-dsm-2m", "stage_ft": 477.9, "shore_buffer_m": 4.0, "verdict": "above_water_at_flight"}}, {"type": "Feature", "geometry": {"type": "Point", "coordinates": [-68.8355751, 45.7366832]}, "properties": {"lon": -68.8355751, "lat": 45.7366832, "area_m2": 28.0, "height_max_m": 0.35, "height_mean_m": 0.24, "class": "rock", "source": "3dep-lidar-dsm-2m", "stage_ft": 477.9, "shore_buffer_m": 4.0, "verdict": "above_water_at_flight"}}, {"type": "Feature", "geometry": {"type": "Point", "coordinates": [-68.8208438, 45.7374186]}, "properties": {"lon": -68.8208438, "lat": 45.7374186, "area_m2": 28.0, "height_max_m": 1.0, "height_mean_m": 0.51, "class": "rock", "source": "3dep-lidar-dsm-2m", "stage_ft": 477.9, "shore_buffer_m": 4.0, "verdict": "above_water_at_flight"}}, {"type": "Feature", "geometry": {"type": "Point", "coordinates": [-68.8350855, 45.7380258]}, "properties": {"lon": -68.8350855, "lat": 45.7380258, "area_m2": 28.0, "height_max_m": 0.48, "height_mean_m": 0.28, "class": "rock", "source": "3dep-lidar-dsm-2m", "stage_ft": 477.9, "shore_buffer_m": 4.0, "verdict": "above_water_at_flight"}}, {"type": "Feature", "geometry": {"type": "Point", "coordinates": [-68.8351628, 45.7381181]}, "properties": {"lon": -68.8351628, "lat": 45.7381181, "area_m2": 28.0, "height_max_m": 0.69, "height_mean_m": 0.34, "class": "rock", "source": "3dep-lidar-dsm-2m", "stage_ft": 477.9, "shore_buffer_m": 4.0, "verdict": "above_water_at_flight"}}, {"type": "Feature", "geometry": {"type": "Point", "coordinates": [-68.7871223, 45.7385639]}, "properties": {"lon": -68.7871223, "lat": 45.7385639, "area_m2": 28.0, "height_max_m": 0.36, "height_mean_m": 0.28, "class": "rock", "source": "3dep-lidar-dsm-2m", "stage_ft": 477.9, "shore_buffer_m": 4.0, "verdict": "above_water_at_flight"}}, {"type": "Feature", "geometry": {"type": "Point", "coordinates": [-68.7867873, 45.7389381]}, "properties": {"lon": -68.7867873, "lat": 45.7389381, "area_m2": 28.0, "height_max_m": 2.68, "height_mean_m": 0.94, "class": "rock", "source": "3dep-lidar-dsm-2m", "stage_ft": 477.9, "shore_buffer_m": 4.0, "verdict": "above_water_at_flight"}}, {"type": "Feature", "geometry": {"type": "Point", "coordinates": [-68.8224855, 45.73953]}, "properties": {"lon": -68.8224855, "lat": 45.73953, "area_m2": 28.0, "height_max_m": 0.31, "height_mean_m": 0.24, "class": "rock", "source": "3dep-lidar-dsm-2m", "stage_ft": 477.9, "shore_buffer_m": 4.0, "verdict": "above_water_at_flight"}}, {"type": "Feature", "geometry": {"type": "Point", "coordinates": [-68.7862793, 45.7395863]}, "properties": {"lon": -68.7862793, "lat": 45.7395863, "area_m2": 28.0, "height_max_m": 3.62, "height_mean_m": 1.04, "class": "rock", "source": "3dep-lidar-dsm-2m", "stage_ft": 477.9, "shore_buffer_m": 4.0, "verdict": "above_water_at_flight"}}, {"type": "Feature", "geometry": {"type": "Point", "coordinates": [-68.8335174, 45.7400655]}, "properties": {"lon": -68.8335174, "lat": 45.7400655, "area_m2": 28.0, "height_max_m": 0.65, "height_mean_m": 0.36, "class": "rock", "source": "3dep-lidar-dsm-2m", "stage_ft": 477.9, "shore_buffer_m": 4.0, "verdict": "above_water_at_flight"}}, {"type": "Feature", "geometry": {"type": "Point", "coordinates": [-68.8196585, 45.7402782]}, "properties": {"lon": -68.8196585, "lat": 45.7402782, "area_m2": 28.0, "height_max_m": 0.54, "height_mean_m": 0.29, "class": "rock", "source": "3dep-lidar-dsm-2m", "stage_ft": 477.9, "shore_buffer_m": 4.0, "verdict": "above_water_at_flight"}}, {"type": "Feature", "geometry": {"type": "Point", "coordinates": [-68.834018, 45.7410623]}, "properties": {"lon": -68.834018, "lat": 45.7410623, "area_m2": 28.0, "height_max_m": 0.21, "height_mean_m": 0.18, "class": "rock", "source": "3dep-lidar-dsm-2m", "stage_ft": 477.9, "shore_buffer_m": 4.0, "verdict": "above_water_at_flight"}}, {"type": "Feature", "geometry": {"type": "Point", "coordinates": [-68.7816155, 45.7416465]}, "properties": {"lon": -68.7816155, "lat": 45.7416465, "area_m2": 28.0, "height_max_m": 0.35, "height_mean_m": 0.25, "class": "rock", "source": "3dep-lidar-dsm-2m", "stage_ft": 477.9, "shore_buffer_m": 4.0, "verdict": "above_water_at_flight"}}, {"type": "Feature", "geometry": {"type": "Point", "coordinates": [-68.7823996, 45.7418566]}, "properties": {"lon": -68.7823996, "lat": 45.7418566, "area_m2": 28.0, "height_max_m": 0.74, "height_mean_m": 0.38, "class": "rock", "source": "3dep-lidar-dsm-2m", "stage_ft": 477.9, "shore_buffer_m": 4.0, "verdict": "above_water_at_flight"}}, {"type": "Feature", "geometry": {"type": "Point", "coordinates": [-68.7811296, 45.7422204]}, "properties": {"lon": -68.7811296, "lat": 45.7422204, "area_m2": 28.0, "height_max_m": 0.49, "height_mean_m": 0.28, "class": "rock", "source": "3dep-lidar-dsm-2m", "stage_ft": 477.9, "shore_buffer_m": 4.0, "verdict": "above_water_at_flight"}}, {"type": "Feature", "geometry": {"type": "Point", "coordinates": [-68.7355186, 45.7422384]}, "properties": {"lon": -68.7355186, "lat": 45.7422384, "area_m2": 28.0, "height_max_m": 0.66, "height_mean_m": 0.29, "class": "rock", "source": "3dep-lidar-dsm-2m", "stage_ft": 477.9, "shore_buffer_m": 4.0, "verdict": "above_water_at_flight"}}, {"type": "Feature", "geometry": {"type": "Point", "coordinates": [-68.8188855, 45.7431839]}, "properties": {"lon": -68.8188855, "lat": 45.7431839, "area_m2": 28.0, "height_max_m": 0.37, "height_mean_m": 0.24, "class": "rock", "source": "3dep-lidar-dsm-2m", "stage_ft": 477.9, "shore_buffer_m": 4.0, "verdict": "above_water_at_flight"}}, {"type": "Feature", "geometry": {"type": "Point", "coordinates": [-68.830164, 45.7437092]}, "properties": {"lon": -68.830164, "lat": 45.7437092, "area_m2": 28.0, "height_max_m": 0.3, "height_mean_m": 0.21, "class": "rock", "source": "3dep-lidar-dsm-2m", "stage_ft": 477.9, "shore_buffer_m": 4.0, "verdict": "above_water_at_flight"}}, {"type": "Feature", "geometry": {"type": "Point", "coordinates": [-68.8230008, 45.743763]}, "properties": {"lon": -68.8230008, "lat": 45.743763, "area_m2": 28.0, "height_max_m": 0.27, "height_mean_m": 0.2, "class": "rock", "source": "3dep-lidar-dsm-2m", "stage_ft": 477.9, "shore_buffer_m": 4.0, "verdict": "above_water_at_flight"}}, {"type": "Feature", "geometry": {"type": "Point", "coordinates": [-68.781472, 45.7443139]}, "properties": {"lon": -68.781472, "lat": 45.7443139, "area_m2": 28.0, "height_max_m": 0.74, "height_mean_m": 0.33, "class": "rock", "source": "3dep-lidar-dsm-2m", "stage_ft": 477.9, "shore_buffer_m": 4.0, "verdict": "above_water_at_flight"}}, {"type": "Feature", "geometry": {"type": "Point", "coordinates": [-68.828375, 45.7449289]}, "properties": {"lon": -68.828375, "lat": 45.7449289, "area_m2": 28.0, "height_max_m": 0.45, "height_mean_m": 0.27, "class": "rock", "source": "3dep-lidar-dsm-2m", "stage_ft": 477.9, "shore_buffer_m": 4.0, "verdict": "above_water_at_flight"}}, {"type": "Feature", "geometry": {"type": "Point", "coordinates": [-68.8041395, 45.7455771]}, "properties": {"lon": -68.8041395, "lat": 45.7455771, "area_m2": 28.0, "height_max_m": 0.33, "height_mean_m": 0.23, "class": "rock", "source": "3dep-lidar-dsm-2m", "stage_ft": 477.9, "shore_buffer_m": 4.0, "verdict": "above_water_at_flight"}}, {"type": "Feature", "geometry": {"type": "Point", "coordinates": [-68.8333665, 45.7458846]}, "properties": {"lon": -68.8333665, "lat": 45.7458846, "area_m2": 28.0, "height_max_m": 0.47, "height_mean_m": 0.28, "class": "rock", "source": "3dep-lidar-dsm-2m", "stage_ft": 477.9, "shore_buffer_m": 4.0, "verdict": "above_water_at_flight"}}, {"type": "Feature", "geometry": {"type": "Point", "coordinates": [-68.8313493, 45.7460486]}, "properties": {"lon": -68.8313493, "lat": 45.7460486, "area_m2": 28.0, "height_max_m": 0.32, "height_mean_m": 0.24, "class": "rock", "source": "3dep-lidar-dsm-2m", "stage_ft": 477.9, "shore_buffer_m": 4.0, "verdict": "above_water_at_flight"}}, {"type": "Feature", "geometry": {"type": "Point", "coordinates": [-68.8277309, 45.7460589]}, "properties": {"lon": -68.8277309, "lat": 45.7460589, "area_m2": 28.0, "height_max_m": 0.34, "height_mean_m": 0.25, "class": "rock", "source": "3dep-lidar-dsm-2m", "stage_ft": 477.9, "shore_buffer_m": 4.0, "verdict": "above_water_at_flight"}}, {"type": "Feature", "geometry": {"type": "Point", "coordinates": [-68.8265566, 45.7460589]}, "properties": {"lon": -68.8265566, "lat": 45.7460589, "area_m2": 28.0, "height_max_m": 0.31, "height_mean_m": 0.22, "class": "rock", "source": "3dep-lidar-dsm-2m", "stage_ft": 477.9, "shore_buffer_m": 4.0, "verdict": "above_water_at_flight"}}, {"type": "Feature", "geometry": {"type": "Point", "coordinates": [-68.8262916, 45.7460871]}, "properties": {"lon": -68.8262916, "lat": 45.7460871, "area_m2": 28.0, "height_max_m": 0.46, "height_mean_m": 0.26, "class": "rock", "source": "3dep-lidar-dsm-2m", "stage_ft": 477.9, "shore_buffer_m": 4.0, "verdict": "above_water_at_flight"}}, {"type": "Feature", "geometry": {"type": "Point", "coordinates": [-68.8361235, 45.7461844]}, "properties": {"lon": -68.8361235, "lat": 45.7461844, "area_m2": 28.0, "height_max_m": 0.79, "height_mean_m": 0.45, "class": "rock", "source": "3dep-lidar-dsm-2m", "stage_ft": 477.9, "shore_buffer_m": 4.0, "verdict": "above_water_at_flight"}}, {"type": "Feature", "geometry": {"type": "Point", "coordinates": [-68.7440916, 45.7461844]}, "properties": {"lon": -68.7440916, "lat": 45.7461844, "area_m2": 28.0, "height_max_m": 0.97, "height_mean_m": 0.42, "class": "rock", "source": "3dep-lidar-dsm-2m", "stage_ft": 477.9, "shore_buffer_m": 4.0, "verdict": "above_water_at_flight"}}, {"type": "Feature", "geometry": {"type": "Point", "coordinates": [-68.8368413, 45.7468199]}, "properties": {"lon": -68.8368413, "lat": 45.7468199, "area_m2": 28.0, "height_max_m": 1.15, "height_mean_m": 0.58, "class": "rock", "source": "3dep-lidar-dsm-2m", "stage_ft": 477.9, "shore_buffer_m": 4.0, "verdict": "above_water_at_flight"}}, {"type": "Feature", "geometry": {"type": "Point", "coordinates": [-68.8197873, 45.7471402]}, "properties": {"lon": -68.8197873, "lat": 45.7471402, "area_m2": 28.0, "height_max_m": 1.22, "height_mean_m": 0.47, "class": "rock", "source": "3dep-lidar-dsm-2m", "stage_ft": 477.9, "shore_buffer_m": 4.0, "verdict": "above_water_at_flight"}}, {"type": "Feature", "geometry": {"type": "Point", "coordinates": [-68.778829, 45.7474887]}, "properties": {"lon": -68.778829, "lat": 45.7474887, "area_m2": 28.0, "height_max_m": 0.31, "height_mean_m": 0.2, "class": "rock", "source": "3dep-lidar-dsm-2m", "stage_ft": 477.9, "shore_buffer_m": 4.0, "verdict": "above_water_at_flight"}}, {"type": "Feature", "geometry": {"type": "Point", "coordinates": [-68.786283, 45.7475655]}, "properties": {"lon": -68.786283, "lat": 45.7475655, "area_m2": 28.0, "height_max_m": 0.34, "height_mean_m": 0.28, "class": "rock", "source": "3dep-lidar-dsm-2m", "stage_ft": 477.9, "shore_buffer_m": 4.0, "verdict": "above_water_at_flight"}}, {"type": "Feature", "geometry": {"type": "Point", "coordinates": [-68.8209836, 45.7483676]}, "properties": {"lon": -68.8209836, "lat": 45.7483676, "area_m2": 28.0, "height_max_m": 0.76, "height_mean_m": 0.48, "class": "rock", "source": "3dep-lidar-dsm-2m", "stage_ft": 477.9, "shore_buffer_m": 4.0, "verdict": "above_water_at_flight"}}, {"type": "Feature", "geometry": {"type": "Point", "coordinates": [-68.8363738, 45.7484291]}, "properties": {"lon": -68.8363738, "lat": 45.7484291, "area_m2": 28.0, "height_max_m": 0.69, "height_mean_m": 0.35, "class": "rock", "source": "3dep-lidar-dsm-2m", "stage_ft": 477.9, "shore_buffer_m": 4.0, "verdict": "above_water_at_flight"}}, {"type": "Feature", "geometry": {"type": "Point", "coordinates": [-68.8258867, 45.7484162]}, "properties": {"lon": -68.8258867, "lat": 45.7484162, "area_m2": 28.0, "height_max_m": 0.28, "height_mean_m": 0.23, "class": "rock", "source": "3dep-lidar-dsm-2m", "stage_ft": 477.9, "shore_buffer_m": 4.0, "verdict": "above_water_at_flight"}}, {"type": "Feature", "geometry": {"type": "Point", "coordinates": [-68.8347174, 45.7486007]}, "properties": {"lon": -68.8347174, "lat": 45.7486007, "area_m2": 28.0, "height_max_m": 0.27, "height_mean_m": 0.21, "class": "rock", "source": "3dep-lidar-dsm-2m", "stage_ft": 477.9, "shore_buffer_m": 4.0, "verdict": "above_water_at_flight"}}, {"type": "Feature", "geometry": {"type": "Point", "coordinates": [-68.8347247, 45.7486955]}, "properties": {"lon": -68.8347247, "lat": 45.7486955, "area_m2": 28.0, "height_max_m": 0.39, "height_mean_m": 0.27, "class": "rock", "source": "3dep-lidar-dsm-2m", "stage_ft": 477.9, "shore_buffer_m": 4.0, "verdict": "above_water_at_flight"}}, {"type": "Feature", "geometry": {"type": "Point", "coordinates": [-68.8347652, 45.748839]}, "properties": {"lon": -68.8347652, "lat": 45.748839, "area_m2": 28.0, "height_max_m": 0.43, "height_mean_m": 0.28, "class": "rock", "source": "3dep-lidar-dsm-2m", "stage_ft": 477.9, "shore_buffer_m": 4.0, "verdict": "above_water_at_flight"}}, {"type": "Feature", "geometry": {"type": "Point", "coordinates": [-68.829726, 45.7488749]}, "properties": {"lon": -68.829726, "lat": 45.7488749, "area_m2": 28.0, "height_max_m": 0.63, "height_mean_m": 0.37, "class": "rock", "source": "3dep-lidar-dsm-2m", "stage_ft": 477.9, "shore_buffer_m": 4.0, "verdict": "above_water_at_flight"}}, {"type": "Feature", "geometry": {"type": "Point", "coordinates": [-68.7477947, 45.7489262]}, "properties": {"lon": -68.7477947, "lat": 45.7489262, "area_m2": 28.0, "height_max_m": 4.29, "height_mean_m": 1.35, "class": "rock", "source": "3dep-lidar-dsm-2m", "stage_ft": 477.9, "shore_buffer_m": 4.0, "verdict": "above_water_at_flight"}}, {"type": "Feature", "geometry": {"type": "Point", "coordinates": [-68.8360978, 45.7490594]}, "properties": {"lon": -68.8360978, "lat": 45.7490594, "area_m2": 28.0, "height_max_m": 2.77, "height_mean_m": 0.97, "class": "rock", "source": "3dep-lidar-dsm-2m", "stage_ft": 477.9, "shore_buffer_m": 4.0, "verdict": "above_water_at_flight"}}, {"type": "Feature", "geometry": {"type": "Point", "coordinates": [-68.8257063, 45.7491645]}, "properties": {"lon": -68.8257063, "lat": 45.7491645, "area_m2": 28.0, "height_max_m": 0.29, "height_mean_m": 0.22, "class": "rock", "source": "3dep-lidar-dsm-2m", "stage_ft": 477.9, "shore_buffer_m": 4.0, "verdict": "above_water_at_flight"}}, {"type": "Feature", "geometry": {"type": "Point", "coordinates": [-68.8276536, 45.7492516]}, "properties": {"lon": -68.8276536, "lat": 45.7492516, "area_m2": 28.0, "height_max_m": 0.23, "height_mean_m": 0.19, "class": "rock", "source": "3dep-lidar-dsm-2m", "stage_ft": 477.9, "shore_buffer_m": 4.0, "verdict": "above_water_at_flight"}}, {"type": "Feature", "geometry": {"type": "Point", "coordinates": [-68.8216425, 45.7492464]}, "properties": {"lon": -68.8216425, "lat": 45.7492464, "area_m2": 28.0, "height_max_m": 0.33, "height_mean_m": 0.24, "class": "rock", "source": "3dep-lidar-dsm-2m", "stage_ft": 477.9, "shore_buffer_m": 4.0, "verdict": "above_water_at_flight"}}, {"type": "Feature", "geometry": {"type": "Point", "coordinates": [-68.820991, 45.7492695]}, "properties": {"lon": -68.820991, "lat": 45.7492695, "area_m2": 28.0, "height_max_m": 0.39, "height_mean_m": 0.25, "class": "rock", "source": "3dep-lidar-dsm-2m", "stage_ft": 477.9, "shore_buffer_m": 4.0, "verdict": "above_water_at_flight"}}, {"type": "Feature", "geometry": {"type": "Point", "coordinates": [-68.8385971, 45.749413]}, "properties": {"lon": -68.8385971, "lat": 45.749413, "area_m2": 28.0, "height_max_m": 0.24, "height_mean_m": 0.2, "class": "rock", "source": "3dep-lidar-dsm-2m", "stage_ft": 477.9, "shore_buffer_m": 4.0, "verdict": "above_water_at_flight"}}, {"type": "Feature", "geometry": {"type": "Point", "coordinates": [-68.839937, 45.7495386]}, "properties": {"lon": -68.839937, "lat": 45.7495386, "area_m2": 28.0, "height_max_m": 0.23, "height_mean_m": 0.17, "class": "rock", "source": "3dep-lidar-dsm-2m", "stage_ft": 477.9, "shore_buffer_m": 4.0, "verdict": "above_water_at_flight"}}, {"type": "Feature", "geometry": {"type": "Point", "coordinates": [-68.8279039, 45.7495975]}, "properties": {"lon": -68.8279039, "lat": 45.7495975, "area_m2": 28.0, "height_max_m": 0.38, "height_mean_m": 0.28, "class": "rock", "source": "3dep-lidar-dsm-2m", "stage_ft": 477.9, "shore_buffer_m": 4.0, "verdict": "above_water_at_flight"}}, {"type": "Feature", "geometry": {"type": "Point", "coordinates": [-68.8268474, 45.7496872]}, "properties": {"lon": -68.8268474, "lat": 45.7496872, "area_m2": 28.0, "height_max_m": 0.35, "height_mean_m": 0.25, "class": "rock", "source": "3dep-lidar-dsm-2m", "stage_ft": 477.9, "shore_buffer_m": 4.0, "verdict": "above_water_at_flight"}}, {"type": "Feature", "geometry": {"type": "Point", "coordinates": [-68.8275505, 45.7498179]}, "properties": {"lon": -68.8275505, "lat": 45.7498179, "area_m2": 28.0, "height_max_m": 0.31, "height_mean_m": 0.24, "class": "rock", "source": "3dep-lidar-dsm-2m", "stage_ft": 477.9, "shore_buffer_m": 4.0, "verdict": "above_water_at_flight"}}, {"type": "Feature", "geometry": {"type": "Point", "coordinates": [-68.8062303, 45.7501382]}, "properties": {"lon": -68.8062303, "lat": 45.7501382, "area_m2": 28.0, "height_max_m": 0.85, "height_mean_m": 0.41, "class": "rock", "source": "3dep-lidar-dsm-2m", "stage_ft": 477.9, "shore_buffer_m": 4.0, "verdict": "above_water_at_flight"}}, {"type": "Feature", "geometry": {"type": "Point", "coordinates": [-68.8363554, 45.7501971]}, "properties": {"lon": -68.8363554, "lat": 45.7501971, "area_m2": 28.0, "height_max_m": 0.69, "height_mean_m": 0.37, "class": "rock", "source": "3dep-lidar-dsm-2m", "stage_ft": 477.9, "shore_buffer_m": 4.0, "verdict": "above_water_at_flight"}}, {"type": "Feature", "geometry": {"type": "Point", "coordinates": [-68.7536879, 45.7516038]}, "properties": {"lon": -68.7536879, "lat": 45.7516038, "area_m2": 28.0, "height_max_m": 1.22, "height_mean_m": 0.7, "class": "rock", "source": "3dep-lidar-dsm-2m", "stage_ft": 477.9, "shore_buffer_m": 4.0, "verdict": "above_water_at_flight"}}, {"type": "Feature", "geometry": {"type": "Point", "coordinates": [-68.8452524, 45.7518421]}, "properties": {"lon": -68.8452524, "lat": 45.7518421, "area_m2": 28.0, "height_max_m": 0.26, "height_mean_m": 0.2, "class": "rock", "source": "3dep-lidar-dsm-2m", "stage_ft": 477.9, "shore_buffer_m": 4.0, "verdict": "above_water_at_flight"}}, {"type": "Feature", "geometry": {"type": "Point", "coordinates": [-68.8460953, 45.7521163]}, "properties": {"lon": -68.8460953, "lat": 45.7521163, "area_m2": 28.0, "height_max_m": 0.22, "height_mean_m": 0.19, "class": "rock", "source": "3dep-lidar-dsm-2m", "stage_ft": 477.9, "shore_buffer_m": 4.0, "verdict": "above_water_at_flight"}}, {"type": "Feature", "geometry": {"type": "Point", "coordinates": [-68.7552707, 45.752475]}, "properties": {"lon": -68.7552707, "lat": 45.752475, "area_m2": 28.0, "height_max_m": 0.37, "height_mean_m": 0.26, "class": "rock", "source": "3dep-lidar-dsm-2m", "stage_ft": 477.9, "shore_buffer_m": 4.0, "verdict": "above_water_at_flight"}}, {"type": "Feature", "geometry": {"type": "Point", "coordinates": [-68.8487567, 45.7525801]}, "properties": {"lon": -68.8487567, "lat": 45.7525801, "area_m2": 28.0, "height_max_m": 0.17, "height_mean_m": 0.16, "class": "rock", "source": "3dep-lidar-dsm-2m", "stage_ft": 477.9, "shore_buffer_m": 4.0, "verdict": "above_water_at_flight"}}, {"type": "Feature", "geometry": {"type": "Point", "coordinates": [-68.7530548, 45.7526749]}, "properties": {"lon": -68.7530548, "lat": 45.7526749, "area_m2": 28.0, "height_max_m": 2.67, "height_mean_m": 1.18, "class": "rock", "source": "3dep-lidar-dsm-2m", "stage_ft": 477.9, "shore_buffer_m": 4.0, "verdict": "above_water_at_flight"}}, {"type": "Feature", "geometry": {"type": "Point", "coordinates": [-68.760045, 45.7528004]}, "properties": {"lon": -68.760045, "lat": 45.7528004, "area_m2": 28.0, "height_max_m": 1.22, "height_mean_m": 0.68, "class": "rock", "source": "3dep-lidar-dsm-2m", "stage_ft": 477.9, "shore_buffer_m": 4.0, "verdict": "above_water_at_flight"}}, {"type": "Feature", "geometry": {"type": "Point", "coordinates": [-68.8187824, 45.7529106]}, "properties": {"lon": -68.8187824, "lat": 45.7529106, "area_m2": 28.0, "height_max_m": 1.73, "height_mean_m": 0.87, "class": "rock", "source": "3dep-lidar-dsm-2m", "stage_ft": 477.9, "shore_buffer_m": 4.0, "verdict": "above_water_at_flight"}}, {"type": "Feature", "geometry": {"type": "Point", "coordinates": [-68.7341014, 45.7531464]}, "properties": {"lon": -68.7341014, "lat": 45.7531464, "area_m2": 28.0, "height_max_m": 3.14, "height_mean_m": 1.06, "class": "rock", "source": "3dep-lidar-dsm-2m", "stage_ft": 477.9, "shore_buffer_m": 4.0, "verdict": "above_water_at_flight"}}, {"type": "Feature", "geometry": {"type": "Point", "coordinates": [-68.7252597, 45.7536947]}, "properties": {"lon": -68.7252597, "lat": 45.7536947, "area_m2": 28.0, "height_max_m": 6.53, "height_mean_m": 1.91, "class": "rock", "source": "3dep-lidar-dsm-2m", "stage_ft": 477.9, "shore_buffer_m": 4.0, "verdict": "above_water_at_flight"}}, {"type": "Feature", "geometry": {"type": "Point", "coordinates": [-68.8212892, 45.75535]}, "properties": {"lon": -68.8212892, "lat": 45.75535, "area_m2": 28.0, "height_max_m": 0.31, "height_mean_m": 0.24, "class": "rock", "source": "3dep-lidar-dsm-2m", "stage_ft": 477.9, "shore_buffer_m": 4.0, "verdict": "above_water_at_flight"}}, {"type": "Feature", "geometry": {"type": "Point", "coordinates": [-68.8196069, 45.7568336]}, "properties": {"lon": -68.8196069, "lat": 45.7568336, "area_m2": 28.0, "height_max_m": 0.79, "height_mean_m": 0.41, "class": "rock", "source": "3dep-lidar-dsm-2m", "stage_ft": 477.9, "shore_buffer_m": 4.0, "verdict": "above_water_at_flight"}}, {"type": "Feature", "geometry": {"type": "Point", "coordinates": [-68.8203211, 45.757341]}, "properties": {"lon": -68.8203211, "lat": 45.757341, "area_m2": 28.0, "height_max_m": 1.32, "height_mean_m": 0.81, "class": "rock", "source": "3dep-lidar-dsm-2m", "stage_ft": 477.9, "shore_buffer_m": 4.0, "verdict": "above_water_at_flight"}}, {"type": "Feature", "geometry": {"type": "Point", "coordinates": [-68.7433812, 45.7578739]}, "properties": {"lon": -68.7433812, "lat": 45.7578739, "area_m2": 28.0, "height_max_m": 4.87, "height_mean_m": 1.79, "class": "rock", "source": "3dep-lidar-dsm-2m", "stage_ft": 477.9, "shore_buffer_m": 4.0, "verdict": "above_water_at_flight"}}, {"type": "Feature", "geometry": {"type": "Point", "coordinates": [-68.8194781, 45.7585376]}, "properties": {"lon": -68.8194781, "lat": 45.7585376, "area_m2": 28.0, "height_max_m": 0.54, "height_mean_m": 0.28, "class": "rock", "source": "3dep-lidar-dsm-2m", "stage_ft": 477.9, "shore_buffer_m": 4.0, "verdict": "above_water_at_flight"}}, {"type": "Feature", "geometry": {"type": "Point", "coordinates": [-68.7441026, 45.7587784]}, "properties": {"lon": -68.7441026, "lat": 45.7587784, "area_m2": 28.0, "height_max_m": 3.34, "height_mean_m": 1.39, "class": "rock", "source": "3dep-lidar-dsm-2m", "stage_ft": 477.9, "shore_buffer_m": 4.0, "verdict": "above_water_at_flight"}}, {"type": "Feature", "geometry": {"type": "Point", "coordinates": [-68.8202769, 45.7599008]}, "properties": {"lon": -68.8202769, "lat": 45.7599008, "area_m2": 28.0, "height_max_m": 0.48, "height_mean_m": 0.29, "class": "rock", "source": "3dep-lidar-dsm-2m", "stage_ft": 477.9, "shore_buffer_m": 4.0, "verdict": "above_water_at_flight"}}, {"type": "Feature", "geometry": {"type": "Point", "coordinates": [-68.7483726, 45.7612127]}, "properties": {"lon": -68.7483726, "lat": 45.7612127, "area_m2": 28.0, "height_max_m": 3.62, "height_mean_m": 1.69, "class": "rock", "source": "3dep-lidar-dsm-2m", "stage_ft": 477.9, "shore_buffer_m": 4.0, "verdict": "above_water_at_flight"}}, {"type": "Feature", "geometry": {"type": "Point", "coordinates": [-68.7430167, 45.7615279]}, "properties": {"lon": -68.7430167, "lat": 45.7615279, "area_m2": 28.0, "height_max_m": 2.21, "height_mean_m": 1.19, "class": "rock", "source": "3dep-lidar-dsm-2m", "stage_ft": 477.9, "shore_buffer_m": 4.0, "verdict": "above_water_at_flight"}}, {"type": "Feature", "geometry": {"type": "Point", "coordinates": [-68.7442351, 45.7618533]}, "properties": {"lon": -68.7442351, "lat": 45.7618533, "area_m2": 28.0, "height_max_m": 1.42, "height_mean_m": 0.43, "class": "rock", "source": "3dep-lidar-dsm-2m", "stage_ft": 477.9, "shore_buffer_m": 4.0, "verdict": "above_water_at_flight"}}, {"type": "Feature", "geometry": {"type": "Point", "coordinates": [-68.7438928, 45.762025]}, "properties": {"lon": -68.7438928, "lat": 45.762025, "area_m2": 28.0, "height_max_m": 1.27, "height_mean_m": 0.88, "class": "rock", "source": "3dep-lidar-dsm-2m", "stage_ft": 477.9, "shore_buffer_m": 4.0, "verdict": "above_water_at_flight"}}, {"type": "Feature", "geometry": {"type": "Point", "coordinates": [-68.7442646, 45.7620275]}, "properties": {"lon": -68.7442646, "lat": 45.7620275, "area_m2": 28.0, "height_max_m": 0.61, "height_mean_m": 0.38, "class": "rock", "source": "3dep-lidar-dsm-2m", "stage_ft": 477.9, "shore_buffer_m": 4.0, "verdict": "above_water_at_flight"}}, {"type": "Feature", "geometry": {"type": "Point", "coordinates": [-68.7857566, 45.7622376]}, "properties": {"lon": -68.7857566, "lat": 45.7622376, "area_m2": 28.0, "height_max_m": 0.53, "height_mean_m": 0.29, "class": "rock", "source": "3dep-lidar-dsm-2m", "stage_ft": 477.9, "shore_buffer_m": 4.0, "verdict": "above_water_at_flight"}}, {"type": "Feature", "geometry": {"type": "Point", "coordinates": [-68.7639873, 45.7622786]}, "properties": {"lon": -68.7639873, "lat": 45.7622786, "area_m2": 28.0, "height_max_m": 0.18, "height_mean_m": 0.16, "class": "rock", "source": "3dep-lidar-dsm-2m", "stage_ft": 477.9, "shore_buffer_m": 4.0, "verdict": "above_water_at_flight"}}, {"type": "Feature", "geometry": {"type": "Point", "coordinates": [-68.7480781, 45.762458]}, "properties": {"lon": -68.7480781, "lat": 45.762458, "area_m2": 28.0, "height_max_m": 0.25, "height_mean_m": 0.19, "class": "rock", "source": "3dep-lidar-dsm-2m", "stage_ft": 477.9, "shore_buffer_m": 4.0, "verdict": "above_water_at_flight"}}, {"type": "Feature", "geometry": {"type": "Point", "coordinates": [-68.7709149, 45.7652689]}, "properties": {"lon": -68.7709149, "lat": 45.7652689, "area_m2": 28.0, "height_max_m": 0.42, "height_mean_m": 0.26, "class": "rock", "source": "3dep-lidar-dsm-2m", "stage_ft": 477.9, "shore_buffer_m": 4.0, "verdict": "above_water_at_flight"}}, {"type": "Feature", "geometry": {"type": "Point", "coordinates": [-68.7857309, 45.7657532]}, "properties": {"lon": -68.7857309, "lat": 45.7657532, "area_m2": 28.0, "height_max_m": 0.54, "height_mean_m": 0.32, "class": "rock", "source": "3dep-lidar-dsm-2m", "stage_ft": 477.9, "shore_buffer_m": 4.0, "verdict": "above_water_at_flight"}}, {"type": "Feature", "geometry": {"type": "Point", "coordinates": [-68.7607296, 45.7658608]}, "properties": {"lon": -68.7607296, "lat": 45.7658608, "area_m2": 28.0, "height_max_m": 0.75, "height_mean_m": 0.4, "class": "rock", "source": "3dep-lidar-dsm-2m", "stage_ft": 477.9, "shore_buffer_m": 4.0, "verdict": "above_water_at_flight"}}, {"type": "Feature", "geometry": {"type": "Point", "coordinates": [-68.7739775, 45.7663579]}, "properties": {"lon": -68.7739775, "lat": 45.7663579, "area_m2": 28.0, "height_max_m": 1.05, "height_mean_m": 0.49, "class": "rock", "source": "3dep-lidar-dsm-2m", "stage_ft": 477.9, "shore_buffer_m": 4.0, "verdict": "above_water_at_flight"}}, {"type": "Feature", "geometry": {"type": "Point", "coordinates": [-68.8329063, 45.766814]}, "properties": {"lon": -68.8329063, "lat": 45.766814, "area_m2": 28.0, "height_max_m": 0.6, "height_mean_m": 0.34, "class": "rock", "source": "3dep-lidar-dsm-2m", "stage_ft": 477.9, "shore_buffer_m": 4.0, "verdict": "above_water_at_flight"}}, {"type": "Feature", "geometry": {"type": "Point", "coordinates": [-68.7699284, 45.7674392]}, "properties": {"lon": -68.7699284, "lat": 45.7674392, "area_m2": 28.0, "height_max_m": 0.35, "height_mean_m": 0.25, "class": "rock", "source": "3dep-lidar-dsm-2m", "stage_ft": 477.9, "shore_buffer_m": 4.0, "verdict": "above_water_at_flight"}}, {"type": "Feature", "geometry": {"type": "Point", "coordinates": [-68.8198462, 45.7682464]}, "properties": {"lon": -68.8198462, "lat": 45.7682464, "area_m2": 28.0, "height_max_m": 0.65, "height_mean_m": 0.37, "class": "rock", "source": "3dep-lidar-dsm-2m", "stage_ft": 477.9, "shore_buffer_m": 4.0, "verdict": "above_water_at_flight"}}, {"type": "Feature", "geometry": {"type": "Point", "coordinates": [-68.7695235, 45.7683002]}, "properties": {"lon": -68.7695235, "lat": 45.7683002, "area_m2": 28.0, "height_max_m": 0.23, "height_mean_m": 0.19, "class": "rock", "source": "3dep-lidar-dsm-2m", "stage_ft": 477.9, "shore_buffer_m": 4.0, "verdict": "above_water_at_flight"}}, {"type": "Feature", "geometry": {"type": "Point", "coordinates": [-68.7489174, 45.7688383]}, "properties": {"lon": -68.7489174, "lat": 45.7688383, "area_m2": 28.0, "height_max_m": 3.47, "height_mean_m": 1.57, "class": "rock", "source": "3dep-lidar-dsm-2m", "stage_ft": 477.9, "shore_buffer_m": 4.0, "verdict": "above_water_at_flight"}}, {"type": "Feature", "geometry": {"type": "Point", "coordinates": [-68.752591, 45.7699427]}, "properties": {"lon": -68.752591, "lat": 45.7699427, "area_m2": 28.0, "height_max_m": 0.76, "height_mean_m": 0.36, "class": "rock", "source": "3dep-lidar-dsm-2m", "stage_ft": 477.9, "shore_buffer_m": 4.0, "verdict": "above_water_at_flight"}}, {"type": "Feature", "geometry": {"type": "Point", "coordinates": [-68.8074266, 45.7702783]}, "properties": {"lon": -68.8074266, "lat": 45.7702783, "area_m2": 28.0, "height_max_m": 0.17, "height_mean_m": 0.16, "class": "rock", "source": "3dep-lidar-dsm-2m", "stage_ft": 477.9, "shore_buffer_m": 4.0, "verdict": "above_water_at_flight"}}, {"type": "Feature", "geometry": {"type": "Point", "coordinates": [-68.8194597, 45.7707652]}, "properties": {"lon": -68.8194597, "lat": 45.7707652, "area_m2": 28.0, "height_max_m": 0.51, "height_mean_m": 0.35, "class": "rock", "source": "3dep-lidar-dsm-2m", "stage_ft": 477.9, "shore_buffer_m": 4.0, "verdict": "above_water_at_flight"}}, {"type": "Feature", "geometry": {"type": "Point", "coordinates": [-68.8202695, 45.7709189]}, "properties": {"lon": -68.8202695, "lat": 45.7709189, "area_m2": 28.0, "height_max_m": 0.69, "height_mean_m": 0.41, "class": "rock", "source": "3dep-lidar-dsm-2m", "stage_ft": 477.9, "shore_buffer_m": 4.0, "verdict": "above_water_at_flight"}}, {"type": "Feature", "geometry": {"type": "Point", "coordinates": [-68.8206119, 45.7712469]}, "properties": {"lon": -68.8206119, "lat": 45.7712469, "area_m2": 28.0, "height_max_m": 1.36, "height_mean_m": 0.58, "class": "rock", "source": "3dep-lidar-dsm-2m", "stage_ft": 477.9, "shore_buffer_m": 4.0, "verdict": "above_water_at_flight"}}, {"type": "Feature", "geometry": {"type": "Point", "coordinates": [-68.8060241, 45.7714083]}, "properties": {"lon": -68.8060241, "lat": 45.7714083, "area_m2": 28.0, "height_max_m": 0.22, "height_mean_m": 0.18, "class": "rock", "source": "3dep-lidar-dsm-2m", "stage_ft": 477.9, "shore_buffer_m": 4.0, "verdict": "above_water_at_flight"}}, {"type": "Feature", "geometry": {"type": "Point", "coordinates": [-68.7773493, 45.771703]}, "properties": {"lon": -68.7773493, "lat": 45.771703, "area_m2": 28.0, "height_max_m": 0.42, "height_mean_m": 0.27, "class": "rock", "source": "3dep-lidar-dsm-2m", "stage_ft": 477.9, "shore_buffer_m": 4.0, "verdict": "above_water_at_flight"}}, {"type": "Feature", "geometry": {"type": "Point", "coordinates": [-68.7631444, 45.7718414]}, "properties": {"lon": -68.7631444, "lat": 45.7718414, "area_m2": 28.0, "height_max_m": 3.4, "height_mean_m": 1.09, "class": "rock", "source": "3dep-lidar-dsm-2m", "stage_ft": 477.9, "shore_buffer_m": 4.0, "verdict": "above_water_at_flight"}}, {"type": "Feature", "geometry": {"type": "Point", "coordinates": [-68.7760793, 45.7719951]}, "properties": {"lon": -68.7760793, "lat": 45.7719951, "area_m2": 28.0, "height_max_m": 0.32, "height_mean_m": 0.21, "class": "rock", "source": "3dep-lidar-dsm-2m", "stage_ft": 477.9, "shore_buffer_m": 4.0, "verdict": "above_water_at_flight"}}, {"type": "Feature", "geometry": {"type": "Point", "coordinates": [-68.7759063, 45.7720797]}, "properties": {"lon": -68.7759063, "lat": 45.7720797, "area_m2": 28.0, "height_max_m": 0.31, "height_mean_m": 0.21, "class": "rock", "source": "3dep-lidar-dsm-2m", "stage_ft": 477.9, "shore_buffer_m": 4.0, "verdict": "above_water_at_flight"}}, {"type": "Feature", "geometry": {"type": "Point", "coordinates": [-68.7473272, 45.7722898]}, "properties": {"lon": -68.7473272, "lat": 45.7722898, "area_m2": 28.0, "height_max_m": 3.24, "height_mean_m": 1.06, "class": "rock", "source": "3dep-lidar-dsm-2m", "stage_ft": 477.9, "shore_buffer_m": 4.0, "verdict": "above_water_at_flight"}}, {"type": "Feature", "geometry": {"type": "Point", "coordinates": [-68.83651, 45.7723718]}, "properties": {"lon": -68.83651, "lat": 45.7723718, "area_m2": 28.0, "height_max_m": 0.34, "height_mean_m": 0.23, "class": "rock", "source": "3dep-lidar-dsm-2m", "stage_ft": 477.9, "shore_buffer_m": 4.0, "verdict": "above_water_at_flight"}}, {"type": "Feature", "geometry": {"type": "Point", "coordinates": [-68.8364254, 45.7730662]}, "properties": {"lon": -68.8364254, "lat": 45.7730662, "area_m2": 28.0, "height_max_m": 0.88, "height_mean_m": 0.46, "class": "rock", "source": "3dep-lidar-dsm-2m", "stage_ft": 477.9, "shore_buffer_m": 4.0, "verdict": "above_water_at_flight"}}, {"type": "Feature", "geometry": {"type": "Point", "coordinates": [-68.8196143, 45.7733583]}, "properties": {"lon": -68.8196143, "lat": 45.7733583, "area_m2": 28.0, "height_max_m": 0.55, "height_mean_m": 0.31, "class": "rock", "source": "3dep-lidar-dsm-2m", "stage_ft": 477.9, "shore_buffer_m": 4.0, "verdict": "above_water_at_flight"}}, {"type": "Feature", "geometry": {"type": "Point", "coordinates": [-68.8384352, 45.7733762]}, "properties": {"lon": -68.8384352, "lat": 45.7733762, "area_m2": 28.0, "height_max_m": 0.25, "height_mean_m": 0.19, "class": "rock", "source": "3dep-lidar-dsm-2m", "stage_ft": 477.9, "shore_buffer_m": 4.0, "verdict": "above_water_at_flight"}}, {"type": "Feature", "geometry": {"type": "Point", "coordinates": [-68.8345517, 45.7736402]}, "properties": {"lon": -68.8345517, "lat": 45.7736402, "area_m2": 28.0, "height_max_m": 0.26, "height_mean_m": 0.2, "class": "rock", "source": "3dep-lidar-dsm-2m", "stage_ft": 477.9, "shore_buffer_m": 4.0, "verdict": "above_water_at_flight"}}, {"type": "Feature", "geometry": {"type": "Point", "coordinates": [-68.7497272, 45.7736325]}, "properties": {"lon": -68.7497272, "lat": 45.7736325, "area_m2": 28.0, "height_max_m": 0.39, "height_mean_m": 0.25, "class": "rock", "source": "3dep-lidar-dsm-2m", "stage_ft": 477.9, "shore_buffer_m": 4.0, "verdict": "above_water_at_flight"}}, {"type": "Feature", "geometry": {"type": "Point", "coordinates": [-68.8059395, 45.7739835]}, "properties": {"lon": -68.8059395, "lat": 45.7739835, "area_m2": 28.0, "height_max_m": 0.18, "height_mean_m": 0.16, "class": "rock", "source": "3dep-lidar-dsm-2m", "stage_ft": 477.9, "shore_buffer_m": 4.0, "verdict": "above_water_at_flight"}}, {"type": "Feature", "geometry": {"type": "Point", "coordinates": [-68.7683309, 45.7750392]}, "properties": {"lon": -68.7683309, "lat": 45.7750392, "area_m2": 28.0, "height_max_m": 0.27, "height_mean_m": 0.2, "class": "rock", "source": "3dep-lidar-dsm-2m", "stage_ft": 477.9, "shore_buffer_m": 4.0, "verdict": "above_water_at_flight"}}, {"type": "Feature", "geometry": {"type": "Point", "coordinates": [-68.7545934, 45.7756055]}, "properties": {"lon": -68.7545934, "lat": 45.7756055, "area_m2": 28.0, "height_max_m": 3.11, "height_mean_m": 1.31, "class": "rock", "source": "3dep-lidar-dsm-2m", "stage_ft": 477.9, "shore_buffer_m": 4.0, "verdict": "above_water_at_flight"}}, {"type": "Feature", "geometry": {"type": "Point", "coordinates": [-68.7628609, 45.7768585]}, "properties": {"lon": -68.7628609, "lat": 45.7768585, "area_m2": 28.0, "height_max_m": 0.35, "height_mean_m": 0.25, "class": "rock", "source": "3dep-lidar-dsm-2m", "stage_ft": 477.9, "shore_buffer_m": 4.0, "verdict": "above_water_at_flight"}}, {"type": "Feature", "geometry": {"type": "Point", "coordinates": [-68.7493664, 45.7768867]}, "properties": {"lon": -68.7493664, "lat": 45.7768867, "area_m2": 28.0, "height_max_m": 3.78, "height_mean_m": 1.01, "class": "rock", "source": "3dep-lidar-dsm-2m", "stage_ft": 477.9, "shore_buffer_m": 4.0, "verdict": "above_water_at_flight"}}, {"type": "Feature", "geometry": {"type": "Point", "coordinates": [-68.7627137, 45.776879]}, "properties": {"lon": -68.7627137, "lat": 45.776879, "area_m2": 28.0, "height_max_m": 0.3, "height_mean_m": 0.23, "class": "rock", "source": "3dep-lidar-dsm-2m", "stage_ft": 477.9, "shore_buffer_m": 4.0, "verdict": "above_water_at_flight"}}, {"type": "Feature", "geometry": {"type": "Point", "coordinates": [-68.8231922, 45.7771634]}, "properties": {"lon": -68.8231922, "lat": 45.7771634, "area_m2": 28.0, "height_max_m": 0.16, "height_mean_m": 0.16, "class": "rock", "source": "3dep-lidar-dsm-2m", "stage_ft": 477.9, "shore_buffer_m": 4.0, "verdict": "above_water_at_flight"}}, {"type": "Feature", "geometry": {"type": "Point", "coordinates": [-68.7861358, 45.7771916]}, "properties": {"lon": -68.7861358, "lat": 45.7771916, "area_m2": 28.0, "height_max_m": 0.61, "height_mean_m": 0.37, "class": "rock", "source": "3dep-lidar-dsm-2m", "stage_ft": 477.9, "shore_buffer_m": 4.0, "verdict": "above_water_at_flight"}}, {"type": "Feature", "geometry": {"type": "Point", "coordinates": [-68.8201922, 45.7806047]}, "properties": {"lon": -68.8201922, "lat": 45.7806047, "area_m2": 28.0, "height_max_m": 0.68, "height_mean_m": 0.34, "class": "rock", "source": "3dep-lidar-dsm-2m", "stage_ft": 477.9, "shore_buffer_m": 4.0, "verdict": "above_water_at_flight"}}, {"type": "Feature", "geometry": {"type": "Point", "coordinates": [-68.8072057, 45.7808225]}, "properties": {"lon": -68.8072057, "lat": 45.7808225, "area_m2": 28.0, "height_max_m": 0.16, "height_mean_m": 0.16, "class": "rock", "source": "3dep-lidar-dsm-2m", "stage_ft": 477.9, "shore_buffer_m": 4.0, "verdict": "above_water_at_flight"}}, {"type": "Feature", "geometry": {"type": "Point", "coordinates": [-68.8231628, 45.7813221]}, "properties": {"lon": -68.8231628, "lat": 45.7813221, "area_m2": 28.0, "height_max_m": 0.16, "height_mean_m": 0.16, "class": "rock", "source": "3dep-lidar-dsm-2m", "stage_ft": 477.9, "shore_buffer_m": 4.0, "verdict": "above_water_at_flight"}}, {"type": "Feature", "geometry": {"type": "Point", "coordinates": [-68.7552155, 45.7818064]}, "properties": {"lon": -68.7552155, "lat": 45.7818064, "area_m2": 28.0, "height_max_m": 0.35, "height_mean_m": 0.29, "class": "rock", "source": "3dep-lidar-dsm-2m", "stage_ft": 477.9, "shore_buffer_m": 4.0, "verdict": "above_water_at_flight"}}, {"type": "Feature", "geometry": {"type": "Point", "coordinates": [-68.8310217, 45.7835642]}, "properties": {"lon": -68.8310217, "lat": 45.7835642, "area_m2": 28.0, "height_max_m": 0.48, "height_mean_m": 0.28, "class": "rock", "source": "3dep-lidar-dsm-2m", "stage_ft": 477.9, "shore_buffer_m": 4.0, "verdict": "above_water_at_flight"}}, {"type": "Feature", "geometry": {"type": "Point", "coordinates": [-68.7987358, 45.7839101]}, "properties": {"lon": -68.7987358, "lat": 45.7839101, "area_m2": 28.0, "height_max_m": 0.34, "height_mean_m": 0.23, "class": "rock", "source": "3dep-lidar-dsm-2m", "stage_ft": 477.9, "shore_buffer_m": 4.0, "verdict": "above_water_at_flight"}}, {"type": "Feature", "geometry": {"type": "Point", "coordinates": [-68.7463075, 45.7848736]}, "properties": {"lon": -68.7463075, "lat": 45.7848736, "area_m2": 28.0, "height_max_m": 2.13, "height_mean_m": 0.81, "class": "rock", "source": "3dep-lidar-dsm-2m", "stage_ft": 477.9, "shore_buffer_m": 4.0, "verdict": "above_water_at_flight"}}, {"type": "Feature", "geometry": {"type": "Point", "coordinates": [-68.8287321, 45.7849658]}, "properties": {"lon": -68.8287321, "lat": 45.7849658, "area_m2": 28.0, "height_max_m": 0.46, "height_mean_m": 0.3, "class": "rock", "source": "3dep-lidar-dsm-2m", "stage_ft": 477.9, "shore_buffer_m": 4.0, "verdict": "above_water_at_flight"}}, {"type": "Feature", "geometry": {"type": "Point", "coordinates": [-68.8098671, 45.7859267]}, "properties": {"lon": -68.8098671, "lat": 45.7859267, "area_m2": 28.0, "height_max_m": 0.52, "height_mean_m": 0.3, "class": "rock", "source": "3dep-lidar-dsm-2m", "stage_ft": 477.9, "shore_buffer_m": 4.0, "verdict": "above_water_at_flight"}}, {"type": "Feature", "geometry": {"type": "Point", "coordinates": [-68.8196916, 45.7859856]}, "properties": {"lon": -68.8196916, "lat": 45.7859856, "area_m2": 28.0, "height_max_m": 0.6, "height_mean_m": 0.33, "class": "rock", "source": "3dep-lidar-dsm-2m", "stage_ft": 477.9, "shore_buffer_m": 4.0, "verdict": "above_water_at_flight"}}, {"type": "Feature", "geometry": {"type": "Point", "coordinates": [-68.8017505, 45.7862239]}, "properties": {"lon": -68.8017505, "lat": 45.7862239, "area_m2": 28.0, "height_max_m": 0.51, "height_mean_m": 0.3, "class": "rock", "source": "3dep-lidar-dsm-2m", "stage_ft": 477.9, "shore_buffer_m": 4.0, "verdict": "above_water_at_flight"}}, {"type": "Feature", "geometry": {"type": "Point", "coordinates": [-68.8156977, 45.7868645]}, "properties": {"lon": -68.8156977, "lat": 45.7868645, "area_m2": 28.0, "height_max_m": 0.47, "height_mean_m": 0.32, "class": "rock", "source": "3dep-lidar-dsm-2m", "stage_ft": 477.9, "shore_buffer_m": 4.0, "verdict": "above_water_at_flight"}}, {"type": "Feature", "geometry": {"type": "Point", "coordinates": [-68.8209395, 45.7869542]}, "properties": {"lon": -68.8209395, "lat": 45.7869542, "area_m2": 28.0, "height_max_m": 0.59, "height_mean_m": 0.37, "class": "rock", "source": "3dep-lidar-dsm-2m", "stage_ft": 477.9, "shore_buffer_m": 4.0, "verdict": "above_water_at_flight"}}, {"type": "Feature", "geometry": {"type": "Point", "coordinates": [-68.8114867, 45.786944]}, "properties": {"lon": -68.8114867, "lat": 45.786944, "area_m2": 28.0, "height_max_m": 3.34, "height_mean_m": 1.27, "class": "rock", "source": "3dep-lidar-dsm-2m", "stage_ft": 477.9, "shore_buffer_m": 4.0, "verdict": "above_water_at_flight"}}, {"type": "Feature", "geometry": {"type": "Point", "coordinates": [-68.8218045, 45.7875436]}, "properties": {"lon": -68.8218045, "lat": 45.7875436, "area_m2": 28.0, "height_max_m": 0.56, "height_mean_m": 0.34, "class": "rock", "source": "3dep-lidar-dsm-2m", "stage_ft": 477.9, "shore_buffer_m": 4.0, "verdict": "above_water_at_flight"}}, {"type": "Feature", "geometry": {"type": "Point", "coordinates": [-68.816353, 45.7876717]}, "properties": {"lon": -68.816353, "lat": 45.7876717, "area_m2": 28.0, "height_max_m": 0.58, "height_mean_m": 0.35, "class": "rock", "source": "3dep-lidar-dsm-2m", "stage_ft": 477.9, "shore_buffer_m": 4.0, "verdict": "above_water_at_flight"}}, {"type": "Feature", "geometry": {"type": "Point", "coordinates": [-68.812302, 45.7242301]}, "properties": {"lon": -68.812302, "lat": 45.7242301, "area_m2": 24.0, "height_max_m": 1.04, "height_mean_m": 0.65, "class": "rock", "source": "3dep-lidar-dsm-2m", "stage_ft": 477.9, "shore_buffer_m": 4.0, "verdict": "above_water_at_flight"}}, {"type": "Feature", "geometry": {"type": "Point", "coordinates": [-68.8140671, 45.7243287]}, "properties": {"lon": -68.8140671, "lat": 45.7243287, "area_m2": 24.0, "height_max_m": 0.61, "height_mean_m": 0.41, "class": "rock", "source": "3dep-lidar-dsm-2m", "stage_ft": 477.9, "shore_buffer_m": 4.0, "verdict": "above_water_at_flight"}}, {"type": "Feature", "geometry": {"type": "Point", "coordinates": [-68.811864, 45.7243736]}, "properties": {"lon": -68.811864, "lat": 45.7243736, "area_m2": 24.0, "height_max_m": 0.7, "height_mean_m": 0.36, "class": "rock", "source": "3dep-lidar-dsm-2m", "stage_ft": 477.9, "shore_buffer_m": 4.0, "verdict": "above_water_at_flight"}}, {"type": "Feature", "geometry": {"type": "Point", "coordinates": [-68.8119499, 45.725094]}, "properties": {"lon": -68.8119499, "lat": 45.725094, "area_m2": 24.0, "height_max_m": 1.13, "height_mean_m": 0.44, "class": "rock", "source": "3dep-lidar-dsm-2m", "stage_ft": 477.9, "shore_buffer_m": 4.0, "verdict": "above_water_at_flight"}}, {"type": "Feature", "geometry": {"type": "Point", "coordinates": [-68.8118984, 45.7252016]}, "properties": {"lon": -68.8118984, "lat": 45.7252016, "area_m2": 24.0, "height_max_m": 1.21, "height_mean_m": 0.54, "class": "rock", "source": "3dep-lidar-dsm-2m", "stage_ft": 477.9, "shore_buffer_m": 4.0, "verdict": "above_water_at_flight"}}, {"type": "Feature", "geometry": {"type": "Point", "coordinates": [-68.8107818, 45.7253959]}, "properties": {"lon": -68.8107818, "lat": 45.7253959, "area_m2": 24.0, "height_max_m": 0.81, "height_mean_m": 0.55, "class": "rock", "source": "3dep-lidar-dsm-2m", "stage_ft": 477.9, "shore_buffer_m": 4.0, "verdict": "above_water_at_flight"}}, {"type": "Feature", "geometry": {"type": "Point", "coordinates": [-68.8140241, 45.7254767]}, "properties": {"lon": -68.8140241, "lat": 45.7254767, "area_m2": 24.0, "height_max_m": 1.22, "height_mean_m": 0.48, "class": "rock", "source": "3dep-lidar-dsm-2m", "stage_ft": 477.9, "shore_buffer_m": 4.0, "verdict": "above_water_at_flight"}}, {"type": "Feature", "geometry": {"type": "Point", "coordinates": [-68.8115977, 45.7255066]}, "properties": {"lon": -68.8115977, "lat": 45.7255066, "area_m2": 24.0, "height_max_m": 0.53, "height_mean_m": 0.28, "class": "rock", "source": "3dep-lidar-dsm-2m", "stage_ft": 477.9, "shore_buffer_m": 4.0, "verdict": "above_water_at_flight"}}, {"type": "Feature", "geometry": {"type": "Point", "coordinates": [-68.8108462, 45.7270551]}, "properties": {"lon": -68.8108462, "lat": 45.7270551, "area_m2": 24.0, "height_max_m": 0.49, "height_mean_m": 0.32, "class": "rock", "source": "3dep-lidar-dsm-2m", "stage_ft": 477.9, "shore_buffer_m": 4.0, "verdict": "above_water_at_flight"}}, {"type": "Feature", "geometry": {"type": "Point", "coordinates": [-68.8063198, 45.728786]}, "properties": {"lon": -68.8063198, "lat": 45.728786, "area_m2": 24.0, "height_max_m": 0.35, "height_mean_m": 0.23, "class": "rock", "source": "3dep-lidar-dsm-2m", "stage_ft": 477.9, "shore_buffer_m": 4.0, "verdict": "above_water_at_flight"}}, {"type": "Feature", "geometry": {"type": "Point", "coordinates": [-68.7955407, 45.7291895]}, "properties": {"lon": -68.7955407, "lat": 45.7291895, "area_m2": 24.0, "height_max_m": 0.5, "height_mean_m": 0.3, "class": "rock", "source": "3dep-lidar-dsm-2m", "stage_ft": 477.9, "shore_buffer_m": 4.0, "verdict": "above_water_at_flight"}}, {"type": "Feature", "geometry": {"type": "Point", "coordinates": [-68.8095192, 45.7294317]}, "properties": {"lon": -68.8095192, "lat": 45.7294317, "area_m2": 24.0, "height_max_m": 0.26, "height_mean_m": 0.21, "class": "rock", "source": "3dep-lidar-dsm-2m", "stage_ft": 477.9, "shore_buffer_m": 4.0, "verdict": "above_water_at_flight"}}, {"type": "Feature", "geometry": {"type": "Point", "coordinates": [-68.8304763, 45.7295901]}, "properties": {"lon": -68.8304763, "lat": 45.7295901, "area_m2": 24.0, "height_max_m": 2.02, "height_mean_m": 1.05, "class": "rock", "source": "3dep-lidar-dsm-2m", "stage_ft": 477.9, "shore_buffer_m": 4.0, "verdict": "above_water_at_flight"}}, {"type": "Feature", "geometry": {"type": "Point", "coordinates": [-68.8110953, 45.7310609]}, "properties": {"lon": -68.8110953, "lat": 45.7310609, "area_m2": 24.0, "height_max_m": 0.77, "height_mean_m": 0.41, "class": "rock", "source": "3dep-lidar-dsm-2m", "stage_ft": 477.9, "shore_buffer_m": 4.0, "verdict": "above_water_at_flight"}}, {"type": "Feature", "geometry": {"type": "Point", "coordinates": [-68.8202554, 45.7314196]}, "properties": {"lon": -68.8202554, "lat": 45.7314196, "area_m2": 24.0, "height_max_m": 0.92, "height_mean_m": 0.44, "class": "rock", "source": "3dep-lidar-dsm-2m", "stage_ft": 477.9, "shore_buffer_m": 4.0, "verdict": "above_water_at_flight"}}, {"type": "Feature", "geometry": {"type": "Point", "coordinates": [-68.7921266, 45.732158]}, "properties": {"lon": -68.7921266, "lat": 45.732158, "area_m2": 24.0, "height_max_m": 0.26, "height_mean_m": 0.22, "class": "rock", "source": "3dep-lidar-dsm-2m", "stage_ft": 477.9, "shore_buffer_m": 4.0, "verdict": "above_water_at_flight"}}, {"type": "Feature", "geometry": {"type": "Point", "coordinates": [-68.8207665, 45.7323105]}, "properties": {"lon": -68.8207665, "lat": 45.7323105, "area_m2": 24.0, "height_max_m": 0.89, "height_mean_m": 0.53, "class": "rock", "source": "3dep-lidar-dsm-2m", "stage_ft": 477.9, "shore_buffer_m": 4.0, "verdict": "above_water_at_flight"}}, {"type": "Feature", "geometry": {"type": "Point", "coordinates": [-68.8109063, 45.7325795]}, "properties": {"lon": -68.8109063, "lat": 45.7325795, "area_m2": 24.0, "height_max_m": 1.18, "height_mean_m": 0.67, "class": "rock", "source": "3dep-lidar-dsm-2m", "stage_ft": 477.9, "shore_buffer_m": 4.0, "verdict": "above_water_at_flight"}}, {"type": "Feature", "geometry": {"type": "Point", "coordinates": [-68.8359303, 45.7336288]}, "properties": {"lon": -68.8359303, "lat": 45.7336288, "area_m2": 24.0, "height_max_m": 0.26, "height_mean_m": 0.21, "class": "rock", "source": "3dep-lidar-dsm-2m", "stage_ft": 477.9, "shore_buffer_m": 4.0, "verdict": "above_water_at_flight"}}, {"type": "Feature", "geometry": {"type": "Point", "coordinates": [-68.7888714, 45.7338411]}, "properties": {"lon": -68.7888714, "lat": 45.7338411, "area_m2": 24.0, "height_max_m": 0.24, "height_mean_m": 0.19, "class": "rock", "source": "3dep-lidar-dsm-2m", "stage_ft": 477.9, "shore_buffer_m": 4.0, "verdict": "above_water_at_flight"}}, {"type": "Feature", "geometry": {"type": "Point", "coordinates": [-68.790383, 45.7339158]}, "properties": {"lon": -68.790383, "lat": 45.7339158, "area_m2": 24.0, "height_max_m": 0.6, "height_mean_m": 0.32, "class": "rock", "source": "3dep-lidar-dsm-2m", "stage_ft": 477.9, "shore_buffer_m": 4.0, "verdict": "above_water_at_flight"}}, {"type": "Feature", "geometry": {"type": "Point", "coordinates": [-68.8370941, 45.7339427]}, "properties": {"lon": -68.8370941, "lat": 45.7339427, "area_m2": 24.0, "height_max_m": 0.34, "height_mean_m": 0.22, "class": "rock", "source": "3dep-lidar-dsm-2m", "stage_ft": 477.9, "shore_buffer_m": 4.0, "verdict": "above_water_at_flight"}}, {"type": "Feature", "geometry": {"type": "Point", "coordinates": [-68.8221622, 45.7346183]}, "properties": {"lon": -68.8221622, "lat": 45.7346183, "area_m2": 24.0, "height_max_m": 2.75, "height_mean_m": 1.0, "class": "rock", "source": "3dep-lidar-dsm-2m", "stage_ft": 477.9, "shore_buffer_m": 4.0, "verdict": "above_water_at_flight"}}, {"type": "Feature", "geometry": {"type": "Point", "coordinates": [-68.8218487, 45.7348575]}, "properties": {"lon": -68.8218487, "lat": 45.7348575, "area_m2": 24.0, "height_max_m": 0.77, "height_mean_m": 0.59, "class": "rock", "source": "3dep-lidar-dsm-2m", "stage_ft": 477.9, "shore_buffer_m": 4.0, "verdict": "above_water_at_flight"}}, {"type": "Feature", "geometry": {"type": "Point", "coordinates": [-68.8319793, 45.7354255]}, "properties": {"lon": -68.8319793, "lat": 45.7354255, "area_m2": 24.0, "height_max_m": 0.35, "height_mean_m": 0.27, "class": "rock", "source": "3dep-lidar-dsm-2m", "stage_ft": 477.9, "shore_buffer_m": 4.0, "verdict": "above_water_at_flight"}}, {"type": "Feature", "geometry": {"type": "Point", "coordinates": [-68.8116321, 45.736678]}, "properties": {"lon": -68.8116321, "lat": 45.736678, "area_m2": 24.0, "height_max_m": 1.14, "height_mean_m": 0.47, "class": "rock", "source": "3dep-lidar-dsm-2m", "stage_ft": 477.9, "shore_buffer_m": 4.0, "verdict": "above_water_at_flight"}}, {"type": "Feature", "geometry": {"type": "Point", "coordinates": [-68.8349726, 45.7376227]}, "properties": {"lon": -68.8349726, "lat": 45.7376227, "area_m2": 24.0, "height_max_m": 0.38, "height_mean_m": 0.23, "class": "rock", "source": "3dep-lidar-dsm-2m", "stage_ft": 477.9, "shore_buffer_m": 4.0, "verdict": "above_water_at_flight"}}, {"type": "Feature", "geometry": {"type": "Point", "coordinates": [-68.8260916, 45.7390726]}, "properties": {"lon": -68.8260916, "lat": 45.7390726, "area_m2": 24.0, "height_max_m": 3.33, "height_mean_m": 1.13, "class": "rock", "source": "3dep-lidar-dsm-2m", "stage_ft": 477.9, "shore_buffer_m": 4.0, "verdict": "above_water_at_flight"}}, {"type": "Feature", "geometry": {"type": "Point", "coordinates": [-68.820453, 45.7391563]}, "properties": {"lon": -68.820453, "lat": 45.7391563, "area_m2": 24.0, "height_max_m": 0.43, "height_mean_m": 0.25, "class": "rock", "source": "3dep-lidar-dsm-2m", "stage_ft": 477.9, "shore_buffer_m": 4.0, "verdict": "above_water_at_flight"}}, {"type": "Feature", "geometry": {"type": "Point", "coordinates": [-68.8259757, 45.7391981]}, "properties": {"lon": -68.8259757, "lat": 45.7391981, "area_m2": 24.0, "height_max_m": 0.61, "height_mean_m": 0.32, "class": "rock", "source": "3dep-lidar-dsm-2m", "stage_ft": 477.9, "shore_buffer_m": 4.0, "verdict": "above_water_at_flight"}}, {"type": "Feature", "geometry": {"type": "Point", "coordinates": [-68.8331045, 45.7405374]}, "properties": {"lon": -68.8331045, "lat": 45.7405374, "area_m2": 24.0, "height_max_m": 0.48, "height_mean_m": 0.27, "class": "rock", "source": "3dep-lidar-dsm-2m", "stage_ft": 477.9, "shore_buffer_m": 4.0, "verdict": "above_water_at_flight"}}, {"type": "Feature", "geometry": {"type": "Point", "coordinates": [-68.7827646, 45.740657]}, "properties": {"lon": -68.7827646, "lat": 45.740657, "area_m2": 24.0, "height_max_m": 0.43, "height_mean_m": 0.31, "class": "rock", "source": "3dep-lidar-dsm-2m", "stage_ft": 477.9, "shore_buffer_m": 4.0, "verdict": "above_water_at_flight"}}, {"type": "Feature", "geometry": {"type": "Point", "coordinates": [-68.8338818, 45.7410815]}, "properties": {"lon": -68.8338818, "lat": 45.7410815, "area_m2": 24.0, "height_max_m": 0.26, "height_mean_m": 0.21, "class": "rock", "source": "3dep-lidar-dsm-2m", "stage_ft": 477.9, "shore_buffer_m": 4.0, "verdict": "above_water_at_flight"}}, {"type": "Feature", "geometry": {"type": "Point", "coordinates": [-68.8341137, 45.7411054]}, "properties": {"lon": -68.8341137, "lat": 45.7411054, "area_m2": 24.0, "height_max_m": 0.2, "height_mean_m": 0.17, "class": "rock", "source": "3dep-lidar-dsm-2m", "stage_ft": 477.9, "shore_buffer_m": 4.0, "verdict": "above_water_at_flight"}}, {"type": "Feature", "geometry": {"type": "Point", "coordinates": [-68.8342039, 45.7412519]}, "properties": {"lon": -68.8342039, "lat": 45.7412519, "area_m2": 24.0, "height_max_m": 0.42, "height_mean_m": 0.3, "class": "rock", "source": "3dep-lidar-dsm-2m", "stage_ft": 477.9, "shore_buffer_m": 4.0, "verdict": "above_water_at_flight"}}, {"type": "Feature", "geometry": {"type": "Point", "coordinates": [-68.8189757, 45.7416106]}, "properties": {"lon": -68.8189757, "lat": 45.7416106, "area_m2": 24.0, "height_max_m": 0.79, "height_mean_m": 0.36, "class": "rock", "source": "3dep-lidar-dsm-2m", "stage_ft": 477.9, "shore_buffer_m": 4.0, "verdict": "above_water_at_flight"}}, {"type": "Feature", "geometry": {"type": "Point", "coordinates": [-68.8295057, 45.7417959]}, "properties": {"lon": -68.8295057, "lat": 45.7417959, "area_m2": 24.0, "height_max_m": 0.3, "height_mean_m": 0.21, "class": "rock", "source": "3dep-lidar-dsm-2m", "stage_ft": 477.9, "shore_buffer_m": 4.0, "verdict": "above_water_at_flight"}}, {"type": "Feature", "geometry": {"type": "Point", "coordinates": [-68.7861143, 45.7419903]}, "properties": {"lon": -68.7861143, "lat": 45.7419903, "area_m2": 24.0, "height_max_m": 1.11, "height_mean_m": 0.47, "class": "rock", "source": "3dep-lidar-dsm-2m", "stage_ft": 477.9, "shore_buffer_m": 4.0, "verdict": "above_water_at_flight"}}, {"type": "Feature", "geometry": {"type": "Point", "coordinates": [-68.7811241, 45.7421218]}, "properties": {"lon": -68.7811241, "lat": 45.7421218, "area_m2": 24.0, "height_max_m": 0.38, "height_mean_m": 0.29, "class": "rock", "source": "3dep-lidar-dsm-2m", "stage_ft": 477.9, "shore_buffer_m": 4.0, "verdict": "above_water_at_flight"}}, {"type": "Feature", "geometry": {"type": "Point", "coordinates": [-68.7351818, 45.7422922]}, "properties": {"lon": -68.7351818, "lat": 45.7422922, "area_m2": 24.0, "height_max_m": 0.23, "height_mean_m": 0.18, "class": "rock", "source": "3dep-lidar-dsm-2m", "stage_ft": 477.9, "shore_buffer_m": 4.0, "verdict": "above_water_at_flight"}}, {"type": "Feature", "geometry": {"type": "Point", "coordinates": [-68.7862646, 45.7424446]}, "properties": {"lon": -68.7862646, "lat": 45.7424446, "area_m2": 24.0, "height_max_m": 0.56, "height_mean_m": 0.36, "class": "rock", "source": "3dep-lidar-dsm-2m", "stage_ft": 477.9, "shore_buffer_m": 4.0, "verdict": "above_water_at_flight"}}, {"type": "Feature", "geometry": {"type": "Point", "coordinates": [-68.8220677, 45.7424716]}, "properties": {"lon": -68.8220677, "lat": 45.7424716, "area_m2": 24.0, "height_max_m": 0.34, "height_mean_m": 0.27, "class": "rock", "source": "3dep-lidar-dsm-2m", "stage_ft": 477.9, "shore_buffer_m": 4.0, "verdict": "above_water_at_flight"}}, {"type": "Feature", "geometry": {"type": "Point", "coordinates": [-68.8287198, 45.7428781]}, "properties": {"lon": -68.8287198, "lat": 45.7428781, "area_m2": 24.0, "height_max_m": 0.36, "height_mean_m": 0.24, "class": "rock", "source": "3dep-lidar-dsm-2m", "stage_ft": 477.9, "shore_buffer_m": 4.0, "verdict": "above_water_at_flight"}}, {"type": "Feature", "geometry": {"type": "Point", "coordinates": [-68.8205689, 45.7431262]}, "properties": {"lon": -68.8205689, "lat": 45.7431262, "area_m2": 24.0, "height_max_m": 0.67, "height_mean_m": 0.44, "class": "rock", "source": "3dep-lidar-dsm-2m", "stage_ft": 477.9, "shore_buffer_m": 4.0, "verdict": "above_water_at_flight"}}, {"type": "Feature", "geometry": {"type": "Point", "coordinates": [-68.8325977, 45.7433714]}, "properties": {"lon": -68.8325977, "lat": 45.7433714, "area_m2": 24.0, "height_max_m": 0.34, "height_mean_m": 0.21, "class": "rock", "source": "3dep-lidar-dsm-2m", "stage_ft": 477.9, "shore_buffer_m": 4.0, "verdict": "above_water_at_flight"}}, {"type": "Feature", "geometry": {"type": "Point", "coordinates": [-68.7856977, 45.7433953]}, "properties": {"lon": -68.7856977, "lat": 45.7433953, "area_m2": 24.0, "height_max_m": 0.67, "height_mean_m": 0.41, "class": "rock", "source": "3dep-lidar-dsm-2m", "stage_ft": 477.9, "shore_buffer_m": 4.0, "verdict": "above_water_at_flight"}}, {"type": "Feature", "geometry": {"type": "Point", "coordinates": [-68.8072904, 45.7435208]}, "properties": {"lon": -68.8072904, "lat": 45.7435208, "area_m2": 24.0, "height_max_m": 0.15, "height_mean_m": 0.15, "class": "rock", "source": "3dep-lidar-dsm-2m", "stage_ft": 477.9, "shore_buffer_m": 4.0, "verdict": "above_water_at_flight"}}, {"type": "Feature", "geometry": {"type": "Point", "coordinates": [-68.8297849, 45.7438258]}, "properties": {"lon": -68.8297849, "lat": 45.7438258, "area_m2": 24.0, "height_max_m": 0.26, "height_mean_m": 0.22, "class": "rock", "source": "3dep-lidar-dsm-2m", "stage_ft": 477.9, "shore_buffer_m": 4.0, "verdict": "above_water_at_flight"}}, {"type": "Feature", "geometry": {"type": "Point", "coordinates": [-68.829772, 45.74405]}, "properties": {"lon": -68.829772, "lat": 45.74405, "area_m2": 24.0, "height_max_m": 0.4, "height_mean_m": 0.26, "class": "rock", "source": "3dep-lidar-dsm-2m", "stage_ft": 477.9, "shore_buffer_m": 4.0, "verdict": "above_water_at_flight"}}, {"type": "Feature", "geometry": {"type": "Point", "coordinates": [-68.7776026, 45.7444625]}, "properties": {"lon": -68.7776026, "lat": 45.7444625, "area_m2": 24.0, "height_max_m": 10.73, "height_mean_m": 4.36, "class": "rock", "source": "3dep-lidar-dsm-2m", "stage_ft": 477.9, "shore_buffer_m": 4.0, "verdict": "above_water_at_flight"}}, {"type": "Feature", "geometry": {"type": "Point", "coordinates": [-68.7355382, 45.7445193]}, "properties": {"lon": -68.7355382, "lat": 45.7445193, "area_m2": 24.0, "height_max_m": 0.37, "height_mean_m": 0.22, "class": "rock", "source": "3dep-lidar-dsm-2m", "stage_ft": 477.9, "shore_buffer_m": 4.0, "verdict": "above_water_at_flight"}}, {"type": "Feature", "geometry": {"type": "Point", "coordinates": [-68.7775296, 45.7447943]}, "properties": {"lon": -68.7775296, "lat": 45.7447943, "area_m2": 24.0, "height_max_m": 0.26, "height_mean_m": 0.2, "class": "rock", "source": "3dep-lidar-dsm-2m", "stage_ft": 477.9, "shore_buffer_m": 4.0, "verdict": "above_water_at_flight"}}, {"type": "Feature", "geometry": {"type": "Point", "coordinates": [-68.8330487, 45.745446]}, "properties": {"lon": -68.8330487, "lat": 45.745446, "area_m2": 24.0, "height_max_m": 3.53, "height_mean_m": 1.65, "class": "rock", "source": "3dep-lidar-dsm-2m", "stage_ft": 477.9, "shore_buffer_m": 4.0, "verdict": "above_water_at_flight"}}, {"type": "Feature", "geometry": {"type": "Point", "coordinates": [-68.8012867, 45.7454221]}, "properties": {"lon": -68.8012867, "lat": 45.7454221, "area_m2": 24.0, "height_max_m": 0.34, "height_mean_m": 0.22, "class": "rock", "source": "3dep-lidar-dsm-2m", "stage_ft": 477.9, "shore_buffer_m": 4.0, "verdict": "above_water_at_flight"}}, {"type": "Feature", "geometry": {"type": "Point", "coordinates": [-68.8043014, 45.7455118]}, "properties": {"lon": -68.8043014, "lat": 45.7455118, "area_m2": 24.0, "height_max_m": 0.3, "height_mean_m": 0.2, "class": "rock", "source": "3dep-lidar-dsm-2m", "stage_ft": 477.9, "shore_buffer_m": 4.0, "verdict": "above_water_at_flight"}}, {"type": "Feature", "geometry": {"type": "Point", "coordinates": [-68.8305836, 45.7455477]}, "properties": {"lon": -68.8305836, "lat": 45.7455477, "area_m2": 24.0, "height_max_m": 0.35, "height_mean_m": 0.23, "class": "rock", "source": "3dep-lidar-dsm-2m", "stage_ft": 477.9, "shore_buffer_m": 4.0, "verdict": "above_water_at_flight"}}, {"type": "Feature", "geometry": {"type": "Point", "coordinates": [-68.8269634, 45.7458795]}, "properties": {"lon": -68.8269634, "lat": 45.7458795, "area_m2": 24.0, "height_max_m": 0.32, "height_mean_m": 0.23, "class": "rock", "source": "3dep-lidar-dsm-2m", "stage_ft": 477.9, "shore_buffer_m": 4.0, "verdict": "above_water_at_flight"}}, {"type": "Feature", "geometry": {"type": "Point", "coordinates": [-68.7363542, 45.7460619]}, "properties": {"lon": -68.7363542, "lat": 45.7460619, "area_m2": 24.0, "height_max_m": 0.27, "height_mean_m": 0.23, "class": "rock", "source": "3dep-lidar-dsm-2m", "stage_ft": 477.9, "shore_buffer_m": 4.0, "verdict": "above_water_at_flight"}}, {"type": "Feature", "geometry": {"type": "Point", "coordinates": [-68.8340879, 45.7460678]}, "properties": {"lon": -68.8340879, "lat": 45.7460678, "area_m2": 24.0, "height_max_m": 0.5, "height_mean_m": 0.34, "class": "rock", "source": "3dep-lidar-dsm-2m", "stage_ft": 477.9, "shore_buffer_m": 4.0, "verdict": "above_water_at_flight"}}, {"type": "Feature", "geometry": {"type": "Point", "coordinates": [-68.8201223, 45.7462472]}, "properties": {"lon": -68.8201223, "lat": 45.7462472, "area_m2": 24.0, "height_max_m": 0.48, "height_mean_m": 0.28, "class": "rock", "source": "3dep-lidar-dsm-2m", "stage_ft": 477.9, "shore_buffer_m": 4.0, "verdict": "above_water_at_flight"}}, {"type": "Feature", "geometry": {"type": "Point", "coordinates": [-68.7799947, 45.7463429]}, "properties": {"lon": -68.7799947, "lat": 45.7463429, "area_m2": 24.0, "height_max_m": 3.96, "height_mean_m": 1.92, "class": "rock", "source": "3dep-lidar-dsm-2m", "stage_ft": 477.9, "shore_buffer_m": 4.0, "verdict": "above_water_at_flight"}}, {"type": "Feature", "geometry": {"type": "Point", "coordinates": [-68.7814161, 45.7465103]}, "properties": {"lon": -68.7814161, "lat": 45.7465103, "area_m2": 24.0, "height_max_m": 0.48, "height_mean_m": 0.28, "class": "rock", "source": "3dep-lidar-dsm-2m", "stage_ft": 477.9, "shore_buffer_m": 4.0, "verdict": "above_water_at_flight"}}, {"type": "Feature", "geometry": {"type": "Point", "coordinates": [-68.8350027, 45.7467225]}, "properties": {"lon": -68.8350027, "lat": 45.7467225, "area_m2": 24.0, "height_max_m": 0.35, "height_mean_m": 0.28, "class": "rock", "source": "3dep-lidar-dsm-2m", "stage_ft": 477.9, "shore_buffer_m": 4.0, "verdict": "above_water_at_flight"}}, {"type": "Feature", "geometry": {"type": "Point", "coordinates": [-68.7456904, 45.7467375]}, "properties": {"lon": -68.7456904, "lat": 45.7467375, "area_m2": 24.0, "height_max_m": 0.5, "height_mean_m": 0.28, "class": "rock", "source": "3dep-lidar-dsm-2m", "stage_ft": 477.9, "shore_buffer_m": 4.0, "verdict": "above_water_at_flight"}}, {"type": "Feature", "geometry": {"type": "Point", "coordinates": [-68.7358388, 45.7468391]}, "properties": {"lon": -68.7358388, "lat": 45.7468391, "area_m2": 24.0, "height_max_m": 0.76, "height_mean_m": 0.34, "class": "rock", "source": "3dep-lidar-dsm-2m", "stage_ft": 477.9, "shore_buffer_m": 4.0, "verdict": "above_water_at_flight"}}, {"type": "Feature", "geometry": {"type": "Point", "coordinates": [-68.8203027, 45.7469467]}, "properties": {"lon": -68.8203027, "lat": 45.7469467, "area_m2": 24.0, "height_max_m": 2.0, "height_mean_m": 1.19, "class": "rock", "source": "3dep-lidar-dsm-2m", "stage_ft": 477.9, "shore_buffer_m": 4.0, "verdict": "above_water_at_flight"}}, {"type": "Feature", "geometry": {"type": "Point", "coordinates": [-68.7866253, 45.7472337]}, "properties": {"lon": -68.7866253, "lat": 45.7472337, "area_m2": 24.0, "height_max_m": 0.34, "height_mean_m": 0.24, "class": "rock", "source": "3dep-lidar-dsm-2m", "stage_ft": 477.9, "shore_buffer_m": 4.0, "verdict": "above_water_at_flight"}}, {"type": "Feature", "geometry": {"type": "Point", "coordinates": [-68.8200965, 45.7472696]}, "properties": {"lon": -68.8200965, "lat": 45.7472696, "area_m2": 24.0, "height_max_m": 0.69, "height_mean_m": 0.39, "class": "rock", "source": "3dep-lidar-dsm-2m", "stage_ft": 477.9, "shore_buffer_m": 4.0, "verdict": "above_water_at_flight"}}, {"type": "Feature", "geometry": {"type": "Point", "coordinates": [-68.8286554, 45.7478465]}, "properties": {"lon": -68.8286554, "lat": 45.7478465, "area_m2": 24.0, "height_max_m": 2.44, "height_mean_m": 0.9, "class": "rock", "source": "3dep-lidar-dsm-2m", "stage_ft": 477.9, "shore_buffer_m": 4.0, "verdict": "above_water_at_flight"}}, {"type": "Feature", "geometry": {"type": "Point", "coordinates": [-68.8352947, 45.7479213]}, "properties": {"lon": -68.8352947, "lat": 45.7479213, "area_m2": 24.0, "height_max_m": 0.79, "height_mean_m": 0.38, "class": "rock", "source": "3dep-lidar-dsm-2m", "stage_ft": 477.9, "shore_buffer_m": 4.0, "verdict": "above_water_at_flight"}}, {"type": "Feature", "geometry": {"type": "Point", "coordinates": [-68.8334137, 45.748011]}, "properties": {"lon": -68.8334137, "lat": 45.748011, "area_m2": 24.0, "height_max_m": 0.36, "height_mean_m": 0.25, "class": "rock", "source": "3dep-lidar-dsm-2m", "stage_ft": 477.9, "shore_buffer_m": 4.0, "verdict": "above_water_at_flight"}}, {"type": "Feature", "geometry": {"type": "Point", "coordinates": [-68.8063928, 45.7480349]}, "properties": {"lon": -68.8063928, "lat": 45.7480349, "area_m2": 24.0, "height_max_m": 0.29, "height_mean_m": 0.23, "class": "rock", "source": "3dep-lidar-dsm-2m", "stage_ft": 477.9, "shore_buffer_m": 4.0, "verdict": "above_water_at_flight"}}, {"type": "Feature", "geometry": {"type": "Point", "coordinates": [-68.7987658, 45.7480349]}, "properties": {"lon": -68.7987658, "lat": 45.7480349, "area_m2": 24.0, "height_max_m": 0.49, "height_mean_m": 0.33, "class": "rock", "source": "3dep-lidar-dsm-2m", "stage_ft": 477.9, "shore_buffer_m": 4.0, "verdict": "above_water_at_flight"}}, {"type": "Feature", "geometry": {"type": "Point", "coordinates": [-68.8255977, 45.7483906]}, "properties": {"lon": -68.8255977, "lat": 45.7483906, "area_m2": 24.0, "height_max_m": 0.24, "height_mean_m": 0.18, "class": "rock", "source": "3dep-lidar-dsm-2m", "stage_ft": 477.9, "shore_buffer_m": 4.0, "verdict": "above_water_at_flight"}}, {"type": "Feature", "geometry": {"type": "Point", "coordinates": [-68.8085744, 45.7484594]}, "properties": {"lon": -68.8085744, "lat": 45.7484594, "area_m2": 24.0, "height_max_m": 0.3, "height_mean_m": 0.2, "class": "rock", "source": "3dep-lidar-dsm-2m", "stage_ft": 477.9, "shore_buffer_m": 4.0, "verdict": "above_water_at_flight"}}, {"type": "Feature", "geometry": {"type": "Point", "coordinates": [-68.827002, 45.7486148]}, "properties": {"lon": -68.827002, "lat": 45.7486148, "area_m2": 24.0, "height_max_m": 0.33, "height_mean_m": 0.23, "class": "rock", "source": "3dep-lidar-dsm-2m", "stage_ft": 477.9, "shore_buffer_m": 4.0, "verdict": "above_water_at_flight"}}, {"type": "Feature", "geometry": {"type": "Point", "coordinates": [-68.8211658, 45.7486238]}, "properties": {"lon": -68.8211658, "lat": 45.7486238, "area_m2": 24.0, "height_max_m": 0.51, "height_mean_m": 0.3, "class": "rock", "source": "3dep-lidar-dsm-2m", "stage_ft": 477.9, "shore_buffer_m": 4.0, "verdict": "above_water_at_flight"}}, {"type": "Feature", "geometry": {"type": "Point", "coordinates": [-68.8224542, 45.7486597]}, "properties": {"lon": -68.8224542, "lat": 45.7486597, "area_m2": 24.0, "height_max_m": 0.27, "height_mean_m": 0.21, "class": "rock", "source": "3dep-lidar-dsm-2m", "stage_ft": 477.9, "shore_buffer_m": 4.0, "verdict": "above_water_at_flight"}}, {"type": "Feature", "geometry": {"type": "Point", "coordinates": [-68.8334051, 45.7490722]}, "properties": {"lon": -68.8334051, "lat": 45.7490722, "area_m2": 24.0, "height_max_m": 0.46, "height_mean_m": 0.32, "class": "rock", "source": "3dep-lidar-dsm-2m", "stage_ft": 477.9, "shore_buffer_m": 4.0, "verdict": "above_water_at_flight"}}, {"type": "Feature", "geometry": {"type": "Point", "coordinates": [-68.8078873, 45.7492546]}, "properties": {"lon": -68.8078873, "lat": 45.7492546, "area_m2": 24.0, "height_max_m": 2.95, "height_mean_m": 1.24, "class": "rock", "source": "3dep-lidar-dsm-2m", "stage_ft": 477.9, "shore_buffer_m": 4.0, "verdict": "above_water_at_flight"}}, {"type": "Feature", "geometry": {"type": "Point", "coordinates": [-68.8357499, 45.7493054]}, "properties": {"lon": -68.8357499, "lat": 45.7493054, "area_m2": 24.0, "height_max_m": 0.25, "height_mean_m": 0.21, "class": "rock", "source": "3dep-lidar-dsm-2m", "stage_ft": 477.9, "shore_buffer_m": 4.0, "verdict": "above_water_at_flight"}}, {"type": "Feature", "geometry": {"type": "Point", "coordinates": [-68.7372345, 45.7493203]}, "properties": {"lon": -68.7372345, "lat": 45.7493203, "area_m2": 24.0, "height_max_m": 3.62, "height_mean_m": 1.25, "class": "rock", "source": "3dep-lidar-dsm-2m", "stage_ft": 477.9, "shore_buffer_m": 4.0, "verdict": "above_water_at_flight"}}, {"type": "Feature", "geometry": {"type": "Point", "coordinates": [-68.8245241, 45.7493831]}, "properties": {"lon": -68.8245241, "lat": 45.7493831, "area_m2": 24.0, "height_max_m": 0.24, "height_mean_m": 0.2, "class": "rock", "source": "3dep-lidar-dsm-2m", "stage_ft": 477.9, "shore_buffer_m": 4.0, "verdict": "above_water_at_flight"}}, {"type": "Feature", "geometry": {"type": "Point", "coordinates": [-68.8236953, 45.7496253]}, "properties": {"lon": -68.8236953, "lat": 45.7496253, "area_m2": 24.0, "height_max_m": 0.25, "height_mean_m": 0.21, "class": "rock", "source": "3dep-lidar-dsm-2m", "stage_ft": 477.9, "shore_buffer_m": 4.0, "verdict": "above_water_at_flight"}}, {"type": "Feature", "geometry": {"type": "Point", "coordinates": [-68.8363082, 45.7497687]}, "properties": {"lon": -68.8363082, "lat": 45.7497687, "area_m2": 24.0, "height_max_m": 0.5, "height_mean_m": 0.32, "class": "rock", "source": "3dep-lidar-dsm-2m", "stage_ft": 477.9, "shore_buffer_m": 4.0, "verdict": "above_water_at_flight"}}, {"type": "Feature", "geometry": {"type": "Point", "coordinates": [-68.7773407, 45.7501215]}, "properties": {"lon": -68.7773407, "lat": 45.7501215, "area_m2": 24.0, "height_max_m": 0.27, "height_mean_m": 0.22, "class": "rock", "source": "3dep-lidar-dsm-2m", "stage_ft": 477.9, "shore_buffer_m": 4.0, "verdict": "above_water_at_flight"}}, {"type": "Feature", "geometry": {"type": "Point", "coordinates": [-68.835707, 45.7502381]}, "properties": {"lon": -68.835707, "lat": 45.7502381, "area_m2": 24.0, "height_max_m": 1.0, "height_mean_m": 0.47, "class": "rock", "source": "3dep-lidar-dsm-2m", "stage_ft": 477.9, "shore_buffer_m": 4.0, "verdict": "above_water_at_flight"}}, {"type": "Feature", "geometry": {"type": "Point", "coordinates": [-68.8412125, 45.7502919]}, "properties": {"lon": -68.8412125, "lat": 45.7502919, "area_m2": 24.0, "height_max_m": 0.33, "height_mean_m": 0.23, "class": "rock", "source": "3dep-lidar-dsm-2m", "stage_ft": 477.9, "shore_buffer_m": 4.0, "verdict": "above_water_at_flight"}}, {"type": "Feature", "geometry": {"type": "Point", "coordinates": [-68.8253658, 45.7505251]}, "properties": {"lon": -68.8253658, "lat": 45.7505251, "area_m2": 24.0, "height_max_m": 0.28, "height_mean_m": 0.23, "class": "rock", "source": "3dep-lidar-dsm-2m", "stage_ft": 477.9, "shore_buffer_m": 4.0, "verdict": "above_water_at_flight"}}, {"type": "Feature", "geometry": {"type": "Point", "coordinates": [-68.8187438, 45.7508629]}, "properties": {"lon": -68.8187438, "lat": 45.7508629, "area_m2": 24.0, "height_max_m": 0.62, "height_mean_m": 0.31, "class": "rock", "source": "3dep-lidar-dsm-2m", "stage_ft": 477.9, "shore_buffer_m": 4.0, "verdict": "above_water_at_flight"}}, {"type": "Feature", "geometry": {"type": "Point", "coordinates": [-68.7589904, 45.7508659]}, "properties": {"lon": -68.7589904, "lat": 45.7508659, "area_m2": 24.0, "height_max_m": 2.78, "height_mean_m": 1.31, "class": "rock", "source": "3dep-lidar-dsm-2m", "stage_ft": 477.9, "shore_buffer_m": 4.0, "verdict": "above_water_at_flight"}}, {"type": "Feature", "geometry": {"type": "Point", "coordinates": [-68.7597118, 45.7510303]}, "properties": {"lon": -68.7597118, "lat": 45.7510303, "area_m2": 24.0, "height_max_m": 4.48, "height_mean_m": 2.08, "class": "rock", "source": "3dep-lidar-dsm-2m", "stage_ft": 477.9, "shore_buffer_m": 4.0, "verdict": "above_water_at_flight"}}, {"type": "Feature", "geometry": {"type": "Point", "coordinates": [-68.7896658, 45.751108]}, "properties": {"lon": -68.7896658, "lat": 45.751108, "area_m2": 24.0, "height_max_m": 0.18, "height_mean_m": 0.17, "class": "rock", "source": "3dep-lidar-dsm-2m", "stage_ft": 477.9, "shore_buffer_m": 4.0, "verdict": "above_water_at_flight"}}, {"type": "Feature", "geometry": {"type": "Point", "coordinates": [-68.8118726, 45.7513711]}, "properties": {"lon": -68.8118726, "lat": 45.7513711, "area_m2": 24.0, "height_max_m": 0.48, "height_mean_m": 0.28, "class": "rock", "source": "3dep-lidar-dsm-2m", "stage_ft": 477.9, "shore_buffer_m": 4.0, "verdict": "above_water_at_flight"}}, {"type": "Feature", "geometry": {"type": "Point", "coordinates": [-68.7531456, 45.7523337]}, "properties": {"lon": -68.7531456, "lat": 45.7523337, "area_m2": 24.0, "height_max_m": 8.8, "height_mean_m": 2.24, "class": "rock", "source": "3dep-lidar-dsm-2m", "stage_ft": 477.9, "shore_buffer_m": 4.0, "verdict": "above_water_at_flight"}}, {"type": "Feature", "geometry": {"type": "Point", "coordinates": [-68.7239088, 45.7537985]}, "properties": {"lon": -68.7239088, "lat": 45.7537985, "area_m2": 24.0, "height_max_m": 0.16, "height_mean_m": 0.16, "class": "rock", "source": "3dep-lidar-dsm-2m", "stage_ft": 477.9, "shore_buffer_m": 4.0, "verdict": "above_water_at_flight"}}, {"type": "Feature", "geometry": {"type": "Point", "coordinates": [-68.7248492, 45.7540167]}, "properties": {"lon": -68.7248492, "lat": 45.7540167, "area_m2": 24.0, "height_max_m": 0.76, "height_mean_m": 0.35, "class": "rock", "source": "3dep-lidar-dsm-2m", "stage_ft": 477.9, "shore_buffer_m": 4.0, "verdict": "above_water_at_flight"}}, {"type": "Feature", "geometry": {"type": "Point", "coordinates": [-68.7556278, 45.7547671]}, "properties": {"lon": -68.7556278, "lat": 45.7547671, "area_m2": 24.0, "height_max_m": 0.65, "height_mean_m": 0.37, "class": "rock", "source": "3dep-lidar-dsm-2m", "stage_ft": 477.9, "shore_buffer_m": 4.0, "verdict": "above_water_at_flight"}}, {"type": "Feature", "geometry": {"type": "Point", "coordinates": [-68.774502, 45.7551706]}, "properties": {"lon": -68.774502, "lat": 45.7551706, "area_m2": 24.0, "height_max_m": 0.16, "height_mean_m": 0.16, "class": "rock", "source": "3dep-lidar-dsm-2m", "stage_ft": 477.9, "shore_buffer_m": 4.0, "verdict": "above_water_at_flight"}}, {"type": "Feature", "geometry": {"type": "Point", "coordinates": [-68.8198517, 45.7557984]}, "properties": {"lon": -68.8198517, "lat": 45.7557984, "area_m2": 24.0, "height_max_m": 0.33, "height_mean_m": 0.24, "class": "rock", "source": "3dep-lidar-dsm-2m", "stage_ft": 477.9, "shore_buffer_m": 4.0, "verdict": "above_water_at_flight"}}, {"type": "Feature", "geometry": {"type": "Point", "coordinates": [-68.7541161, 45.7559778]}, "properties": {"lon": -68.7541161, "lat": 45.7559778, "area_m2": 24.0, "height_max_m": 1.37, "height_mean_m": 0.47, "class": "rock", "source": "3dep-lidar-dsm-2m", "stage_ft": 477.9, "shore_buffer_m": 4.0, "verdict": "above_water_at_flight"}}, {"type": "Feature", "geometry": {"type": "Point", "coordinates": [-68.8205088, 45.7562737]}, "properties": {"lon": -68.8205088, "lat": 45.7562737, "area_m2": 24.0, "height_max_m": 1.33, "height_mean_m": 0.75, "class": "rock", "source": "3dep-lidar-dsm-2m", "stage_ft": 477.9, "shore_buffer_m": 4.0, "verdict": "above_water_at_flight"}}, {"type": "Feature", "geometry": {"type": "Point", "coordinates": [-68.7909413, 45.7563485]}, "properties": {"lon": -68.7909413, "lat": 45.7563485, "area_m2": 24.0, "height_max_m": 0.19, "height_mean_m": 0.18, "class": "rock", "source": "3dep-lidar-dsm-2m", "stage_ft": 477.9, "shore_buffer_m": 4.0, "verdict": "above_water_at_flight"}}, {"type": "Feature", "geometry": {"type": "Point", "coordinates": [-68.8238714, 45.7568746]}, "properties": {"lon": -68.8238714, "lat": 45.7568746, "area_m2": 24.0, "height_max_m": 0.67, "height_mean_m": 0.42, "class": "rock", "source": "3dep-lidar-dsm-2m", "stage_ft": 477.9, "shore_buffer_m": 4.0, "verdict": "above_water_at_flight"}}, {"type": "Feature", "geometry": {"type": "Point", "coordinates": [-68.785775, 45.7570091]}, "properties": {"lon": -68.785775, "lat": 45.7570091, "area_m2": 24.0, "height_max_m": 0.65, "height_mean_m": 0.35, "class": "rock", "source": "3dep-lidar-dsm-2m", "stage_ft": 477.9, "shore_buffer_m": 4.0, "verdict": "above_water_at_flight"}}, {"type": "Feature", "geometry": {"type": "Point", "coordinates": [-68.7432854, 45.7577744]}, "properties": {"lon": -68.7432854, "lat": 45.7577744, "area_m2": 24.0, "height_max_m": 1.98, "height_mean_m": 0.65, "class": "rock", "source": "3dep-lidar-dsm-2m", "stage_ft": 477.9, "shore_buffer_m": 4.0, "verdict": "above_water_at_flight"}}, {"type": "Feature", "geometry": {"type": "Point", "coordinates": [-68.7437664, 45.7584172]}, "properties": {"lon": -68.7437664, "lat": 45.7584172, "area_m2": 24.0, "height_max_m": 2.18, "height_mean_m": 1.18, "class": "rock", "source": "3dep-lidar-dsm-2m", "stage_ft": 477.9, "shore_buffer_m": 4.0, "verdict": "above_water_at_flight"}}, {"type": "Feature", "geometry": {"type": "Point", "coordinates": [-68.745583, 45.7589134]}, "properties": {"lon": -68.745583, "lat": 45.7589134, "area_m2": 24.0, "height_max_m": 1.22, "height_mean_m": 0.42, "class": "rock", "source": "3dep-lidar-dsm-2m", "stage_ft": 477.9, "shore_buffer_m": 4.0, "verdict": "above_water_at_flight"}}, {"type": "Feature", "geometry": {"type": "Point", "coordinates": [-68.7435818, 45.7609283]}, "properties": {"lon": -68.7435818, "lat": 45.7609283, "area_m2": 24.0, "height_max_m": 0.34, "height_mean_m": 0.26, "class": "rock", "source": "3dep-lidar-dsm-2m", "stage_ft": 477.9, "shore_buffer_m": 4.0, "verdict": "above_water_at_flight"}}, {"type": "Feature", "geometry": {"type": "Point", "coordinates": [-68.832937, 45.7613737]}, "properties": {"lon": -68.832937, "lat": 45.7613737, "area_m2": 24.0, "height_max_m": 1.0, "height_mean_m": 0.52, "class": "rock", "source": "3dep-lidar-dsm-2m", "stage_ft": 477.9, "shore_buffer_m": 4.0, "verdict": "above_water_at_flight"}}, {"type": "Feature", "geometry": {"type": "Point", "coordinates": [-68.7747425, 45.7636576]}, "properties": {"lon": -68.7747425, "lat": 45.7636576, "area_m2": 24.0, "height_max_m": 0.31, "height_mean_m": 0.23, "class": "rock", "source": "3dep-lidar-dsm-2m", "stage_ft": 477.9, "shore_buffer_m": 4.0, "verdict": "above_water_at_flight"}}, {"type": "Feature", "geometry": {"type": "Point", "coordinates": [-68.7747082, 45.7637802]}, "properties": {"lon": -68.7747082, "lat": 45.7637802, "area_m2": 24.0, "height_max_m": 0.24, "height_mean_m": 0.2, "class": "rock", "source": "3dep-lidar-dsm-2m", "stage_ft": 477.9, "shore_buffer_m": 4.0, "verdict": "above_water_at_flight"}}, {"type": "Feature", "geometry": {"type": "Point", "coordinates": [-68.7763701, 45.763825]}, "properties": {"lon": -68.7763701, "lat": 45.763825, "area_m2": 24.0, "height_max_m": 0.64, "height_mean_m": 0.41, "class": "rock", "source": "3dep-lidar-dsm-2m", "stage_ft": 477.9, "shore_buffer_m": 4.0, "verdict": "above_water_at_flight"}}, {"type": "Feature", "geometry": {"type": "Point", "coordinates": [-68.83371, 45.7645066]}, "properties": {"lon": -68.83371, "lat": 45.7645066, "area_m2": 24.0, "height_max_m": 0.42, "height_mean_m": 0.31, "class": "rock", "source": "3dep-lidar-dsm-2m", "stage_ft": 477.9, "shore_buffer_m": 4.0, "verdict": "above_water_at_flight"}}, {"type": "Feature", "geometry": {"type": "Point", "coordinates": [-68.7497529, 45.76526]}, "properties": {"lon": -68.7497529, "lat": 45.76526, "area_m2": 24.0, "height_max_m": 0.4, "height_mean_m": 0.29, "class": "rock", "source": "3dep-lidar-dsm-2m", "stage_ft": 477.9, "shore_buffer_m": 4.0, "verdict": "above_water_at_flight"}}, {"type": "Feature", "geometry": {"type": "Point", "coordinates": [-68.7706628, 45.7654124]}, "properties": {"lon": -68.7706628, "lat": 45.7654124, "area_m2": 24.0, "height_max_m": 0.27, "height_mean_m": 0.2, "class": "rock", "source": "3dep-lidar-dsm-2m", "stage_ft": 477.9, "shore_buffer_m": 4.0, "verdict": "above_water_at_flight"}}, {"type": "Feature", "geometry": {"type": "Point", "coordinates": [-68.7904904, 45.7654573]}, "properties": {"lon": -68.7904904, "lat": 45.7654573, "area_m2": 24.0, "height_max_m": 0.16, "height_mean_m": 0.16, "class": "rock", "source": "3dep-lidar-dsm-2m", "stage_ft": 477.9, "shore_buffer_m": 4.0, "verdict": "above_water_at_flight"}}, {"type": "Feature", "geometry": {"type": "Point", "coordinates": [-68.7895756, 45.7660163]}, "properties": {"lon": -68.7895756, "lat": 45.7660163, "area_m2": 24.0, "height_max_m": 0.16, "height_mean_m": 0.16, "class": "rock", "source": "3dep-lidar-dsm-2m", "stage_ft": 477.9, "shore_buffer_m": 4.0, "verdict": "above_water_at_flight"}}, {"type": "Feature", "geometry": {"type": "Point", "coordinates": [-68.760575, 45.7662285]}, "properties": {"lon": -68.760575, "lat": 45.7662285, "area_m2": 24.0, "height_max_m": 0.2, "height_mean_m": 0.19, "class": "rock", "source": "3dep-lidar-dsm-2m", "stage_ft": 477.9, "shore_buffer_m": 4.0, "verdict": "above_water_at_flight"}}, {"type": "Feature", "geometry": {"type": "Point", "coordinates": [-68.7548032, 45.76639]}, "properties": {"lon": -68.7548032, "lat": 45.76639, "area_m2": 24.0, "height_max_m": 0.29, "height_mean_m": 0.22, "class": "rock", "source": "3dep-lidar-dsm-2m", "stage_ft": 477.9, "shore_buffer_m": 4.0, "verdict": "above_water_at_flight"}}, {"type": "Feature", "geometry": {"type": "Point", "coordinates": [-68.7720971, 45.7669221]}, "properties": {"lon": -68.7720971, "lat": 45.7669221, "area_m2": 24.0, "height_max_m": 0.21, "height_mean_m": 0.18, "class": "rock", "source": "3dep-lidar-dsm-2m", "stage_ft": 477.9, "shore_buffer_m": 4.0, "verdict": "above_water_at_flight"}}, {"type": "Feature", "geometry": {"type": "Point", "coordinates": [-68.7593167, 45.7670476]}, "properties": {"lon": -68.7593167, "lat": 45.7670476, "area_m2": 24.0, "height_max_m": 0.23, "height_mean_m": 0.21, "class": "rock", "source": "3dep-lidar-dsm-2m", "stage_ft": 477.9, "shore_buffer_m": 4.0, "verdict": "above_water_at_flight"}}, {"type": "Feature", "geometry": {"type": "Point", "coordinates": [-68.791448, 45.767212]}, "properties": {"lon": -68.791448, "lat": 45.767212, "area_m2": 24.0, "height_max_m": 0.21, "height_mean_m": 0.17, "class": "rock", "source": "3dep-lidar-dsm-2m", "stage_ft": 477.9, "shore_buffer_m": 4.0, "verdict": "above_water_at_flight"}}, {"type": "Feature", "geometry": {"type": "Point", "coordinates": [-68.7701217, 45.7675618]}, "properties": {"lon": -68.7701217, "lat": 45.7675618, "area_m2": 24.0, "height_max_m": 0.2, "height_mean_m": 0.17, "class": "rock", "source": "3dep-lidar-dsm-2m", "stage_ft": 477.9, "shore_buffer_m": 4.0, "verdict": "above_water_at_flight"}}, {"type": "Feature", "geometry": {"type": "Point", "coordinates": [-68.8309916, 45.7679445]}, "properties": {"lon": -68.8309916, "lat": 45.7679445, "area_m2": 24.0, "height_max_m": 0.55, "height_mean_m": 0.31, "class": "rock", "source": "3dep-lidar-dsm-2m", "stage_ft": 477.9, "shore_buffer_m": 4.0, "verdict": "above_water_at_flight"}}, {"type": "Feature", "geometry": {"type": "Point", "coordinates": [-68.8312793, 45.7680222]}, "properties": {"lon": -68.8312793, "lat": 45.7680222, "area_m2": 24.0, "height_max_m": 0.32, "height_mean_m": 0.25, "class": "rock", "source": "3dep-lidar-dsm-2m", "stage_ft": 477.9, "shore_buffer_m": 4.0, "verdict": "above_water_at_flight"}}, {"type": "Feature", "geometry": {"type": "Point", "coordinates": [-68.8379358, 45.7681896]}, "properties": {"lon": -68.8379358, "lat": 45.7681896, "area_m2": 24.0, "height_max_m": 0.2, "height_mean_m": 0.17, "class": "rock", "source": "3dep-lidar-dsm-2m", "stage_ft": 477.9, "shore_buffer_m": 4.0, "verdict": "above_water_at_flight"}}, {"type": "Feature", "geometry": {"type": "Point", "coordinates": [-68.7551897, 45.7683989]}, "properties": {"lon": -68.7551897, "lat": 45.7683989, "area_m2": 24.0, "height_max_m": 0.27, "height_mean_m": 0.23, "class": "rock", "source": "3dep-lidar-dsm-2m", "stage_ft": 477.9, "shore_buffer_m": 4.0, "verdict": "above_water_at_flight"}}, {"type": "Feature", "geometry": {"type": "Point", "coordinates": [-68.7592609, 45.7687576]}, "properties": {"lon": -68.7592609, "lat": 45.7687576, "area_m2": 24.0, "height_max_m": 0.34, "height_mean_m": 0.27, "class": "rock", "source": "3dep-lidar-dsm-2m", "stage_ft": 477.9, "shore_buffer_m": 4.0, "verdict": "above_water_at_flight"}}, {"type": "Feature", "geometry": {"type": "Point", "coordinates": [-68.8404781, 45.7687755]}, "properties": {"lon": -68.8404781, "lat": 45.7687755, "area_m2": 24.0, "height_max_m": 0.23, "height_mean_m": 0.21, "class": "rock", "source": "3dep-lidar-dsm-2m", "stage_ft": 477.9, "shore_buffer_m": 4.0, "verdict": "above_water_at_flight"}}, {"type": "Feature", "geometry": {"type": "Point", "coordinates": [-68.7708302, 45.768919]}, "properties": {"lon": -68.7708302, "lat": 45.768919, "area_m2": 24.0, "height_max_m": 0.32, "height_mean_m": 0.23, "class": "rock", "source": "3dep-lidar-dsm-2m", "stage_ft": 477.9, "shore_buffer_m": 4.0, "verdict": "above_water_at_flight"}}, {"type": "Feature", "geometry": {"type": "Point", "coordinates": [-68.7474511, 45.7691223]}, "properties": {"lon": -68.7474511, "lat": 45.7691223, "area_m2": 24.0, "height_max_m": 6.69, "height_mean_m": 2.41, "class": "rock", "source": "3dep-lidar-dsm-2m", "stage_ft": 477.9, "shore_buffer_m": 4.0, "verdict": "above_water_at_flight"}}, {"type": "Feature", "geometry": {"type": "Point", "coordinates": [-68.7859812, 45.7693495]}, "properties": {"lon": -68.7859812, "lat": 45.7693495, "area_m2": 24.0, "height_max_m": 0.45, "height_mean_m": 0.26, "class": "rock", "source": "3dep-lidar-dsm-2m", "stage_ft": 477.9, "shore_buffer_m": 4.0, "verdict": "above_water_at_flight"}}, {"type": "Feature", "geometry": {"type": "Point", "coordinates": [-68.7895756, 45.7695558]}, "properties": {"lon": -68.7895756, "lat": 45.7695558, "area_m2": 24.0, "height_max_m": 0.16, "height_mean_m": 0.16, "class": "rock", "source": "3dep-lidar-dsm-2m", "stage_ft": 477.9, "shore_buffer_m": 4.0, "verdict": "above_water_at_flight"}}, {"type": "Feature", "geometry": {"type": "Point", "coordinates": [-68.8405039, 45.76978]}, "properties": {"lon": -68.8405039, "lat": 45.76978, "area_m2": 24.0, "height_max_m": 0.36, "height_mean_m": 0.27, "class": "rock", "source": "3dep-lidar-dsm-2m", "stage_ft": 477.9, "shore_buffer_m": 4.0, "verdict": "above_water_at_flight"}}, {"type": "Feature", "geometry": {"type": "Point", "coordinates": [-68.7800419, 45.7703988]}, "properties": {"lon": -68.7800419, "lat": 45.7703988, "area_m2": 24.0, "height_max_m": 0.45, "height_mean_m": 0.33, "class": "rock", "source": "3dep-lidar-dsm-2m", "stage_ft": 477.9, "shore_buffer_m": 4.0, "verdict": "above_water_at_flight"}}, {"type": "Feature", "geometry": {"type": "Point", "coordinates": [-68.7587327, 45.7705243]}, "properties": {"lon": -68.7587327, "lat": 45.7705243, "area_m2": 24.0, "height_max_m": 0.33, "height_mean_m": 0.24, "class": "rock", "source": "3dep-lidar-dsm-2m", "stage_ft": 477.9, "shore_buffer_m": 4.0, "verdict": "above_water_at_flight"}}, {"type": "Feature", "geometry": {"type": "Point", "coordinates": [-68.7603818, 45.7705961]}, "properties": {"lon": -68.7603818, "lat": 45.7705961, "area_m2": 24.0, "height_max_m": 0.41, "height_mean_m": 0.31, "class": "rock", "source": "3dep-lidar-dsm-2m", "stage_ft": 477.9, "shore_buffer_m": 4.0, "verdict": "above_water_at_flight"}}, {"type": "Feature", "geometry": {"type": "Point", "coordinates": [-68.8228536, 45.7714839]}, "properties": {"lon": -68.8228536, "lat": 45.7714839, "area_m2": 24.0, "height_max_m": 0.16, "height_mean_m": 0.16, "class": "rock", "source": "3dep-lidar-dsm-2m", "stage_ft": 477.9, "shore_buffer_m": 4.0, "verdict": "above_water_at_flight"}}, {"type": "Feature", "geometry": {"type": "Point", "coordinates": [-68.8195039, 45.7718247]}, "properties": {"lon": -68.8195039, "lat": 45.7718247, "area_m2": 24.0, "height_max_m": 1.01, "height_mean_m": 0.57, "class": "rock", "source": "3dep-lidar-dsm-2m", "stage_ft": 477.9, "shore_buffer_m": 4.0, "verdict": "above_water_at_flight"}}, {"type": "Feature", "geometry": {"type": "Point", "coordinates": [-68.8404824, 45.7718845]}, "properties": {"lon": -68.8404824, "lat": 45.7718845, "area_m2": 24.0, "height_max_m": 0.34, "height_mean_m": 0.24, "class": "rock", "source": "3dep-lidar-dsm-2m", "stage_ft": 477.9, "shore_buffer_m": 4.0, "verdict": "above_water_at_flight"}}, {"type": "Feature", "geometry": {"type": "Point", "coordinates": [-68.8402763, 45.7720639]}, "properties": {"lon": -68.8402763, "lat": 45.7720639, "area_m2": 24.0, "height_max_m": 1.04, "height_mean_m": 0.4, "class": "rock", "source": "3dep-lidar-dsm-2m", "stage_ft": 477.9, "shore_buffer_m": 4.0, "verdict": "above_water_at_flight"}}, {"type": "Feature", "geometry": {"type": "Point", "coordinates": [-68.8074407, 45.7724226]}, "properties": {"lon": -68.8074407, "lat": 45.7724226, "area_m2": 24.0, "height_max_m": 0.22, "height_mean_m": 0.18, "class": "rock", "source": "3dep-lidar-dsm-2m", "stage_ft": 477.9, "shore_buffer_m": 4.0, "verdict": "above_water_at_flight"}}, {"type": "Feature", "geometry": {"type": "Point", "coordinates": [-68.8349254, 45.7724794]}, "properties": {"lon": -68.8349254, "lat": 45.7724794, "area_m2": 24.0, "height_max_m": 0.37, "height_mean_m": 0.27, "class": "rock", "source": "3dep-lidar-dsm-2m", "stage_ft": 477.9, "shore_buffer_m": 4.0, "verdict": "above_water_at_flight"}}, {"type": "Feature", "geometry": {"type": "Point", "coordinates": [-68.7518658, 45.7727036]}, "properties": {"lon": -68.7518658, "lat": 45.7727036, "area_m2": 24.0, "height_max_m": 0.38, "height_mean_m": 0.23, "class": "rock", "source": "3dep-lidar-dsm-2m", "stage_ft": 477.9, "shore_buffer_m": 4.0, "verdict": "above_water_at_flight"}}, {"type": "Feature", "geometry": {"type": "Point", "coordinates": [-68.8365444, 45.7731042]}, "properties": {"lon": -68.8365444, "lat": 45.7731042, "area_m2": 24.0, "height_max_m": 0.56, "height_mean_m": 0.33, "class": "rock", "source": "3dep-lidar-dsm-2m", "stage_ft": 477.9, "shore_buffer_m": 4.0, "verdict": "above_water_at_flight"}}, {"type": "Feature", "geometry": {"type": "Point", "coordinates": [-68.7860069, 45.7732238]}, "properties": {"lon": -68.7860069, "lat": 45.7732238, "area_m2": 24.0, "height_max_m": 1.72, "height_mean_m": 0.97, "class": "rock", "source": "3dep-lidar-dsm-2m", "stage_ft": 477.9, "shore_buffer_m": 4.0, "verdict": "above_water_at_flight"}}, {"type": "Feature", "geometry": {"type": "Point", "coordinates": [-68.8325548, 45.7735377]}, "properties": {"lon": -68.8325548, "lat": 45.7735377, "area_m2": 24.0, "height_max_m": 0.33, "height_mean_m": 0.24, "class": "rock", "source": "3dep-lidar-dsm-2m", "stage_ft": 477.9, "shore_buffer_m": 4.0, "verdict": "above_water_at_flight"}}, {"type": "Feature", "geometry": {"type": "Point", "coordinates": [-68.8337143, 45.7738665]}, "properties": {"lon": -68.8337143, "lat": 45.7738665, "area_m2": 24.0, "height_max_m": 0.96, "height_mean_m": 0.58, "class": "rock", "source": "3dep-lidar-dsm-2m", "stage_ft": 477.9, "shore_buffer_m": 4.0, "verdict": "above_water_at_flight"}}, {"type": "Feature", "geometry": {"type": "Point", "coordinates": [-68.8315843, 45.774025]}, "properties": {"lon": -68.8315843, "lat": 45.774025, "area_m2": 24.0, "height_max_m": 0.43, "height_mean_m": 0.3, "class": "rock", "source": "3dep-lidar-dsm-2m", "stage_ft": 477.9, "shore_buffer_m": 4.0, "verdict": "above_water_at_flight"}}, {"type": "Feature", "geometry": {"type": "Point", "coordinates": [-68.7462014, 45.7741565]}, "properties": {"lon": -68.7462014, "lat": 45.7741565, "area_m2": 24.0, "height_max_m": 1.7, "height_mean_m": 0.78, "class": "rock", "source": "3dep-lidar-dsm-2m", "stage_ft": 477.9, "shore_buffer_m": 4.0, "verdict": "above_water_at_flight"}}, {"type": "Feature", "geometry": {"type": "Point", "coordinates": [-68.7555376, 45.7742013]}, "properties": {"lon": -68.7555376, "lat": 45.7742013, "area_m2": 24.0, "height_max_m": 0.33, "height_mean_m": 0.24, "class": "rock", "source": "3dep-lidar-dsm-2m", "stage_ft": 477.9, "shore_buffer_m": 4.0, "verdict": "above_water_at_flight"}}, {"type": "Feature", "geometry": {"type": "Point", "coordinates": [-68.8318333, 45.7742193]}, "properties": {"lon": -68.8318333, "lat": 45.7742193, "area_m2": 24.0, "height_max_m": 0.38, "height_mean_m": 0.26, "class": "rock", "source": "3dep-lidar-dsm-2m", "stage_ft": 477.9, "shore_buffer_m": 4.0, "verdict": "above_water_at_flight"}}, {"type": "Feature", "geometry": {"type": "Point", "coordinates": [-68.8320137, 45.774291]}, "properties": {"lon": -68.8320137, "lat": 45.774291, "area_m2": 24.0, "height_max_m": 0.43, "height_mean_m": 0.31, "class": "rock", "source": "3dep-lidar-dsm-2m", "stage_ft": 477.9, "shore_buffer_m": 4.0, "verdict": "above_water_at_flight"}}, {"type": "Feature", "geometry": {"type": "Point", "coordinates": [-68.8299652, 45.7745152]}, "properties": {"lon": -68.8299652, "lat": 45.7745152, "area_m2": 24.0, "height_max_m": 0.43, "height_mean_m": 0.3, "class": "rock", "source": "3dep-lidar-dsm-2m", "stage_ft": 477.9, "shore_buffer_m": 4.0, "verdict": "above_water_at_flight"}}, {"type": "Feature", "geometry": {"type": "Point", "coordinates": [-68.7697867, 45.774587]}, "properties": {"lon": -68.7697867, "lat": 45.774587, "area_m2": 24.0, "height_max_m": 1.09, "height_mean_m": 0.48, "class": "rock", "source": "3dep-lidar-dsm-2m", "stage_ft": 477.9, "shore_buffer_m": 4.0, "verdict": "above_water_at_flight"}}, {"type": "Feature", "geometry": {"type": "Point", "coordinates": [-68.7422161, 45.7746378]}, "properties": {"lon": -68.7422161, "lat": 45.7746378, "area_m2": 24.0, "height_max_m": 2.61, "height_mean_m": 1.09, "class": "rock", "source": "3dep-lidar-dsm-2m", "stage_ft": 477.9, "shore_buffer_m": 4.0, "verdict": "above_water_at_flight"}}, {"type": "Feature", "geometry": {"type": "Point", "coordinates": [-68.786329, 45.7746497]}, "properties": {"lon": -68.786329, "lat": 45.7746497, "area_m2": 24.0, "height_max_m": 0.67, "height_mean_m": 0.41, "class": "rock", "source": "3dep-lidar-dsm-2m", "stage_ft": 477.9, "shore_buffer_m": 4.0, "verdict": "above_water_at_flight"}}, {"type": "Feature", "geometry": {"type": "Point", "coordinates": [-68.8314812, 45.7746886]}, "properties": {"lon": -68.8314812, "lat": 45.7746886, "area_m2": 24.0, "height_max_m": 0.39, "height_mean_m": 0.26, "class": "rock", "source": "3dep-lidar-dsm-2m", "stage_ft": 477.9, "shore_buffer_m": 4.0, "verdict": "above_water_at_flight"}}, {"type": "Feature", "geometry": {"type": "Point", "coordinates": [-68.7675493, 45.7751131]}, "properties": {"lon": -68.7675493, "lat": 45.7751131, "area_m2": 24.0, "height_max_m": 0.26, "height_mean_m": 0.21, "class": "rock", "source": "3dep-lidar-dsm-2m", "stage_ft": 477.9, "shore_buffer_m": 4.0, "verdict": "above_water_at_flight"}}, {"type": "Feature", "geometry": {"type": "Point", "coordinates": [-68.747872, 45.775155]}, "properties": {"lon": -68.747872, "lat": 45.775155, "area_m2": 24.0, "height_max_m": 0.42, "height_mean_m": 0.25, "class": "rock", "source": "3dep-lidar-dsm-2m", "stage_ft": 477.9, "shore_buffer_m": 4.0, "verdict": "above_water_at_flight"}}, {"type": "Feature", "geometry": {"type": "Point", "coordinates": [-68.7906063, 45.7751878]}, "properties": {"lon": -68.7906063, "lat": 45.7751878, "area_m2": 24.0, "height_max_m": 0.2, "height_mean_m": 0.18, "class": "rock", "source": "3dep-lidar-dsm-2m", "stage_ft": 477.9, "shore_buffer_m": 4.0, "verdict": "above_water_at_flight"}}, {"type": "Feature", "geometry": {"type": "Point", "coordinates": [-68.741864, 45.7751908]}, "properties": {"lon": -68.741864, "lat": 45.7751908, "area_m2": 24.0, "height_max_m": 0.31, "height_mean_m": 0.25, "class": "rock", "source": "3dep-lidar-dsm-2m", "stage_ft": 477.9, "shore_buffer_m": 4.0, "verdict": "above_water_at_flight"}}, {"type": "Feature", "geometry": {"type": "Point", "coordinates": [-68.7675063, 45.7751968]}, "properties": {"lon": -68.7675063, "lat": 45.7751968, "area_m2": 24.0, "height_max_m": 0.31, "height_mean_m": 0.22, "class": "rock", "source": "3dep-lidar-dsm-2m", "stage_ft": 477.9, "shore_buffer_m": 4.0, "verdict": "above_water_at_flight"}}, {"type": "Feature", "geometry": {"type": "Point", "coordinates": [-68.7622112, 45.7752596]}, "properties": {"lon": -68.7622112, "lat": 45.7752596, "area_m2": 24.0, "height_max_m": 0.55, "height_mean_m": 0.36, "class": "rock", "source": "3dep-lidar-dsm-2m", "stage_ft": 477.9, "shore_buffer_m": 4.0, "verdict": "above_water_at_flight"}}, {"type": "Feature", "geometry": {"type": "Point", "coordinates": [-68.7907437, 45.7753283]}, "properties": {"lon": -68.7907437, "lat": 45.7753283, "area_m2": 24.0, "height_max_m": 0.17, "height_mean_m": 0.17, "class": "rock", "source": "3dep-lidar-dsm-2m", "stage_ft": 477.9, "shore_buffer_m": 4.0, "verdict": "above_water_at_flight"}}, {"type": "Feature", "geometry": {"type": "Point", "coordinates": [-68.7800763, 45.7757349]}, "properties": {"lon": -68.7800763, "lat": 45.7757349, "area_m2": 24.0, "height_max_m": 1.82, "height_mean_m": 0.7, "class": "rock", "source": "3dep-lidar-dsm-2m", "stage_ft": 477.9, "shore_buffer_m": 4.0, "verdict": "above_water_at_flight"}}, {"type": "Feature", "geometry": {"type": "Point", "coordinates": [-68.7635683, 45.7763029]}, "properties": {"lon": -68.7635683, "lat": 45.7763029, "area_m2": 24.0, "height_max_m": 0.3, "height_mean_m": 0.21, "class": "rock", "source": "3dep-lidar-dsm-2m", "stage_ft": 477.9, "shore_buffer_m": 4.0, "verdict": "above_water_at_flight"}}, {"type": "Feature", "geometry": {"type": "Point", "coordinates": [-68.7636155, 45.7763986]}, "properties": {"lon": -68.7636155, "lat": 45.7763986, "area_m2": 24.0, "height_max_m": 0.24, "height_mean_m": 0.19, "class": "rock", "source": "3dep-lidar-dsm-2m", "stage_ft": 477.9, "shore_buffer_m": 4.0, "verdict": "above_water_at_flight"}}, {"type": "Feature", "geometry": {"type": "Point", "coordinates": [-68.7634094, 45.7765779]}, "properties": {"lon": -68.7634094, "lat": 45.7765779, "area_m2": 24.0, "height_max_m": 0.29, "height_mean_m": 0.21, "class": "rock", "source": "3dep-lidar-dsm-2m", "stage_ft": 477.9, "shore_buffer_m": 4.0, "verdict": "above_water_at_flight"}}, {"type": "Feature", "geometry": {"type": "Point", "coordinates": [-68.7854401, 45.7767573]}, "properties": {"lon": -68.7854401, "lat": 45.7767573, "area_m2": 24.0, "height_max_m": 0.31, "height_mean_m": 0.23, "class": "rock", "source": "3dep-lidar-dsm-2m", "stage_ft": 477.9, "shore_buffer_m": 4.0, "verdict": "above_water_at_flight"}}, {"type": "Feature", "geometry": {"type": "Point", "coordinates": [-68.747872, 45.7767962]}, "properties": {"lon": -68.747872, "lat": 45.7767962, "area_m2": 24.0, "height_max_m": 0.34, "height_mean_m": 0.25, "class": "rock", "source": "3dep-lidar-dsm-2m", "stage_ft": 477.9, "shore_buffer_m": 4.0, "verdict": "above_water_at_flight"}}, {"type": "Feature", "geometry": {"type": "Point", "coordinates": [-68.7477216, 45.7770174]}, "properties": {"lon": -68.7477216, "lat": 45.7770174, "area_m2": 24.0, "height_max_m": 0.64, "height_mean_m": 0.42, "class": "rock", "source": "3dep-lidar-dsm-2m", "stage_ft": 477.9, "shore_buffer_m": 4.0, "verdict": "above_water_at_flight"}}, {"type": "Feature", "geometry": {"type": "Point", "coordinates": [-68.811864, 45.7774837]}, "properties": {"lon": -68.811864, "lat": 45.7774837, "area_m2": 24.0, "height_max_m": 0.59, "height_mean_m": 0.4, "class": "rock", "source": "3dep-lidar-dsm-2m", "stage_ft": 477.9, "shore_buffer_m": 4.0, "verdict": "above_water_at_flight"}}, {"type": "Feature", "geometry": {"type": "Point", "coordinates": [-68.7833401, 45.7782371]}, "properties": {"lon": -68.7833401, "lat": 45.7782371, "area_m2": 24.0, "height_max_m": 0.25, "height_mean_m": 0.19, "class": "rock", "source": "3dep-lidar-dsm-2m", "stage_ft": 477.9, "shore_buffer_m": 4.0, "verdict": "above_water_at_flight"}}, {"type": "Feature", "geometry": {"type": "Point", "coordinates": [-68.7870333, 45.7783417]}, "properties": {"lon": -68.7870333, "lat": 45.7783417, "area_m2": 24.0, "height_max_m": 0.39, "height_mean_m": 0.29, "class": "rock", "source": "3dep-lidar-dsm-2m", "stage_ft": 477.9, "shore_buffer_m": 4.0, "verdict": "above_water_at_flight"}}, {"type": "Feature", "geometry": {"type": "Point", "coordinates": [-68.7869861, 45.7783925]}, "properties": {"lon": -68.7869861, "lat": 45.7783925, "area_m2": 24.0, "height_max_m": 1.7, "height_mean_m": 0.58, "class": "rock", "source": "3dep-lidar-dsm-2m", "stage_ft": 477.9, "shore_buffer_m": 4.0, "verdict": "above_water_at_flight"}}, {"type": "Feature", "geometry": {"type": "Point", "coordinates": [-68.7850836, 45.7784643]}, "properties": {"lon": -68.7850836, "lat": 45.7784643, "area_m2": 24.0, "height_max_m": 2.37, "height_mean_m": 1.12, "class": "rock", "source": "3dep-lidar-dsm-2m", "stage_ft": 477.9, "shore_buffer_m": 4.0, "verdict": "above_water_at_flight"}}, {"type": "Feature", "geometry": {"type": "Point", "coordinates": [-68.8333665, 45.7787662]}, "properties": {"lon": -68.8333665, "lat": 45.7787662, "area_m2": 24.0, "height_max_m": 0.36, "height_mean_m": 0.23, "class": "rock", "source": "3dep-lidar-dsm-2m", "stage_ft": 477.9, "shore_buffer_m": 4.0, "verdict": "above_water_at_flight"}}, {"type": "Feature", "geometry": {"type": "Point", "coordinates": [-68.8339892, 45.779101]}, "properties": {"lon": -68.8339892, "lat": 45.779101, "area_m2": 24.0, "height_max_m": 0.29, "height_mean_m": 0.2, "class": "rock", "source": "3dep-lidar-dsm-2m", "stage_ft": 477.9, "shore_buffer_m": 4.0, "verdict": "above_water_at_flight"}}, {"type": "Feature", "geometry": {"type": "Point", "coordinates": [-68.8065947, 45.7792624]}, "properties": {"lon": -68.8065947, "lat": 45.7792624, "area_m2": 24.0, "height_max_m": 0.26, "height_mean_m": 0.23, "class": "rock", "source": "3dep-lidar-dsm-2m", "stage_ft": 477.9, "shore_buffer_m": 4.0, "verdict": "above_water_at_flight"}}, {"type": "Feature", "geometry": {"type": "Point", "coordinates": [-68.7602529, 45.7794209]}, "properties": {"lon": -68.7602529, "lat": 45.7794209, "area_m2": 24.0, "height_max_m": 0.25, "height_mean_m": 0.19, "class": "rock", "source": "3dep-lidar-dsm-2m", "stage_ft": 477.9, "shore_buffer_m": 4.0, "verdict": "above_water_at_flight"}}, {"type": "Feature", "geometry": {"type": "Point", "coordinates": [-68.8340751, 45.7794388]}, "properties": {"lon": -68.8340751, "lat": 45.7794388, "area_m2": 24.0, "height_max_m": 0.36, "height_mean_m": 0.28, "class": "rock", "source": "3dep-lidar-dsm-2m", "stage_ft": 477.9, "shore_buffer_m": 4.0, "verdict": "above_water_at_flight"}}, {"type": "Feature", "geometry": {"type": "Point", "coordinates": [-68.7914223, 45.7801054]}, "properties": {"lon": -68.7914223, "lat": 45.7801054, "area_m2": 24.0, "height_max_m": 0.18, "height_mean_m": 0.17, "class": "rock", "source": "3dep-lidar-dsm-2m", "stage_ft": 477.9, "shore_buffer_m": 4.0, "verdict": "above_water_at_flight"}}, {"type": "Feature", "geometry": {"type": "Point", "coordinates": [-68.8191947, 45.781636]}, "properties": {"lon": -68.8191947, "lat": 45.781636, "area_m2": 24.0, "height_max_m": 1.26, "height_mean_m": 0.63, "class": "rock", "source": "3dep-lidar-dsm-2m", "stage_ft": 477.9, "shore_buffer_m": 4.0, "verdict": "above_water_at_flight"}}, {"type": "Feature", "geometry": {"type": "Point", "coordinates": [-68.8203757, 45.781929]}, "properties": {"lon": -68.8203757, "lat": 45.781929, "area_m2": 24.0, "height_max_m": 1.74, "height_mean_m": 0.63, "class": "rock", "source": "3dep-lidar-dsm-2m", "stage_ft": 477.9, "shore_buffer_m": 4.0, "verdict": "above_water_at_flight"}}, {"type": "Feature", "geometry": {"type": "Point", "coordinates": [-68.7477689, 45.7820306]}, "properties": {"lon": -68.7477689, "lat": 45.7820306, "area_m2": 24.0, "height_max_m": 0.43, "height_mean_m": 0.31, "class": "rock", "source": "3dep-lidar-dsm-2m", "stage_ft": 477.9, "shore_buffer_m": 4.0, "verdict": "above_water_at_flight"}}, {"type": "Feature", "geometry": {"type": "Point", "coordinates": [-68.7482542, 45.7821084]}, "properties": {"lon": -68.7482542, "lat": 45.7821084, "area_m2": 24.0, "height_max_m": 0.29, "height_mean_m": 0.24, "class": "rock", "source": "3dep-lidar-dsm-2m", "stage_ft": 477.9, "shore_buffer_m": 4.0, "verdict": "above_water_at_flight"}}, {"type": "Feature", "geometry": {"type": "Point", "coordinates": [-68.7533646, 45.7825897]}, "properties": {"lon": -68.7533646, "lat": 45.7825897, "area_m2": 24.0, "height_max_m": 3.4, "height_mean_m": 1.41, "class": "rock", "source": "3dep-lidar-dsm-2m", "stage_ft": 477.9, "shore_buffer_m": 4.0, "verdict": "above_water_at_flight"}}, {"type": "Feature", "geometry": {"type": "Point", "coordinates": [-68.8195855, 45.7832264]}, "properties": {"lon": -68.8195855, "lat": 45.7832264, "area_m2": 24.0, "height_max_m": 0.8, "height_mean_m": 0.35, "class": "rock", "source": "3dep-lidar-dsm-2m", "stage_ft": 477.9, "shore_buffer_m": 4.0, "verdict": "above_water_at_flight"}}, {"type": "Feature", "geometry": {"type": "Point", "coordinates": [-68.743672, 45.7836629]}, "properties": {"lon": -68.743672, "lat": 45.7836629, "area_m2": 24.0, "height_max_m": 0.26, "height_mean_m": 0.22, "class": "rock", "source": "3dep-lidar-dsm-2m", "stage_ft": 477.9, "shore_buffer_m": 4.0, "verdict": "above_water_at_flight"}}, {"type": "Feature", "geometry": {"type": "Point", "coordinates": [-68.7512517, 45.7837286]}, "properties": {"lon": -68.7512517, "lat": 45.7837286, "area_m2": 24.0, "height_max_m": 0.19, "height_mean_m": 0.17, "class": "rock", "source": "3dep-lidar-dsm-2m", "stage_ft": 477.9, "shore_buffer_m": 4.0, "verdict": "above_water_at_flight"}}, {"type": "Feature", "geometry": {"type": "Point", "coordinates": [-68.8128818, 45.7837705]}, "properties": {"lon": -68.8128818, "lat": 45.7837705, "area_m2": 24.0, "height_max_m": 0.42, "height_mean_m": 0.26, "class": "rock", "source": "3dep-lidar-dsm-2m", "stage_ft": 477.9, "shore_buffer_m": 4.0, "verdict": "above_water_at_flight"}}, {"type": "Feature", "geometry": {"type": "Point", "coordinates": [-68.7954806, 45.7838602]}, "properties": {"lon": -68.7954806, "lat": 45.7838602, "area_m2": 24.0, "height_max_m": 2.08, "height_mean_m": 0.99, "class": "rock", "source": "3dep-lidar-dsm-2m", "stage_ft": 477.9, "shore_buffer_m": 4.0, "verdict": "above_water_at_flight"}}, {"type": "Feature", "geometry": {"type": "Point", "coordinates": [-68.7462787, 45.7838482]}, "properties": {"lon": -68.7462787, "lat": 45.7838482, "area_m2": 24.0, "height_max_m": 0.35, "height_mean_m": 0.26, "class": "rock", "source": "3dep-lidar-dsm-2m", "stage_ft": 477.9, "shore_buffer_m": 4.0, "verdict": "above_water_at_flight"}}, {"type": "Feature", "geometry": {"type": "Point", "coordinates": [-68.7953217, 45.7840963]}, "properties": {"lon": -68.7953217, "lat": 45.7840963, "area_m2": 24.0, "height_max_m": 4.82, "height_mean_m": 1.58, "class": "rock", "source": "3dep-lidar-dsm-2m", "stage_ft": 477.9, "shore_buffer_m": 4.0, "verdict": "above_water_at_flight"}}, {"type": "Feature", "geometry": {"type": "Point", "coordinates": [-68.8004579, 45.7842039]}, "properties": {"lon": -68.8004579, "lat": 45.7842039, "area_m2": 24.0, "height_max_m": 1.43, "height_mean_m": 0.68, "class": "rock", "source": "3dep-lidar-dsm-2m", "stage_ft": 477.9, "shore_buffer_m": 4.0, "verdict": "above_water_at_flight"}}, {"type": "Feature", "geometry": {"type": "Point", "coordinates": [-68.8116836, 45.7842458]}, "properties": {"lon": -68.8116836, "lat": 45.7842458, "area_m2": 24.0, "height_max_m": 0.4, "height_mean_m": 0.27, "class": "rock", "source": "3dep-lidar-dsm-2m", "stage_ft": 477.9, "shore_buffer_m": 4.0, "verdict": "above_water_at_flight"}}, {"type": "Feature", "geometry": {"type": "Point", "coordinates": [-68.8288787, 45.7849124]}, "properties": {"lon": -68.8288787, "lat": 45.7849124, "area_m2": 24.0, "height_max_m": 0.32, "height_mean_m": 0.22, "class": "rock", "source": "3dep-lidar-dsm-2m", "stage_ft": 477.9, "shore_buffer_m": 4.0, "verdict": "above_water_at_flight"}}, {"type": "Feature", "geometry": {"type": "Point", "coordinates": [-68.7445137, 45.785038]}, "properties": {"lon": -68.7445137, "lat": 45.785038, "area_m2": 24.0, "height_max_m": 0.33, "height_mean_m": 0.23, "class": "rock", "source": "3dep-lidar-dsm-2m", "stage_ft": 477.9, "shore_buffer_m": 4.0, "verdict": "above_water_at_flight"}}, {"type": "Feature", "geometry": {"type": "Point", "coordinates": [-68.8076468, 45.7852443]}, "properties": {"lon": -68.8076468, "lat": 45.7852443, "area_m2": 24.0, "height_max_m": 0.16, "height_mean_m": 0.16, "class": "rock", "source": "3dep-lidar-dsm-2m", "stage_ft": 477.9, "shore_buffer_m": 4.0, "verdict": "above_water_at_flight"}}, {"type": "Feature", "geometry": {"type": "Point", "coordinates": [-68.8116063, 45.7855193]}, "properties": {"lon": -68.8116063, "lat": 45.7855193, "area_m2": 24.0, "height_max_m": 0.53, "height_mean_m": 0.34, "class": "rock", "source": "3dep-lidar-dsm-2m", "stage_ft": 477.9, "shore_buffer_m": 4.0, "verdict": "above_water_at_flight"}}, {"type": "Feature", "geometry": {"type": "Point", "coordinates": [-68.8133198, 45.7864789]}, "properties": {"lon": -68.8133198, "lat": 45.7864789, "area_m2": 24.0, "height_max_m": 0.35, "height_mean_m": 0.29, "class": "rock", "source": "3dep-lidar-dsm-2m", "stage_ft": 477.9, "shore_buffer_m": 4.0, "verdict": "above_water_at_flight"}}, {"type": "Feature", "geometry": {"type": "Point", "coordinates": [-68.8074707, 45.7866941]}, "properties": {"lon": -68.8074707, "lat": 45.7866941, "area_m2": 24.0, "height_max_m": 0.2, "height_mean_m": 0.19, "class": "rock", "source": "3dep-lidar-dsm-2m", "stage_ft": 477.9, "shore_buffer_m": 4.0, "verdict": "above_water_at_flight"}}, {"type": "Feature", "geometry": {"type": "Point", "coordinates": [-68.8197057, 45.7869931]}, "properties": {"lon": -68.8197057, "lat": 45.7869931, "area_m2": 24.0, "height_max_m": 0.48, "height_mean_m": 0.28, "class": "rock", "source": "3dep-lidar-dsm-2m", "stage_ft": 477.9, "shore_buffer_m": 4.0, "verdict": "above_water_at_flight"}}, {"type": "Feature", "geometry": {"type": "Point", "coordinates": [-68.8204057, 45.7870887]}, "properties": {"lon": -68.8204057, "lat": 45.7870887, "area_m2": 24.0, "height_max_m": 0.58, "height_mean_m": 0.4, "class": "rock", "source": "3dep-lidar-dsm-2m", "stage_ft": 477.9, "shore_buffer_m": 4.0, "verdict": "above_water_at_flight"}}, {"type": "Feature", "geometry": {"type": "Point", "coordinates": [-68.8157419, 45.7879138]}, "properties": {"lon": -68.8157419, "lat": 45.7879138, "area_m2": 24.0, "height_max_m": 0.64, "height_mean_m": 0.45, "class": "rock", "source": "3dep-lidar-dsm-2m", "stage_ft": 477.9, "shore_buffer_m": 4.0, "verdict": "above_water_at_flight"}}, {"type": "Feature", "geometry": {"type": "Point", "coordinates": [-68.8117893, 45.7231467]}, "properties": {"lon": -68.8117893, "lat": 45.7231467, "area_m2": 20.0, "height_max_m": 0.36, "height_mean_m": 0.23, "class": "rock", "source": "3dep-lidar-dsm-2m", "stage_ft": 477.9, "shore_buffer_m": 4.0, "verdict": "above_water_at_flight"}}, {"type": "Feature", "geometry": {"type": "Point", "coordinates": [-68.8127066, 45.7235234]}, "properties": {"lon": -68.8127066, "lat": 45.7235234, "area_m2": 20.0, "height_max_m": 0.23, "height_mean_m": 0.19, "class": "rock", "source": "3dep-lidar-dsm-2m", "stage_ft": 477.9, "shore_buffer_m": 4.0, "verdict": "above_water_at_flight"}}, {"type": "Feature", "geometry": {"type": "Point", "coordinates": [-68.8131034, 45.724126]}, "properties": {"lon": -68.8131034, "lat": 45.724126, "area_m2": 20.0, "height_max_m": 0.36, "height_mean_m": 0.23, "class": "rock", "source": "3dep-lidar-dsm-2m", "stage_ft": 477.9, "shore_buffer_m": 4.0, "verdict": "above_water_at_flight"}}, {"type": "Feature", "geometry": {"type": "Point", "coordinates": [-68.8131292, 45.7242265]}, "properties": {"lon": -68.8131292, "lat": 45.7242265, "area_m2": 20.0, "height_max_m": 0.3, "height_mean_m": 0.2, "class": "rock", "source": "3dep-lidar-dsm-2m", "stage_ft": 477.9, "shore_buffer_m": 4.0, "verdict": "above_water_at_flight"}}, {"type": "Feature", "geometry": {"type": "Point", "coordinates": [-68.8107586, 45.7242444]}, "properties": {"lon": -68.8107586, "lat": 45.7242444, "area_m2": 20.0, "height_max_m": 0.49, "height_mean_m": 0.33, "class": "rock", "source": "3dep-lidar-dsm-2m", "stage_ft": 477.9, "shore_buffer_m": 4.0, "verdict": "above_water_at_flight"}}, {"type": "Feature", "geometry": {"type": "Point", "coordinates": [-68.811073, 45.7257475]}, "properties": {"lon": -68.811073, "lat": 45.7257475, "area_m2": 20.0, "height_max_m": 0.66, "height_mean_m": 0.42, "class": "rock", "source": "3dep-lidar-dsm-2m", "stage_ft": 477.9, "shore_buffer_m": 4.0, "verdict": "above_water_at_flight"}}, {"type": "Feature", "geometry": {"type": "Point", "coordinates": [-68.8117223, 45.7264721]}, "properties": {"lon": -68.8117223, "lat": 45.7264721, "area_m2": 20.0, "height_max_m": 0.44, "height_mean_m": 0.26, "class": "rock", "source": "3dep-lidar-dsm-2m", "stage_ft": 477.9, "shore_buffer_m": 4.0, "verdict": "above_water_at_flight"}}, {"type": "Feature", "geometry": {"type": "Point", "coordinates": [-68.815175, 45.7272972]}, "properties": {"lon": -68.815175, "lat": 45.7272972, "area_m2": 20.0, "height_max_m": 2.53, "height_mean_m": 1.4, "class": "rock", "source": "3dep-lidar-dsm-2m", "stage_ft": 477.9, "shore_buffer_m": 4.0, "verdict": "above_water_at_flight"}}, {"type": "Feature", "geometry": {"type": "Point", "coordinates": [-68.8185402, 45.7274084]}, "properties": {"lon": -68.8185402, "lat": 45.7274084, "area_m2": 20.0, "height_max_m": 0.26, "height_mean_m": 0.22, "class": "rock", "source": "3dep-lidar-dsm-2m", "stage_ft": 477.9, "shore_buffer_m": 4.0, "verdict": "above_water_at_flight"}}, {"type": "Feature", "geometry": {"type": "Point", "coordinates": [-68.8237606, 45.7274802]}, "properties": {"lon": -68.8237606, "lat": 45.7274802, "area_m2": 20.0, "height_max_m": 0.19, "height_mean_m": 0.17, "class": "rock", "source": "3dep-lidar-dsm-2m", "stage_ft": 477.9, "shore_buffer_m": 4.0, "verdict": "above_water_at_flight"}}, {"type": "Feature", "geometry": {"type": "Point", "coordinates": [-68.8152523, 45.7275483]}, "properties": {"lon": -68.8152523, "lat": 45.7275483, "area_m2": 20.0, "height_max_m": 1.91, "height_mean_m": 1.01, "class": "rock", "source": "3dep-lidar-dsm-2m", "stage_ft": 477.9, "shore_buffer_m": 4.0, "verdict": "above_water_at_flight"}}, {"type": "Feature", "geometry": {"type": "Point", "coordinates": [-68.8241316, 45.7275806]}, "properties": {"lon": -68.8241316, "lat": 45.7275806, "area_m2": 20.0, "height_max_m": 0.44, "height_mean_m": 0.28, "class": "rock", "source": "3dep-lidar-dsm-2m", "stage_ft": 477.9, "shore_buffer_m": 4.0, "verdict": "above_water_at_flight"}}, {"type": "Feature", "geometry": {"type": "Point", "coordinates": [-68.8248479, 45.7276882]}, "properties": {"lon": -68.8248479, "lat": 45.7276882, "area_m2": 20.0, "height_max_m": 0.22, "height_mean_m": 0.19, "class": "rock", "source": "3dep-lidar-dsm-2m", "stage_ft": 477.9, "shore_buffer_m": 4.0, "verdict": "above_water_at_flight"}}, {"type": "Feature", "geometry": {"type": "Point", "coordinates": [-68.8173549, 45.7285456]}, "properties": {"lon": -68.8173549, "lat": 45.7285456, "area_m2": 20.0, "height_max_m": 1.28, "height_mean_m": 0.7, "class": "rock", "source": "3dep-lidar-dsm-2m", "stage_ft": 477.9, "shore_buffer_m": 4.0, "verdict": "above_water_at_flight"}}, {"type": "Feature", "geometry": {"type": "Point", "coordinates": [-68.8022761, 45.7295752]}, "properties": {"lon": -68.8022761, "lat": 45.7295752, "area_m2": 20.0, "height_max_m": 1.73, "height_mean_m": 0.82, "class": "rock", "source": "3dep-lidar-dsm-2m", "stage_ft": 477.9, "shore_buffer_m": 4.0, "verdict": "above_water_at_flight"}}, {"type": "Feature", "geometry": {"type": "Point", "coordinates": [-68.8106092, 45.7302316]}, "properties": {"lon": -68.8106092, "lat": 45.7302316, "area_m2": 20.0, "height_max_m": 0.43, "height_mean_m": 0.32, "class": "rock", "source": "3dep-lidar-dsm-2m", "stage_ft": 477.9, "shore_buffer_m": 4.0, "verdict": "above_water_at_flight"}}, {"type": "Feature", "geometry": {"type": "Point", "coordinates": [-68.7867284, 45.7302926]}, "properties": {"lon": -68.7867284, "lat": 45.7302926, "area_m2": 20.0, "height_max_m": 0.38, "height_mean_m": 0.25, "class": "rock", "source": "3dep-lidar-dsm-2m", "stage_ft": 477.9, "shore_buffer_m": 4.0, "verdict": "above_water_at_flight"}}, {"type": "Feature", "geometry": {"type": "Point", "coordinates": [-68.7887846, 45.7307482]}, "properties": {"lon": -68.7887846, "lat": 45.7307482, "area_m2": 20.0, "height_max_m": 0.25, "height_mean_m": 0.2, "class": "rock", "source": "3dep-lidar-dsm-2m", "stage_ft": 477.9, "shore_buffer_m": 4.0, "verdict": "above_water_at_flight"}}, {"type": "Feature", "geometry": {"type": "Point", "coordinates": [-68.835402, 45.7310711]}, "properties": {"lon": -68.835402, "lat": 45.7310711, "area_m2": 20.0, "height_max_m": 2.22, "height_mean_m": 1.33, "class": "rock", "source": "3dep-lidar-dsm-2m", "stage_ft": 477.9, "shore_buffer_m": 4.0, "verdict": "above_water_at_flight"}}, {"type": "Feature", "geometry": {"type": "Point", "coordinates": [-68.8238276, 45.7316271]}, "properties": {"lon": -68.8238276, "lat": 45.7316271, "area_m2": 20.0, "height_max_m": 0.22, "height_mean_m": 0.18, "class": "rock", "source": "3dep-lidar-dsm-2m", "stage_ft": 477.9, "shore_buffer_m": 4.0, "verdict": "above_water_at_flight"}}, {"type": "Feature", "geometry": {"type": "Point", "coordinates": [-68.792325, 45.7318316]}, "properties": {"lon": -68.792325, "lat": 45.7318316, "area_m2": 20.0, "height_max_m": 0.36, "height_mean_m": 0.26, "class": "rock", "source": "3dep-lidar-dsm-2m", "stage_ft": 477.9, "shore_buffer_m": 4.0, "verdict": "above_water_at_flight"}}, {"type": "Feature", "geometry": {"type": "Point", "coordinates": [-68.78695, 45.7326387]}, "properties": {"lon": -68.78695, "lat": 45.7326387, "area_m2": 20.0, "height_max_m": 0.26, "height_mean_m": 0.21, "class": "rock", "source": "3dep-lidar-dsm-2m", "stage_ft": 477.9, "shore_buffer_m": 4.0, "verdict": "above_water_at_flight"}}, {"type": "Feature", "geometry": {"type": "Point", "coordinates": [-68.8119903, 45.7333383]}, "properties": {"lon": -68.8119903, "lat": 45.7333383, "area_m2": 20.0, "height_max_m": 0.37, "height_mean_m": 0.24, "class": "rock", "source": "3dep-lidar-dsm-2m", "stage_ft": 477.9, "shore_buffer_m": 4.0, "verdict": "above_water_at_flight"}}, {"type": "Feature", "geometry": {"type": "Point", "coordinates": [-68.8362884, 45.733471]}, "properties": {"lon": -68.8362884, "lat": 45.733471, "area_m2": 20.0, "height_max_m": 0.4, "height_mean_m": 0.24, "class": "rock", "source": "3dep-lidar-dsm-2m", "stage_ft": 477.9, "shore_buffer_m": 4.0, "verdict": "above_water_at_flight"}}, {"type": "Feature", "geometry": {"type": "Point", "coordinates": [-68.8218384, 45.7336683]}, "properties": {"lon": -68.8218384, "lat": 45.7336683, "area_m2": 20.0, "height_max_m": 0.2, "height_mean_m": 0.18, "class": "rock", "source": "3dep-lidar-dsm-2m", "stage_ft": 477.9, "shore_buffer_m": 4.0, "verdict": "above_water_at_flight"}}, {"type": "Feature", "geometry": {"type": "Point", "coordinates": [-68.7884084, 45.7336719]}, "properties": {"lon": -68.7884084, "lat": 45.7336719, "area_m2": 20.0, "height_max_m": 0.38, "height_mean_m": 0.27, "class": "rock", "source": "3dep-lidar-dsm-2m", "stage_ft": 477.9, "shore_buffer_m": 4.0, "verdict": "above_water_at_flight"}}, {"type": "Feature", "geometry": {"type": "Point", "coordinates": [-68.8226114, 45.7343786]}, "properties": {"lon": -68.8226114, "lat": 45.7343786, "area_m2": 20.0, "height_max_m": 0.26, "height_mean_m": 0.2, "class": "rock", "source": "3dep-lidar-dsm-2m", "stage_ft": 477.9, "shore_buffer_m": 4.0, "verdict": "above_water_at_flight"}}, {"type": "Feature", "geometry": {"type": "Point", "coordinates": [-68.8209726, 45.7343822]}, "properties": {"lon": -68.8209726, "lat": 45.7343822, "area_m2": 20.0, "height_max_m": 0.53, "height_mean_m": 0.32, "class": "rock", "source": "3dep-lidar-dsm-2m", "stage_ft": 477.9, "shore_buffer_m": 4.0, "verdict": "above_water_at_flight"}}, {"type": "Feature", "geometry": {"type": "Point", "coordinates": [-68.8365306, 45.7348055]}, "properties": {"lon": -68.8365306, "lat": 45.7348055, "area_m2": 20.0, "height_max_m": 0.3, "height_mean_m": 0.24, "class": "rock", "source": "3dep-lidar-dsm-2m", "stage_ft": 477.9, "shore_buffer_m": 4.0, "verdict": "above_water_at_flight"}}, {"type": "Feature", "geometry": {"type": "Point", "coordinates": [-68.792325, 45.7356019]}, "properties": {"lon": -68.792325, "lat": 45.7356019, "area_m2": 20.0, "height_max_m": 0.24, "height_mean_m": 0.18, "class": "rock", "source": "3dep-lidar-dsm-2m", "stage_ft": 477.9, "shore_buffer_m": 4.0, "verdict": "above_water_at_flight"}}, {"type": "Feature", "geometry": {"type": "Point", "coordinates": [-68.7890938, 45.735731]}, "properties": {"lon": -68.7890938, "lat": 45.735731, "area_m2": 20.0, "height_max_m": 0.26, "height_mean_m": 0.2, "class": "rock", "source": "3dep-lidar-dsm-2m", "stage_ft": 477.9, "shore_buffer_m": 4.0, "verdict": "above_water_at_flight"}}, {"type": "Feature", "geometry": {"type": "Point", "coordinates": [-68.8198852, 45.7386798]}, "properties": {"lon": -68.8198852, "lat": 45.7386798, "area_m2": 20.0, "height_max_m": 0.43, "height_mean_m": 0.28, "class": "rock", "source": "3dep-lidar-dsm-2m", "stage_ft": 477.9, "shore_buffer_m": 4.0, "verdict": "above_water_at_flight"}}, {"type": "Feature", "geometry": {"type": "Point", "coordinates": [-68.8117068, 45.7398134]}, "properties": {"lon": -68.8117068, "lat": 45.7398134, "area_m2": 20.0, "height_max_m": 0.43, "height_mean_m": 0.34, "class": "rock", "source": "3dep-lidar-dsm-2m", "stage_ft": 477.9, "shore_buffer_m": 4.0, "verdict": "above_water_at_flight"}}, {"type": "Feature", "geometry": {"type": "Point", "coordinates": [-68.7830541, 45.7400645]}, "properties": {"lon": -68.7830541, "lat": 45.7400645, "area_m2": 20.0, "height_max_m": 0.46, "height_mean_m": 0.3, "class": "rock", "source": "3dep-lidar-dsm-2m", "stage_ft": 477.9, "shore_buffer_m": 4.0, "verdict": "above_water_at_flight"}}, {"type": "Feature", "geometry": {"type": "Point", "coordinates": [-68.8336447, 45.7401649]}, "properties": {"lon": -68.8336447, "lat": 45.7401649, "area_m2": 20.0, "height_max_m": 0.2, "height_mean_m": 0.18, "class": "rock", "source": "3dep-lidar-dsm-2m", "stage_ft": 477.9, "shore_buffer_m": 4.0, "verdict": "above_water_at_flight"}}, {"type": "Feature", "geometry": {"type": "Point", "coordinates": [-68.8285584, 45.7405488]}, "properties": {"lon": -68.8285584, "lat": 45.7405488, "area_m2": 20.0, "height_max_m": 0.33, "height_mean_m": 0.23, "class": "rock", "source": "3dep-lidar-dsm-2m", "stage_ft": 477.9, "shore_buffer_m": 4.0, "verdict": "above_water_at_flight"}}, {"type": "Feature", "geometry": {"type": "Point", "coordinates": [-68.8329851, 45.7410617]}, "properties": {"lon": -68.8329851, "lat": 45.7410617, "area_m2": 20.0, "height_max_m": 0.4, "height_mean_m": 0.29, "class": "rock", "source": "3dep-lidar-dsm-2m", "stage_ft": 477.9, "shore_buffer_m": 4.0, "verdict": "above_water_at_flight"}}, {"type": "Feature", "geometry": {"type": "Point", "coordinates": [-68.8189164, 45.74212]}, "properties": {"lon": -68.8189164, "lat": 45.74212, "area_m2": 20.0, "height_max_m": 0.7, "height_mean_m": 0.39, "class": "rock", "source": "3dep-lidar-dsm-2m", "stage_ft": 477.9, "shore_buffer_m": 4.0, "verdict": "above_water_at_flight"}}, {"type": "Feature", "geometry": {"type": "Point", "coordinates": [-68.781003, 45.7421451]}, "properties": {"lon": -68.781003, "lat": 45.7421451, "area_m2": 20.0, "height_max_m": 0.64, "height_mean_m": 0.44, "class": "rock", "source": "3dep-lidar-dsm-2m", "stage_ft": 477.9, "shore_buffer_m": 4.0, "verdict": "above_water_at_flight"}}, {"type": "Feature", "geometry": {"type": "Point", "coordinates": [-68.8320163, 45.7423316]}, "properties": {"lon": -68.8320163, "lat": 45.7423316, "area_m2": 20.0, "height_max_m": 0.44, "height_mean_m": 0.25, "class": "rock", "source": "3dep-lidar-dsm-2m", "stage_ft": 477.9, "shore_buffer_m": 4.0, "verdict": "above_water_at_flight"}}, {"type": "Feature", "geometry": {"type": "Point", "coordinates": [-68.8323203, 45.7431854]}, "properties": {"lon": -68.8323203, "lat": 45.7431854, "area_m2": 20.0, "height_max_m": 0.24, "height_mean_m": 0.2, "class": "rock", "source": "3dep-lidar-dsm-2m", "stage_ft": 477.9, "shore_buffer_m": 4.0, "verdict": "above_water_at_flight"}}, {"type": "Feature", "geometry": {"type": "Point", "coordinates": [-68.8190607, 45.7431962]}, "properties": {"lon": -68.8190607, "lat": 45.7431962, "area_m2": 20.0, "height_max_m": 0.38, "height_mean_m": 0.31, "class": "rock", "source": "3dep-lidar-dsm-2m", "stage_ft": 477.9, "shore_buffer_m": 4.0, "verdict": "above_water_at_flight"}}, {"type": "Feature", "geometry": {"type": "Point", "coordinates": [-68.8321915, 45.7432572]}, "properties": {"lon": -68.8321915, "lat": 45.7432572, "area_m2": 20.0, "height_max_m": 0.41, "height_mean_m": 0.27, "class": "rock", "source": "3dep-lidar-dsm-2m", "stage_ft": 477.9, "shore_buffer_m": 4.0, "verdict": "above_water_at_flight"}}, {"type": "Feature", "geometry": {"type": "Point", "coordinates": [-68.8280688, 45.7433217]}, "properties": {"lon": -68.8280688, "lat": 45.7433217, "area_m2": 20.0, "height_max_m": 8.71, "height_mean_m": 4.33, "class": "rock", "source": "3dep-lidar-dsm-2m", "stage_ft": 477.9, "shore_buffer_m": 4.0, "verdict": "above_water_at_flight"}}, {"type": "Feature", "geometry": {"type": "Point", "coordinates": [-68.8064195, 45.7433146]}, "properties": {"lon": -68.8064195, "lat": 45.7433146, "area_m2": 20.0, "height_max_m": 0.18, "height_mean_m": 0.17, "class": "rock", "source": "3dep-lidar-dsm-2m", "stage_ft": 477.9, "shore_buffer_m": 4.0, "verdict": "above_water_at_flight"}}, {"type": "Feature", "geometry": {"type": "Point", "coordinates": [-68.7363335, 45.7433217]}, "properties": {"lon": -68.7363335, "lat": 45.7433217, "area_m2": 20.0, "height_max_m": 0.41, "height_mean_m": 0.32, "class": "rock", "source": "3dep-lidar-dsm-2m", "stage_ft": 477.9, "shore_buffer_m": 4.0, "verdict": "above_water_at_flight"}}, {"type": "Feature", "geometry": {"type": "Point", "coordinates": [-68.8285326, 45.7440536]}, "properties": {"lon": -68.8285326, "lat": 45.7440536, "area_m2": 20.0, "height_max_m": 0.25, "height_mean_m": 0.19, "class": "rock", "source": "3dep-lidar-dsm-2m", "stage_ft": 477.9, "shore_buffer_m": 4.0, "verdict": "above_water_at_flight"}}, {"type": "Feature", "geometry": {"type": "Point", "coordinates": [-68.8210087, 45.7451226]}, "properties": {"lon": -68.8210087, "lat": 45.7451226, "area_m2": 20.0, "height_max_m": 0.49, "height_mean_m": 0.34, "class": "rock", "source": "3dep-lidar-dsm-2m", "stage_ft": 477.9, "shore_buffer_m": 4.0, "verdict": "above_water_at_flight"}}, {"type": "Feature", "geometry": {"type": "Point", "coordinates": [-68.7757105, 45.7462131]}, "properties": {"lon": -68.7757105, "lat": 45.7462131, "area_m2": 20.0, "height_max_m": 0.2, "height_mean_m": 0.17, "class": "rock", "source": "3dep-lidar-dsm-2m", "stage_ft": 477.9, "shore_buffer_m": 4.0, "verdict": "above_water_at_flight"}}, {"type": "Feature", "geometry": {"type": "Point", "coordinates": [-68.7352926, 45.7463853]}, "properties": {"lon": -68.7352926, "lat": 45.7463853, "area_m2": 20.0, "height_max_m": 2.04, "height_mean_m": 1.04, "class": "rock", "source": "3dep-lidar-dsm-2m", "stage_ft": 477.9, "shore_buffer_m": 4.0, "verdict": "above_water_at_flight"}}, {"type": "Feature", "geometry": {"type": "Point", "coordinates": [-68.7436977, 45.746597]}, "properties": {"lon": -68.7436977, "lat": 45.746597, "area_m2": 20.0, "height_max_m": 0.67, "height_mean_m": 0.42, "class": "rock", "source": "3dep-lidar-dsm-2m", "stage_ft": 477.9, "shore_buffer_m": 4.0, "verdict": "above_water_at_flight"}}, {"type": "Feature", "geometry": {"type": "Point", "coordinates": [-68.7355451, 45.7466113]}, "properties": {"lon": -68.7355451, "lat": 45.7466113, "area_m2": 20.0, "height_max_m": 0.92, "height_mean_m": 0.51, "class": "rock", "source": "3dep-lidar-dsm-2m", "stage_ft": 477.9, "shore_buffer_m": 4.0, "verdict": "above_water_at_flight"}}, {"type": "Feature", "geometry": {"type": "Point", "coordinates": [-68.8373036, 45.7471458]}, "properties": {"lon": -68.8373036, "lat": 45.7471458, "area_m2": 20.0, "height_max_m": 0.76, "height_mean_m": 0.56, "class": "rock", "source": "3dep-lidar-dsm-2m", "stage_ft": 477.9, "shore_buffer_m": 4.0, "verdict": "above_water_at_flight"}}, {"type": "Feature", "geometry": {"type": "Point", "coordinates": [-68.8341446, 45.7472283]}, "properties": {"lon": -68.8341446, "lat": 45.7472283, "area_m2": 20.0, "height_max_m": 2.25, "height_mean_m": 0.98, "class": "rock", "source": "3dep-lidar-dsm-2m", "stage_ft": 477.9, "shore_buffer_m": 4.0, "verdict": "above_water_at_flight"}}, {"type": "Feature", "geometry": {"type": "Point", "coordinates": [-68.7862749, 45.7473288]}, "properties": {"lon": -68.7862749, "lat": 45.7473288, "area_m2": 20.0, "height_max_m": 0.4, "height_mean_m": 0.22, "class": "rock", "source": "3dep-lidar-dsm-2m", "stage_ft": 477.9, "shore_buffer_m": 4.0, "verdict": "above_water_at_flight"}}, {"type": "Feature", "geometry": {"type": "Point", "coordinates": [-68.8309444, 45.74744]}, "properties": {"lon": -68.8309444, "lat": 45.74744, "area_m2": 20.0, "height_max_m": 0.44, "height_mean_m": 0.26, "class": "rock", "source": "3dep-lidar-dsm-2m", "stage_ft": 477.9, "shore_buffer_m": 4.0, "verdict": "above_water_at_flight"}}, {"type": "Feature", "geometry": {"type": "Point", "coordinates": [-68.8335056, 45.7475691]}, "properties": {"lon": -68.8335056, "lat": 45.7475691, "area_m2": 20.0, "height_max_m": 0.41, "height_mean_m": 0.27, "class": "rock", "source": "3dep-lidar-dsm-2m", "stage_ft": 477.9, "shore_buffer_m": 4.0, "verdict": "above_water_at_flight"}}, {"type": "Feature", "geometry": {"type": "Point", "coordinates": [-68.8288779, 45.7477521]}, "properties": {"lon": -68.8288779, "lat": 45.7477521, "area_m2": 20.0, "height_max_m": 1.25, "height_mean_m": 0.57, "class": "rock", "source": "3dep-lidar-dsm-2m", "stage_ft": 477.9, "shore_buffer_m": 4.0, "verdict": "above_water_at_flight"}}, {"type": "Feature", "geometry": {"type": "Point", "coordinates": [-68.836242, 45.7481539]}, "properties": {"lon": -68.836242, "lat": 45.7481539, "area_m2": 20.0, "height_max_m": 0.56, "height_mean_m": 0.38, "class": "rock", "source": "3dep-lidar-dsm-2m", "stage_ft": 477.9, "shore_buffer_m": 4.0, "verdict": "above_water_at_flight"}}, {"type": "Feature", "geometry": {"type": "Point", "coordinates": [-68.8124695, 45.7481754]}, "properties": {"lon": -68.8124695, "lat": 45.7481754, "area_m2": 20.0, "height_max_m": 0.72, "height_mean_m": 0.5, "class": "rock", "source": "3dep-lidar-dsm-2m", "stage_ft": 477.9, "shore_buffer_m": 4.0, "verdict": "above_water_at_flight"}}, {"type": "Feature", "geometry": {"type": "Point", "coordinates": [-68.7781068, 45.748179]}, "properties": {"lon": -68.7781068, "lat": 45.748179, "area_m2": 20.0, "height_max_m": 0.28, "height_mean_m": 0.22, "class": "rock", "source": "3dep-lidar-dsm-2m", "stage_ft": 477.9, "shore_buffer_m": 4.0, "verdict": "above_water_at_flight"}}, {"type": "Feature", "geometry": {"type": "Point", "coordinates": [-68.7432391, 45.7482256]}, "properties": {"lon": -68.7432391, "lat": 45.7482256, "area_m2": 20.0, "height_max_m": 2.46, "height_mean_m": 1.16, "class": "rock", "source": "3dep-lidar-dsm-2m", "stage_ft": 477.9, "shore_buffer_m": 4.0, "verdict": "above_water_at_flight"}}, {"type": "Feature", "geometry": {"type": "Point", "coordinates": [-68.8352114, 45.7483691]}, "properties": {"lon": -68.8352114, "lat": 45.7483691, "area_m2": 20.0, "height_max_m": 0.92, "height_mean_m": 0.47, "class": "rock", "source": "3dep-lidar-dsm-2m", "stage_ft": 477.9, "shore_buffer_m": 4.0, "verdict": "above_water_at_flight"}}, {"type": "Feature", "geometry": {"type": "Point", "coordinates": [-68.8293932, 45.7484516]}, "properties": {"lon": -68.8293932, "lat": 45.7484516, "area_m2": 20.0, "height_max_m": 0.4, "height_mean_m": 0.27, "class": "rock", "source": "3dep-lidar-dsm-2m", "stage_ft": 477.9, "shore_buffer_m": 4.0, "verdict": "above_water_at_flight"}}, {"type": "Feature", "geometry": {"type": "Point", "coordinates": [-68.8348558, 45.7485951]}, "properties": {"lon": -68.8348558, "lat": 45.7485951, "area_m2": 20.0, "height_max_m": 0.28, "height_mean_m": 0.2, "class": "rock", "source": "3dep-lidar-dsm-2m", "stage_ft": 477.9, "shore_buffer_m": 4.0, "verdict": "above_water_at_flight"}}, {"type": "Feature", "geometry": {"type": "Point", "coordinates": [-68.8256261, 45.7486202]}, "properties": {"lon": -68.8256261, "lat": 45.7486202, "area_m2": 20.0, "height_max_m": 0.22, "height_mean_m": 0.19, "class": "rock", "source": "3dep-lidar-dsm-2m", "stage_ft": 477.9, "shore_buffer_m": 4.0, "verdict": "above_water_at_flight"}}, {"type": "Feature", "geometry": {"type": "Point", "coordinates": [-68.7491448, 45.7489395]}, "properties": {"lon": -68.7491448, "lat": 45.7489395, "area_m2": 20.0, "height_max_m": 2.32, "height_mean_m": 0.79, "class": "rock", "source": "3dep-lidar-dsm-2m", "stage_ft": 477.9, "shore_buffer_m": 4.0, "verdict": "above_water_at_flight"}}, {"type": "Feature", "geometry": {"type": "Point", "coordinates": [-68.82307, 45.7489969]}, "properties": {"lon": -68.82307, "lat": 45.7489969, "area_m2": 20.0, "height_max_m": 0.25, "height_mean_m": 0.21, "class": "rock", "source": "3dep-lidar-dsm-2m", "stage_ft": 477.9, "shore_buffer_m": 4.0, "verdict": "above_water_at_flight"}}, {"type": "Feature", "geometry": {"type": "Point", "coordinates": [-68.7426825, 45.7490901]}, "properties": {"lon": -68.7426825, "lat": 45.7490901, "area_m2": 20.0, "height_max_m": 1.03, "height_mean_m": 0.66, "class": "rock", "source": "3dep-lidar-dsm-2m", "stage_ft": 477.9, "shore_buffer_m": 4.0, "verdict": "above_water_at_flight"}}, {"type": "Feature", "geometry": {"type": "Point", "coordinates": [-68.8257292, 45.7490937]}, "properties": {"lon": -68.8257292, "lat": 45.7490937, "area_m2": 20.0, "height_max_m": 0.26, "height_mean_m": 0.23, "class": "rock", "source": "3dep-lidar-dsm-2m", "stage_ft": 477.9, "shore_buffer_m": 4.0, "verdict": "above_water_at_flight"}}, {"type": "Feature", "geometry": {"type": "Point", "coordinates": [-68.8400607, 45.7490973]}, "properties": {"lon": -68.8400607, "lat": 45.7490973, "area_m2": 20.0, "height_max_m": 0.45, "height_mean_m": 0.32, "class": "rock", "source": "3dep-lidar-dsm-2m", "stage_ft": 477.9, "shore_buffer_m": 4.0, "verdict": "above_water_at_flight"}}, {"type": "Feature", "geometry": {"type": "Point", "coordinates": [-68.8353093, 45.7493628]}, "properties": {"lon": -68.8353093, "lat": 45.7493628, "area_m2": 20.0, "height_max_m": 0.41, "height_mean_m": 0.28, "class": "rock", "source": "3dep-lidar-dsm-2m", "stage_ft": 477.9, "shore_buffer_m": 4.0, "verdict": "above_water_at_flight"}}, {"type": "Feature", "geometry": {"type": "Point", "coordinates": [-68.8250283, 45.7495063]}, "properties": {"lon": -68.8250283, "lat": 45.7495063, "area_m2": 20.0, "height_max_m": 0.28, "height_mean_m": 0.21, "class": "rock", "source": "3dep-lidar-dsm-2m", "stage_ft": 477.9, "shore_buffer_m": 4.0, "verdict": "above_water_at_flight"}}, {"type": "Feature", "geometry": {"type": "Point", "coordinates": [-68.8268371, 45.7495242]}, "properties": {"lon": -68.8268371, "lat": 45.7495242, "area_m2": 20.0, "height_max_m": 0.24, "height_mean_m": 0.2, "class": "rock", "source": "3dep-lidar-dsm-2m", "stage_ft": 477.9, "shore_buffer_m": 4.0, "verdict": "above_water_at_flight"}}, {"type": "Feature", "geometry": {"type": "Point", "coordinates": [-68.8369429, 45.7495493]}, "properties": {"lon": -68.8369429, "lat": 45.7495493, "area_m2": 20.0, "height_max_m": 0.25, "height_mean_m": 0.19, "class": "rock", "source": "3dep-lidar-dsm-2m", "stage_ft": 477.9, "shore_buffer_m": 4.0, "verdict": "above_water_at_flight"}}, {"type": "Feature", "geometry": {"type": "Point", "coordinates": [-68.7383021, 45.7499977]}, "properties": {"lon": -68.7383021, "lat": 45.7499977, "area_m2": 20.0, "height_max_m": 6.75, "height_mean_m": 3.32, "class": "rock", "source": "3dep-lidar-dsm-2m", "stage_ft": 477.9, "shore_buffer_m": 4.0, "verdict": "above_water_at_flight"}}, {"type": "Feature", "geometry": {"type": "Point", "coordinates": [-68.7360965, 45.7500767]}, "properties": {"lon": -68.7360965, "lat": 45.7500767, "area_m2": 20.0, "height_max_m": 0.24, "height_mean_m": 0.19, "class": "rock", "source": "3dep-lidar-dsm-2m", "stage_ft": 477.9, "shore_buffer_m": 4.0, "verdict": "above_water_at_flight"}}, {"type": "Feature", "geometry": {"type": "Point", "coordinates": [-68.8270948, 45.7500982]}, "properties": {"lon": -68.8270948, "lat": 45.7500982, "area_m2": 20.0, "height_max_m": 0.24, "height_mean_m": 0.21, "class": "rock", "source": "3dep-lidar-dsm-2m", "stage_ft": 477.9, "shore_buffer_m": 4.0, "verdict": "above_water_at_flight"}}, {"type": "Feature", "geometry": {"type": "Point", "coordinates": [-68.8057134, 45.7501412]}, "properties": {"lon": -68.8057134, "lat": 45.7501412, "area_m2": 20.0, "height_max_m": 0.4, "height_mean_m": 0.26, "class": "rock", "source": "3dep-lidar-dsm-2m", "stage_ft": 477.9, "shore_buffer_m": 4.0, "verdict": "above_water_at_flight"}}, {"type": "Feature", "geometry": {"type": "Point", "coordinates": [-68.8278111, 45.7502094]}, "properties": {"lon": -68.8278111, "lat": 45.7502094, "area_m2": 20.0, "height_max_m": 0.62, "height_mean_m": 0.29, "class": "rock", "source": "3dep-lidar-dsm-2m", "stage_ft": 477.9, "shore_buffer_m": 4.0, "verdict": "above_water_at_flight"}}, {"type": "Feature", "geometry": {"type": "Point", "coordinates": [-68.836206, 45.7502094]}, "properties": {"lon": -68.836206, "lat": 45.7502094, "area_m2": 20.0, "height_max_m": 0.31, "height_mean_m": 0.25, "class": "rock", "source": "3dep-lidar-dsm-2m", "stage_ft": 477.9, "shore_buffer_m": 4.0, "verdict": "above_water_at_flight"}}, {"type": "Feature", "geometry": {"type": "Point", "coordinates": [-68.8276462, 45.750256]}, "properties": {"lon": -68.8276462, "lat": 45.750256, "area_m2": 20.0, "height_max_m": 0.33, "height_mean_m": 0.24, "class": "rock", "source": "3dep-lidar-dsm-2m", "stage_ft": 477.9, "shore_buffer_m": 4.0, "verdict": "above_water_at_flight"}}, {"type": "Feature", "geometry": {"type": "Point", "coordinates": [-68.7909748, 45.7503529]}, "properties": {"lon": -68.7909748, "lat": 45.7503529, "area_m2": 20.0, "height_max_m": 0.21, "height_mean_m": 0.19, "class": "rock", "source": "3dep-lidar-dsm-2m", "stage_ft": 477.9, "shore_buffer_m": 4.0, "verdict": "above_water_at_flight"}}, {"type": "Feature", "geometry": {"type": "Point", "coordinates": [-68.8259044, 45.7504031]}, "properties": {"lon": -68.8259044, "lat": 45.7504031, "area_m2": 20.0, "height_max_m": 0.25, "height_mean_m": 0.21, "class": "rock", "source": "3dep-lidar-dsm-2m", "stage_ft": 477.9, "shore_buffer_m": 4.0, "verdict": "above_water_at_flight"}}, {"type": "Feature", "geometry": {"type": "Point", "coordinates": [-68.7682999, 45.7504103]}, "properties": {"lon": -68.7682999, "lat": 45.7504103, "area_m2": 20.0, "height_max_m": 7.9, "height_mean_m": 3.02, "class": "rock", "source": "3dep-lidar-dsm-2m", "stage_ft": 477.9, "shore_buffer_m": 4.0, "verdict": "above_water_at_flight"}}, {"type": "Feature", "geometry": {"type": "Point", "coordinates": [-68.8422973, 45.750439]}, "properties": {"lon": -68.8422973, "lat": 45.750439, "area_m2": 20.0, "height_max_m": 0.32, "height_mean_m": 0.21, "class": "rock", "source": "3dep-lidar-dsm-2m", "stage_ft": 477.9, "shore_buffer_m": 4.0, "verdict": "above_water_at_flight"}}, {"type": "Feature", "geometry": {"type": "Point", "coordinates": [-68.7696037, 45.7508443]}, "properties": {"lon": -68.7696037, "lat": 45.7508443, "area_m2": 20.0, "height_max_m": 0.93, "height_mean_m": 0.47, "class": "rock", "source": "3dep-lidar-dsm-2m", "stage_ft": 477.9, "shore_buffer_m": 4.0, "verdict": "above_water_at_flight"}}, {"type": "Feature", "geometry": {"type": "Point", "coordinates": [-68.7253929, 45.7509771]}, "properties": {"lon": -68.7253929, "lat": 45.7509771, "area_m2": 20.0, "height_max_m": 0.33, "height_mean_m": 0.25, "class": "rock", "source": "3dep-lidar-dsm-2m", "stage_ft": 477.9, "shore_buffer_m": 4.0, "verdict": "above_water_at_flight"}}, {"type": "Feature", "geometry": {"type": "Point", "coordinates": [-68.7553753, 45.7514398]}, "properties": {"lon": -68.7553753, "lat": 45.7514398, "area_m2": 20.0, "height_max_m": 5.4, "height_mean_m": 2.67, "class": "rock", "source": "3dep-lidar-dsm-2m", "stage_ft": 477.9, "shore_buffer_m": 4.0, "verdict": "above_water_at_flight"}}, {"type": "Feature", "geometry": {"type": "Point", "coordinates": [-68.790176, 45.7519492]}, "properties": {"lon": -68.790176, "lat": 45.7519492, "area_m2": 20.0, "height_max_m": 0.18, "height_mean_m": 0.16, "class": "rock", "source": "3dep-lidar-dsm-2m", "stage_ft": 477.9, "shore_buffer_m": 4.0, "verdict": "above_water_at_flight"}}, {"type": "Feature", "geometry": {"type": "Point", "coordinates": [-68.7901039, 45.7519959]}, "properties": {"lon": -68.7901039, "lat": 45.7519959, "area_m2": 20.0, "height_max_m": 0.18, "height_mean_m": 0.17, "class": "rock", "source": "3dep-lidar-dsm-2m", "stage_ft": 477.9, "shore_buffer_m": 4.0, "verdict": "above_water_at_flight"}}, {"type": "Feature", "geometry": {"type": "Point", "coordinates": [-68.8185814, 45.7520317]}, "properties": {"lon": -68.8185814, "lat": 45.7520317, "area_m2": 20.0, "height_max_m": 0.31, "height_mean_m": 0.2, "class": "rock", "source": "3dep-lidar-dsm-2m", "stage_ft": 477.9, "shore_buffer_m": 4.0, "verdict": "above_water_at_flight"}}, {"type": "Feature", "geometry": {"type": "Point", "coordinates": [-68.819643, 45.7535886]}, "properties": {"lon": -68.819643, "lat": 45.7535886, "area_m2": 20.0, "height_max_m": 1.71, "height_mean_m": 0.75, "class": "rock", "source": "3dep-lidar-dsm-2m", "stage_ft": 477.9, "shore_buffer_m": 4.0, "verdict": "above_water_at_flight"}}, {"type": "Feature", "geometry": {"type": "Point", "coordinates": [-68.8514497, 45.7540048]}, "properties": {"lon": -68.8514497, "lat": 45.7540048, "area_m2": 20.0, "height_max_m": 0.37, "height_mean_m": 0.32, "class": "rock", "source": "3dep-lidar-dsm-2m", "stage_ft": 477.9, "shore_buffer_m": 4.0, "verdict": "above_water_at_flight"}}, {"type": "Feature", "geometry": {"type": "Point", "coordinates": [-68.8203387, 45.7540406]}, "properties": {"lon": -68.8203387, "lat": 45.7540406, "area_m2": 20.0, "height_max_m": 2.31, "height_mean_m": 1.1, "class": "rock", "source": "3dep-lidar-dsm-2m", "stage_ft": 477.9, "shore_buffer_m": 4.0, "verdict": "above_water_at_flight"}}, {"type": "Feature", "geometry": {"type": "Point", "coordinates": [-68.7248106, 45.7541339]}, "properties": {"lon": -68.7248106, "lat": 45.7541339, "area_m2": 20.0, "height_max_m": 1.2, "height_mean_m": 0.57, "class": "rock", "source": "3dep-lidar-dsm-2m", "stage_ft": 477.9, "shore_buffer_m": 4.0, "verdict": "above_water_at_flight"}}, {"type": "Feature", "geometry": {"type": "Point", "coordinates": [-68.8208644, 45.7545285]}, "properties": {"lon": -68.8208644, "lat": 45.7545285, "area_m2": 20.0, "height_max_m": 0.36, "height_mean_m": 0.26, "class": "rock", "source": "3dep-lidar-dsm-2m", "stage_ft": 477.9, "shore_buffer_m": 4.0, "verdict": "above_water_at_flight"}}, {"type": "Feature", "geometry": {"type": "Point", "coordinates": [-68.8218538, 45.7558594]}, "properties": {"lon": -68.8218538, "lat": 45.7558594, "area_m2": 20.0, "height_max_m": 1.04, "height_mean_m": 0.52, "class": "rock", "source": "3dep-lidar-dsm-2m", "stage_ft": 477.9, "shore_buffer_m": 4.0, "verdict": "above_water_at_flight"}}, {"type": "Feature", "geometry": {"type": "Point", "coordinates": [-68.8200604, 45.756089]}, "properties": {"lon": -68.8200604, "lat": 45.756089, "area_m2": 20.0, "height_max_m": 0.42, "height_mean_m": 0.22, "class": "rock", "source": "3dep-lidar-dsm-2m", "stage_ft": 477.9, "shore_buffer_m": 4.0, "verdict": "above_water_at_flight"}}, {"type": "Feature", "geometry": {"type": "Point", "coordinates": [-68.8203851, 45.7569033]}, "properties": {"lon": -68.8203851, "lat": 45.7569033, "area_m2": 20.0, "height_max_m": 0.85, "height_mean_m": 0.58, "class": "rock", "source": "3dep-lidar-dsm-2m", "stage_ft": 477.9, "shore_buffer_m": 4.0, "verdict": "above_water_at_flight"}}, {"type": "Feature", "geometry": {"type": "Point", "coordinates": [-68.8072543, 45.757714]}, "properties": {"lon": -68.8072543, "lat": 45.757714, "area_m2": 20.0, "height_max_m": 0.15, "height_mean_m": 0.15, "class": "rock", "source": "3dep-lidar-dsm-2m", "stage_ft": 477.9, "shore_buffer_m": 4.0, "verdict": "above_water_at_flight"}}, {"type": "Feature", "geometry": {"type": "Point", "coordinates": [-68.8209417, 45.7582127]}, "properties": {"lon": -68.8209417, "lat": 45.7582127, "area_m2": 20.0, "height_max_m": 0.26, "height_mean_m": 0.23, "class": "rock", "source": "3dep-lidar-dsm-2m", "stage_ft": 477.9, "shore_buffer_m": 4.0, "verdict": "above_water_at_flight"}}, {"type": "Feature", "geometry": {"type": "Point", "coordinates": [-68.8275174, 45.7584351]}, "properties": {"lon": -68.8275174, "lat": 45.7584351, "area_m2": 20.0, "height_max_m": 0.36, "height_mean_m": 0.25, "class": "rock", "source": "3dep-lidar-dsm-2m", "stage_ft": 477.9, "shore_buffer_m": 4.0, "verdict": "above_water_at_flight"}}, {"type": "Feature", "geometry": {"type": "Point", "coordinates": [-68.7451613, 45.7584961]}, "properties": {"lon": -68.7451613, "lat": 45.7584961, "area_m2": 20.0, "height_max_m": 0.23, "height_mean_m": 0.2, "class": "rock", "source": "3dep-lidar-dsm-2m", "stage_ft": 477.9, "shore_buffer_m": 4.0, "verdict": "above_water_at_flight"}}, {"type": "Feature", "geometry": {"type": "Point", "coordinates": [-68.8203696, 45.7591669]}, "properties": {"lon": -68.8203696, "lat": 45.7591669, "area_m2": 20.0, "height_max_m": 1.26, "height_mean_m": 0.69, "class": "rock", "source": "3dep-lidar-dsm-2m", "stage_ft": 477.9, "shore_buffer_m": 4.0, "verdict": "above_water_at_flight"}}, {"type": "Feature", "geometry": {"type": "Point", "coordinates": [-68.7623993, 45.7605947]}, "properties": {"lon": -68.7623993, "lat": 45.7605947, "area_m2": 20.0, "height_max_m": 0.2, "height_mean_m": 0.19, "class": "rock", "source": "3dep-lidar-dsm-2m", "stage_ft": 477.9, "shore_buffer_m": 4.0, "verdict": "above_water_at_flight"}}, {"type": "Feature", "geometry": {"type": "Point", "coordinates": [-68.7459394, 45.7609283]}, "properties": {"lon": -68.7459394, "lat": 45.7609283, "area_m2": 20.0, "height_max_m": 4.11, "height_mean_m": 2.29, "class": "rock", "source": "3dep-lidar-dsm-2m", "stage_ft": 477.9, "shore_buffer_m": 4.0, "verdict": "above_water_at_flight"}}, {"type": "Feature", "geometry": {"type": "Point", "coordinates": [-68.8119748, 45.7613301]}, "properties": {"lon": -68.8119748, "lat": 45.7613301, "area_m2": 20.0, "height_max_m": 0.4, "height_mean_m": 0.26, "class": "rock", "source": "3dep-lidar-dsm-2m", "stage_ft": 477.9, "shore_buffer_m": 4.0, "verdict": "above_water_at_flight"}}, {"type": "Feature", "geometry": {"type": "Point", "coordinates": [-68.7461301, 45.7614341]}, "properties": {"lon": -68.7461301, "lat": 45.7614341, "area_m2": 20.0, "height_max_m": 1.59, "height_mean_m": 0.73, "class": "rock", "source": "3dep-lidar-dsm-2m", "stage_ft": 477.9, "shore_buffer_m": 4.0, "verdict": "above_water_at_flight"}}, {"type": "Feature", "geometry": {"type": "Point", "coordinates": [-68.7462435, 45.7614628]}, "properties": {"lon": -68.7462435, "lat": 45.7614628, "area_m2": 20.0, "height_max_m": 2.23, "height_mean_m": 1.01, "class": "rock", "source": "3dep-lidar-dsm-2m", "stage_ft": 477.9, "shore_buffer_m": 4.0, "verdict": "above_water_at_flight"}}, {"type": "Feature", "geometry": {"type": "Point", "coordinates": [-68.7466918, 45.7617067]}, "properties": {"lon": -68.7466918, "lat": 45.7617067, "area_m2": 20.0, "height_max_m": 2.18, "height_mean_m": 1.04, "class": "rock", "source": "3dep-lidar-dsm-2m", "stage_ft": 477.9, "shore_buffer_m": 4.0, "verdict": "above_water_at_flight"}}, {"type": "Feature", "geometry": {"type": "Point", "coordinates": [-68.7441306, 45.7620547]}, "properties": {"lon": -68.7441306, "lat": 45.7620547, "area_m2": 20.0, "height_max_m": 0.81, "height_mean_m": 0.43, "class": "rock", "source": "3dep-lidar-dsm-2m", "stage_ft": 477.9, "shore_buffer_m": 4.0, "verdict": "above_water_at_flight"}}, {"type": "Feature", "geometry": {"type": "Point", "coordinates": [-68.7480678, 45.7621336]}, "properties": {"lon": -68.7480678, "lat": 45.7621336, "area_m2": 20.0, "height_max_m": 0.19, "height_mean_m": 0.17, "class": "rock", "source": "3dep-lidar-dsm-2m", "stage_ft": 477.9, "shore_buffer_m": 4.0, "verdict": "above_water_at_flight"}}, {"type": "Feature", "geometry": {"type": "Point", "coordinates": [-68.7639144, 45.7622412]}, "properties": {"lon": -68.7639144, "lat": 45.7622412, "area_m2": 20.0, "height_max_m": 0.18, "height_mean_m": 0.16, "class": "rock", "source": "3dep-lidar-dsm-2m", "stage_ft": 477.9, "shore_buffer_m": 4.0, "verdict": "above_water_at_flight"}}, {"type": "Feature", "geometry": {"type": "Point", "coordinates": [-68.8126087, 45.7628869]}, "properties": {"lon": -68.8126087, "lat": 45.7628869, "area_m2": 20.0, "height_max_m": 0.36, "height_mean_m": 0.27, "class": "rock", "source": "3dep-lidar-dsm-2m", "stage_ft": 477.9, "shore_buffer_m": 4.0, "verdict": "above_water_at_flight"}}, {"type": "Feature", "geometry": {"type": "Point", "coordinates": [-68.7483512, 45.7646483]}, "properties": {"lon": -68.7483512, "lat": 45.7646483, "area_m2": 20.0, "height_max_m": 2.35, "height_mean_m": 0.99, "class": "rock", "source": "3dep-lidar-dsm-2m", "stage_ft": 477.9, "shore_buffer_m": 4.0, "verdict": "above_water_at_flight"}}, {"type": "Feature", "geometry": {"type": "Point", "coordinates": [-68.8311711, 45.7649389]}, "properties": {"lon": -68.8311711, "lat": 45.7649389, "area_m2": 20.0, "height_max_m": 0.32, "height_mean_m": 0.25, "class": "rock", "source": "3dep-lidar-dsm-2m", "stage_ft": 477.9, "shore_buffer_m": 4.0, "verdict": "above_water_at_flight"}}, {"type": "Feature", "geometry": {"type": "Point", "coordinates": [-68.7708869, 45.7651721]}, "properties": {"lon": -68.7708869, "lat": 45.7651721, "area_m2": 20.0, "height_max_m": 0.34, "height_mean_m": 0.25, "class": "rock", "source": "3dep-lidar-dsm-2m", "stage_ft": 477.9, "shore_buffer_m": 4.0, "verdict": "above_water_at_flight"}}, {"type": "Feature", "geometry": {"type": "Point", "coordinates": [-68.7706344, 45.7653263]}, "properties": {"lon": -68.7706344, "lat": 45.7653263, "area_m2": 20.0, "height_max_m": 0.21, "height_mean_m": 0.17, "class": "rock", "source": "3dep-lidar-dsm-2m", "stage_ft": 477.9, "shore_buffer_m": 4.0, "verdict": "above_water_at_flight"}}, {"type": "Feature", "geometry": {"type": "Point", "coordinates": [-68.786579, 45.7656348]}, "properties": {"lon": -68.786579, "lat": 45.7656348, "area_m2": 20.0, "height_max_m": 0.42, "height_mean_m": 0.3, "class": "rock", "source": "3dep-lidar-dsm-2m", "stage_ft": 477.9, "shore_buffer_m": 4.0, "verdict": "above_water_at_flight"}}, {"type": "Feature", "geometry": {"type": "Point", "coordinates": [-68.7614975, 45.7659756]}, "properties": {"lon": -68.7614975, "lat": 45.7659756, "area_m2": 20.0, "height_max_m": 0.19, "height_mean_m": 0.18, "class": "rock", "source": "3dep-lidar-dsm-2m", "stage_ft": 477.9, "shore_buffer_m": 4.0, "verdict": "above_water_at_flight"}}, {"type": "Feature", "geometry": {"type": "Point", "coordinates": [-68.7612347, 45.7665639]}, "properties": {"lon": -68.7612347, "lat": 45.7665639, "area_m2": 20.0, "height_max_m": 0.29, "height_mean_m": 0.28, "class": "rock", "source": "3dep-lidar-dsm-2m", "stage_ft": 477.9, "shore_buffer_m": 4.0, "verdict": "above_water_at_flight"}}, {"type": "Feature", "geometry": {"type": "Point", "coordinates": [-68.7704231, 45.7666429]}, "properties": {"lon": -68.7704231, "lat": 45.7666429, "area_m2": 20.0, "height_max_m": 0.4, "height_mean_m": 0.3, "class": "rock", "source": "3dep-lidar-dsm-2m", "stage_ft": 477.9, "shore_buffer_m": 4.0, "verdict": "above_water_at_flight"}}, {"type": "Feature", "geometry": {"type": "Point", "coordinates": [-68.77183, 45.7669729]}, "properties": {"lon": -68.77183, "lat": 45.7669729, "area_m2": 20.0, "height_max_m": 0.23, "height_mean_m": 0.21, "class": "rock", "source": "3dep-lidar-dsm-2m", "stage_ft": 477.9, "shore_buffer_m": 4.0, "verdict": "above_water_at_flight"}}, {"type": "Feature", "geometry": {"type": "Point", "coordinates": [-68.7696244, 45.7675218]}, "properties": {"lon": -68.7696244, "lat": 45.7675218, "area_m2": 20.0, "height_max_m": 0.18, "height_mean_m": 0.16, "class": "rock", "source": "3dep-lidar-dsm-2m", "stage_ft": 477.9, "shore_buffer_m": 4.0, "verdict": "above_water_at_flight"}}, {"type": "Feature", "geometry": {"type": "Point", "coordinates": [-68.7697686, 45.7675971]}, "properties": {"lon": -68.7697686, "lat": 45.7675971, "area_m2": 20.0, "height_max_m": 0.62, "height_mean_m": 0.41, "class": "rock", "source": "3dep-lidar-dsm-2m", "stage_ft": 477.9, "shore_buffer_m": 4.0, "verdict": "above_water_at_flight"}}, {"type": "Feature", "geometry": {"type": "Point", "coordinates": [-68.8361957, 45.7676832]}, "properties": {"lon": -68.8361957, "lat": 45.7676832, "area_m2": 20.0, "height_max_m": 0.26, "height_mean_m": 0.21, "class": "rock", "source": "3dep-lidar-dsm-2m", "stage_ft": 477.9, "shore_buffer_m": 4.0, "verdict": "above_water_at_flight"}}, {"type": "Feature", "geometry": {"type": "Point", "coordinates": [-68.7916756, 45.768085]}, "properties": {"lon": -68.7916756, "lat": 45.768085, "area_m2": 20.0, "height_max_m": 0.22, "height_mean_m": 0.18, "class": "rock", "source": "3dep-lidar-dsm-2m", "stage_ft": 477.9, "shore_buffer_m": 4.0, "verdict": "above_water_at_flight"}}, {"type": "Feature", "geometry": {"type": "Point", "coordinates": [-68.8065534, 45.7681065]}, "properties": {"lon": -68.8065534, "lat": 45.7681065, "area_m2": 20.0, "height_max_m": 0.2, "height_mean_m": 0.18, "class": "rock", "source": "3dep-lidar-dsm-2m", "stage_ft": 477.9, "shore_buffer_m": 4.0, "verdict": "above_water_at_flight"}}, {"type": "Feature", "geometry": {"type": "Point", "coordinates": [-68.8379324, 45.7682715]}, "properties": {"lon": -68.8379324, "lat": 45.7682715, "area_m2": 20.0, "height_max_m": 0.22, "height_mean_m": 0.18, "class": "rock", "source": "3dep-lidar-dsm-2m", "stage_ft": 477.9, "shore_buffer_m": 4.0, "verdict": "above_water_at_flight"}}, {"type": "Feature", "geometry": {"type": "Point", "coordinates": [-68.8345208, 45.768415]}, "properties": {"lon": -68.8345208, "lat": 45.768415, "area_m2": 20.0, "height_max_m": 0.35, "height_mean_m": 0.26, "class": "rock", "source": "3dep-lidar-dsm-2m", "stage_ft": 477.9, "shore_buffer_m": 4.0, "verdict": "above_water_at_flight"}}, {"type": "Feature", "geometry": {"type": "Point", "coordinates": [-68.7547517, 45.7685334]}, "properties": {"lon": -68.7547517, "lat": 45.7685334, "area_m2": 20.0, "height_max_m": 0.3, "height_mean_m": 0.22, "class": "rock", "source": "3dep-lidar-dsm-2m", "stage_ft": 477.9, "shore_buffer_m": 4.0, "verdict": "above_water_at_flight"}}, {"type": "Feature", "geometry": {"type": "Point", "coordinates": [-68.7869191, 45.7685657]}, "properties": {"lon": -68.7869191, "lat": 45.7685657, "area_m2": 20.0, "height_max_m": 0.72, "height_mean_m": 0.34, "class": "rock", "source": "3dep-lidar-dsm-2m", "stage_ft": 477.9, "shore_buffer_m": 4.0, "verdict": "above_water_at_flight"}}, {"type": "Feature", "geometry": {"type": "Point", "coordinates": [-68.7902276, 45.7686051]}, "properties": {"lon": -68.7902276, "lat": 45.7686051, "area_m2": 20.0, "height_max_m": 0.19, "height_mean_m": 0.17, "class": "rock", "source": "3dep-lidar-dsm-2m", "stage_ft": 477.9, "shore_buffer_m": 4.0, "verdict": "above_water_at_flight"}}, {"type": "Feature", "geometry": {"type": "Point", "coordinates": [-68.7702994, 45.7686984]}, "properties": {"lon": -68.7702994, "lat": 45.7686984, "area_m2": 20.0, "height_max_m": 2.05, "height_mean_m": 1.02, "class": "rock", "source": "3dep-lidar-dsm-2m", "stage_ft": 477.9, "shore_buffer_m": 4.0, "verdict": "above_water_at_flight"}}, {"type": "Feature", "geometry": {"type": "Point", "coordinates": [-68.81954, 45.7687701]}, "properties": {"lon": -68.81954, "lat": 45.7687701, "area_m2": 20.0, "height_max_m": 0.38, "height_mean_m": 0.3, "class": "rock", "source": "3dep-lidar-dsm-2m", "stage_ft": 477.9, "shore_buffer_m": 4.0, "verdict": "above_water_at_flight"}}, {"type": "Feature", "geometry": {"type": "Point", "coordinates": [-68.8407719, 45.769032]}, "properties": {"lon": -68.8407719, "lat": 45.769032, "area_m2": 20.0, "height_max_m": 0.25, "height_mean_m": 0.22, "class": "rock", "source": "3dep-lidar-dsm-2m", "stage_ft": 477.9, "shore_buffer_m": 4.0, "verdict": "above_water_at_flight"}}, {"type": "Feature", "geometry": {"type": "Point", "coordinates": [-68.7476607, 45.7692616]}, "properties": {"lon": -68.7476607, "lat": 45.7692616, "area_m2": 20.0, "height_max_m": 2.63, "height_mean_m": 1.21, "class": "rock", "source": "3dep-lidar-dsm-2m", "stage_ft": 477.9, "shore_buffer_m": 4.0, "verdict": "above_water_at_flight"}}, {"type": "Feature", "geometry": {"type": "Point", "coordinates": [-68.7594619, 45.7693154]}, "properties": {"lon": -68.7594619, "lat": 45.7693154, "area_m2": 20.0, "height_max_m": 0.37, "height_mean_m": 0.3, "class": "rock", "source": "3dep-lidar-dsm-2m", "stage_ft": 477.9, "shore_buffer_m": 4.0, "verdict": "above_water_at_flight"}}, {"type": "Feature", "geometry": {"type": "Point", "coordinates": [-68.7499488, 45.7697136]}, "properties": {"lon": -68.7499488, "lat": 45.7697136, "area_m2": 20.0, "height_max_m": 0.33, "height_mean_m": 0.22, "class": "rock", "source": "3dep-lidar-dsm-2m", "stage_ft": 477.9, "shore_buffer_m": 4.0, "verdict": "above_water_at_flight"}}, {"type": "Feature", "geometry": {"type": "Point", "coordinates": [-68.806873, 45.77004]}, "properties": {"lon": -68.806873, "lat": 45.77004, "area_m2": 20.0, "height_max_m": 0.18, "height_mean_m": 0.16, "class": "rock", "source": "3dep-lidar-dsm-2m", "stage_ft": 477.9, "shore_buffer_m": 4.0, "verdict": "above_water_at_flight"}}, {"type": "Feature", "geometry": {"type": "Point", "coordinates": [-68.8407306, 45.7702445]}, "properties": {"lon": -68.8407306, "lat": 45.7702445, "area_m2": 20.0, "height_max_m": 0.18, "height_mean_m": 0.17, "class": "rock", "source": "3dep-lidar-dsm-2m", "stage_ft": 477.9, "shore_buffer_m": 4.0, "verdict": "above_water_at_flight"}}, {"type": "Feature", "geometry": {"type": "Point", "coordinates": [-68.8075326, 45.7708257]}, "properties": {"lon": -68.8075326, "lat": 45.7708257, "area_m2": 20.0, "height_max_m": 0.18, "height_mean_m": 0.17, "class": "rock", "source": "3dep-lidar-dsm-2m", "stage_ft": 477.9, "shore_buffer_m": 4.0, "verdict": "above_water_at_flight"}}, {"type": "Feature", "geometry": {"type": "Point", "coordinates": [-68.8403338, 45.7712561]}, "properties": {"lon": -68.8403338, "lat": 45.7712561, "area_m2": 20.0, "height_max_m": 0.21, "height_mean_m": 0.2, "class": "rock", "source": "3dep-lidar-dsm-2m", "stage_ft": 477.9, "shore_buffer_m": 4.0, "verdict": "above_water_at_flight"}}, {"type": "Feature", "geometry": {"type": "Point", "coordinates": [-68.7592248, 45.7712669]}, "properties": {"lon": -68.7592248, "lat": 45.7712669, "area_m2": 20.0, "height_max_m": 0.46, "height_mean_m": 0.25, "class": "rock", "source": "3dep-lidar-dsm-2m", "stage_ft": 477.9, "shore_buffer_m": 4.0, "verdict": "above_water_at_flight"}}, {"type": "Feature", "geometry": {"type": "Point", "coordinates": [-68.7919076, 45.7717261]}, "properties": {"lon": -68.7919076, "lat": 45.7717261, "area_m2": 20.0, "height_max_m": 0.19, "height_mean_m": 0.17, "class": "rock", "source": "3dep-lidar-dsm-2m", "stage_ft": 477.9, "shore_buffer_m": 4.0, "verdict": "above_water_at_flight"}}, {"type": "Feature", "geometry": {"type": "Point", "coordinates": [-68.7909078, 45.77197]}, "properties": {"lon": -68.7909078, "lat": 45.77197, "area_m2": 20.0, "height_max_m": 0.24, "height_mean_m": 0.18, "class": "rock", "source": "3dep-lidar-dsm-2m", "stage_ft": 477.9, "shore_buffer_m": 4.0, "verdict": "above_water_at_flight"}}, {"type": "Feature", "geometry": {"type": "Point", "coordinates": [-68.7762825, 45.7721601]}, "properties": {"lon": -68.7762825, "lat": 45.7721601, "area_m2": 20.0, "height_max_m": 0.52, "height_mean_m": 0.33, "class": "rock", "source": "3dep-lidar-dsm-2m", "stage_ft": 477.9, "shore_buffer_m": 4.0, "verdict": "above_water_at_flight"}}, {"type": "Feature", "geometry": {"type": "Point", "coordinates": [-68.8353299, 45.7722714]}, "properties": {"lon": -68.8353299, "lat": 45.7722714, "area_m2": 20.0, "height_max_m": 0.33, "height_mean_m": 0.23, "class": "rock", "source": "3dep-lidar-dsm-2m", "stage_ft": 477.9, "shore_buffer_m": 4.0, "verdict": "above_water_at_flight"}}, {"type": "Feature", "geometry": {"type": "Point", "coordinates": [-68.8354175, 45.7723682]}, "properties": {"lon": -68.8354175, "lat": 45.7723682, "area_m2": 20.0, "height_max_m": 0.33, "height_mean_m": 0.24, "class": "rock", "source": "3dep-lidar-dsm-2m", "stage_ft": 477.9, "shore_buffer_m": 4.0, "verdict": "above_water_at_flight"}}, {"type": "Feature", "geometry": {"type": "Point", "coordinates": [-68.7860636, 45.7724184]}, "properties": {"lon": -68.7860636, "lat": 45.7724184, "area_m2": 20.0, "height_max_m": 0.42, "height_mean_m": 0.32, "class": "rock", "source": "3dep-lidar-dsm-2m", "stage_ft": 477.9, "shore_buffer_m": 4.0, "verdict": "above_water_at_flight"}}, {"type": "Feature", "geometry": {"type": "Point", "coordinates": [-68.8396433, 45.7726193]}, "properties": {"lon": -68.8396433, "lat": 45.7726193, "area_m2": 20.0, "height_max_m": 0.21, "height_mean_m": 0.19, "class": "rock", "source": "3dep-lidar-dsm-2m", "stage_ft": 477.9, "shore_buffer_m": 4.0, "verdict": "above_water_at_flight"}}, {"type": "Feature", "geometry": {"type": "Point", "coordinates": [-68.8352835, 45.7726157]}, "properties": {"lon": -68.8352835, "lat": 45.7726157, "area_m2": 20.0, "height_max_m": 0.47, "height_mean_m": 0.29, "class": "rock", "source": "3dep-lidar-dsm-2m", "stage_ft": 477.9, "shore_buffer_m": 4.0, "verdict": "above_water_at_flight"}}, {"type": "Feature", "geometry": {"type": "Point", "coordinates": [-68.8360565, 45.7727269]}, "properties": {"lon": -68.8360565, "lat": 45.7727269, "area_m2": 20.0, "height_max_m": 0.31, "height_mean_m": 0.22, "class": "rock", "source": "3dep-lidar-dsm-2m", "stage_ft": 477.9, "shore_buffer_m": 4.0, "verdict": "above_water_at_flight"}}, {"type": "Feature", "geometry": {"type": "Point", "coordinates": [-68.7710055, 45.7728848]}, "properties": {"lon": -68.7710055, "lat": 45.7728848, "area_m2": 20.0, "height_max_m": 0.35, "height_mean_m": 0.23, "class": "rock", "source": "3dep-lidar-dsm-2m", "stage_ft": 477.9, "shore_buffer_m": 4.0, "verdict": "above_water_at_flight"}}, {"type": "Feature", "geometry": {"type": "Point", "coordinates": [-68.8370872, 45.7729135]}, "properties": {"lon": -68.8370872, "lat": 45.7729135, "area_m2": 20.0, "height_max_m": 0.54, "height_mean_m": 0.34, "class": "rock", "source": "3dep-lidar-dsm-2m", "stage_ft": 477.9, "shore_buffer_m": 4.0, "verdict": "above_water_at_flight"}}, {"type": "Feature", "geometry": {"type": "Point", "coordinates": [-68.8323873, 45.7729458]}, "properties": {"lon": -68.8323873, "lat": 45.7729458, "area_m2": 20.0, "height_max_m": 0.29, "height_mean_m": 0.2, "class": "rock", "source": "3dep-lidar-dsm-2m", "stage_ft": 477.9, "shore_buffer_m": 4.0, "verdict": "above_water_at_flight"}}, {"type": "Feature", "geometry": {"type": "Point", "coordinates": [-68.8191328, 45.7730749]}, "properties": {"lon": -68.8191328, "lat": 45.7730749, "area_m2": 20.0, "height_max_m": 0.46, "height_mean_m": 0.34, "class": "rock", "source": "3dep-lidar-dsm-2m", "stage_ft": 477.9, "shore_buffer_m": 4.0, "verdict": "above_water_at_flight"}}, {"type": "Feature", "geometry": {"type": "Point", "coordinates": [-68.8368708, 45.7731072]}, "properties": {"lon": -68.8368708, "lat": 45.7731072, "area_m2": 20.0, "height_max_m": 0.26, "height_mean_m": 0.2, "class": "rock", "source": "3dep-lidar-dsm-2m", "stage_ft": 477.9, "shore_buffer_m": 4.0, "verdict": "above_water_at_flight"}}, {"type": "Feature", "geometry": {"type": "Point", "coordinates": [-68.8373036, 45.7732399]}, "properties": {"lon": -68.8373036, "lat": 45.7732399, "area_m2": 20.0, "height_max_m": 0.63, "height_mean_m": 0.37, "class": "rock", "source": "3dep-lidar-dsm-2m", "stage_ft": 477.9, "shore_buffer_m": 4.0, "verdict": "above_water_at_flight"}}, {"type": "Feature", "geometry": {"type": "Point", "coordinates": [-68.8060896, 45.7732615]}, "properties": {"lon": -68.8060896, "lat": 45.7732615, "area_m2": 20.0, "height_max_m": 0.21, "height_mean_m": 0.19, "class": "rock", "source": "3dep-lidar-dsm-2m", "stage_ft": 477.9, "shore_buffer_m": 4.0, "verdict": "above_water_at_flight"}}, {"type": "Feature", "geometry": {"type": "Point", "coordinates": [-68.8298055, 45.7733332]}, "properties": {"lon": -68.8298055, "lat": 45.7733332, "area_m2": 20.0, "height_max_m": 0.41, "height_mean_m": 0.28, "class": "rock", "source": "3dep-lidar-dsm-2m", "stage_ft": 477.9, "shore_buffer_m": 4.0, "verdict": "above_water_at_flight"}}, {"type": "Feature", "geometry": {"type": "Point", "coordinates": [-68.7447593, 45.7735197]}, "properties": {"lon": -68.7447593, "lat": 45.7735197, "area_m2": 20.0, "height_max_m": 15.06, "height_mean_m": 10.25, "class": "rock", "source": "3dep-lidar-dsm-2m", "stage_ft": 477.9, "shore_buffer_m": 4.0, "verdict": "above_water_at_flight"}}, {"type": "Feature", "geometry": {"type": "Point", "coordinates": [-68.8340776, 45.7738031]}, "properties": {"lon": -68.8340776, "lat": 45.7738031, "area_m2": 20.0, "height_max_m": 0.33, "height_mean_m": 0.22, "class": "rock", "source": "3dep-lidar-dsm-2m", "stage_ft": 477.9, "shore_buffer_m": 4.0, "verdict": "above_water_at_flight"}}, {"type": "Feature", "geometry": {"type": "Point", "coordinates": [-68.8337169, 45.7738031]}, "properties": {"lon": -68.8337169, "lat": 45.7738031, "area_m2": 20.0, "height_max_m": 0.33, "height_mean_m": 0.23, "class": "rock", "source": "3dep-lidar-dsm-2m", "stage_ft": 477.9, "shore_buffer_m": 4.0, "verdict": "above_water_at_flight"}}, {"type": "Feature", "geometry": {"type": "Point", "coordinates": [-68.7729122, 45.77423]}, "properties": {"lon": -68.7729122, "lat": 45.77423, "area_m2": 20.0, "height_max_m": 0.48, "height_mean_m": 0.33, "class": "rock", "source": "3dep-lidar-dsm-2m", "stage_ft": 477.9, "shore_buffer_m": 4.0, "verdict": "above_water_at_flight"}}, {"type": "Feature", "geometry": {"type": "Point", "coordinates": [-68.7511495, 45.7742444]}, "properties": {"lon": -68.7511495, "lat": 45.7742444, "area_m2": 20.0, "height_max_m": 2.0, "height_mean_m": 0.94, "class": "rock", "source": "3dep-lidar-dsm-2m", "stage_ft": 477.9, "shore_buffer_m": 4.0, "verdict": "above_water_at_flight"}}, {"type": "Feature", "geometry": {"type": "Point", "coordinates": [-68.7910212, 45.7743592]}, "properties": {"lon": -68.7910212, "lat": 45.7743592, "area_m2": 20.0, "height_max_m": 0.23, "height_mean_m": 0.2, "class": "rock", "source": "3dep-lidar-dsm-2m", "stage_ft": 477.9, "shore_buffer_m": 4.0, "verdict": "above_water_at_flight"}}, {"type": "Feature", "geometry": {"type": "Point", "coordinates": [-68.8327223, 45.7747036]}, "properties": {"lon": -68.8327223, "lat": 45.7747036, "area_m2": 20.0, "height_max_m": 0.32, "height_mean_m": 0.22, "class": "rock", "source": "3dep-lidar-dsm-2m", "stage_ft": 477.9, "shore_buffer_m": 4.0, "verdict": "above_water_at_flight"}}, {"type": "Feature", "geometry": {"type": "Point", "coordinates": [-68.747537, 45.7747645]}, "properties": {"lon": -68.747537, "lat": 45.7747645, "area_m2": 20.0, "height_max_m": 0.25, "height_mean_m": 0.21, "class": "rock", "source": "3dep-lidar-dsm-2m", "stage_ft": 477.9, "shore_buffer_m": 4.0, "verdict": "above_water_at_flight"}}, {"type": "Feature", "geometry": {"type": "Point", "coordinates": [-68.8327326, 45.7747717]}, "properties": {"lon": -68.8327326, "lat": 45.7747717, "area_m2": 20.0, "height_max_m": 0.33, "height_mean_m": 0.23, "class": "rock", "source": "3dep-lidar-dsm-2m", "stage_ft": 477.9, "shore_buffer_m": 4.0, "verdict": "above_water_at_flight"}}, {"type": "Feature", "geometry": {"type": "Point", "coordinates": [-68.742296, 45.7749583]}, "properties": {"lon": -68.742296, "lat": 45.7749583, "area_m2": 20.0, "height_max_m": 0.22, "height_mean_m": 0.2, "class": "rock", "source": "3dep-lidar-dsm-2m", "stage_ft": 477.9, "shore_buffer_m": 4.0, "verdict": "above_water_at_flight"}}, {"type": "Feature", "geometry": {"type": "Point", "coordinates": [-68.7421002, 45.7749547]}, "properties": {"lon": -68.7421002, "lat": 45.7749547, "area_m2": 20.0, "height_max_m": 0.22, "height_mean_m": 0.2, "class": "rock", "source": "3dep-lidar-dsm-2m", "stage_ft": 477.9, "shore_buffer_m": 4.0, "verdict": "above_water_at_flight"}}, {"type": "Feature", "geometry": {"type": "Point", "coordinates": [-68.7684855, 45.7750443]}, "properties": {"lon": -68.7684855, "lat": 45.7750443, "area_m2": 20.0, "height_max_m": 0.3, "height_mean_m": 0.23, "class": "rock", "source": "3dep-lidar-dsm-2m", "stage_ft": 477.9, "shore_buffer_m": 4.0, "verdict": "above_water_at_flight"}}, {"type": "Feature", "geometry": {"type": "Point", "coordinates": [-68.7621313, 45.7750946]}, "properties": {"lon": -68.7621313, "lat": 45.7750946, "area_m2": 20.0, "height_max_m": 0.23, "height_mean_m": 0.2, "class": "rock", "source": "3dep-lidar-dsm-2m", "stage_ft": 477.9, "shore_buffer_m": 4.0, "verdict": "above_water_at_flight"}}, {"type": "Feature", "geometry": {"type": "Point", "coordinates": [-68.7549166, 45.7751484]}, "properties": {"lon": -68.7549166, "lat": 45.7751484, "area_m2": 20.0, "height_max_m": 0.38, "height_mean_m": 0.24, "class": "rock", "source": "3dep-lidar-dsm-2m", "stage_ft": 477.9, "shore_buffer_m": 4.0, "verdict": "above_water_at_flight"}}, {"type": "Feature", "geometry": {"type": "Point", "coordinates": [-68.7879291, 45.7752309]}, "properties": {"lon": -68.7879291, "lat": 45.7752309, "area_m2": 20.0, "height_max_m": 0.23, "height_mean_m": 0.19, "class": "rock", "source": "3dep-lidar-dsm-2m", "stage_ft": 477.9, "shore_buffer_m": 4.0, "verdict": "above_water_at_flight"}}, {"type": "Feature", "geometry": {"type": "Point", "coordinates": [-68.7428526, 45.7752452]}, "properties": {"lon": -68.7428526, "lat": 45.7752452, "area_m2": 20.0, "height_max_m": 0.46, "height_mean_m": 0.33, "class": "rock", "source": "3dep-lidar-dsm-2m", "stage_ft": 477.9, "shore_buffer_m": 4.0, "verdict": "above_water_at_flight"}}, {"type": "Feature", "geometry": {"type": "Point", "coordinates": [-68.7473463, 45.7753708]}, "properties": {"lon": -68.7473463, "lat": 45.7753708, "area_m2": 20.0, "height_max_m": 0.27, "height_mean_m": 0.23, "class": "rock", "source": "3dep-lidar-dsm-2m", "stage_ft": 477.9, "shore_buffer_m": 4.0, "verdict": "above_water_at_flight"}}, {"type": "Feature", "geometry": {"type": "Point", "coordinates": [-68.7612244, 45.7758407]}, "properties": {"lon": -68.7612244, "lat": 45.7758407, "area_m2": 20.0, "height_max_m": 0.23, "height_mean_m": 0.2, "class": "rock", "source": "3dep-lidar-dsm-2m", "stage_ft": 477.9, "shore_buffer_m": 4.0, "verdict": "above_water_at_flight"}}, {"type": "Feature", "geometry": {"type": "Point", "coordinates": [-68.8081768, 45.7761062]}, "properties": {"lon": -68.8081768, "lat": 45.7761062, "area_m2": 20.0, "height_max_m": 0.2, "height_mean_m": 0.19, "class": "rock", "source": "3dep-lidar-dsm-2m", "stage_ft": 477.9, "shore_buffer_m": 4.0, "verdict": "above_water_at_flight"}}, {"type": "Feature", "geometry": {"type": "Point", "coordinates": [-68.8068163, 45.7767268]}, "properties": {"lon": -68.8068163, "lat": 45.7767268, "area_m2": 20.0, "height_max_m": 0.19, "height_mean_m": 0.17, "class": "rock", "source": "3dep-lidar-dsm-2m", "stage_ft": 477.9, "shore_buffer_m": 4.0, "verdict": "above_water_at_flight"}}, {"type": "Feature", "geometry": {"type": "Point", "coordinates": [-68.762657, 45.7770604]}, "properties": {"lon": -68.762657, "lat": 45.7770604, "area_m2": 20.0, "height_max_m": 0.32, "height_mean_m": 0.22, "class": "rock", "source": "3dep-lidar-dsm-2m", "stage_ft": 477.9, "shore_buffer_m": 4.0, "verdict": "above_water_at_flight"}}, {"type": "Feature", "geometry": {"type": "Point", "coordinates": [-68.8118202, 45.7772039]}, "properties": {"lon": -68.8118202, "lat": 45.7772039, "area_m2": 20.0, "height_max_m": 0.62, "height_mean_m": 0.33, "class": "rock", "source": "3dep-lidar-dsm-2m", "stage_ft": 477.9, "shore_buffer_m": 4.0, "verdict": "above_water_at_flight"}}, {"type": "Feature", "geometry": {"type": "Point", "coordinates": [-68.7624251, 45.7772111]}, "properties": {"lon": -68.7624251, "lat": 45.7772111, "area_m2": 20.0, "height_max_m": 0.44, "height_mean_m": 0.32, "class": "rock", "source": "3dep-lidar-dsm-2m", "stage_ft": 477.9, "shore_buffer_m": 4.0, "verdict": "above_water_at_flight"}}, {"type": "Feature", "geometry": {"type": "Point", "coordinates": [-68.8203439, 45.7776846]}, "properties": {"lon": -68.8203439, "lat": 45.7776846, "area_m2": 20.0, "height_max_m": 0.74, "height_mean_m": 0.46, "class": "rock", "source": "3dep-lidar-dsm-2m", "stage_ft": 477.9, "shore_buffer_m": 4.0, "verdict": "above_water_at_flight"}}, {"type": "Feature", "geometry": {"type": "Point", "coordinates": [-68.8129797, 45.7780828]}, "properties": {"lon": -68.8129797, "lat": 45.7780828, "area_m2": 20.0, "height_max_m": 0.51, "height_mean_m": 0.33, "class": "rock", "source": "3dep-lidar-dsm-2m", "stage_ft": 477.9, "shore_buffer_m": 4.0, "verdict": "above_water_at_flight"}}, {"type": "Feature", "geometry": {"type": "Point", "coordinates": [-68.7872077, 45.7784559]}, "properties": {"lon": -68.7872077, "lat": 45.7784559, "area_m2": 20.0, "height_max_m": 0.27, "height_mean_m": 0.2, "class": "rock", "source": "3dep-lidar-dsm-2m", "stage_ft": 477.9, "shore_buffer_m": 4.0, "verdict": "above_water_at_flight"}}, {"type": "Feature", "geometry": {"type": "Point", "coordinates": [-68.7843682, 45.7790334]}, "properties": {"lon": -68.7843682, "lat": 45.7790334, "area_m2": 20.0, "height_max_m": 3.22, "height_mean_m": 1.41, "class": "rock", "source": "3dep-lidar-dsm-2m", "stage_ft": 477.9, "shore_buffer_m": 4.0, "verdict": "above_water_at_flight"}}, {"type": "Feature", "geometry": {"type": "Point", "coordinates": [-68.7914386, 45.7794209]}, "properties": {"lon": -68.7914386, "lat": 45.7794209, "area_m2": 20.0, "height_max_m": 0.17, "height_mean_m": 0.16, "class": "rock", "source": "3dep-lidar-dsm-2m", "stage_ft": 477.9, "shore_buffer_m": 4.0, "verdict": "above_water_at_flight"}}, {"type": "Feature", "geometry": {"type": "Point", "coordinates": [-68.8118408, 45.7796146]}, "properties": {"lon": -68.8118408, "lat": 45.7796146, "area_m2": 20.0, "height_max_m": 0.53, "height_mean_m": 0.36, "class": "rock", "source": "3dep-lidar-dsm-2m", "stage_ft": 477.9, "shore_buffer_m": 4.0, "verdict": "above_water_at_flight"}}, {"type": "Feature", "geometry": {"type": "Point", "coordinates": [-68.7552155, 45.7803069]}, "properties": {"lon": -68.7552155, "lat": 45.7803069, "area_m2": 20.0, "height_max_m": 1.45, "height_mean_m": 0.72, "class": "rock", "source": "3dep-lidar-dsm-2m", "stage_ft": 477.9, "shore_buffer_m": 4.0, "verdict": "above_water_at_flight"}}, {"type": "Feature", "geometry": {"type": "Point", "coordinates": [-68.791588, 45.7807446]}, "properties": {"lon": -68.791588, "lat": 45.7807446, "area_m2": 20.0, "height_max_m": 0.26, "height_mean_m": 0.23, "class": "rock", "source": "3dep-lidar-dsm-2m", "stage_ft": 477.9, "shore_buffer_m": 4.0, "verdict": "above_water_at_flight"}}, {"type": "Feature", "geometry": {"type": "Point", "coordinates": [-68.8069245, 45.780924]}, "properties": {"lon": -68.8069245, "lat": 45.780924, "area_m2": 20.0, "height_max_m": 0.18, "height_mean_m": 0.16, "class": "rock", "source": "3dep-lidar-dsm-2m", "stage_ft": 477.9, "shore_buffer_m": 4.0, "verdict": "above_water_at_flight"}}, {"type": "Feature", "geometry": {"type": "Point", "coordinates": [-68.8067802, 45.7812934]}, "properties": {"lon": -68.8067802, "lat": 45.7812934, "area_m2": 20.0, "height_max_m": 0.25, "height_mean_m": 0.19, "class": "rock", "source": "3dep-lidar-dsm-2m", "stage_ft": 477.9, "shore_buffer_m": 4.0, "verdict": "above_water_at_flight"}}, {"type": "Feature", "geometry": {"type": "Point", "coordinates": [-68.8300889, 45.7813688]}, "properties": {"lon": -68.8300889, "lat": 45.7813688, "area_m2": 20.0, "height_max_m": 0.38, "height_mean_m": 0.27, "class": "rock", "source": "3dep-lidar-dsm-2m", "stage_ft": 477.9, "shore_buffer_m": 4.0, "verdict": "above_water_at_flight"}}, {"type": "Feature", "geometry": {"type": "Point", "coordinates": [-68.8329078, 45.7815302]}, "properties": {"lon": -68.8329078, "lat": 45.7815302, "area_m2": 20.0, "height_max_m": 0.44, "height_mean_m": 0.33, "class": "rock", "source": "3dep-lidar-dsm-2m", "stage_ft": 477.9, "shore_buffer_m": 4.0, "verdict": "above_water_at_flight"}}, {"type": "Feature", "geometry": {"type": "Point", "coordinates": [-68.8204006, 45.7828037]}, "properties": {"lon": -68.8204006, "lat": 45.7828037, "area_m2": 20.0, "height_max_m": 1.29, "height_mean_m": 0.63, "class": "rock", "source": "3dep-lidar-dsm-2m", "stage_ft": 477.9, "shore_buffer_m": 4.0, "verdict": "above_water_at_flight"}}, {"type": "Feature", "geometry": {"type": "Point", "coordinates": [-68.7490469, 45.782879]}, "properties": {"lon": -68.7490469, "lat": 45.782879, "area_m2": 20.0, "height_max_m": 2.17, "height_mean_m": 1.11, "class": "rock", "source": "3dep-lidar-dsm-2m", "stage_ft": 477.9, "shore_buffer_m": 4.0, "verdict": "above_water_at_flight"}}, {"type": "Feature", "geometry": {"type": "Point", "coordinates": [-68.8113564, 45.7831624]}, "properties": {"lon": -68.8113564, "lat": 45.7831624, "area_m2": 20.0, "height_max_m": 0.48, "height_mean_m": 0.34, "class": "rock", "source": "3dep-lidar-dsm-2m", "stage_ft": 477.9, "shore_buffer_m": 4.0, "verdict": "above_water_at_flight"}}, {"type": "Feature", "geometry": {"type": "Point", "coordinates": [-68.7495107, 45.7833884]}, "properties": {"lon": -68.7495107, "lat": 45.7833884, "area_m2": 20.0, "height_max_m": 0.21, "height_mean_m": 0.19, "class": "rock", "source": "3dep-lidar-dsm-2m", "stage_ft": 477.9, "shore_buffer_m": 4.0, "verdict": "above_water_at_flight"}}, {"type": "Feature", "geometry": {"type": "Point", "coordinates": [-68.7498199, 45.7835606]}, "properties": {"lon": -68.7498199, "lat": 45.7835606, "area_m2": 20.0, "height_max_m": 1.72, "height_mean_m": 0.85, "class": "rock", "source": "3dep-lidar-dsm-2m", "stage_ft": 477.9, "shore_buffer_m": 4.0, "verdict": "above_water_at_flight"}}, {"type": "Feature", "geometry": {"type": "Point", "coordinates": [-68.7964734, 45.784235]}, "properties": {"lon": -68.7964734, "lat": 45.784235, "area_m2": 20.0, "height_max_m": 0.72, "height_mean_m": 0.46, "class": "rock", "source": "3dep-lidar-dsm-2m", "stage_ft": 477.9, "shore_buffer_m": 4.0, "verdict": "above_water_at_flight"}}, {"type": "Feature", "geometry": {"type": "Point", "coordinates": [-68.8274813, 45.7849238]}, "properties": {"lon": -68.8274813, "lat": 45.7849238, "area_m2": 20.0, "height_max_m": 0.26, "height_mean_m": 0.22, "class": "rock", "source": "3dep-lidar-dsm-2m", "stage_ft": 477.9, "shore_buffer_m": 4.0, "verdict": "above_water_at_flight"}}, {"type": "Feature", "geometry": {"type": "Point", "coordinates": [-68.8284965, 45.7849812]}, "properties": {"lon": -68.8284965, "lat": 45.7849812, "area_m2": 20.0, "height_max_m": 0.33, "height_mean_m": 0.22, "class": "rock", "source": "3dep-lidar-dsm-2m", "stage_ft": 477.9, "shore_buffer_m": 4.0, "verdict": "above_water_at_flight"}}, {"type": "Feature", "geometry": {"type": "Point", "coordinates": [-68.8214106, 45.7852502]}, "properties": {"lon": -68.8214106, "lat": 45.7852502, "area_m2": 20.0, "height_max_m": 0.43, "height_mean_m": 0.26, "class": "rock", "source": "3dep-lidar-dsm-2m", "stage_ft": 477.9, "shore_buffer_m": 4.0, "verdict": "above_water_at_flight"}}, {"type": "Feature", "geometry": {"type": "Point", "coordinates": [-68.8261054, 45.7853507]}, "properties": {"lon": -68.8261054, "lat": 45.7853507, "area_m2": 20.0, "height_max_m": 0.24, "height_mean_m": 0.2, "class": "rock", "source": "3dep-lidar-dsm-2m", "stage_ft": 477.9, "shore_buffer_m": 4.0, "verdict": "above_water_at_flight"}}, {"type": "Feature", "geometry": {"type": "Point", "coordinates": [-68.7951078, 45.7857238]}, "properties": {"lon": -68.7951078, "lat": 45.7857238, "area_m2": 20.0, "height_max_m": 4.84, "height_mean_m": 2.42, "class": "rock", "source": "3dep-lidar-dsm-2m", "stage_ft": 477.9, "shore_buffer_m": 4.0, "verdict": "above_water_at_flight"}}, {"type": "Feature", "geometry": {"type": "Point", "coordinates": [-68.801498, 45.7861184]}, "properties": {"lon": -68.801498, "lat": 45.7861184, "area_m2": 20.0, "height_max_m": 0.39, "height_mean_m": 0.3, "class": "rock", "source": "3dep-lidar-dsm-2m", "stage_ft": 477.9, "shore_buffer_m": 4.0, "verdict": "above_water_at_flight"}}, {"type": "Feature", "geometry": {"type": "Point", "coordinates": [-68.8185814, 45.7866027]}, "properties": {"lon": -68.8185814, "lat": 45.7866027, "area_m2": 20.0, "height_max_m": 0.37, "height_mean_m": 0.27, "class": "rock", "source": "3dep-lidar-dsm-2m", "stage_ft": 477.9, "shore_buffer_m": 4.0, "verdict": "above_water_at_flight"}}, {"type": "Feature", "geometry": {"type": "Point", "coordinates": [-68.811109, 45.7869112]}, "properties": {"lon": -68.811109, "lat": 45.7869112, "area_m2": 20.0, "height_max_m": 0.36, "height_mean_m": 0.28, "class": "rock", "source": "3dep-lidar-dsm-2m", "stage_ft": 477.9, "shore_buffer_m": 4.0, "verdict": "above_water_at_flight"}}, {"type": "Feature", "geometry": {"type": "Point", "coordinates": [-68.8062442, 45.787521]}, "properties": {"lon": -68.8062442, "lat": 45.787521, "area_m2": 20.0, "height_max_m": 0.19, "height_mean_m": 0.17, "class": "rock", "source": "3dep-lidar-dsm-2m", "stage_ft": 477.9, "shore_buffer_m": 4.0, "verdict": "above_water_at_flight"}}, {"type": "Feature", "geometry": {"type": "Point", "coordinates": [-68.8073677, 45.7884322]}, "properties": {"lon": -68.8073677, "lat": 45.7884322, "area_m2": 20.0, "height_max_m": 1.69, "height_mean_m": 0.7, "class": "rock", "source": "3dep-lidar-dsm-2m", "stage_ft": 477.9, "shore_buffer_m": 4.0, "verdict": "above_water_at_flight"}}, {"type": "Feature", "geometry": {"type": "Point", "coordinates": [-68.8115806, 45.7238265]}, "properties": {"lon": -68.8115806, "lat": 45.7238265, "area_m2": 16.0, "height_max_m": 0.3, "height_mean_m": 0.23, "class": "rock", "source": "3dep-lidar-dsm-2m", "stage_ft": 477.9, "shore_buffer_m": 4.0, "verdict": "above_water_at_flight"}}, {"type": "Feature", "geometry": {"type": "Point", "coordinates": [-68.8105434, 45.7240148]}, "properties": {"lon": -68.8105434, "lat": 45.7240148, "area_m2": 16.0, "height_max_m": 0.3, "height_mean_m": 0.25, "class": "rock", "source": "3dep-lidar-dsm-2m", "stage_ft": 477.9, "shore_buffer_m": 4.0, "verdict": "above_water_at_flight"}}, {"type": "Feature", "geometry": {"type": "Point", "coordinates": [-68.8133778, 45.7241763]}, "properties": {"lon": -68.8133778, "lat": 45.7241763, "area_m2": 16.0, "height_max_m": 0.23, "height_mean_m": 0.21, "class": "rock", "source": "3dep-lidar-dsm-2m", "stage_ft": 477.9, "shore_buffer_m": 4.0, "verdict": "above_water_at_flight"}}, {"type": "Feature", "geometry": {"type": "Point", "coordinates": [-68.8118189, 45.7242301]}, "properties": {"lon": -68.8118189, "lat": 45.7242301, "area_m2": 16.0, "height_max_m": 0.3, "height_mean_m": 0.21, "class": "rock", "source": "3dep-lidar-dsm-2m", "stage_ft": 477.9, "shore_buffer_m": 4.0, "verdict": "above_water_at_flight"}}, {"type": "Feature", "geometry": {"type": "Point", "coordinates": [-68.8138996, 45.7244902]}, "properties": {"lon": -68.8138996, "lat": 45.7244902, "area_m2": 16.0, "height_max_m": 0.33, "height_mean_m": 0.26, "class": "rock", "source": "3dep-lidar-dsm-2m", "stage_ft": 477.9, "shore_buffer_m": 4.0, "verdict": "above_water_at_flight"}}, {"type": "Feature", "geometry": {"type": "Point", "coordinates": [-68.80921, 45.7261583]}, "properties": {"lon": -68.80921, "lat": 45.7261583, "area_m2": 16.0, "height_max_m": 0.17, "height_mean_m": 0.16, "class": "rock", "source": "3dep-lidar-dsm-2m", "stage_ft": 477.9, "shore_buffer_m": 4.0, "verdict": "above_water_at_flight"}}, {"type": "Feature", "geometry": {"type": "Point", "coordinates": [-68.8114388, 45.7261896]}, "properties": {"lon": -68.8114388, "lat": 45.7261896, "area_m2": 16.0, "height_max_m": 1.98, "height_mean_m": 0.8, "class": "rock", "source": "3dep-lidar-dsm-2m", "stage_ft": 477.9, "shore_buffer_m": 4.0, "verdict": "above_water_at_flight"}}, {"type": "Feature", "geometry": {"type": "Point", "coordinates": [-68.8118704, 45.7264004]}, "properties": {"lon": -68.8118704, "lat": 45.7264004, "area_m2": 16.0, "height_max_m": 0.54, "height_mean_m": 0.31, "class": "rock", "source": "3dep-lidar-dsm-2m", "stage_ft": 477.9, "shore_buffer_m": 4.0, "verdict": "above_water_at_flight"}}, {"type": "Feature", "geometry": {"type": "Point", "coordinates": [-68.8120508, 45.7267053]}, "properties": {"lon": -68.8120508, "lat": 45.7267053, "area_m2": 16.0, "height_max_m": 0.41, "height_mean_m": 0.26, "class": "rock", "source": "3dep-lidar-dsm-2m", "stage_ft": 477.9, "shore_buffer_m": 4.0, "verdict": "above_water_at_flight"}}, {"type": "Feature", "geometry": {"type": "Point", "coordinates": [-68.8208438, 45.7273421]}, "properties": {"lon": -68.8208438, "lat": 45.7273421, "area_m2": 16.0, "height_max_m": 3.05, "height_mean_m": 2.22, "class": "rock", "source": "3dep-lidar-dsm-2m", "stage_ft": 477.9, "shore_buffer_m": 4.0, "verdict": "above_water_at_flight"}}, {"type": "Feature", "geometry": {"type": "Point", "coordinates": [-68.812199, 45.7273959]}, "properties": {"lon": -68.812199, "lat": 45.7273959, "area_m2": 16.0, "height_max_m": 0.21, "height_mean_m": 0.21, "class": "rock", "source": "3dep-lidar-dsm-2m", "stage_ft": 477.9, "shore_buffer_m": 4.0, "verdict": "above_water_at_flight"}}, {"type": "Feature", "geometry": {"type": "Point", "coordinates": [-68.8261904, 45.7275842]}, "properties": {"lon": -68.8261904, "lat": 45.7275842, "area_m2": 16.0, "height_max_m": 1.04, "height_mean_m": 0.55, "class": "rock", "source": "3dep-lidar-dsm-2m", "stage_ft": 477.9, "shore_buffer_m": 4.0, "verdict": "above_water_at_flight"}}, {"type": "Feature", "geometry": {"type": "Point", "coordinates": [-68.8119155, 45.7275752]}, "properties": {"lon": -68.8119155, "lat": 45.7275752, "area_m2": 16.0, "height_max_m": 0.73, "height_mean_m": 0.56, "class": "rock", "source": "3dep-lidar-dsm-2m", "stage_ft": 477.9, "shore_buffer_m": 4.0, "verdict": "above_water_at_flight"}}, {"type": "Feature", "geometry": {"type": "Point", "coordinates": [-68.8285094, 45.7279071]}, "properties": {"lon": -68.8285094, "lat": 45.7279071, "area_m2": 16.0, "height_max_m": 1.92, "height_mean_m": 1.27, "class": "rock", "source": "3dep-lidar-dsm-2m", "stage_ft": 477.9, "shore_buffer_m": 4.0, "verdict": "above_water_at_flight"}}, {"type": "Feature", "geometry": {"type": "Point", "coordinates": [-68.8183057, 45.7280595]}, "properties": {"lon": -68.8183057, "lat": 45.7280595, "area_m2": 16.0, "height_max_m": 0.43, "height_mean_m": 0.29, "class": "rock", "source": "3dep-lidar-dsm-2m", "stage_ft": 477.9, "shore_buffer_m": 4.0, "verdict": "above_water_at_flight"}}, {"type": "Feature", "geometry": {"type": "Point", "coordinates": [-68.8175907, 45.7282299]}, "properties": {"lon": -68.8175907, "lat": 45.7282299, "area_m2": 16.0, "height_max_m": 1.2, "height_mean_m": 0.49, "class": "rock", "source": "3dep-lidar-dsm-2m", "stage_ft": 477.9, "shore_buffer_m": 4.0, "verdict": "above_water_at_flight"}}, {"type": "Feature", "geometry": {"type": "Point", "coordinates": [-68.8119413, 45.7285438]}, "properties": {"lon": -68.8119413, "lat": 45.7285438, "area_m2": 16.0, "height_max_m": 0.46, "height_mean_m": 0.34, "class": "rock", "source": "3dep-lidar-dsm-2m", "stage_ft": 477.9, "shore_buffer_m": 4.0, "verdict": "above_water_at_flight"}}, {"type": "Feature", "geometry": {"type": "Point", "coordinates": [-68.7978984, 45.7287142]}, "properties": {"lon": -68.7978984, "lat": 45.7287142, "area_m2": 16.0, "height_max_m": 0.45, "height_mean_m": 0.37, "class": "rock", "source": "3dep-lidar-dsm-2m", "stage_ft": 477.9, "shore_buffer_m": 4.0, "verdict": "above_water_at_flight"}}, {"type": "Feature", "geometry": {"type": "Point", "coordinates": [-68.814183, 45.7288398]}, "properties": {"lon": -68.814183, "lat": 45.7288398, "area_m2": 16.0, "height_max_m": 0.67, "height_mean_m": 0.48, "class": "rock", "source": "3dep-lidar-dsm-2m", "stage_ft": 477.9, "shore_buffer_m": 4.0, "verdict": "above_water_at_flight"}}, {"type": "Feature", "geometry": {"type": "Point", "coordinates": [-68.8284579, 45.7289922]}, "properties": {"lon": -68.8284579, "lat": 45.7289922, "area_m2": 16.0, "height_max_m": 0.22, "height_mean_m": 0.19, "class": "rock", "source": "3dep-lidar-dsm-2m", "stage_ft": 477.9, "shore_buffer_m": 4.0, "verdict": "above_water_at_flight"}}, {"type": "Feature", "geometry": {"type": "Point", "coordinates": [-68.8094934, 45.729064]}, "properties": {"lon": -68.8094934, "lat": 45.729064, "area_m2": 16.0, "height_max_m": 0.19, "height_mean_m": 0.17, "class": "rock", "source": "3dep-lidar-dsm-2m", "stage_ft": 477.9, "shore_buffer_m": 4.0, "verdict": "above_water_at_flight"}}, {"type": "Feature", "geometry": {"type": "Point", "coordinates": [-68.8285674, 45.7291626]}, "properties": {"lon": -68.8285674, "lat": 45.7291626, "area_m2": 16.0, "height_max_m": 0.39, "height_mean_m": 0.26, "class": "rock", "source": "3dep-lidar-dsm-2m", "stage_ft": 477.9, "shore_buffer_m": 4.0, "verdict": "above_water_at_flight"}}, {"type": "Feature", "geometry": {"type": "Point", "coordinates": [-68.7953732, 45.7292882]}, "properties": {"lon": -68.7953732, "lat": 45.7292882, "area_m2": 16.0, "height_max_m": 0.36, "height_mean_m": 0.3, "class": "rock", "source": "3dep-lidar-dsm-2m", "stage_ft": 477.9, "shore_buffer_m": 4.0, "verdict": "above_water_at_flight"}}, {"type": "Feature", "geometry": {"type": "Point", "coordinates": [-68.812302, 45.7293151]}, "properties": {"lon": -68.812302, "lat": 45.7293151, "area_m2": 16.0, "height_max_m": 0.32, "height_mean_m": 0.26, "class": "rock", "source": "3dep-lidar-dsm-2m", "stage_ft": 477.9, "shore_buffer_m": 4.0, "verdict": "above_water_at_flight"}}, {"type": "Feature", "geometry": {"type": "Point", "coordinates": [-68.8060149, 45.7293151]}, "properties": {"lon": -68.8060149, "lat": 45.7293151, "area_m2": 16.0, "height_max_m": 0.18, "height_mean_m": 0.17, "class": "rock", "source": "3dep-lidar-dsm-2m", "stage_ft": 477.9, "shore_buffer_m": 4.0, "verdict": "above_water_at_flight"}}, {"type": "Feature", "geometry": {"type": "Point", "coordinates": [-68.8124566, 45.7293868]}, "properties": {"lon": -68.8124566, "lat": 45.7293868, "area_m2": 16.0, "height_max_m": 0.27, "height_mean_m": 0.21, "class": "rock", "source": "3dep-lidar-dsm-2m", "stage_ft": 477.9, "shore_buffer_m": 4.0, "verdict": "above_water_at_flight"}}, {"type": "Feature", "geometry": {"type": "Point", "coordinates": [-68.8102149, 45.7294586]}, "properties": {"lon": -68.8102149, "lat": 45.7294586, "area_m2": 16.0, "height_max_m": 0.18, "height_mean_m": 0.17, "class": "rock", "source": "3dep-lidar-dsm-2m", "stage_ft": 477.9, "shore_buffer_m": 4.0, "verdict": "above_water_at_flight"}}, {"type": "Feature", "geometry": {"type": "Point", "coordinates": [-68.8023174, 45.7297276]}, "properties": {"lon": -68.8023174, "lat": 45.7297276, "area_m2": 16.0, "height_max_m": 0.94, "height_mean_m": 0.57, "class": "rock", "source": "3dep-lidar-dsm-2m", "stage_ft": 477.9, "shore_buffer_m": 4.0, "verdict": "above_water_at_flight"}}, {"type": "Feature", "geometry": {"type": "Point", "coordinates": [-68.8103888, 45.7298263]}, "properties": {"lon": -68.8103888, "lat": 45.7298263, "area_m2": 16.0, "height_max_m": 0.37, "height_mean_m": 0.27, "class": "rock", "source": "3dep-lidar-dsm-2m", "stage_ft": 477.9, "shore_buffer_m": 4.0, "verdict": "above_water_at_flight"}}, {"type": "Feature", "geometry": {"type": "Point", "coordinates": [-68.810595, 45.7299698]}, "properties": {"lon": -68.810595, "lat": 45.7299698, "area_m2": 16.0, "height_max_m": 0.27, "height_mean_m": 0.22, "class": "rock", "source": "3dep-lidar-dsm-2m", "stage_ft": 477.9, "shore_buffer_m": 4.0, "verdict": "above_water_at_flight"}}, {"type": "Feature", "geometry": {"type": "Point", "coordinates": [-68.7876431, 45.7302568]}, "properties": {"lon": -68.7876431, "lat": 45.7302568, "area_m2": 16.0, "height_max_m": 0.17, "height_mean_m": 0.16, "class": "rock", "source": "3dep-lidar-dsm-2m", "stage_ft": 477.9, "shore_buffer_m": 4.0, "verdict": "above_water_at_flight"}}, {"type": "Feature", "geometry": {"type": "Point", "coordinates": [-68.8076125, 45.730472]}, "properties": {"lon": -68.8076125, "lat": 45.730472, "area_m2": 16.0, "height_max_m": 0.64, "height_mean_m": 0.3, "class": "rock", "source": "3dep-lidar-dsm-2m", "stage_ft": 477.9, "shore_buffer_m": 4.0, "verdict": "above_water_at_flight"}}, {"type": "Feature", "geometry": {"type": "Point", "coordinates": [-68.8086431, 45.7305348]}, "properties": {"lon": -68.8086431, "lat": 45.7305348, "area_m2": 16.0, "height_max_m": 0.19, "height_mean_m": 0.17, "class": "rock", "source": "3dep-lidar-dsm-2m", "stage_ft": 477.9, "shore_buffer_m": 4.0, "verdict": "above_water_at_flight"}}, {"type": "Feature", "geometry": {"type": "Point", "coordinates": [-68.7893953, 45.7306783]}, "properties": {"lon": -68.7893953, "lat": 45.7306783, "area_m2": 16.0, "height_max_m": 0.2, "height_mean_m": 0.19, "class": "rock", "source": "3dep-lidar-dsm-2m", "stage_ft": 477.9, "shore_buffer_m": 4.0, "verdict": "above_water_at_flight"}}, {"type": "Feature", "geometry": {"type": "Point", "coordinates": [-68.7939496, 45.7307186]}, "properties": {"lon": -68.7939496, "lat": 45.7307186, "area_m2": 16.0, "height_max_m": 0.55, "height_mean_m": 0.34, "class": "rock", "source": "3dep-lidar-dsm-2m", "stage_ft": 477.9, "shore_buffer_m": 4.0, "verdict": "above_water_at_flight"}}, {"type": "Feature", "geometry": {"type": "Point", "coordinates": [-68.7876431, 45.7308038]}, "properties": {"lon": -68.7876431, "lat": 45.7308038, "area_m2": 16.0, "height_max_m": 0.35, "height_mean_m": 0.33, "class": "rock", "source": "3dep-lidar-dsm-2m", "stage_ft": 477.9, "shore_buffer_m": 4.0, "verdict": "above_water_at_flight"}}, {"type": "Feature", "geometry": {"type": "Point", "coordinates": [-68.7866898, 45.7309114]}, "properties": {"lon": -68.7866898, "lat": 45.7309114, "area_m2": 16.0, "height_max_m": 0.27, "height_mean_m": 0.24, "class": "rock", "source": "3dep-lidar-dsm-2m", "stage_ft": 477.9, "shore_buffer_m": 4.0, "verdict": "above_water_at_flight"}}, {"type": "Feature", "geometry": {"type": "Point", "coordinates": [-68.79346, 45.7309473]}, "properties": {"lon": -68.79346, "lat": 45.7309473, "area_m2": 16.0, "height_max_m": 1.69, "height_mean_m": 0.79, "class": "rock", "source": "3dep-lidar-dsm-2m", "stage_ft": 477.9, "shore_buffer_m": 4.0, "verdict": "above_water_at_flight"}}, {"type": "Feature", "geometry": {"type": "Point", "coordinates": [-68.8120701, 45.7311984]}, "properties": {"lon": -68.8120701, "lat": 45.7311984, "area_m2": 16.0, "height_max_m": 0.28, "height_mean_m": 0.22, "class": "rock", "source": "3dep-lidar-dsm-2m", "stage_ft": 477.9, "shore_buffer_m": 4.0, "verdict": "above_water_at_flight"}}, {"type": "Feature", "geometry": {"type": "Point", "coordinates": [-68.8123987, 45.7312433]}, "properties": {"lon": -68.8123987, "lat": 45.7312433, "area_m2": 16.0, "height_max_m": 0.38, "height_mean_m": 0.24, "class": "rock", "source": "3dep-lidar-dsm-2m", "stage_ft": 477.9, "shore_buffer_m": 4.0, "verdict": "above_water_at_flight"}}, {"type": "Feature", "geometry": {"type": "Point", "coordinates": [-68.7905548, 45.7312433]}, "properties": {"lon": -68.7905548, "lat": 45.7312433, "area_m2": 16.0, "height_max_m": 0.3, "height_mean_m": 0.27, "class": "rock", "source": "3dep-lidar-dsm-2m", "stage_ft": 477.9, "shore_buffer_m": 4.0, "verdict": "above_water_at_flight"}}, {"type": "Feature", "geometry": {"type": "Point", "coordinates": [-68.8332247, 45.7315661]}, "properties": {"lon": -68.8332247, "lat": 45.7315661, "area_m2": 16.0, "height_max_m": 2.15, "height_mean_m": 0.78, "class": "rock", "source": "3dep-lidar-dsm-2m", "stage_ft": 477.9, "shore_buffer_m": 4.0, "verdict": "above_water_at_flight"}}, {"type": "Feature", "geometry": {"type": "Point", "coordinates": [-68.8335275, 45.7320011]}, "properties": {"lon": -68.8335275, "lat": 45.7320011, "area_m2": 16.0, "height_max_m": 2.13, "height_mean_m": 0.97, "class": "rock", "source": "3dep-lidar-dsm-2m", "stage_ft": 477.9, "shore_buffer_m": 4.0, "verdict": "above_water_at_flight"}}, {"type": "Feature", "geometry": {"type": "Point", "coordinates": [-68.7873082, 45.7324899]}, "properties": {"lon": -68.7873082, "lat": 45.7324899, "area_m2": 16.0, "height_max_m": 0.28, "height_mean_m": 0.21, "class": "rock", "source": "3dep-lidar-dsm-2m", "stage_ft": 477.9, "shore_buffer_m": 4.0, "verdict": "above_water_at_flight"}}, {"type": "Feature", "geometry": {"type": "Point", "coordinates": [-68.7871471, 45.7328576]}, "properties": {"lon": -68.7871471, "lat": 45.7328576, "area_m2": 16.0, "height_max_m": 0.28, "height_mean_m": 0.2, "class": "rock", "source": "3dep-lidar-dsm-2m", "stage_ft": 477.9, "shore_buffer_m": 4.0, "verdict": "above_water_at_flight"}}, {"type": "Feature", "geometry": {"type": "Point", "coordinates": [-68.8358787, 45.7331625]}, "properties": {"lon": -68.8358787, "lat": 45.7331625, "area_m2": 16.0, "height_max_m": 0.23, "height_mean_m": 0.2, "class": "rock", "source": "3dep-lidar-dsm-2m", "stage_ft": 477.9, "shore_buffer_m": 4.0, "verdict": "above_water_at_flight"}}, {"type": "Feature", "geometry": {"type": "Point", "coordinates": [-68.7898849, 45.7335571]}, "properties": {"lon": -68.7898849, "lat": 45.7335571, "area_m2": 16.0, "height_max_m": 1.32, "height_mean_m": 0.91, "class": "rock", "source": "3dep-lidar-dsm-2m", "stage_ft": 477.9, "shore_buffer_m": 4.0, "verdict": "above_water_at_flight"}}, {"type": "Feature", "geometry": {"type": "Point", "coordinates": [-68.8125597, 45.7337634]}, "properties": {"lon": -68.8125597, "lat": 45.7337634, "area_m2": 16.0, "height_max_m": 0.25, "height_mean_m": 0.21, "class": "rock", "source": "3dep-lidar-dsm-2m", "stage_ft": 477.9, "shore_buffer_m": 4.0, "verdict": "above_water_at_flight"}}, {"type": "Feature", "geometry": {"type": "Point", "coordinates": [-68.7891634, 45.7338172]}, "properties": {"lon": -68.7891634, "lat": 45.7338172, "area_m2": 16.0, "height_max_m": 0.25, "height_mean_m": 0.22, "class": "rock", "source": "3dep-lidar-dsm-2m", "stage_ft": 477.9, "shore_buffer_m": 4.0, "verdict": "above_water_at_flight"}}, {"type": "Feature", "geometry": {"type": "Point", "coordinates": [-68.8358787, 45.734158]}, "properties": {"lon": -68.8358787, "lat": 45.734158, "area_m2": 16.0, "height_max_m": 0.22, "height_mean_m": 0.21, "class": "rock", "source": "3dep-lidar-dsm-2m", "stage_ft": 477.9, "shore_buffer_m": 4.0, "verdict": "above_water_at_flight"}}, {"type": "Feature", "geometry": {"type": "Point", "coordinates": [-68.8237168, 45.7346064]}, "properties": {"lon": -68.8237168, "lat": 45.7346064, "area_m2": 16.0, "height_max_m": 0.29, "height_mean_m": 0.25, "class": "rock", "source": "3dep-lidar-dsm-2m", "stage_ft": 477.9, "shore_buffer_m": 4.0, "verdict": "above_water_at_flight"}}, {"type": "Feature", "geometry": {"type": "Point", "coordinates": [-68.8119542, 45.7346916]}, "properties": {"lon": -68.8119542, "lat": 45.7346916, "area_m2": 16.0, "height_max_m": 0.33, "height_mean_m": 0.23, "class": "rock", "source": "3dep-lidar-dsm-2m", "stage_ft": 477.9, "shore_buffer_m": 4.0, "verdict": "above_water_at_flight"}}, {"type": "Feature", "geometry": {"type": "Point", "coordinates": [-68.7894275, 45.7351534]}, "properties": {"lon": -68.7894275, "lat": 45.7351534, "area_m2": 16.0, "height_max_m": 0.18, "height_mean_m": 0.17, "class": "rock", "source": "3dep-lidar-dsm-2m", "stage_ft": 477.9, "shore_buffer_m": 4.0, "verdict": "above_water_at_flight"}}, {"type": "Feature", "geometry": {"type": "Point", "coordinates": [-68.8353634, 45.7360234]}, "properties": {"lon": -68.8353634, "lat": 45.7360234, "area_m2": 16.0, "height_max_m": 0.19, "height_mean_m": 0.18, "class": "rock", "source": "3dep-lidar-dsm-2m", "stage_ft": 477.9, "shore_buffer_m": 4.0, "verdict": "above_water_at_flight"}}, {"type": "Feature", "geometry": {"type": "Point", "coordinates": [-68.8344616, 45.7364359]}, "properties": {"lon": -68.8344616, "lat": 45.7364359, "area_m2": 16.0, "height_max_m": 0.24, "height_mean_m": 0.21, "class": "rock", "source": "3dep-lidar-dsm-2m", "stage_ft": 477.9, "shore_buffer_m": 4.0, "verdict": "above_water_at_flight"}}, {"type": "Feature", "geometry": {"type": "Point", "coordinates": [-68.8132554, 45.7364359]}, "properties": {"lon": -68.8132554, "lat": 45.7364359, "area_m2": 16.0, "height_max_m": 0.37, "height_mean_m": 0.25, "class": "rock", "source": "3dep-lidar-dsm-2m", "stage_ft": 477.9, "shore_buffer_m": 4.0, "verdict": "above_water_at_flight"}}, {"type": "Feature", "geometry": {"type": "Point", "coordinates": [-68.8115806, 45.7372789]}, "properties": {"lon": -68.8115806, "lat": 45.7372789, "area_m2": 16.0, "height_max_m": 0.59, "height_mean_m": 0.37, "class": "rock", "source": "3dep-lidar-dsm-2m", "stage_ft": 477.9, "shore_buffer_m": 4.0, "verdict": "above_water_at_flight"}}, {"type": "Feature", "geometry": {"type": "Point", "coordinates": [-68.8349898, 45.7377273]}, "properties": {"lon": -68.8349898, "lat": 45.7377273, "area_m2": 16.0, "height_max_m": 1.02, "height_mean_m": 0.69, "class": "rock", "source": "3dep-lidar-dsm-2m", "stage_ft": 477.9, "shore_buffer_m": 4.0, "verdict": "above_water_at_flight"}}, {"type": "Feature", "geometry": {"type": "Point", "coordinates": [-68.8347965, 45.7380681]}, "properties": {"lon": -68.8347965, "lat": 45.7380681, "area_m2": 16.0, "height_max_m": 0.24, "height_mean_m": 0.21, "class": "rock", "source": "3dep-lidar-dsm-2m", "stage_ft": 477.9, "shore_buffer_m": 4.0, "verdict": "above_water_at_flight"}}, {"type": "Feature", "geometry": {"type": "Point", "coordinates": [-68.8350928, 45.738373]}, "properties": {"lon": -68.8350928, "lat": 45.738373, "area_m2": 16.0, "height_max_m": 0.29, "height_mean_m": 0.21, "class": "rock", "source": "3dep-lidar-dsm-2m", "stage_ft": 477.9, "shore_buffer_m": 4.0, "verdict": "above_water_at_flight"}}, {"type": "Feature", "geometry": {"type": "Point", "coordinates": [-68.8259843, 45.738947]}, "properties": {"lon": -68.8259843, "lat": 45.738947, "area_m2": 16.0, "height_max_m": 0.2, "height_mean_m": 0.18, "class": "rock", "source": "3dep-lidar-dsm-2m", "stage_ft": 477.9, "shore_buffer_m": 4.0, "verdict": "above_water_at_flight"}}, {"type": "Feature", "geometry": {"type": "Point", "coordinates": [-68.8285352, 45.7390008]}, "properties": {"lon": -68.8285352, "lat": 45.7390008, "area_m2": 16.0, "height_max_m": 0.28, "height_mean_m": 0.26, "class": "rock", "source": "3dep-lidar-dsm-2m", "stage_ft": 477.9, "shore_buffer_m": 4.0, "verdict": "above_water_at_flight"}}, {"type": "Feature", "geometry": {"type": "Point", "coordinates": [-68.8195168, 45.7390188]}, "properties": {"lon": -68.8195168, "lat": 45.7390188, "area_m2": 16.0, "height_max_m": 0.76, "height_mean_m": 0.56, "class": "rock", "source": "3dep-lidar-dsm-2m", "stage_ft": 477.9, "shore_buffer_m": 4.0, "verdict": "above_water_at_flight"}}, {"type": "Feature", "geometry": {"type": "Point", "coordinates": [-68.8341524, 45.7390367]}, "properties": {"lon": -68.8341524, "lat": 45.7390367, "area_m2": 16.0, "height_max_m": 0.32, "height_mean_m": 0.25, "class": "rock", "source": "3dep-lidar-dsm-2m", "stage_ft": 477.9, "shore_buffer_m": 4.0, "verdict": "above_water_at_flight"}}, {"type": "Feature", "geometry": {"type": "Point", "coordinates": [-68.8265576, 45.7393416]}, "properties": {"lon": -68.8265576, "lat": 45.7393416, "area_m2": 16.0, "height_max_m": 0.69, "height_mean_m": 0.45, "class": "rock", "source": "3dep-lidar-dsm-2m", "stage_ft": 477.9, "shore_buffer_m": 4.0, "verdict": "above_water_at_flight"}}, {"type": "Feature", "geometry": {"type": "Point", "coordinates": [-68.8283548, 45.7396645]}, "properties": {"lon": -68.8283548, "lat": 45.7396645, "area_m2": 16.0, "height_max_m": 0.26, "height_mean_m": 0.23, "class": "rock", "source": "3dep-lidar-dsm-2m", "stage_ft": 477.9, "shore_buffer_m": 4.0, "verdict": "above_water_at_flight"}}, {"type": "Feature", "geometry": {"type": "Point", "coordinates": [-68.8322714, 45.7398797]}, "properties": {"lon": -68.8322714, "lat": 45.7398797, "area_m2": 16.0, "height_max_m": 0.26, "height_mean_m": 0.25, "class": "rock", "source": "3dep-lidar-dsm-2m", "stage_ft": 477.9, "shore_buffer_m": 4.0, "verdict": "above_water_at_flight"}}, {"type": "Feature", "geometry": {"type": "Point", "coordinates": [-68.8203928, 45.7402743]}, "properties": {"lon": -68.8203928, "lat": 45.7402743, "area_m2": 16.0, "height_max_m": 0.46, "height_mean_m": 0.31, "class": "rock", "source": "3dep-lidar-dsm-2m", "stage_ft": 477.9, "shore_buffer_m": 4.0, "verdict": "above_water_at_flight"}}, {"type": "Feature", "geometry": {"type": "Point", "coordinates": [-68.8193106, 45.740651]}, "properties": {"lon": -68.8193106, "lat": 45.740651, "area_m2": 16.0, "height_max_m": 0.77, "height_mean_m": 0.41, "class": "rock", "source": "3dep-lidar-dsm-2m", "stage_ft": 477.9, "shore_buffer_m": 4.0, "verdict": "above_water_at_flight"}}, {"type": "Feature", "geometry": {"type": "Point", "coordinates": [-68.782348, 45.7406465]}, "properties": {"lon": -68.782348, "lat": 45.7406465, "area_m2": 16.0, "height_max_m": 0.34, "height_mean_m": 0.24, "class": "rock", "source": "3dep-lidar-dsm-2m", "stage_ft": 477.9, "shore_buffer_m": 4.0, "verdict": "above_water_at_flight"}}, {"type": "Feature", "geometry": {"type": "Point", "coordinates": [-68.8284579, 45.7409739]}, "properties": {"lon": -68.8284579, "lat": 45.7409739, "area_m2": 16.0, "height_max_m": 0.23, "height_mean_m": 0.19, "class": "rock", "source": "3dep-lidar-dsm-2m", "stage_ft": 477.9, "shore_buffer_m": 4.0, "verdict": "above_water_at_flight"}}, {"type": "Feature", "geometry": {"type": "Point", "coordinates": [-68.8295143, 45.7415478]}, "properties": {"lon": -68.8295143, "lat": 45.7415478, "area_m2": 16.0, "height_max_m": 0.27, "height_mean_m": 0.23, "class": "rock", "source": "3dep-lidar-dsm-2m", "stage_ft": 477.9, "shore_buffer_m": 4.0, "verdict": "above_water_at_flight"}}, {"type": "Feature", "geometry": {"type": "Point", "coordinates": [-68.8300812, 45.7416375]}, "properties": {"lon": -68.8300812, "lat": 45.7416375, "area_m2": 16.0, "height_max_m": 0.33, "height_mean_m": 0.28, "class": "rock", "source": "3dep-lidar-dsm-2m", "stage_ft": 477.9, "shore_buffer_m": 4.0, "verdict": "above_water_at_flight"}}, {"type": "Feature", "geometry": {"type": "Point", "coordinates": [-68.8190014, 45.7416913]}, "properties": {"lon": -68.8190014, "lat": 45.7416913, "area_m2": 16.0, "height_max_m": 0.38, "height_mean_m": 0.3, "class": "rock", "source": "3dep-lidar-dsm-2m", "stage_ft": 477.9, "shore_buffer_m": 4.0, "verdict": "above_water_at_flight"}}, {"type": "Feature", "geometry": {"type": "Point", "coordinates": [-68.8290763, 45.7417631]}, "properties": {"lon": -68.8290763, "lat": 45.7417631, "area_m2": 16.0, "height_max_m": 0.29, "height_mean_m": 0.23, "class": "rock", "source": "3dep-lidar-dsm-2m", "stage_ft": 477.9, "shore_buffer_m": 4.0, "verdict": "above_water_at_flight"}}, {"type": "Feature", "geometry": {"type": "Point", "coordinates": [-68.7815364, 45.7417631]}, "properties": {"lon": -68.7815364, "lat": 45.7417631, "area_m2": 16.0, "height_max_m": 0.26, "height_mean_m": 0.21, "class": "rock", "source": "3dep-lidar-dsm-2m", "stage_ft": 477.9, "shore_buffer_m": 4.0, "verdict": "above_water_at_flight"}}, {"type": "Feature", "geometry": {"type": "Point", "coordinates": [-68.808379, 45.7418931]}, "properties": {"lon": -68.808379, "lat": 45.7418931, "area_m2": 16.0, "height_max_m": 0.17, "height_mean_m": 0.17, "class": "rock", "source": "3dep-lidar-dsm-2m", "stage_ft": 477.9, "shore_buffer_m": 4.0, "verdict": "above_water_at_flight"}}, {"type": "Feature", "geometry": {"type": "Point", "coordinates": [-68.7812529, 45.7418886]}, "properties": {"lon": -68.7812529, "lat": 45.7418886, "area_m2": 16.0, "height_max_m": 0.18, "height_mean_m": 0.17, "class": "rock", "source": "3dep-lidar-dsm-2m", "stage_ft": 477.9, "shore_buffer_m": 4.0, "verdict": "above_water_at_flight"}}, {"type": "Feature", "geometry": {"type": "Point", "coordinates": [-68.7827217, 45.7422025]}, "properties": {"lon": -68.7827217, "lat": 45.7422025, "area_m2": 16.0, "height_max_m": 1.1, "height_mean_m": 0.55, "class": "rock", "source": "3dep-lidar-dsm-2m", "stage_ft": 477.9, "shore_buffer_m": 4.0, "verdict": "above_water_at_flight"}}, {"type": "Feature", "geometry": {"type": "Point", "coordinates": [-68.835518, 45.7423191]}, "properties": {"lon": -68.835518, "lat": 45.7423191, "area_m2": 16.0, "height_max_m": 0.3, "height_mean_m": 0.27, "class": "rock", "source": "3dep-lidar-dsm-2m", "stage_ft": 477.9, "shore_buffer_m": 4.0, "verdict": "above_water_at_flight"}}, {"type": "Feature", "geometry": {"type": "Point", "coordinates": [-68.8319751, 45.7424626]}, "properties": {"lon": -68.8319751, "lat": 45.7424626, "area_m2": 16.0, "height_max_m": 2.61, "height_mean_m": 1.74, "class": "rock", "source": "3dep-lidar-dsm-2m", "stage_ft": 477.9, "shore_buffer_m": 4.0, "verdict": "above_water_at_flight"}}, {"type": "Feature", "geometry": {"type": "Point", "coordinates": [-68.7892407, 45.7424446]}, "properties": {"lon": -68.7892407, "lat": 45.7424446, "area_m2": 16.0, "height_max_m": 0.25, "height_mean_m": 0.21, "class": "rock", "source": "3dep-lidar-dsm-2m", "stage_ft": 477.9, "shore_buffer_m": 4.0, "verdict": "above_water_at_flight"}}, {"type": "Feature", "geometry": {"type": "Point", "coordinates": [-68.8133069, 45.7424985]}, "properties": {"lon": -68.8133069, "lat": 45.7424985, "area_m2": 16.0, "height_max_m": 0.29, "height_mean_m": 0.25, "class": "rock", "source": "3dep-lidar-dsm-2m", "stage_ft": 477.9, "shore_buffer_m": 4.0, "verdict": "above_water_at_flight"}}, {"type": "Feature", "geometry": {"type": "Point", "coordinates": [-68.7894726, 45.7425164]}, "properties": {"lon": -68.7894726, "lat": 45.7425164, "area_m2": 16.0, "height_max_m": 0.22, "height_mean_m": 0.2, "class": "rock", "source": "3dep-lidar-dsm-2m", "stage_ft": 477.9, "shore_buffer_m": 4.0, "verdict": "above_water_at_flight"}}, {"type": "Feature", "geometry": {"type": "Point", "coordinates": [-68.8296689, 45.7426375]}, "properties": {"lon": -68.8296689, "lat": 45.7426375, "area_m2": 16.0, "height_max_m": 0.86, "height_mean_m": 0.56, "class": "rock", "source": "3dep-lidar-dsm-2m", "stage_ft": 477.9, "shore_buffer_m": 4.0, "verdict": "above_water_at_flight"}}, {"type": "Feature", "geometry": {"type": "Point", "coordinates": [-68.7855045, 45.7426778]}, "properties": {"lon": -68.7855045, "lat": 45.7426778, "area_m2": 16.0, "height_max_m": 0.45, "height_mean_m": 0.28, "class": "rock", "source": "3dep-lidar-dsm-2m", "stage_ft": 477.9, "shore_buffer_m": 4.0, "verdict": "above_water_at_flight"}}, {"type": "Feature", "geometry": {"type": "Point", "coordinates": [-68.786329, 45.7426958]}, "properties": {"lon": -68.786329, "lat": 45.7426958, "area_m2": 16.0, "height_max_m": 0.38, "height_mean_m": 0.26, "class": "rock", "source": "3dep-lidar-dsm-2m", "stage_ft": 477.9, "shore_buffer_m": 4.0, "verdict": "above_water_at_flight"}}, {"type": "Feature", "geometry": {"type": "Point", "coordinates": [-68.8364714, 45.7428751]}, "properties": {"lon": -68.8364714, "lat": 45.7428751, "area_m2": 16.0, "height_max_m": 0.25, "height_mean_m": 0.22, "class": "rock", "source": "3dep-lidar-dsm-2m", "stage_ft": 477.9, "shore_buffer_m": 4.0, "verdict": "above_water_at_flight"}}, {"type": "Feature", "geometry": {"type": "Point", "coordinates": [-68.8367355, 45.7429738]}, "properties": {"lon": -68.8367355, "lat": 45.7429738, "area_m2": 16.0, "height_max_m": 0.19, "height_mean_m": 0.17, "class": "rock", "source": "3dep-lidar-dsm-2m", "stage_ft": 477.9, "shore_buffer_m": 4.0, "verdict": "above_water_at_flight"}}, {"type": "Feature", "geometry": {"type": "Point", "coordinates": [-68.8234849, 45.7429738]}, "properties": {"lon": -68.8234849, "lat": 45.7429738, "area_m2": 16.0, "height_max_m": 0.6, "height_mean_m": 0.37, "class": "rock", "source": "3dep-lidar-dsm-2m", "stage_ft": 477.9, "shore_buffer_m": 4.0, "verdict": "above_water_at_flight"}}, {"type": "Feature", "geometry": {"type": "Point", "coordinates": [-68.8198002, 45.7430904]}, "properties": {"lon": -68.8198002, "lat": 45.7430904, "area_m2": 16.0, "height_max_m": 0.3, "height_mean_m": 0.22, "class": "rock", "source": "3dep-lidar-dsm-2m", "stage_ft": 477.9, "shore_buffer_m": 4.0, "verdict": "above_water_at_flight"}}, {"type": "Feature", "geometry": {"type": "Point", "coordinates": [-68.8339462, 45.74318]}, "properties": {"lon": -68.8339462, "lat": 45.74318, "area_m2": 16.0, "height_max_m": 0.28, "height_mean_m": 0.23, "class": "rock", "source": "3dep-lidar-dsm-2m", "stage_ft": 477.9, "shore_buffer_m": 4.0, "verdict": "above_water_at_flight"}}, {"type": "Feature", "geometry": {"type": "Point", "coordinates": [-68.8223254, 45.7432518]}, "properties": {"lon": -68.8223254, "lat": 45.7432518, "area_m2": 16.0, "height_max_m": 0.2, "height_mean_m": 0.2, "class": "rock", "source": "3dep-lidar-dsm-2m", "stage_ft": 477.9, "shore_buffer_m": 4.0, "verdict": "above_water_at_flight"}}, {"type": "Feature", "geometry": {"type": "Point", "coordinates": [-68.8085336, 45.7432608]}, "properties": {"lon": -68.8085336, "lat": 45.7432608, "area_m2": 16.0, "height_max_m": 0.2, "height_mean_m": 0.17, "class": "rock", "source": "3dep-lidar-dsm-2m", "stage_ft": 477.9, "shore_buffer_m": 4.0, "verdict": "above_water_at_flight"}}, {"type": "Feature", "geometry": {"type": "Point", "coordinates": [-68.8369609, 45.7433056]}, "properties": {"lon": -68.8369609, "lat": 45.7433056, "area_m2": 16.0, "height_max_m": 0.28, "height_mean_m": 0.24, "class": "rock", "source": "3dep-lidar-dsm-2m", "stage_ft": 477.9, "shore_buffer_m": 4.0, "verdict": "above_water_at_flight"}}, {"type": "Feature", "geometry": {"type": "Point", "coordinates": [-68.8328898, 45.7433235]}, "properties": {"lon": -68.8328898, "lat": 45.7433235, "area_m2": 16.0, "height_max_m": 0.29, "height_mean_m": 0.27, "class": "rock", "source": "3dep-lidar-dsm-2m", "stage_ft": 477.9, "shore_buffer_m": 4.0, "verdict": "above_water_at_flight"}}, {"type": "Feature", "geometry": {"type": "Point", "coordinates": [-68.7378551, 45.7433639]}, "properties": {"lon": -68.7378551, "lat": 45.7433639, "area_m2": 16.0, "height_max_m": 1.84, "height_mean_m": 1.14, "class": "rock", "source": "3dep-lidar-dsm-2m", "stage_ft": 477.9, "shore_buffer_m": 4.0, "verdict": "above_water_at_flight"}}, {"type": "Feature", "geometry": {"type": "Point", "coordinates": [-68.8201094, 45.7433953]}, "properties": {"lon": -68.8201094, "lat": 45.7433953, "area_m2": 16.0, "height_max_m": 0.24, "height_mean_m": 0.2, "class": "rock", "source": "3dep-lidar-dsm-2m", "stage_ft": 477.9, "shore_buffer_m": 4.0, "verdict": "above_water_at_flight"}}, {"type": "Feature", "geometry": {"type": "Point", "coordinates": [-68.8126628, 45.7434132]}, "properties": {"lon": -68.8126628, "lat": 45.7434132, "area_m2": 16.0, "height_max_m": 0.29, "height_mean_m": 0.26, "class": "rock", "source": "3dep-lidar-dsm-2m", "stage_ft": 477.9, "shore_buffer_m": 4.0, "verdict": "above_water_at_flight"}}, {"type": "Feature", "geometry": {"type": "Point", "coordinates": [-68.8128689, 45.7437002]}, "properties": {"lon": -68.8128689, "lat": 45.7437002, "area_m2": 16.0, "height_max_m": 0.35, "height_mean_m": 0.26, "class": "rock", "source": "3dep-lidar-dsm-2m", "stage_ft": 477.9, "shore_buffer_m": 4.0, "verdict": "above_water_at_flight"}}, {"type": "Feature", "geometry": {"type": "Point", "coordinates": [-68.8299008, 45.7437361]}, "properties": {"lon": -68.8299008, "lat": 45.7437361, "area_m2": 16.0, "height_max_m": 0.26, "height_mean_m": 0.25, "class": "rock", "source": "3dep-lidar-dsm-2m", "stage_ft": 477.9, "shore_buffer_m": 4.0, "verdict": "above_water_at_flight"}}, {"type": "Feature", "geometry": {"type": "Point", "coordinates": [-68.8337401, 45.7439872]}, "properties": {"lon": -68.8337401, "lat": 45.7439872, "area_m2": 16.0, "height_max_m": 0.35, "height_mean_m": 0.27, "class": "rock", "source": "3dep-lidar-dsm-2m", "stage_ft": 477.9, "shore_buffer_m": 4.0, "verdict": "above_water_at_flight"}}, {"type": "Feature", "geometry": {"type": "Point", "coordinates": [-68.8340493, 45.7440231]}, "properties": {"lon": -68.8340493, "lat": 45.7440231, "area_m2": 16.0, "height_max_m": 0.24, "height_mean_m": 0.2, "class": "rock", "source": "3dep-lidar-dsm-2m", "stage_ft": 477.9, "shore_buffer_m": 4.0, "verdict": "above_water_at_flight"}}, {"type": "Feature", "geometry": {"type": "Point", "coordinates": [-68.8070714, 45.7440231]}, "properties": {"lon": -68.8070714, "lat": 45.7440231, "area_m2": 16.0, "height_max_m": 0.18, "height_mean_m": 0.16, "class": "rock", "source": "3dep-lidar-dsm-2m", "stage_ft": 477.9, "shore_buffer_m": 4.0, "verdict": "above_water_at_flight"}}, {"type": "Feature", "geometry": {"type": "Point", "coordinates": [-68.8330701, 45.7441486]}, "properties": {"lon": -68.8330701, "lat": 45.7441486, "area_m2": 16.0, "height_max_m": 0.21, "height_mean_m": 0.19, "class": "rock", "source": "3dep-lidar-dsm-2m", "stage_ft": 477.9, "shore_buffer_m": 4.0, "verdict": "above_water_at_flight"}}, {"type": "Feature", "geometry": {"type": "Point", "coordinates": [-68.8322971, 45.7442204]}, "properties": {"lon": -68.8322971, "lat": 45.7442204, "area_m2": 16.0, "height_max_m": 0.27, "height_mean_m": 0.25, "class": "rock", "source": "3dep-lidar-dsm-2m", "stage_ft": 477.9, "shore_buffer_m": 4.0, "verdict": "above_water_at_flight"}}, {"type": "Feature", "geometry": {"type": "Point", "coordinates": [-68.735098, 45.7442428]}, "properties": {"lon": -68.735098, "lat": 45.7442428, "area_m2": 16.0, "height_max_m": 0.97, "height_mean_m": 0.5, "class": "rock", "source": "3dep-lidar-dsm-2m", "stage_ft": 477.9, "shore_buffer_m": 4.0, "verdict": "above_water_at_flight"}}, {"type": "Feature", "geometry": {"type": "Point", "coordinates": [-68.7833916, 45.7444177]}, "properties": {"lon": -68.7833916, "lat": 45.7444177, "area_m2": 16.0, "height_max_m": 0.23, "height_mean_m": 0.18, "class": "rock", "source": "3dep-lidar-dsm-2m", "stage_ft": 477.9, "shore_buffer_m": 4.0, "verdict": "above_water_at_flight"}}, {"type": "Feature", "geometry": {"type": "Point", "coordinates": [-68.8287027, 45.7444535]}, "properties": {"lon": -68.8287027, "lat": 45.7444535, "area_m2": 16.0, "height_max_m": 1.66, "height_mean_m": 1.26, "class": "rock", "source": "3dep-lidar-dsm-2m", "stage_ft": 477.9, "shore_buffer_m": 4.0, "verdict": "above_water_at_flight"}}, {"type": "Feature", "geometry": {"type": "Point", "coordinates": [-68.8287284, 45.7445432]}, "properties": {"lon": -68.8287284, "lat": 45.7445432, "area_m2": 16.0, "height_max_m": 0.57, "height_mean_m": 0.31, "class": "rock", "source": "3dep-lidar-dsm-2m", "stage_ft": 477.9, "shore_buffer_m": 4.0, "verdict": "above_water_at_flight"}}, {"type": "Feature", "geometry": {"type": "Point", "coordinates": [-68.8267057, 45.7449109]}, "properties": {"lon": -68.8267057, "lat": 45.7449109, "area_m2": 16.0, "height_max_m": 0.86, "height_mean_m": 0.53, "class": "rock", "source": "3dep-lidar-dsm-2m", "stage_ft": 477.9, "shore_buffer_m": 4.0, "verdict": "above_water_at_flight"}}, {"type": "Feature", "geometry": {"type": "Point", "coordinates": [-68.7778002, 45.7450993]}, "properties": {"lon": -68.7778002, "lat": 45.7450993, "area_m2": 16.0, "height_max_m": 0.2, "height_mean_m": 0.19, "class": "rock", "source": "3dep-lidar-dsm-2m", "stage_ft": 477.9, "shore_buffer_m": 4.0, "verdict": "above_water_at_flight"}}, {"type": "Feature", "geometry": {"type": "Point", "coordinates": [-68.8258683, 45.7451934]}, "properties": {"lon": -68.8258683, "lat": 45.7451934, "area_m2": 16.0, "height_max_m": 0.22, "height_mean_m": 0.18, "class": "rock", "source": "3dep-lidar-dsm-2m", "stage_ft": 477.9, "shore_buffer_m": 4.0, "verdict": "above_water_at_flight"}}, {"type": "Feature", "geometry": {"type": "Point", "coordinates": [-68.7791272, 45.7452428]}, "properties": {"lon": -68.7791272, "lat": 45.7452428, "area_m2": 16.0, "height_max_m": 0.45, "height_mean_m": 0.27, "class": "rock", "source": "3dep-lidar-dsm-2m", "stage_ft": 477.9, "shore_buffer_m": 4.0, "verdict": "above_water_at_flight"}}, {"type": "Feature", "geometry": {"type": "Point", "coordinates": [-68.830107, 45.7453145]}, "properties": {"lon": -68.830107, "lat": 45.7453145, "area_m2": 16.0, "height_max_m": 0.33, "height_mean_m": 0.29, "class": "rock", "source": "3dep-lidar-dsm-2m", "stage_ft": 477.9, "shore_buffer_m": 4.0, "verdict": "above_water_at_flight"}}, {"type": "Feature", "geometry": {"type": "Point", "coordinates": [-68.7358839, 45.7453907]}, "properties": {"lon": -68.7358839, "lat": 45.7453907, "area_m2": 16.0, "height_max_m": 0.42, "height_mean_m": 0.33, "class": "rock", "source": "3dep-lidar-dsm-2m", "stage_ft": 477.9, "shore_buffer_m": 4.0, "verdict": "above_water_at_flight"}}, {"type": "Feature", "geometry": {"type": "Point", "coordinates": [-68.8329155, 45.745458]}, "properties": {"lon": -68.8329155, "lat": 45.745458, "area_m2": 16.0, "height_max_m": 0.35, "height_mean_m": 0.28, "class": "rock", "source": "3dep-lidar-dsm-2m", "stage_ft": 477.9, "shore_buffer_m": 4.0, "verdict": "above_water_at_flight"}}, {"type": "Feature", "geometry": {"type": "Point", "coordinates": [-68.8044431, 45.7454759]}, "properties": {"lon": -68.8044431, "lat": 45.7454759, "area_m2": 16.0, "height_max_m": 0.25, "height_mean_m": 0.21, "class": "rock", "source": "3dep-lidar-dsm-2m", "stage_ft": 477.9, "shore_buffer_m": 4.0, "verdict": "above_water_at_flight"}}, {"type": "Feature", "geometry": {"type": "Point", "coordinates": [-68.7359805, 45.7454939]}, "properties": {"lon": -68.7359805, "lat": 45.7454939, "area_m2": 16.0, "height_max_m": 0.24, "height_mean_m": 0.2, "class": "rock", "source": "3dep-lidar-dsm-2m", "stage_ft": 477.9, "shore_buffer_m": 4.0, "verdict": "above_water_at_flight"}}, {"type": "Feature", "geometry": {"type": "Point", "coordinates": [-68.8350864, 45.7456867]}, "properties": {"lon": -68.8350864, "lat": 45.7456867, "area_m2": 16.0, "height_max_m": 0.23, "height_mean_m": 0.18, "class": "rock", "source": "3dep-lidar-dsm-2m", "stage_ft": 477.9, "shore_buffer_m": 4.0, "verdict": "above_water_at_flight"}}, {"type": "Feature", "geometry": {"type": "Point", "coordinates": [-68.8312407, 45.7457988]}, "properties": {"lon": -68.8312407, "lat": 45.7457988, "area_m2": 16.0, "height_max_m": 0.33, "height_mean_m": 0.3, "class": "rock", "source": "3dep-lidar-dsm-2m", "stage_ft": 477.9, "shore_buffer_m": 4.0, "verdict": "above_water_at_flight"}}, {"type": "Feature", "geometry": {"type": "Point", "coordinates": [-68.826783, 45.7459064]}, "properties": {"lon": -68.826783, "lat": 45.7459064, "area_m2": 16.0, "height_max_m": 0.28, "height_mean_m": 0.23, "class": "rock", "source": "3dep-lidar-dsm-2m", "stage_ft": 477.9, "shore_buffer_m": 4.0, "verdict": "above_water_at_flight"}}, {"type": "Feature", "geometry": {"type": "Point", "coordinates": [-68.7329916, 45.7459423]}, "properties": {"lon": -68.7329916, "lat": 45.7459423, "area_m2": 16.0, "height_max_m": 0.76, "height_mean_m": 0.49, "class": "rock", "source": "3dep-lidar-dsm-2m", "stage_ft": 477.9, "shore_buffer_m": 4.0, "verdict": "above_water_at_flight"}}, {"type": "Feature", "geometry": {"type": "Point", "coordinates": [-68.8214493, 45.746014]}, "properties": {"lon": -68.8214493, "lat": 45.746014, "area_m2": 16.0, "height_max_m": 0.22, "height_mean_m": 0.18, "class": "rock", "source": "3dep-lidar-dsm-2m", "stage_ft": 477.9, "shore_buffer_m": 4.0, "verdict": "above_water_at_flight"}}, {"type": "Feature", "geometry": {"type": "Point", "coordinates": [-68.7442581, 45.7462696]}, "properties": {"lon": -68.7442581, "lat": 45.7462696, "area_m2": 16.0, "height_max_m": 0.29, "height_mean_m": 0.25, "class": "rock", "source": "3dep-lidar-dsm-2m", "stage_ft": 477.9, "shore_buffer_m": 4.0, "verdict": "above_water_at_flight"}}, {"type": "Feature", "geometry": {"type": "Point", "coordinates": [-68.7758033, 45.7463907]}, "properties": {"lon": -68.7758033, "lat": 45.7463907, "area_m2": 16.0, "height_max_m": 0.6, "height_mean_m": 0.45, "class": "rock", "source": "3dep-lidar-dsm-2m", "stage_ft": 477.9, "shore_buffer_m": 4.0, "verdict": "above_water_at_flight"}}, {"type": "Feature", "geometry": {"type": "Point", "coordinates": [-68.7800033, 45.7464804]}, "properties": {"lon": -68.7800033, "lat": 45.7464804, "area_m2": 16.0, "height_max_m": 1.15, "height_mean_m": 0.7, "class": "rock", "source": "3dep-lidar-dsm-2m", "stage_ft": 477.9, "shore_buffer_m": 4.0, "verdict": "above_water_at_flight"}}, {"type": "Feature", "geometry": {"type": "Point", "coordinates": [-68.8197422, 45.7466149]}, "properties": {"lon": -68.8197422, "lat": 45.7466149, "area_m2": 16.0, "height_max_m": 0.35, "height_mean_m": 0.25, "class": "rock", "source": "3dep-lidar-dsm-2m", "stage_ft": 477.9, "shore_buffer_m": 4.0, "verdict": "above_water_at_flight"}}, {"type": "Feature", "geometry": {"type": "Point", "coordinates": [-68.7909864, 45.7467225]}, "properties": {"lon": -68.7909864, "lat": 45.7467225, "area_m2": 16.0, "height_max_m": 0.26, "height_mean_m": 0.2, "class": "rock", "source": "3dep-lidar-dsm-2m", "stage_ft": 477.9, "shore_buffer_m": 4.0, "verdict": "above_water_at_flight"}}, {"type": "Feature", "geometry": {"type": "Point", "coordinates": [-68.8346419, 45.7467494]}, "properties": {"lon": -68.8346419, "lat": 45.7467494, "area_m2": 16.0, "height_max_m": 0.43, "height_mean_m": 0.32, "class": "rock", "source": "3dep-lidar-dsm-2m", "stage_ft": 477.9, "shore_buffer_m": 4.0, "verdict": "above_water_at_flight"}}, {"type": "Feature", "geometry": {"type": "Point", "coordinates": [-68.8216812, 45.7467853]}, "properties": {"lon": -68.8216812, "lat": 45.7467853, "area_m2": 16.0, "height_max_m": 0.55, "height_mean_m": 0.5, "class": "rock", "source": "3dep-lidar-dsm-2m", "stage_ft": 477.9, "shore_buffer_m": 4.0, "verdict": "above_water_at_flight"}}, {"type": "Feature", "geometry": {"type": "Point", "coordinates": [-68.83441, 45.7469781]}, "properties": {"lon": -68.83441, "lat": 45.7469781, "area_m2": 16.0, "height_max_m": 0.57, "height_mean_m": 0.34, "class": "rock", "source": "3dep-lidar-dsm-2m", "stage_ft": 477.9, "shore_buffer_m": 4.0, "verdict": "above_water_at_flight"}}, {"type": "Feature", "geometry": {"type": "Point", "coordinates": [-68.8342039, 45.7471261]}, "properties": {"lon": -68.8342039, "lat": 45.7471261, "area_m2": 16.0, "height_max_m": 1.44, "height_mean_m": 0.94, "class": "rock", "source": "3dep-lidar-dsm-2m", "stage_ft": 477.9, "shore_buffer_m": 4.0, "verdict": "above_water_at_flight"}}, {"type": "Feature", "geometry": {"type": "Point", "coordinates": [-68.7363864, 45.747431]}, "properties": {"lon": -68.7363864, "lat": 45.747431, "area_m2": 16.0, "height_max_m": 0.54, "height_mean_m": 0.4, "class": "rock", "source": "3dep-lidar-dsm-2m", "stage_ft": 477.9, "shore_buffer_m": 4.0, "verdict": "above_water_at_flight"}}, {"type": "Feature", "geometry": {"type": "Point", "coordinates": [-68.7863548, 45.7474669]}, "properties": {"lon": -68.7863548, "lat": 45.7474669, "area_m2": 16.0, "height_max_m": 0.37, "height_mean_m": 0.3, "class": "rock", "source": "3dep-lidar-dsm-2m", "stage_ft": 477.9, "shore_buffer_m": 4.0, "verdict": "above_water_at_flight"}}, {"type": "Feature", "geometry": {"type": "Point", "coordinates": [-68.7799388, 45.7474848]}, "properties": {"lon": -68.7799388, "lat": 45.7474848, "area_m2": 16.0, "height_max_m": 0.32, "height_mean_m": 0.25, "class": "rock", "source": "3dep-lidar-dsm-2m", "stage_ft": 477.9, "shore_buffer_m": 4.0, "verdict": "above_water_at_flight"}}, {"type": "Feature", "geometry": {"type": "Point", "coordinates": [-68.7364572, 45.7476642]}, "properties": {"lon": -68.7364572, "lat": 45.7476642, "area_m2": 16.0, "height_max_m": 1.22, "height_mean_m": 0.63, "class": "rock", "source": "3dep-lidar-dsm-2m", "stage_ft": 477.9, "shore_buffer_m": 4.0, "verdict": "above_water_at_flight"}}, {"type": "Feature", "geometry": {"type": "Point", "coordinates": [-68.7364701, 45.7477987]}, "properties": {"lon": -68.7364701, "lat": 45.7477987, "area_m2": 16.0, "height_max_m": 1.67, "height_mean_m": 0.73, "class": "rock", "source": "3dep-lidar-dsm-2m", "stage_ft": 477.9, "shore_buffer_m": 4.0, "verdict": "above_water_at_flight"}}, {"type": "Feature", "geometry": {"type": "Point", "coordinates": [-68.828387, 45.7479646]}, "properties": {"lon": -68.828387, "lat": 45.7479646, "area_m2": 16.0, "height_max_m": 0.38, "height_mean_m": 0.28, "class": "rock", "source": "3dep-lidar-dsm-2m", "stage_ft": 477.9, "shore_buffer_m": 4.0, "verdict": "above_water_at_flight"}}, {"type": "Feature", "geometry": {"type": "Point", "coordinates": [-68.827891, 45.7480229]}, "properties": {"lon": -68.827891, "lat": 45.7480229, "area_m2": 16.0, "height_max_m": 0.25, "height_mean_m": 0.2, "class": "rock", "source": "3dep-lidar-dsm-2m", "stage_ft": 477.9, "shore_buffer_m": 4.0, "verdict": "above_water_at_flight"}}, {"type": "Feature", "geometry": {"type": "Point", "coordinates": [-68.7430407, 45.7480409]}, "properties": {"lon": -68.7430407, "lat": 45.7480409, "area_m2": 16.0, "height_max_m": 1.22, "height_mean_m": 0.74, "class": "rock", "source": "3dep-lidar-dsm-2m", "stage_ft": 477.9, "shore_buffer_m": 4.0, "verdict": "above_water_at_flight"}}, {"type": "Feature", "geometry": {"type": "Point", "coordinates": [-68.8061953, 45.7480409]}, "properties": {"lon": -68.8061953, "lat": 45.7480409, "area_m2": 16.0, "height_max_m": 0.2, "height_mean_m": 0.19, "class": "rock", "source": "3dep-lidar-dsm-2m", "stage_ft": 477.9, "shore_buffer_m": 4.0, "verdict": "above_water_at_flight"}}, {"type": "Feature", "geometry": {"type": "Point", "coordinates": [-68.8053192, 45.7480767]}, "properties": {"lon": -68.8053192, "lat": 45.7480767, "area_m2": 16.0, "height_max_m": 0.25, "height_mean_m": 0.23, "class": "rock", "source": "3dep-lidar-dsm-2m", "stage_ft": 477.9, "shore_buffer_m": 4.0, "verdict": "above_water_at_flight"}}, {"type": "Feature", "geometry": {"type": "Point", "coordinates": [-68.8346162, 45.7480947]}, "properties": {"lon": -68.8346162, "lat": 45.7480947, "area_m2": 16.0, "height_max_m": 0.24, "height_mean_m": 0.22, "class": "rock", "source": "3dep-lidar-dsm-2m", "stage_ft": 477.9, "shore_buffer_m": 4.0, "verdict": "above_water_at_flight"}}, {"type": "Feature", "geometry": {"type": "Point", "coordinates": [-68.8326965, 45.7483996]}, "properties": {"lon": -68.8326965, "lat": 45.7483996, "area_m2": 16.0, "height_max_m": 0.22, "height_mean_m": 0.2, "class": "rock", "source": "3dep-lidar-dsm-2m", "stage_ft": 477.9, "shore_buffer_m": 4.0, "verdict": "above_water_at_flight"}}, {"type": "Feature", "geometry": {"type": "Point", "coordinates": [-68.8339913, 45.7486193]}, "properties": {"lon": -68.8339913, "lat": 45.7486193, "area_m2": 16.0, "height_max_m": 0.48, "height_mean_m": 0.34, "class": "rock", "source": "3dep-lidar-dsm-2m", "stage_ft": 477.9, "shore_buffer_m": 4.0, "verdict": "above_water_at_flight"}}, {"type": "Feature", "geometry": {"type": "Point", "coordinates": [-68.8085658, 45.7486148]}, "properties": {"lon": -68.8085658, "lat": 45.7486148, "area_m2": 16.0, "height_max_m": 0.19, "height_mean_m": 0.18, "class": "rock", "source": "3dep-lidar-dsm-2m", "stage_ft": 477.9, "shore_buffer_m": 4.0, "verdict": "above_water_at_flight"}}, {"type": "Feature", "geometry": {"type": "Point", "coordinates": [-68.8296303, 45.7486552]}, "properties": {"lon": -68.8296303, "lat": 45.7486552, "area_m2": 16.0, "height_max_m": 0.34, "height_mean_m": 0.23, "class": "rock", "source": "3dep-lidar-dsm-2m", "stage_ft": 477.9, "shore_buffer_m": 4.0, "verdict": "above_water_at_flight"}}, {"type": "Feature", "geometry": {"type": "Point", "coordinates": [-68.8306996, 45.7486686]}, "properties": {"lon": -68.8306996, "lat": 45.7486686, "area_m2": 16.0, "height_max_m": 0.24, "height_mean_m": 0.2, "class": "rock", "source": "3dep-lidar-dsm-2m", "stage_ft": 477.9, "shore_buffer_m": 4.0, "verdict": "above_water_at_flight"}}, {"type": "Feature", "geometry": {"type": "Point", "coordinates": [-68.8368063, 45.7487224]}, "properties": {"lon": -68.8368063, "lat": 45.7487224, "area_m2": 16.0, "height_max_m": 0.3, "height_mean_m": 0.25, "class": "rock", "source": "3dep-lidar-dsm-2m", "stage_ft": 477.9, "shore_buffer_m": 4.0, "verdict": "above_water_at_flight"}}, {"type": "Feature", "geometry": {"type": "Point", "coordinates": [-68.8197229, 45.7487763]}, "properties": {"lon": -68.8197229, "lat": 45.7487763, "area_m2": 16.0, "height_max_m": 0.28, "height_mean_m": 0.21, "class": "rock", "source": "3dep-lidar-dsm-2m", "stage_ft": 477.9, "shore_buffer_m": 4.0, "verdict": "above_water_at_flight"}}, {"type": "Feature", "geometry": {"type": "Point", "coordinates": [-68.83088, 45.7488032]}, "properties": {"lon": -68.83088, "lat": 45.7488032, "area_m2": 16.0, "height_max_m": 0.2, "height_mean_m": 0.19, "class": "rock", "source": "3dep-lidar-dsm-2m", "stage_ft": 477.9, "shore_buffer_m": 4.0, "verdict": "above_water_at_flight"}}, {"type": "Feature", "geometry": {"type": "Point", "coordinates": [-68.747975, 45.7488121]}, "properties": {"lon": -68.747975, "lat": 45.7488121, "area_m2": 16.0, "height_max_m": 2.22, "height_mean_m": 0.8, "class": "rock", "source": "3dep-lidar-dsm-2m", "stage_ft": 477.9, "shore_buffer_m": 4.0, "verdict": "above_water_at_flight"}}, {"type": "Feature", "geometry": {"type": "Point", "coordinates": [-68.8398339, 45.7490049]}, "properties": {"lon": -68.8398339, "lat": 45.7490049, "area_m2": 16.0, "height_max_m": 0.24, "height_mean_m": 0.19, "class": "rock", "source": "3dep-lidar-dsm-2m", "stage_ft": 477.9, "shore_buffer_m": 4.0, "verdict": "above_water_at_flight"}}, {"type": "Feature", "geometry": {"type": "Point", "coordinates": [-68.8347192, 45.7490274]}, "properties": {"lon": -68.8347192, "lat": 45.7490274, "area_m2": 16.0, "height_max_m": 0.39, "height_mean_m": 0.33, "class": "rock", "source": "3dep-lidar-dsm-2m", "stage_ft": 477.9, "shore_buffer_m": 4.0, "verdict": "above_water_at_flight"}}, {"type": "Feature", "geometry": {"type": "Point", "coordinates": [-68.829772, 45.7490812]}, "properties": {"lon": -68.829772, "lat": 45.7490812, "area_m2": 16.0, "height_max_m": 0.24, "height_mean_m": 0.23, "class": "rock", "source": "3dep-lidar-dsm-2m", "stage_ft": 477.9, "shore_buffer_m": 4.0, "verdict": "above_water_at_flight"}}, {"type": "Feature", "geometry": {"type": "Point", "coordinates": [-68.7375266, 45.7491081]}, "properties": {"lon": -68.7375266, "lat": 45.7491081, "area_m2": 16.0, "height_max_m": 3.45, "height_mean_m": 2.31, "class": "rock", "source": "3dep-lidar-dsm-2m", "stage_ft": 477.9, "shore_buffer_m": 4.0, "verdict": "above_water_at_flight"}}, {"type": "Feature", "geometry": {"type": "Point", "coordinates": [-68.8200385, 45.7491574]}, "properties": {"lon": -68.8200385, "lat": 45.7491574, "area_m2": 16.0, "height_max_m": 1.15, "height_mean_m": 0.83, "class": "rock", "source": "3dep-lidar-dsm-2m", "stage_ft": 477.9, "shore_buffer_m": 4.0, "verdict": "above_water_at_flight"}}, {"type": "Feature", "geometry": {"type": "Point", "coordinates": [-68.8016861, 45.7492067]}, "properties": {"lon": -68.8016861, "lat": 45.7492067, "area_m2": 16.0, "height_max_m": 0.27, "height_mean_m": 0.23, "class": "rock", "source": "3dep-lidar-dsm-2m", "stage_ft": 477.9, "shore_buffer_m": 4.0, "verdict": "above_water_at_flight"}}, {"type": "Feature", "geometry": {"type": "Point", "coordinates": [-68.7274259, 45.7491978]}, "properties": {"lon": -68.7274259, "lat": 45.7491978, "area_m2": 16.0, "height_max_m": 1.28, "height_mean_m": 0.91, "class": "rock", "source": "3dep-lidar-dsm-2m", "stage_ft": 477.9, "shore_buffer_m": 4.0, "verdict": "above_water_at_flight"}}, {"type": "Feature", "geometry": {"type": "Point", "coordinates": [-68.8016603, 45.7492785]}, "properties": {"lon": -68.8016603, "lat": 45.7492785, "area_m2": 16.0, "height_max_m": 0.28, "height_mean_m": 0.23, "class": "rock", "source": "3dep-lidar-dsm-2m", "stage_ft": 477.9, "shore_buffer_m": 4.0, "verdict": "above_water_at_flight"}}, {"type": "Feature", "geometry": {"type": "Point", "coordinates": [-68.8236137, 45.7492964]}, "properties": {"lon": -68.8236137, "lat": 45.7492964, "area_m2": 16.0, "height_max_m": 0.2, "height_mean_m": 0.17, "class": "rock", "source": "3dep-lidar-dsm-2m", "stage_ft": 477.9, "shore_buffer_m": 4.0, "verdict": "above_water_at_flight"}}, {"type": "Feature", "geometry": {"type": "Point", "coordinates": [-68.8256235, 45.7493771]}, "properties": {"lon": -68.8256235, "lat": 45.7493771, "area_m2": 16.0, "height_max_m": 0.22, "height_mean_m": 0.2, "class": "rock", "source": "3dep-lidar-dsm-2m", "stage_ft": 477.9, "shore_buffer_m": 4.0, "verdict": "above_water_at_flight"}}, {"type": "Feature", "geometry": {"type": "Point", "coordinates": [-68.8092487, 45.749404]}, "properties": {"lon": -68.8092487, "lat": 45.749404, "area_m2": 16.0, "height_max_m": 0.99, "height_mean_m": 0.61, "class": "rock", "source": "3dep-lidar-dsm-2m", "stage_ft": 477.9, "shore_buffer_m": 4.0, "verdict": "above_water_at_flight"}}, {"type": "Feature", "geometry": {"type": "Point", "coordinates": [-68.8186922, 45.7494758]}, "properties": {"lon": -68.8186922, "lat": 45.7494758, "area_m2": 16.0, "height_max_m": 0.86, "height_mean_m": 0.45, "class": "rock", "source": "3dep-lidar-dsm-2m", "stage_ft": 477.9, "shore_buffer_m": 4.0, "verdict": "above_water_at_flight"}}, {"type": "Feature", "geometry": {"type": "Point", "coordinates": [-68.7902907, 45.7495027]}, "properties": {"lon": -68.7902907, "lat": 45.7495027, "area_m2": 16.0, "height_max_m": 0.17, "height_mean_m": 0.16, "class": "rock", "source": "3dep-lidar-dsm-2m", "stage_ft": 477.9, "shore_buffer_m": 4.0, "verdict": "above_water_at_flight"}}, {"type": "Feature", "geometry": {"type": "Point", "coordinates": [-68.8348481, 45.7495117]}, "properties": {"lon": -68.8348481, "lat": 45.7495117, "area_m2": 16.0, "height_max_m": 0.33, "height_mean_m": 0.25, "class": "rock", "source": "3dep-lidar-dsm-2m", "stage_ft": 477.9, "shore_buffer_m": 4.0, "verdict": "above_water_at_flight"}}, {"type": "Feature", "geometry": {"type": "Point", "coordinates": [-68.8357241, 45.7496013]}, "properties": {"lon": -68.8357241, "lat": 45.7496013, "area_m2": 16.0, "height_max_m": 0.29, "height_mean_m": 0.24, "class": "rock", "source": "3dep-lidar-dsm-2m", "stage_ft": 477.9, "shore_buffer_m": 4.0, "verdict": "above_water_at_flight"}}, {"type": "Feature", "geometry": {"type": "Point", "coordinates": [-68.8364198, 45.7496372]}, "properties": {"lon": -68.8364198, "lat": 45.7496372, "area_m2": 16.0, "height_max_m": 0.49, "height_mean_m": 0.32, "class": "rock", "source": "3dep-lidar-dsm-2m", "stage_ft": 477.9, "shore_buffer_m": 4.0, "verdict": "above_water_at_flight"}}, {"type": "Feature", "geometry": {"type": "Point", "coordinates": [-68.839383, 45.7496776]}, "properties": {"lon": -68.839383, "lat": 45.7496776, "area_m2": 16.0, "height_max_m": 0.23, "height_mean_m": 0.2, "class": "rock", "source": "3dep-lidar-dsm-2m", "stage_ft": 477.9, "shore_buffer_m": 4.0, "verdict": "above_water_at_flight"}}, {"type": "Feature", "geometry": {"type": "Point", "coordinates": [-68.8085143, 45.7498704]}, "properties": {"lon": -68.8085143, "lat": 45.7498704, "area_m2": 16.0, "height_max_m": 0.18, "height_mean_m": 0.16, "class": "rock", "source": "3dep-lidar-dsm-2m", "stage_ft": 477.9, "shore_buffer_m": 4.0, "verdict": "above_water_at_flight"}}, {"type": "Feature", "geometry": {"type": "Point", "coordinates": [-68.8367033, 45.7500497]}, "properties": {"lon": -68.8367033, "lat": 45.7500497, "area_m2": 16.0, "height_max_m": 0.34, "height_mean_m": 0.26, "class": "rock", "source": "3dep-lidar-dsm-2m", "stage_ft": 477.9, "shore_buffer_m": 4.0, "verdict": "above_water_at_flight"}}, {"type": "Feature", "geometry": {"type": "Point", "coordinates": [-68.8265833, 45.7501305]}, "properties": {"lon": -68.8265833, "lat": 45.7501305, "area_m2": 16.0, "height_max_m": 0.24, "height_mean_m": 0.19, "class": "rock", "source": "3dep-lidar-dsm-2m", "stage_ft": 477.9, "shore_buffer_m": 4.0, "verdict": "above_water_at_flight"}}, {"type": "Feature", "geometry": {"type": "Point", "coordinates": [-68.7360321, 45.7501394]}, "properties": {"lon": -68.7360321, "lat": 45.7501394, "area_m2": 16.0, "height_max_m": 0.18, "height_mean_m": 0.16, "class": "rock", "source": "3dep-lidar-dsm-2m", "stage_ft": 477.9, "shore_buffer_m": 4.0, "verdict": "above_water_at_flight"}}, {"type": "Feature", "geometry": {"type": "Point", "coordinates": [-68.8270343, 45.7502381]}, "properties": {"lon": -68.8270343, "lat": 45.7502381, "area_m2": 16.0, "height_max_m": 0.28, "height_mean_m": 0.22, "class": "rock", "source": "3dep-lidar-dsm-2m", "stage_ft": 477.9, "shore_buffer_m": 4.0, "verdict": "above_water_at_flight"}}, {"type": "Feature", "geometry": {"type": "Point", "coordinates": [-68.8258812, 45.7503367]}, "properties": {"lon": -68.8258812, "lat": 45.7503367, "area_m2": 16.0, "height_max_m": 0.23, "height_mean_m": 0.2, "class": "rock", "source": "3dep-lidar-dsm-2m", "stage_ft": 477.9, "shore_buffer_m": 4.0, "verdict": "above_water_at_flight"}}, {"type": "Feature", "geometry": {"type": "Point", "coordinates": [-68.777491, 45.7504264]}, "properties": {"lon": -68.777491, "lat": 45.7504264, "area_m2": 16.0, "height_max_m": 0.25, "height_mean_m": 0.22, "class": "rock", "source": "3dep-lidar-dsm-2m", "stage_ft": 477.9, "shore_buffer_m": 4.0, "verdict": "above_water_at_flight"}}, {"type": "Feature", "geometry": {"type": "Point", "coordinates": [-68.8188275, 45.7505071]}, "properties": {"lon": -68.8188275, "lat": 45.7505071, "area_m2": 16.0, "height_max_m": 0.63, "height_mean_m": 0.35, "class": "rock", "source": "3dep-lidar-dsm-2m", "stage_ft": 477.9, "shore_buffer_m": 4.0, "verdict": "above_water_at_flight"}}, {"type": "Feature", "geometry": {"type": "Point", "coordinates": [-68.768099, 45.7505161]}, "properties": {"lon": -68.768099, "lat": 45.7505161, "area_m2": 16.0, "height_max_m": 0.23, "height_mean_m": 0.21, "class": "rock", "source": "3dep-lidar-dsm-2m", "stage_ft": 477.9, "shore_buffer_m": 4.0, "verdict": "above_water_at_flight"}}, {"type": "Feature", "geometry": {"type": "Point", "coordinates": [-68.7743474, 45.7506417]}, "properties": {"lon": -68.7743474, "lat": 45.7506417, "area_m2": 16.0, "height_max_m": 0.25, "height_mean_m": 0.22, "class": "rock", "source": "3dep-lidar-dsm-2m", "stage_ft": 477.9, "shore_buffer_m": 4.0, "verdict": "above_water_at_flight"}}, {"type": "Feature", "geometry": {"type": "Point", "coordinates": [-68.7663468, 45.7506461]}, "properties": {"lon": -68.7663468, "lat": 45.7506461, "area_m2": 16.0, "height_max_m": 0.25, "height_mean_m": 0.2, "class": "rock", "source": "3dep-lidar-dsm-2m", "stage_ft": 477.9, "shore_buffer_m": 4.0, "verdict": "above_water_at_flight"}}, {"type": "Feature", "geometry": {"type": "Point", "coordinates": [-68.7694517, 45.7509286]}, "properties": {"lon": -68.7694517, "lat": 45.7509286, "area_m2": 16.0, "height_max_m": 1.65, "height_mean_m": 0.75, "class": "rock", "source": "3dep-lidar-dsm-2m", "stage_ft": 477.9, "shore_buffer_m": 4.0, "verdict": "above_water_at_flight"}}, {"type": "Feature", "geometry": {"type": "Point", "coordinates": [-68.7902456, 45.7510004]}, "properties": {"lon": -68.7902456, "lat": 45.7510004, "area_m2": 16.0, "height_max_m": 0.16, "height_mean_m": 0.16, "class": "rock", "source": "3dep-lidar-dsm-2m", "stage_ft": 477.9, "shore_buffer_m": 4.0, "verdict": "above_water_at_flight"}}, {"type": "Feature", "geometry": {"type": "Point", "coordinates": [-68.7392014, 45.7510542]}, "properties": {"lon": -68.7392014, "lat": 45.7510542, "area_m2": 16.0, "height_max_m": 1.52, "height_mean_m": 0.79, "class": "rock", "source": "3dep-lidar-dsm-2m", "stage_ft": 477.9, "shore_buffer_m": 4.0, "verdict": "above_water_at_flight"}}, {"type": "Feature", "geometry": {"type": "Point", "coordinates": [-68.7896401, 45.7510542]}, "properties": {"lon": -68.7896401, "lat": 45.7510542, "area_m2": 16.0, "height_max_m": 0.17, "height_mean_m": 0.17, "class": "rock", "source": "3dep-lidar-dsm-2m", "stage_ft": 477.9, "shore_buffer_m": 4.0, "verdict": "above_water_at_flight"}}, {"type": "Feature", "geometry": {"type": "Point", "coordinates": [-68.7553057, 45.7511439]}, "properties": {"lon": -68.7553057, "lat": 45.7511439, "area_m2": 16.0, "height_max_m": 0.32, "height_mean_m": 0.24, "class": "rock", "source": "3dep-lidar-dsm-2m", "stage_ft": 477.9, "shore_buffer_m": 4.0, "verdict": "above_water_at_flight"}}, {"type": "Feature", "geometry": {"type": "Point", "coordinates": [-68.7389437, 45.7512067]}, "properties": {"lon": -68.7389437, "lat": 45.7512067, "area_m2": 16.0, "height_max_m": 0.32, "height_mean_m": 0.25, "class": "rock", "source": "3dep-lidar-dsm-2m", "stage_ft": 477.9, "shore_buffer_m": 4.0, "verdict": "above_water_at_flight"}}, {"type": "Feature", "geometry": {"type": "Point", "coordinates": [-68.8080892, 45.7513591]}, "properties": {"lon": -68.8080892, "lat": 45.7513591, "area_m2": 16.0, "height_max_m": 0.15, "height_mean_m": 0.15, "class": "rock", "source": "3dep-lidar-dsm-2m", "stage_ft": 477.9, "shore_buffer_m": 4.0, "verdict": "above_water_at_flight"}}, {"type": "Feature", "geometry": {"type": "Point", "coordinates": [-68.7327081, 45.751395]}, "properties": {"lon": -68.7327081, "lat": 45.751395, "area_m2": 16.0, "height_max_m": 0.17, "height_mean_m": 0.16, "class": "rock", "source": "3dep-lidar-dsm-2m", "stage_ft": 477.9, "shore_buffer_m": 4.0, "verdict": "above_water_at_flight"}}, {"type": "Feature", "geometry": {"type": "Point", "coordinates": [-68.7323732, 45.7515026]}, "properties": {"lon": -68.7323732, "lat": 45.7515026, "area_m2": 16.0, "height_max_m": 0.18, "height_mean_m": 0.17, "class": "rock", "source": "3dep-lidar-dsm-2m", "stage_ft": 477.9, "shore_buffer_m": 4.0, "verdict": "above_water_at_flight"}}, {"type": "Feature", "geometry": {"type": "Point", "coordinates": [-68.7554667, 45.7515609]}, "properties": {"lon": -68.7554667, "lat": 45.7515609, "area_m2": 16.0, "height_max_m": 1.25, "height_mean_m": 0.65, "class": "rock", "source": "3dep-lidar-dsm-2m", "stage_ft": 477.9, "shore_buffer_m": 4.0, "verdict": "above_water_at_flight"}}, {"type": "Feature", "geometry": {"type": "Point", "coordinates": [-68.7328112, 45.7515654]}, "properties": {"lon": -68.7328112, "lat": 45.7515654, "area_m2": 16.0, "height_max_m": 1.35, "height_mean_m": 0.77, "class": "rock", "source": "3dep-lidar-dsm-2m", "stage_ft": 477.9, "shore_buffer_m": 4.0, "verdict": "above_water_at_flight"}}, {"type": "Feature", "geometry": {"type": "Point", "coordinates": [-68.7907674, 45.7517089]}, "properties": {"lon": -68.7907674, "lat": 45.7517089, "area_m2": 16.0, "height_max_m": 0.19, "height_mean_m": 0.18, "class": "rock", "source": "3dep-lidar-dsm-2m", "stage_ft": 477.9, "shore_buffer_m": 4.0, "verdict": "above_water_at_flight"}}, {"type": "Feature", "geometry": {"type": "Point", "coordinates": [-68.8444849, 45.7517358]}, "properties": {"lon": -68.8444849, "lat": 45.7517358, "area_m2": 16.0, "height_max_m": 0.2, "height_mean_m": 0.18, "class": "rock", "source": "3dep-lidar-dsm-2m", "stage_ft": 477.9, "shore_buffer_m": 4.0, "verdict": "above_water_at_flight"}}, {"type": "Feature", "geometry": {"type": "Point", "coordinates": [-68.8089781, 45.7517896]}, "properties": {"lon": -68.8089781, "lat": 45.7517896, "area_m2": 16.0, "height_max_m": 0.26, "height_mean_m": 0.24, "class": "rock", "source": "3dep-lidar-dsm-2m", "stage_ft": 477.9, "shore_buffer_m": 4.0, "verdict": "above_water_at_flight"}}, {"type": "Feature", "geometry": {"type": "Point", "coordinates": [-68.8118898, 45.7518075]}, "properties": {"lon": -68.8118898, "lat": 45.7518075, "area_m2": 16.0, "height_max_m": 0.26, "height_mean_m": 0.25, "class": "rock", "source": "3dep-lidar-dsm-2m", "stage_ft": 477.9, "shore_buffer_m": 4.0, "verdict": "above_water_at_flight"}}, {"type": "Feature", "geometry": {"type": "Point", "coordinates": [-68.7394204, 45.7518434]}, "properties": {"lon": -68.7394204, "lat": 45.7518434, "area_m2": 16.0, "height_max_m": 4.07, "height_mean_m": 2.43, "class": "rock", "source": "3dep-lidar-dsm-2m", "stage_ft": 477.9, "shore_buffer_m": 4.0, "verdict": "above_water_at_flight"}}, {"type": "Feature", "geometry": {"type": "Point", "coordinates": [-68.7720799, 45.7518793]}, "properties": {"lon": -68.7720799, "lat": 45.7518793, "area_m2": 16.0, "height_max_m": 0.23, "height_mean_m": 0.21, "class": "rock", "source": "3dep-lidar-dsm-2m", "stage_ft": 477.9, "shore_buffer_m": 4.0, "verdict": "above_water_at_flight"}}, {"type": "Feature", "geometry": {"type": "Point", "coordinates": [-68.8465205, 45.7520228]}, "properties": {"lon": -68.8465205, "lat": 45.7520228, "area_m2": 16.0, "height_max_m": 0.19, "height_mean_m": 0.17, "class": "rock", "source": "3dep-lidar-dsm-2m", "stage_ft": 477.9, "shore_buffer_m": 4.0, "verdict": "above_water_at_flight"}}, {"type": "Feature", "geometry": {"type": "Point", "coordinates": [-68.846456, 45.7520586]}, "properties": {"lon": -68.846456, "lat": 45.7520586, "area_m2": 16.0, "height_max_m": 0.22, "height_mean_m": 0.17, "class": "rock", "source": "3dep-lidar-dsm-2m", "stage_ft": 477.9, "shore_buffer_m": 4.0, "verdict": "above_water_at_flight"}}, {"type": "Feature", "geometry": {"type": "Point", "coordinates": [-68.7901425, 45.7523636]}, "properties": {"lon": -68.7901425, "lat": 45.7523636, "area_m2": 16.0, "height_max_m": 0.16, "height_mean_m": 0.16, "class": "rock", "source": "3dep-lidar-dsm-2m", "stage_ft": 477.9, "shore_buffer_m": 4.0, "verdict": "above_water_at_flight"}}, {"type": "Feature", "geometry": {"type": "Point", "coordinates": [-68.8183573, 45.7523994]}, "properties": {"lon": -68.8183573, "lat": 45.7523994, "area_m2": 16.0, "height_max_m": 0.35, "height_mean_m": 0.27, "class": "rock", "source": "3dep-lidar-dsm-2m", "stage_ft": 477.9, "shore_buffer_m": 4.0, "verdict": "above_water_at_flight"}}, {"type": "Feature", "geometry": {"type": "Point", "coordinates": [-68.7541977, 45.7529465]}, "properties": {"lon": -68.7541977, "lat": 45.7529465, "area_m2": 16.0, "height_max_m": 1.57, "height_mean_m": 0.87, "class": "rock", "source": "3dep-lidar-dsm-2m", "stage_ft": 477.9, "shore_buffer_m": 4.0, "verdict": "above_water_at_flight"}}, {"type": "Feature", "geometry": {"type": "Point", "coordinates": [-68.7584235, 45.7531528]}, "properties": {"lon": -68.7584235, "lat": 45.7531528, "area_m2": 16.0, "height_max_m": 0.23, "height_mean_m": 0.21, "class": "rock", "source": "3dep-lidar-dsm-2m", "stage_ft": 477.9, "shore_buffer_m": 4.0, "verdict": "above_water_at_flight"}}, {"type": "Feature", "geometry": {"type": "Point", "coordinates": [-68.7271425, 45.7536281]}, "properties": {"lon": -68.7271425, "lat": 45.7536281, "area_m2": 16.0, "height_max_m": 0.48, "height_mean_m": 0.32, "class": "rock", "source": "3dep-lidar-dsm-2m", "stage_ft": 477.9, "shore_buffer_m": 4.0, "verdict": "above_water_at_flight"}}, {"type": "Feature", "geometry": {"type": "Point", "coordinates": [-68.819929, 45.7537447]}, "properties": {"lon": -68.819929, "lat": 45.7537447, "area_m2": 16.0, "height_max_m": 0.51, "height_mean_m": 0.4, "class": "rock", "source": "3dep-lidar-dsm-2m", "stage_ft": 477.9, "shore_buffer_m": 4.0, "verdict": "above_water_at_flight"}}, {"type": "Feature", "geometry": {"type": "Point", "coordinates": [-68.8200836, 45.7538344]}, "properties": {"lon": -68.8200836, "lat": 45.7538344, "area_m2": 16.0, "height_max_m": 0.61, "height_mean_m": 0.45, "class": "rock", "source": "3dep-lidar-dsm-2m", "stage_ft": 477.9, "shore_buffer_m": 4.0, "verdict": "above_water_at_flight"}}, {"type": "Feature", "geometry": {"type": "Point", "coordinates": [-68.7603302, 45.7538164]}, "properties": {"lon": -68.7603302, "lat": 45.7538164, "area_m2": 16.0, "height_max_m": 0.21, "height_mean_m": 0.19, "class": "rock", "source": "3dep-lidar-dsm-2m", "stage_ft": 477.9, "shore_buffer_m": 4.0, "verdict": "above_water_at_flight"}}, {"type": "Feature", "geometry": {"type": "Point", "coordinates": [-68.7327081, 45.7541258]}, "properties": {"lon": -68.7327081, "lat": 45.7541258, "area_m2": 16.0, "height_max_m": 1.96, "height_mean_m": 0.87, "class": "rock", "source": "3dep-lidar-dsm-2m", "stage_ft": 477.9, "shore_buffer_m": 4.0, "verdict": "above_water_at_flight"}}, {"type": "Feature", "geometry": {"type": "Point", "coordinates": [-68.8206956, 45.7544218]}, "properties": {"lon": -68.8206956, "lat": 45.7544218, "area_m2": 16.0, "height_max_m": 2.28, "height_mean_m": 1.52, "class": "rock", "source": "3dep-lidar-dsm-2m", "stage_ft": 477.9, "shore_buffer_m": 4.0, "verdict": "above_water_at_flight"}}, {"type": "Feature", "geometry": {"type": "Point", "coordinates": [-68.819826, 45.7550182]}, "properties": {"lon": -68.819826, "lat": 45.7550182, "area_m2": 16.0, "height_max_m": 1.69, "height_mean_m": 1.15, "class": "rock", "source": "3dep-lidar-dsm-2m", "stage_ft": 477.9, "shore_buffer_m": 4.0, "verdict": "above_water_at_flight"}}, {"type": "Feature", "geometry": {"type": "Point", "coordinates": [-68.8213011, 45.7554217]}, "properties": {"lon": -68.8213011, "lat": 45.7554217, "area_m2": 16.0, "height_max_m": 0.29, "height_mean_m": 0.22, "class": "rock", "source": "3dep-lidar-dsm-2m", "stage_ft": 477.9, "shore_buffer_m": 4.0, "verdict": "above_water_at_flight"}}, {"type": "Feature", "geometry": {"type": "Point", "coordinates": [-68.8124631, 45.7555473]}, "properties": {"lon": -68.8124631, "lat": 45.7555473, "area_m2": 16.0, "height_max_m": 0.54, "height_mean_m": 0.28, "class": "rock", "source": "3dep-lidar-dsm-2m", "stage_ft": 477.9, "shore_buffer_m": 4.0, "verdict": "above_water_at_flight"}}, {"type": "Feature", "geometry": {"type": "Point", "coordinates": [-68.7704309, 45.7556639]}, "properties": {"lon": -68.7704309, "lat": 45.7556639, "area_m2": 16.0, "height_max_m": 0.24, "height_mean_m": 0.21, "class": "rock", "source": "3dep-lidar-dsm-2m", "stage_ft": 477.9, "shore_buffer_m": 4.0, "verdict": "above_water_at_flight"}}, {"type": "Feature", "geometry": {"type": "Point", "coordinates": [-68.8201481, 45.7556953]}, "properties": {"lon": -68.8201481, "lat": 45.7556953, "area_m2": 16.0, "height_max_m": 0.29, "height_mean_m": 0.21, "class": "rock", "source": "3dep-lidar-dsm-2m", "stage_ft": 477.9, "shore_buffer_m": 4.0, "verdict": "above_water_at_flight"}}, {"type": "Feature", "geometry": {"type": "Point", "coordinates": [-68.7340223, 45.7557446]}, "properties": {"lon": -68.7340223, "lat": 45.7557446, "area_m2": 16.0, "height_max_m": 0.74, "height_mean_m": 0.44, "class": "rock", "source": "3dep-lidar-dsm-2m", "stage_ft": 477.9, "shore_buffer_m": 4.0, "verdict": "above_water_at_flight"}}, {"type": "Feature", "geometry": {"type": "Point", "coordinates": [-68.7539851, 45.7558433]}, "properties": {"lon": -68.7539851, "lat": 45.7558433, "area_m2": 16.0, "height_max_m": 0.34, "height_mean_m": 0.26, "class": "rock", "source": "3dep-lidar-dsm-2m", "stage_ft": 477.9, "shore_buffer_m": 4.0, "verdict": "above_water_at_flight"}}, {"type": "Feature", "geometry": {"type": "Point", "coordinates": [-68.7917723, 45.7563545]}, "properties": {"lon": -68.7917723, "lat": 45.7563545, "area_m2": 16.0, "height_max_m": 0.21, "height_mean_m": 0.19, "class": "rock", "source": "3dep-lidar-dsm-2m", "stage_ft": 477.9, "shore_buffer_m": 4.0, "verdict": "above_water_at_flight"}}, {"type": "Feature", "geometry": {"type": "Point", "coordinates": [-68.8223254, 45.756767]}, "properties": {"lon": -68.8223254, "lat": 45.756767, "area_m2": 16.0, "height_max_m": 0.44, "height_mean_m": 0.39, "class": "rock", "source": "3dep-lidar-dsm-2m", "stage_ft": 477.9, "shore_buffer_m": 4.0, "verdict": "above_water_at_flight"}}, {"type": "Feature", "geometry": {"type": "Point", "coordinates": [-68.7427894, 45.7570674]}, "properties": {"lon": -68.7427894, "lat": 45.7570674, "area_m2": 16.0, "height_max_m": 2.19, "height_mean_m": 1.19, "class": "rock", "source": "3dep-lidar-dsm-2m", "stage_ft": 477.9, "shore_buffer_m": 4.0, "verdict": "above_water_at_flight"}}, {"type": "Feature", "geometry": {"type": "Point", "coordinates": [-68.8205732, 45.7572782]}, "properties": {"lon": -68.8205732, "lat": 45.7572782, "area_m2": 16.0, "height_max_m": 0.38, "height_mean_m": 0.31, "class": "rock", "source": "3dep-lidar-dsm-2m", "stage_ft": 477.9, "shore_buffer_m": 4.0, "verdict": "above_water_at_flight"}}, {"type": "Feature", "geometry": {"type": "Point", "coordinates": [-68.7359805, 45.7572692]}, "properties": {"lon": -68.7359805, "lat": 45.7572692, "area_m2": 16.0, "height_max_m": 0.99, "height_mean_m": 0.66, "class": "rock", "source": "3dep-lidar-dsm-2m", "stage_ft": 477.9, "shore_buffer_m": 4.0, "verdict": "above_water_at_flight"}}, {"type": "Feature", "geometry": {"type": "Point", "coordinates": [-68.752394, 45.7574755]}, "properties": {"lon": -68.752394, "lat": 45.7574755, "area_m2": 16.0, "height_max_m": 0.24, "height_mean_m": 0.21, "class": "rock", "source": "3dep-lidar-dsm-2m", "stage_ft": 477.9, "shore_buffer_m": 4.0, "verdict": "above_water_at_flight"}}, {"type": "Feature", "geometry": {"type": "Point", "coordinates": [-68.806949, 45.7575024]}, "properties": {"lon": -68.806949, "lat": 45.7575024, "area_m2": 16.0, "height_max_m": 0.18, "height_mean_m": 0.17, "class": "rock", "source": "3dep-lidar-dsm-2m", "stage_ft": 477.9, "shore_buffer_m": 4.0, "verdict": "above_water_at_flight"}}, {"type": "Feature", "geometry": {"type": "Point", "coordinates": [-68.8211658, 45.7578342]}, "properties": {"lon": -68.8211658, "lat": 45.7578342, "area_m2": 16.0, "height_max_m": 0.29, "height_mean_m": 0.23, "class": "rock", "source": "3dep-lidar-dsm-2m", "stage_ft": 477.9, "shore_buffer_m": 4.0, "verdict": "above_water_at_flight"}}, {"type": "Feature", "geometry": {"type": "Point", "coordinates": [-68.8210885, 45.7578701]}, "properties": {"lon": -68.8210885, "lat": 45.7578701, "area_m2": 16.0, "height_max_m": 0.26, "height_mean_m": 0.22, "class": "rock", "source": "3dep-lidar-dsm-2m", "stage_ft": 477.9, "shore_buffer_m": 4.0, "verdict": "above_water_at_flight"}}, {"type": "Feature", "geometry": {"type": "Point", "coordinates": [-68.8209726, 45.758045]}, "properties": {"lon": -68.8209726, "lat": 45.758045, "area_m2": 16.0, "height_max_m": 0.17, "height_mean_m": 0.16, "class": "rock", "source": "3dep-lidar-dsm-2m", "stage_ft": 477.9, "shore_buffer_m": 4.0, "verdict": "above_water_at_flight"}}, {"type": "Feature", "geometry": {"type": "Point", "coordinates": [-68.7444901, 45.7582692]}, "properties": {"lon": -68.7444901, "lat": 45.7582692, "area_m2": 16.0, "height_max_m": 0.62, "height_mean_m": 0.49, "class": "rock", "source": "3dep-lidar-dsm-2m", "stage_ft": 477.9, "shore_buffer_m": 4.0, "verdict": "above_water_at_flight"}}, {"type": "Feature", "geometry": {"type": "Point", "coordinates": [-68.7446382, 45.7583275]}, "properties": {"lon": -68.7446382, "lat": 45.7583275, "area_m2": 16.0, "height_max_m": 0.21, "height_mean_m": 0.18, "class": "rock", "source": "3dep-lidar-dsm-2m", "stage_ft": 477.9, "shore_buffer_m": 4.0, "verdict": "above_water_at_flight"}}, {"type": "Feature", "geometry": {"type": "Point", "coordinates": [-68.819929, 45.7585606]}, "properties": {"lon": -68.819929, "lat": 45.7585606, "area_m2": 16.0, "height_max_m": 0.43, "height_mean_m": 0.29, "class": "rock", "source": "3dep-lidar-dsm-2m", "stage_ft": 477.9, "shore_buffer_m": 4.0, "verdict": "above_water_at_flight"}}, {"type": "Feature", "geometry": {"type": "Point", "coordinates": [-68.7468026, 45.7586414]}, "properties": {"lon": -68.7468026, "lat": 45.7586414, "area_m2": 16.0, "height_max_m": 0.18, "height_mean_m": 0.16, "class": "rock", "source": "3dep-lidar-dsm-2m", "stage_ft": 477.9, "shore_buffer_m": 4.0, "verdict": "above_water_at_flight"}}, {"type": "Feature", "geometry": {"type": "Point", "coordinates": [-68.747595, 45.7590449]}, "properties": {"lon": -68.747595, "lat": 45.7590449, "area_m2": 16.0, "height_max_m": 0.18, "height_mean_m": 0.17, "class": "rock", "source": "3dep-lidar-dsm-2m", "stage_ft": 477.9, "shore_buffer_m": 4.0, "verdict": "above_water_at_flight"}}, {"type": "Feature", "geometry": {"type": "Point", "coordinates": [-68.7907609, 45.7590629]}, "properties": {"lon": -68.7907609, "lat": 45.7590629, "area_m2": 16.0, "height_max_m": 0.18, "height_mean_m": 0.18, "class": "rock", "source": "3dep-lidar-dsm-2m", "stage_ft": 477.9, "shore_buffer_m": 4.0, "verdict": "above_water_at_flight"}}, {"type": "Feature", "geometry": {"type": "Point", "coordinates": [-68.8199033, 45.7591436]}, "properties": {"lon": -68.8199033, "lat": 45.7591436, "area_m2": 16.0, "height_max_m": 0.33, "height_mean_m": 0.29, "class": "rock", "source": "3dep-lidar-dsm-2m", "stage_ft": 477.9, "shore_buffer_m": 4.0, "verdict": "above_water_at_flight"}}, {"type": "Feature", "geometry": {"type": "Point", "coordinates": [-68.8123536, 45.7592333]}, "properties": {"lon": -68.8123536, "lat": 45.7592333, "area_m2": 16.0, "height_max_m": 0.78, "height_mean_m": 0.52, "class": "rock", "source": "3dep-lidar-dsm-2m", "stage_ft": 477.9, "shore_buffer_m": 4.0, "verdict": "above_water_at_flight"}}, {"type": "Feature", "geometry": {"type": "Point", "coordinates": [-68.812637, 45.7593947]}, "properties": {"lon": -68.812637, "lat": 45.7593947, "area_m2": 16.0, "height_max_m": 0.22, "height_mean_m": 0.2, "class": "rock", "source": "3dep-lidar-dsm-2m", "stage_ft": 477.9, "shore_buffer_m": 4.0, "verdict": "above_water_at_flight"}}, {"type": "Feature", "geometry": {"type": "Point", "coordinates": [-68.7477045, 45.7594126]}, "properties": {"lon": -68.7477045, "lat": 45.7594126, "area_m2": 16.0, "height_max_m": 0.22, "height_mean_m": 0.19, "class": "rock", "source": "3dep-lidar-dsm-2m", "stage_ft": 477.9, "shore_buffer_m": 4.0, "verdict": "above_water_at_flight"}}, {"type": "Feature", "geometry": {"type": "Point", "coordinates": [-68.8123278, 45.7605785]}, "properties": {"lon": -68.8123278, "lat": 45.7605785, "area_m2": 16.0, "height_max_m": 0.3, "height_mean_m": 0.22, "class": "rock", "source": "3dep-lidar-dsm-2m", "stage_ft": 477.9, "shore_buffer_m": 4.0, "verdict": "above_water_at_flight"}}, {"type": "Feature", "geometry": {"type": "Point", "coordinates": [-68.7440971, 45.7609552]}, "properties": {"lon": -68.7440971, "lat": 45.7609552, "area_m2": 16.0, "height_max_m": 5.09, "height_mean_m": 3.03, "class": "rock", "source": "3dep-lidar-dsm-2m", "stage_ft": 477.9, "shore_buffer_m": 4.0, "verdict": "above_water_at_flight"}}, {"type": "Feature", "geometry": {"type": "Point", "coordinates": [-68.8328898, 45.7611614]}, "properties": {"lon": -68.8328898, "lat": 45.7611614, "area_m2": 16.0, "height_max_m": 1.13, "height_mean_m": 0.51, "class": "rock", "source": "3dep-lidar-dsm-2m", "stage_ft": 477.9, "shore_buffer_m": 4.0, "verdict": "above_water_at_flight"}}, {"type": "Feature", "geometry": {"type": "Point", "coordinates": [-68.7436075, 45.7612422]}, "properties": {"lon": -68.7436075, "lat": 45.7612422, "area_m2": 16.0, "height_max_m": 1.51, "height_mean_m": 0.88, "class": "rock", "source": "3dep-lidar-dsm-2m", "stage_ft": 477.9, "shore_buffer_m": 4.0, "verdict": "above_water_at_flight"}}, {"type": "Feature", "geometry": {"type": "Point", "coordinates": [-68.7644916, 45.7617085]}, "properties": {"lon": -68.7644916, "lat": 45.7617085, "area_m2": 16.0, "height_max_m": 0.23, "height_mean_m": 0.19, "class": "rock", "source": "3dep-lidar-dsm-2m", "stage_ft": 477.9, "shore_buffer_m": 4.0, "verdict": "above_water_at_flight"}}, {"type": "Feature", "geometry": {"type": "Point", "coordinates": [-68.7484582, 45.7619596]}, "properties": {"lon": -68.7484582, "lat": 45.7619596, "area_m2": 16.0, "height_max_m": 2.3, "height_mean_m": 1.0, "class": "rock", "source": "3dep-lidar-dsm-2m", "stage_ft": 477.9, "shore_buffer_m": 4.0, "verdict": "above_water_at_flight"}}, {"type": "Feature", "geometry": {"type": "Point", "coordinates": [-68.7446124, 45.7620224]}, "properties": {"lon": -68.7446124, "lat": 45.7620224, "area_m2": 16.0, "height_max_m": 0.2, "height_mean_m": 0.18, "class": "rock", "source": "3dep-lidar-dsm-2m", "stage_ft": 477.9, "shore_buffer_m": 4.0, "verdict": "above_water_at_flight"}}, {"type": "Feature", "geometry": {"type": "Point", "coordinates": [-68.8287671, 45.7626771]}, "properties": {"lon": -68.8287671, "lat": 45.7626771, "area_m2": 16.0, "height_max_m": 0.22, "height_mean_m": 0.19, "class": "rock", "source": "3dep-lidar-dsm-2m", "stage_ft": 477.9, "shore_buffer_m": 4.0, "verdict": "above_water_at_flight"}}, {"type": "Feature", "geometry": {"type": "Point", "coordinates": [-68.8125082, 45.7628026]}, "properties": {"lon": -68.8125082, "lat": 45.7628026, "area_m2": 16.0, "height_max_m": 0.46, "height_mean_m": 0.38, "class": "rock", "source": "3dep-lidar-dsm-2m", "stage_ft": 477.9, "shore_buffer_m": 4.0, "verdict": "above_water_at_flight"}}, {"type": "Feature", "geometry": {"type": "Point", "coordinates": [-68.7467897, 45.7631434]}, "properties": {"lon": -68.7467897, "lat": 45.7631434, "area_m2": 16.0, "height_max_m": 0.34, "height_mean_m": 0.22, "class": "rock", "source": "3dep-lidar-dsm-2m", "stage_ft": 477.9, "shore_buffer_m": 4.0, "verdict": "above_water_at_flight"}}, {"type": "Feature", "geometry": {"type": "Point", "coordinates": [-68.8127916, 45.7633228]}, "properties": {"lon": -68.8127916, "lat": 45.7633228, "area_m2": 16.0, "height_max_m": 0.23, "height_mean_m": 0.2, "class": "rock", "source": "3dep-lidar-dsm-2m", "stage_ft": 477.9, "shore_buffer_m": 4.0, "verdict": "above_water_at_flight"}}, {"type": "Feature", "geometry": {"type": "Point", "coordinates": [-68.7755069, 45.763538]}, "properties": {"lon": -68.7755069, "lat": 45.763538, "area_m2": 16.0, "height_max_m": 0.19, "height_mean_m": 0.18, "class": "rock", "source": "3dep-lidar-dsm-2m", "stage_ft": 477.9, "shore_buffer_m": 4.0, "verdict": "above_water_at_flight"}}, {"type": "Feature", "geometry": {"type": "Point", "coordinates": [-68.7755069, 45.7637174]}, "properties": {"lon": -68.7755069, "lat": 45.7637174, "area_m2": 16.0, "height_max_m": 0.2, "height_mean_m": 0.19, "class": "rock", "source": "3dep-lidar-dsm-2m", "stage_ft": 477.9, "shore_buffer_m": 4.0, "verdict": "above_water_at_flight"}}, {"type": "Feature", "geometry": {"type": "Point", "coordinates": [-68.7756873, 45.7637353]}, "properties": {"lon": -68.7756873, "lat": 45.7637353, "area_m2": 16.0, "height_max_m": 0.23, "height_mean_m": 0.2, "class": "rock", "source": "3dep-lidar-dsm-2m", "stage_ft": 477.9, "shore_buffer_m": 4.0, "verdict": "above_water_at_flight"}}, {"type": "Feature", "geometry": {"type": "Point", "coordinates": [-68.8339978, 45.7639596]}, "properties": {"lon": -68.8339978, "lat": 45.7639596, "area_m2": 16.0, "height_max_m": 0.63, "height_mean_m": 0.35, "class": "rock", "source": "3dep-lidar-dsm-2m", "stage_ft": 477.9, "shore_buffer_m": 4.0, "verdict": "above_water_at_flight"}}, {"type": "Feature", "geometry": {"type": "Point", "coordinates": [-68.8115806, 45.7639685]}, "properties": {"lon": -68.8115806, "lat": 45.7639685, "area_m2": 16.0, "height_max_m": 0.26, "height_mean_m": 0.2, "class": "rock", "source": "3dep-lidar-dsm-2m", "stage_ft": 477.9, "shore_buffer_m": 4.0, "verdict": "above_water_at_flight"}}, {"type": "Feature", "geometry": {"type": "Point", "coordinates": [-68.8325806, 45.7640761]}, "properties": {"lon": -68.8325806, "lat": 45.7640761, "area_m2": 16.0, "height_max_m": 0.34, "height_mean_m": 0.32, "class": "rock", "source": "3dep-lidar-dsm-2m", "stage_ft": 477.9, "shore_buffer_m": 4.0, "verdict": "above_water_at_flight"}}, {"type": "Feature", "geometry": {"type": "Point", "coordinates": [-68.790091, 45.7641389]}, "properties": {"lon": -68.790091, "lat": 45.7641389, "area_m2": 16.0, "height_max_m": 0.18, "height_mean_m": 0.16, "class": "rock", "source": "3dep-lidar-dsm-2m", "stage_ft": 477.9, "shore_buffer_m": 4.0, "verdict": "above_water_at_flight"}}, {"type": "Feature", "geometry": {"type": "Point", "coordinates": [-68.8335855, 45.7644707]}, "properties": {"lon": -68.8335855, "lat": 45.7644707, "area_m2": 16.0, "height_max_m": 0.28, "height_mean_m": 0.23, "class": "rock", "source": "3dep-lidar-dsm-2m", "stage_ft": 477.9, "shore_buffer_m": 4.0, "verdict": "above_water_at_flight"}}, {"type": "Feature", "geometry": {"type": "Point", "coordinates": [-68.7493535, 45.7651703]}, "properties": {"lon": -68.7493535, "lat": 45.7651703, "area_m2": 16.0, "height_max_m": 0.33, "height_mean_m": 0.29, "class": "rock", "source": "3dep-lidar-dsm-2m", "stage_ft": 477.9, "shore_buffer_m": 4.0, "verdict": "above_water_at_flight"}}, {"type": "Feature", "geometry": {"type": "Point", "coordinates": [-68.7510026, 45.7654393]}, "properties": {"lon": -68.7510026, "lat": 45.7654393, "area_m2": 16.0, "height_max_m": 0.27, "height_mean_m": 0.21, "class": "rock", "source": "3dep-lidar-dsm-2m", "stage_ft": 477.9, "shore_buffer_m": 4.0, "verdict": "above_water_at_flight"}}, {"type": "Feature", "geometry": {"type": "Point", "coordinates": [-68.7903873, 45.7654931]}, "properties": {"lon": -68.7903873, "lat": 45.7654931, "area_m2": 16.0, "height_max_m": 0.16, "height_mean_m": 0.16, "class": "rock", "source": "3dep-lidar-dsm-2m", "stage_ft": 477.9, "shore_buffer_m": 4.0, "verdict": "above_water_at_flight"}}, {"type": "Feature", "geometry": {"type": "Point", "coordinates": [-68.7732072, 45.7655155]}, "properties": {"lon": -68.7732072, "lat": 45.7655155, "area_m2": 16.0, "height_max_m": 0.52, "height_mean_m": 0.42, "class": "rock", "source": "3dep-lidar-dsm-2m", "stage_ft": 477.9, "shore_buffer_m": 4.0, "verdict": "above_water_at_flight"}}, {"type": "Feature", "geometry": {"type": "Point", "coordinates": [-68.7704051, 45.7655111]}, "properties": {"lon": -68.7704051, "lat": 45.7655111, "area_m2": 16.0, "height_max_m": 0.17, "height_mean_m": 0.16, "class": "rock", "source": "3dep-lidar-dsm-2m", "stage_ft": 477.9, "shore_buffer_m": 4.0, "verdict": "above_water_at_flight"}}, {"type": "Feature", "geometry": {"type": "Point", "coordinates": [-68.7915082, 45.7655469]}, "properties": {"lon": -68.7915082, "lat": 45.7655469, "area_m2": 16.0, "height_max_m": 0.17, "height_mean_m": 0.17, "class": "rock", "source": "3dep-lidar-dsm-2m", "stage_ft": 477.9, "shore_buffer_m": 4.0, "verdict": "above_water_at_flight"}}, {"type": "Feature", "geometry": {"type": "Point", "coordinates": [-68.7485161, 45.7656904]}, "properties": {"lon": -68.7485161, "lat": 45.7656904, "area_m2": 16.0, "height_max_m": 1.38, "height_mean_m": 0.9, "class": "rock", "source": "3dep-lidar-dsm-2m", "stage_ft": 477.9, "shore_buffer_m": 4.0, "verdict": "above_water_at_flight"}}, {"type": "Feature", "geometry": {"type": "Point", "coordinates": [-68.7920299, 45.7662061]}, "properties": {"lon": -68.7920299, "lat": 45.7662061, "area_m2": 16.0, "height_max_m": 0.18, "height_mean_m": 0.17, "class": "rock", "source": "3dep-lidar-dsm-2m", "stage_ft": 477.9, "shore_buffer_m": 4.0, "verdict": "above_water_at_flight"}}, {"type": "Feature", "geometry": {"type": "Point", "coordinates": [-68.7916756, 45.7662106]}, "properties": {"lon": -68.7916756, "lat": 45.7662106, "area_m2": 16.0, "height_max_m": 0.16, "height_mean_m": 0.16, "class": "rock", "source": "3dep-lidar-dsm-2m", "stage_ft": 477.9, "shore_buffer_m": 4.0, "verdict": "above_water_at_flight"}}, {"type": "Feature", "geometry": {"type": "Point", "coordinates": [-68.7733747, 45.7663048]}, "properties": {"lon": -68.7733747, "lat": 45.7663048, "area_m2": 16.0, "height_max_m": 2.8, "height_mean_m": 1.12, "class": "rock", "source": "3dep-lidar-dsm-2m", "stage_ft": 477.9, "shore_buffer_m": 4.0, "verdict": "above_water_at_flight"}}, {"type": "Feature", "geometry": {"type": "Point", "coordinates": [-68.7613094, 45.7665245]}, "properties": {"lon": -68.7613094, "lat": 45.7665245, "area_m2": 16.0, "height_max_m": 0.18, "height_mean_m": 0.17, "class": "rock", "source": "3dep-lidar-dsm-2m", "stage_ft": 477.9, "shore_buffer_m": 4.0, "verdict": "above_water_at_flight"}}, {"type": "Feature", "geometry": {"type": "Point", "coordinates": [-68.7620502, 45.7665379]}, "properties": {"lon": -68.7620502, "lat": 45.7665379, "area_m2": 16.0, "height_max_m": 0.2, "height_mean_m": 0.19, "class": "rock", "source": "3dep-lidar-dsm-2m", "stage_ft": 477.9, "shore_buffer_m": 4.0, "verdict": "above_water_at_flight"}}, {"type": "Feature", "geometry": {"type": "Point", "coordinates": [-68.7605493, 45.7665917]}, "properties": {"lon": -68.7605493, "lat": 45.7665917, "area_m2": 16.0, "height_max_m": 0.21, "height_mean_m": 0.2, "class": "rock", "source": "3dep-lidar-dsm-2m", "stage_ft": 477.9, "shore_buffer_m": 4.0, "verdict": "above_water_at_flight"}}, {"type": "Feature", "geometry": {"type": "Point", "coordinates": [-68.7605106, 45.7667487]}, "properties": {"lon": -68.7605106, "lat": 45.7667487, "area_m2": 16.0, "height_max_m": 0.26, "height_mean_m": 0.23, "class": "rock", "source": "3dep-lidar-dsm-2m", "stage_ft": 477.9, "shore_buffer_m": 4.0, "verdict": "above_water_at_flight"}}, {"type": "Feature", "geometry": {"type": "Point", "coordinates": [-68.7893437, 45.7669011]}, "properties": {"lon": -68.7893437, "lat": 45.7669011, "area_m2": 16.0, "height_max_m": 0.18, "height_mean_m": 0.17, "class": "rock", "source": "3dep-lidar-dsm-2m", "stage_ft": 477.9, "shore_buffer_m": 4.0, "verdict": "above_water_at_flight"}}, {"type": "Feature", "geometry": {"type": "Point", "coordinates": [-68.7866575, 45.7670446]}, "properties": {"lon": -68.7866575, "lat": 45.7670446, "area_m2": 16.0, "height_max_m": 0.69, "height_mean_m": 0.31, "class": "rock", "source": "3dep-lidar-dsm-2m", "stage_ft": 477.9, "shore_buffer_m": 4.0, "verdict": "above_water_at_flight"}}, {"type": "Feature", "geometry": {"type": "Point", "coordinates": [-68.7594155, 45.7670491]}, "properties": {"lon": -68.7594155, "lat": 45.7670491, "area_m2": 16.0, "height_max_m": 0.18, "height_mean_m": 0.17, "class": "rock", "source": "3dep-lidar-dsm-2m", "stage_ft": 477.9, "shore_buffer_m": 4.0, "verdict": "above_water_at_flight"}}, {"type": "Feature", "geometry": {"type": "Point", "coordinates": [-68.7613351, 45.7670715]}, "properties": {"lon": -68.7613351, "lat": 45.7670715, "area_m2": 16.0, "height_max_m": 0.22, "height_mean_m": 0.2, "class": "rock", "source": "3dep-lidar-dsm-2m", "stage_ft": 477.9, "shore_buffer_m": 4.0, "verdict": "above_water_at_flight"}}, {"type": "Feature", "geometry": {"type": "Point", "coordinates": [-68.7489155, 45.7671074]}, "properties": {"lon": -68.7489155, "lat": 45.7671074, "area_m2": 16.0, "height_max_m": 0.22, "height_mean_m": 0.22, "class": "rock", "source": "3dep-lidar-dsm-2m", "stage_ft": 477.9, "shore_buffer_m": 4.0, "verdict": "above_water_at_flight"}}, {"type": "Feature", "geometry": {"type": "Point", "coordinates": [-68.8064787, 45.7673316]}, "properties": {"lon": -68.8064787, "lat": 45.7673316, "area_m2": 16.0, "height_max_m": 0.23, "height_mean_m": 0.18, "class": "rock", "source": "3dep-lidar-dsm-2m", "stage_ft": 477.9, "shore_buffer_m": 4.0, "verdict": "above_water_at_flight"}}, {"type": "Feature", "geometry": {"type": "Point", "coordinates": [-68.7495855, 45.7673854]}, "properties": {"lon": -68.7495855, "lat": 45.7673854, "area_m2": 16.0, "height_max_m": 0.22, "height_mean_m": 0.19, "class": "rock", "source": "3dep-lidar-dsm-2m", "stage_ft": 477.9, "shore_buffer_m": 4.0, "verdict": "above_water_at_flight"}}, {"type": "Feature", "geometry": {"type": "Point", "coordinates": [-68.748748, 45.7674303]}, "properties": {"lon": -68.748748, "lat": 45.7674303, "area_m2": 16.0, "height_max_m": 2.65, "height_mean_m": 1.62, "class": "rock", "source": "3dep-lidar-dsm-2m", "stage_ft": 477.9, "shore_buffer_m": 4.0, "verdict": "above_water_at_flight"}}, {"type": "Feature", "geometry": {"type": "Point", "coordinates": [-68.7646398, 45.7675693]}, "properties": {"lon": -68.7646398, "lat": 45.7675693, "area_m2": 16.0, "height_max_m": 0.19, "height_mean_m": 0.17, "class": "rock", "source": "3dep-lidar-dsm-2m", "stage_ft": 477.9, "shore_buffer_m": 4.0, "verdict": "above_water_at_flight"}}, {"type": "Feature", "geometry": {"type": "Point", "coordinates": [-68.8307254, 45.7678249]}, "properties": {"lon": -68.8307254, "lat": 45.7678249, "area_m2": 16.0, "height_max_m": 0.38, "height_mean_m": 0.26, "class": "rock", "source": "3dep-lidar-dsm-2m", "stage_ft": 477.9, "shore_buffer_m": 4.0, "verdict": "above_water_at_flight"}}, {"type": "Feature", "geometry": {"type": "Point", "coordinates": [-68.7902842, 45.7685558]}, "properties": {"lon": -68.7902842, "lat": 45.7685558, "area_m2": 16.0, "height_max_m": 0.2, "height_mean_m": 0.17, "class": "rock", "source": "3dep-lidar-dsm-2m", "stage_ft": 477.9, "shore_buffer_m": 4.0, "verdict": "above_water_at_flight"}}, {"type": "Feature", "geometry": {"type": "Point", "coordinates": [-68.8400143, 45.7686141]}, "properties": {"lon": -68.8400143, "lat": 45.7686141, "area_m2": 16.0, "height_max_m": 0.25, "height_mean_m": 0.22, "class": "rock", "source": "3dep-lidar-dsm-2m", "stage_ft": 477.9, "shore_buffer_m": 4.0, "verdict": "above_water_at_flight"}}, {"type": "Feature", "geometry": {"type": "Point", "coordinates": [-68.8405168, 45.7688652]}, "properties": {"lon": -68.8405168, "lat": 45.7688652, "area_m2": 16.0, "height_max_m": 0.21, "height_mean_m": 0.17, "class": "rock", "source": "3dep-lidar-dsm-2m", "stage_ft": 477.9, "shore_buffer_m": 4.0, "verdict": "above_water_at_flight"}}, {"type": "Feature", "geometry": {"type": "Point", "coordinates": [-68.792848, 45.7688921]}, "properties": {"lon": -68.792848, "lat": 45.7688921, "area_m2": 16.0, "height_max_m": 0.18, "height_mean_m": 0.17, "class": "rock", "source": "3dep-lidar-dsm-2m", "stage_ft": 477.9, "shore_buffer_m": 4.0, "verdict": "above_water_at_flight"}}, {"type": "Feature", "geometry": {"type": "Point", "coordinates": [-68.7866125, 45.7690446]}, "properties": {"lon": -68.7866125, "lat": 45.7690446, "area_m2": 16.0, "height_max_m": 0.83, "height_mean_m": 0.42, "class": "rock", "source": "3dep-lidar-dsm-2m", "stage_ft": 477.9, "shore_buffer_m": 4.0, "verdict": "above_water_at_flight"}}, {"type": "Feature", "geometry": {"type": "Point", "coordinates": [-68.8116836, 45.7694033]}, "properties": {"lon": -68.8116836, "lat": 45.7694033, "area_m2": 16.0, "height_max_m": 0.5, "height_mean_m": 0.3, "class": "rock", "source": "3dep-lidar-dsm-2m", "stage_ft": 477.9, "shore_buffer_m": 4.0, "verdict": "above_water_at_flight"}}, {"type": "Feature", "geometry": {"type": "Point", "coordinates": [-68.7582431, 45.76978]}, "properties": {"lon": -68.7582431, "lat": 45.76978, "area_m2": 16.0, "height_max_m": 0.29, "height_mean_m": 0.24, "class": "rock", "source": "3dep-lidar-dsm-2m", "stage_ft": 477.9, "shore_buffer_m": 4.0, "verdict": "above_water_at_flight"}}, {"type": "Feature", "geometry": {"type": "Point", "coordinates": [-68.8061502, 45.7700939]}, "properties": {"lon": -68.8061502, "lat": 45.7700939, "area_m2": 16.0, "height_max_m": 0.21, "height_mean_m": 0.18, "class": "rock", "source": "3dep-lidar-dsm-2m", "stage_ft": 477.9, "shore_buffer_m": 4.0, "verdict": "above_water_at_flight"}}, {"type": "Feature", "geometry": {"type": "Point", "coordinates": [-68.8417922, 45.7701566]}, "properties": {"lon": -68.8417922, "lat": 45.7701566, "area_m2": 16.0, "height_max_m": 0.35, "height_mean_m": 0.27, "class": "rock", "source": "3dep-lidar-dsm-2m", "stage_ft": 477.9, "shore_buffer_m": 4.0, "verdict": "above_water_at_flight"}}, {"type": "Feature", "geometry": {"type": "Point", "coordinates": [-68.8415474, 45.7701746]}, "properties": {"lon": -68.8415474, "lat": 45.7701746, "area_m2": 16.0, "height_max_m": 0.18, "height_mean_m": 0.18, "class": "rock", "source": "3dep-lidar-dsm-2m", "stage_ft": 477.9, "shore_buffer_m": 4.0, "verdict": "above_water_at_flight"}}, {"type": "Feature", "geometry": {"type": "Point", "coordinates": [-68.7896787, 45.7702104]}, "properties": {"lon": -68.7896787, "lat": 45.7702104, "area_m2": 16.0, "height_max_m": 0.2, "height_mean_m": 0.18, "class": "rock", "source": "3dep-lidar-dsm-2m", "stage_ft": 477.9, "shore_buffer_m": 4.0, "verdict": "above_water_at_flight"}}, {"type": "Feature", "geometry": {"type": "Point", "coordinates": [-68.7467124, 45.7702284]}, "properties": {"lon": -68.7467124, "lat": 45.7702284, "area_m2": 16.0, "height_max_m": 1.13, "height_mean_m": 0.62, "class": "rock", "source": "3dep-lidar-dsm-2m", "stage_ft": 477.9, "shore_buffer_m": 4.0, "verdict": "above_water_at_flight"}}, {"type": "Feature", "geometry": {"type": "Point", "coordinates": [-68.7466287, 45.7703584]}, "properties": {"lon": -68.7466287, "lat": 45.7703584, "area_m2": 16.0, "height_max_m": 1.66, "height_mean_m": 1.02, "class": "rock", "source": "3dep-lidar-dsm-2m", "stage_ft": 477.9, "shore_buffer_m": 4.0, "verdict": "above_water_at_flight"}}, {"type": "Feature", "geometry": {"type": "Point", "coordinates": [-68.7481812, 45.7704616]}, "properties": {"lon": -68.7481812, "lat": 45.7704616, "area_m2": 16.0, "height_max_m": 0.4, "height_mean_m": 0.33, "class": "rock", "source": "3dep-lidar-dsm-2m", "stage_ft": 477.9, "shore_buffer_m": 4.0, "verdict": "above_water_at_flight"}}, {"type": "Feature", "geometry": {"type": "Point", "coordinates": [-68.7581916, 45.7706409]}, "properties": {"lon": -68.7581916, "lat": 45.7706409, "area_m2": 16.0, "height_max_m": 0.29, "height_mean_m": 0.27, "class": "rock", "source": "3dep-lidar-dsm-2m", "stage_ft": 477.9, "shore_buffer_m": 4.0, "verdict": "above_water_at_flight"}}, {"type": "Feature", "geometry": {"type": "Point", "coordinates": [-68.8414637, 45.7708113]}, "properties": {"lon": -68.8414637, "lat": 45.7708113, "area_m2": 16.0, "height_max_m": 0.3, "height_mean_m": 0.23, "class": "rock", "source": "3dep-lidar-dsm-2m", "stage_ft": 477.9, "shore_buffer_m": 4.0, "verdict": "above_water_at_flight"}}, {"type": "Feature", "geometry": {"type": "Point", "coordinates": [-68.7594026, 45.7709817]}, "properties": {"lon": -68.7594026, "lat": 45.7709817, "area_m2": 16.0, "height_max_m": 0.18, "height_mean_m": 0.17, "class": "rock", "source": "3dep-lidar-dsm-2m", "stage_ft": 477.9, "shore_buffer_m": 4.0, "verdict": "above_water_at_flight"}}, {"type": "Feature", "geometry": {"type": "Point", "coordinates": [-68.7914631, 45.77104]}, "properties": {"lon": -68.7914631, "lat": 45.77104, "area_m2": 16.0, "height_max_m": 0.2, "height_mean_m": 0.18, "class": "rock", "source": "3dep-lidar-dsm-2m", "stage_ft": 477.9, "shore_buffer_m": 4.0, "verdict": "above_water_at_flight"}}, {"type": "Feature", "geometry": {"type": "Point", "coordinates": [-68.7591192, 45.7710355]}, "properties": {"lon": -68.7591192, "lat": 45.7710355, "area_m2": 16.0, "height_max_m": 0.27, "height_mean_m": 0.23, "class": "rock", "source": "3dep-lidar-dsm-2m", "stage_ft": 477.9, "shore_buffer_m": 4.0, "verdict": "above_water_at_flight"}}, {"type": "Feature", "geometry": {"type": "Point", "coordinates": [-68.7594542, 45.7711342]}, "properties": {"lon": -68.7594542, "lat": 45.7711342, "area_m2": 16.0, "height_max_m": 0.21, "height_mean_m": 0.2, "class": "rock", "source": "3dep-lidar-dsm-2m", "stage_ft": 477.9, "shore_buffer_m": 4.0, "verdict": "above_water_at_flight"}}, {"type": "Feature", "geometry": {"type": "Point", "coordinates": [-68.8078186, 45.7713315]}, "properties": {"lon": -68.8078186, "lat": 45.7713315, "area_m2": 16.0, "height_max_m": 0.29, "height_mean_m": 0.26, "class": "rock", "source": "3dep-lidar-dsm-2m", "stage_ft": 477.9, "shore_buffer_m": 4.0, "verdict": "above_water_at_flight"}}, {"type": "Feature", "geometry": {"type": "Point", "coordinates": [-68.7822579, 45.7713404]}, "properties": {"lon": -68.7822579, "lat": 45.7713404, "area_m2": 16.0, "height_max_m": 0.27, "height_mean_m": 0.2, "class": "rock", "source": "3dep-lidar-dsm-2m", "stage_ft": 477.9, "shore_buffer_m": 4.0, "verdict": "above_water_at_flight"}}, {"type": "Feature", "geometry": {"type": "Point", "coordinates": [-68.7904775, 45.7713763]}, "properties": {"lon": -68.7904775, "lat": 45.7713763, "area_m2": 16.0, "height_max_m": 0.18, "height_mean_m": 0.16, "class": "rock", "source": "3dep-lidar-dsm-2m", "stage_ft": 477.9, "shore_buffer_m": 4.0, "verdict": "above_water_at_flight"}}, {"type": "Feature", "geometry": {"type": "Point", "coordinates": [-68.8191045, 45.7713943]}, "properties": {"lon": -68.8191045, "lat": 45.7713943, "area_m2": 16.0, "height_max_m": 0.58, "height_mean_m": 0.36, "class": "rock", "source": "3dep-lidar-dsm-2m", "stage_ft": 477.9, "shore_buffer_m": 4.0, "verdict": "above_water_at_flight"}}, {"type": "Feature", "geometry": {"type": "Point", "coordinates": [-68.8119413, 45.7715916]}, "properties": {"lon": -68.8119413, "lat": 45.7715916, "area_m2": 16.0, "height_max_m": 0.44, "height_mean_m": 0.31, "class": "rock", "source": "3dep-lidar-dsm-2m", "stage_ft": 477.9, "shore_buffer_m": 4.0, "verdict": "above_water_at_flight"}}, {"type": "Feature", "geometry": {"type": "Point", "coordinates": [-68.7639763, 45.7717889]}, "properties": {"lon": -68.7639763, "lat": 45.7717889, "area_m2": 16.0, "height_max_m": 1.81, "height_mean_m": 0.66, "class": "rock", "source": "3dep-lidar-dsm-2m", "stage_ft": 477.9, "shore_buffer_m": 4.0, "verdict": "above_water_at_flight"}}, {"type": "Feature", "geometry": {"type": "Point", "coordinates": [-68.806337, 45.7720041]}, "properties": {"lon": -68.806337, "lat": 45.7720041, "area_m2": 16.0, "height_max_m": 0.21, "height_mean_m": 0.2, "class": "rock", "source": "3dep-lidar-dsm-2m", "stage_ft": 477.9, "shore_buffer_m": 4.0, "verdict": "above_water_at_flight"}}, {"type": "Feature", "geometry": {"type": "Point", "coordinates": [-68.8118898, 45.772022]}, "properties": {"lon": -68.8118898, "lat": 45.772022, "area_m2": 16.0, "height_max_m": 0.48, "height_mean_m": 0.29, "class": "rock", "source": "3dep-lidar-dsm-2m", "stage_ft": 477.9, "shore_buffer_m": 4.0, "verdict": "above_water_at_flight"}}, {"type": "Feature", "geometry": {"type": "Point", "coordinates": [-68.8195425, 45.7722193]}, "properties": {"lon": -68.8195425, "lat": 45.7722193, "area_m2": 16.0, "height_max_m": 0.35, "height_mean_m": 0.26, "class": "rock", "source": "3dep-lidar-dsm-2m", "stage_ft": 477.9, "shore_buffer_m": 4.0, "verdict": "above_water_at_flight"}}, {"type": "Feature", "geometry": {"type": "Point", "coordinates": [-68.7859941, 45.7722731]}, "properties": {"lon": -68.7859941, "lat": 45.7722731, "area_m2": 16.0, "height_max_m": 0.42, "height_mean_m": 0.35, "class": "rock", "source": "3dep-lidar-dsm-2m", "stage_ft": 477.9, "shore_buffer_m": 4.0, "verdict": "above_water_at_flight"}}, {"type": "Feature", "geometry": {"type": "Point", "coordinates": [-68.8352346, 45.772309]}, "properties": {"lon": -68.8352346, "lat": 45.772309, "area_m2": 16.0, "height_max_m": 0.2, "height_mean_m": 0.18, "class": "rock", "source": "3dep-lidar-dsm-2m", "stage_ft": 477.9, "shore_buffer_m": 4.0, "verdict": "above_water_at_flight"}}, {"type": "Feature", "geometry": {"type": "Point", "coordinates": [-68.8352603, 45.7724884]}, "properties": {"lon": -68.8352603, "lat": 45.7724884, "area_m2": 16.0, "height_max_m": 0.27, "height_mean_m": 0.22, "class": "rock", "source": "3dep-lidar-dsm-2m", "stage_ft": 477.9, "shore_buffer_m": 4.0, "verdict": "above_water_at_flight"}}, {"type": "Feature", "geometry": {"type": "Point", "coordinates": [-68.8399177, 45.7725467]}, "properties": {"lon": -68.8399177, "lat": 45.7725467, "area_m2": 16.0, "height_max_m": 0.44, "height_mean_m": 0.3, "class": "rock", "source": "3dep-lidar-dsm-2m", "stage_ft": 477.9, "shore_buffer_m": 4.0, "verdict": "above_water_at_flight"}}, {"type": "Feature", "geometry": {"type": "Point", "coordinates": [-68.8359496, 45.772587]}, "properties": {"lon": -68.8359496, "lat": 45.772587, "area_m2": 16.0, "height_max_m": 0.24, "height_mean_m": 0.2, "class": "rock", "source": "3dep-lidar-dsm-2m", "stage_ft": 477.9, "shore_buffer_m": 4.0, "verdict": "above_water_at_flight"}}, {"type": "Feature", "geometry": {"type": "Point", "coordinates": [-68.8084628, 45.7727574]}, "properties": {"lon": -68.8084628, "lat": 45.7727574, "area_m2": 16.0, "height_max_m": 0.19, "height_mean_m": 0.18, "class": "rock", "source": "3dep-lidar-dsm-2m", "stage_ft": 477.9, "shore_buffer_m": 4.0, "verdict": "above_water_at_flight"}}, {"type": "Feature", "geometry": {"type": "Point", "coordinates": [-68.8371155, 45.7728112]}, "properties": {"lon": -68.8371155, "lat": 45.7728112, "area_m2": 16.0, "height_max_m": 0.29, "height_mean_m": 0.24, "class": "rock", "source": "3dep-lidar-dsm-2m", "stage_ft": 477.9, "shore_buffer_m": 4.0, "verdict": "above_water_at_flight"}}, {"type": "Feature", "geometry": {"type": "Point", "coordinates": [-68.8346548, 45.7728292]}, "properties": {"lon": -68.8346548, "lat": 45.7728292, "area_m2": 16.0, "height_max_m": 0.43, "height_mean_m": 0.27, "class": "rock", "source": "3dep-lidar-dsm-2m", "stage_ft": 477.9, "shore_buffer_m": 4.0, "verdict": "above_water_at_flight"}}, {"type": "Feature", "geometry": {"type": "Point", "coordinates": [-68.8345517, 45.7728426]}, "properties": {"lon": -68.8345517, "lat": 45.7728426, "area_m2": 16.0, "height_max_m": 0.3, "height_mean_m": 0.21, "class": "rock", "source": "3dep-lidar-dsm-2m", "stage_ft": 477.9, "shore_buffer_m": 4.0, "verdict": "above_water_at_flight"}}, {"type": "Feature", "geometry": {"type": "Point", "coordinates": [-68.806672, 45.7729189]}, "properties": {"lon": -68.806672, "lat": 45.7729189, "area_m2": 16.0, "height_max_m": 0.18, "height_mean_m": 0.18, "class": "rock", "source": "3dep-lidar-dsm-2m", "stage_ft": 477.9, "shore_buffer_m": 4.0, "verdict": "above_water_at_flight"}}, {"type": "Feature", "geometry": {"type": "Point", "coordinates": [-68.8361042, 45.7730041]}, "properties": {"lon": -68.8361042, "lat": 45.7730041, "area_m2": 16.0, "height_max_m": 0.34, "height_mean_m": 0.26, "class": "rock", "source": "3dep-lidar-dsm-2m", "stage_ft": 477.9, "shore_buffer_m": 4.0, "verdict": "above_water_at_flight"}}, {"type": "Feature", "geometry": {"type": "Point", "coordinates": [-68.8373474, 45.7730265]}, "properties": {"lon": -68.8373474, "lat": 45.7730265, "area_m2": 16.0, "height_max_m": 0.21, "height_mean_m": 0.2, "class": "rock", "source": "3dep-lidar-dsm-2m", "stage_ft": 477.9, "shore_buffer_m": 4.0, "verdict": "above_water_at_flight"}}, {"type": "Feature", "geometry": {"type": "Point", "coordinates": [-68.8064014, 45.7731072]}, "properties": {"lon": -68.8064014, "lat": 45.7731072, "area_m2": 16.0, "height_max_m": 0.16, "height_mean_m": 0.15, "class": "rock", "source": "3dep-lidar-dsm-2m", "stage_ft": 477.9, "shore_buffer_m": 4.0, "verdict": "above_water_at_flight"}}, {"type": "Feature", "geometry": {"type": "Point", "coordinates": [-68.8368063, 45.773152]}, "properties": {"lon": -68.8368063, "lat": 45.773152, "area_m2": 16.0, "height_max_m": 0.18, "height_mean_m": 0.17, "class": "rock", "source": "3dep-lidar-dsm-2m", "stage_ft": 477.9, "shore_buffer_m": 4.0, "verdict": "above_water_at_flight"}}, {"type": "Feature", "geometry": {"type": "Point", "coordinates": [-68.8128431, 45.77317]}, "properties": {"lon": -68.8128431, "lat": 45.77317, "area_m2": 16.0, "height_max_m": 0.28, "height_mean_m": 0.21, "class": "rock", "source": "3dep-lidar-dsm-2m", "stage_ft": 477.9, "shore_buffer_m": 4.0, "verdict": "above_water_at_flight"}}, {"type": "Feature", "geometry": {"type": "Point", "coordinates": [-68.8382493, 45.7732417]}, "properties": {"lon": -68.8382493, "lat": 45.7732417, "area_m2": 16.0, "height_max_m": 0.18, "height_mean_m": 0.17, "class": "rock", "source": "3dep-lidar-dsm-2m", "stage_ft": 477.9, "shore_buffer_m": 4.0, "verdict": "above_water_at_flight"}}, {"type": "Feature", "geometry": {"type": "Point", "coordinates": [-68.8371864, 45.7732462]}, "properties": {"lon": -68.8371864, "lat": 45.7732462, "area_m2": 16.0, "height_max_m": 0.26, "height_mean_m": 0.21, "class": "rock", "source": "3dep-lidar-dsm-2m", "stage_ft": 477.9, "shore_buffer_m": 4.0, "verdict": "above_water_at_flight"}}, {"type": "Feature", "geometry": {"type": "Point", "coordinates": [-68.8344358, 45.7732417]}, "properties": {"lon": -68.8344358, "lat": 45.7732417, "area_m2": 16.0, "height_max_m": 0.3, "height_mean_m": 0.24, "class": "rock", "source": "3dep-lidar-dsm-2m", "stage_ft": 477.9, "shore_buffer_m": 4.0, "verdict": "above_water_at_flight"}}, {"type": "Feature", "geometry": {"type": "Point", "coordinates": [-68.8231757, 45.7732417]}, "properties": {"lon": -68.8231757, "lat": 45.7732417, "area_m2": 16.0, "height_max_m": 0.19, "height_mean_m": 0.18, "class": "rock", "source": "3dep-lidar-dsm-2m", "stage_ft": 477.9, "shore_buffer_m": 4.0, "verdict": "above_water_at_flight"}}, {"type": "Feature", "geometry": {"type": "Point", "coordinates": [-68.833914, 45.7734301]}, "properties": {"lon": -68.833914, "lat": 45.7734301, "area_m2": 16.0, "height_max_m": 0.32, "height_mean_m": 0.22, "class": "rock", "source": "3dep-lidar-dsm-2m", "stage_ft": 477.9, "shore_buffer_m": 4.0, "verdict": "above_water_at_flight"}}, {"type": "Feature", "geometry": {"type": "Point", "coordinates": [-68.8297204, 45.773439]}, "properties": {"lon": -68.8297204, "lat": 45.773439, "area_m2": 16.0, "height_max_m": 0.27, "height_mean_m": 0.24, "class": "rock", "source": "3dep-lidar-dsm-2m", "stage_ft": 477.9, "shore_buffer_m": 4.0, "verdict": "above_water_at_flight"}}, {"type": "Feature", "geometry": {"type": "Point", "coordinates": [-68.8386358, 45.773448]}, "properties": {"lon": -68.8386358, "lat": 45.773448, "area_m2": 16.0, "height_max_m": 0.67, "height_mean_m": 0.5, "class": "rock", "source": "3dep-lidar-dsm-2m", "stage_ft": 477.9, "shore_buffer_m": 4.0, "verdict": "above_water_at_flight"}}, {"type": "Feature", "geometry": {"type": "Point", "coordinates": [-68.8128947, 45.7735108]}, "properties": {"lon": -68.8128947, "lat": 45.7735108, "area_m2": 16.0, "height_max_m": 0.2, "height_mean_m": 0.19, "class": "rock", "source": "3dep-lidar-dsm-2m", "stage_ft": 477.9, "shore_buffer_m": 4.0, "verdict": "above_water_at_flight"}}, {"type": "Feature", "geometry": {"type": "Point", "coordinates": [-68.8318849, 45.7736005]}, "properties": {"lon": -68.8318849, "lat": 45.7736005, "area_m2": 16.0, "height_max_m": 0.4, "height_mean_m": 0.34, "class": "rock", "source": "3dep-lidar-dsm-2m", "stage_ft": 477.9, "shore_buffer_m": 4.0, "verdict": "above_water_at_flight"}}, {"type": "Feature", "geometry": {"type": "Point", "coordinates": [-68.8318204, 45.7737215]}, "properties": {"lon": -68.8318204, "lat": 45.7737215, "area_m2": 16.0, "height_max_m": 0.25, "height_mean_m": 0.19, "class": "rock", "source": "3dep-lidar-dsm-2m", "stage_ft": 477.9, "shore_buffer_m": 4.0, "verdict": "above_water_at_flight"}}, {"type": "Feature", "geometry": {"type": "Point", "coordinates": [-68.8333793, 45.7738874]}, "properties": {"lon": -68.8333793, "lat": 45.7738874, "area_m2": 16.0, "height_max_m": 0.38, "height_mean_m": 0.29, "class": "rock", "source": "3dep-lidar-dsm-2m", "stage_ft": 477.9, "shore_buffer_m": 4.0, "verdict": "above_water_at_flight"}}, {"type": "Feature", "geometry": {"type": "Point", "coordinates": [-68.8194523, 45.7739233]}, "properties": {"lon": -68.8194523, "lat": 45.7739233, "area_m2": 16.0, "height_max_m": 1.09, "height_mean_m": 0.57, "class": "rock", "source": "3dep-lidar-dsm-2m", "stage_ft": 477.9, "shore_buffer_m": 4.0, "verdict": "above_water_at_flight"}}, {"type": "Feature", "geometry": {"type": "Point", "coordinates": [-68.7732717, 45.774013]}, "properties": {"lon": -68.7732717, "lat": 45.774013, "area_m2": 16.0, "height_max_m": 0.77, "height_mean_m": 0.43, "class": "rock", "source": "3dep-lidar-dsm-2m", "stage_ft": 477.9, "shore_buffer_m": 4.0, "verdict": "above_water_at_flight"}}, {"type": "Feature", "geometry": {"type": "Point", "coordinates": [-68.7899428, 45.7740758]}, "properties": {"lon": -68.7899428, "lat": 45.7740758, "area_m2": 16.0, "height_max_m": 0.19, "height_mean_m": 0.18, "class": "rock", "source": "3dep-lidar-dsm-2m", "stage_ft": 477.9, "shore_buffer_m": 4.0, "verdict": "above_water_at_flight"}}, {"type": "Feature", "geometry": {"type": "Point", "coordinates": [-68.7911217, 45.7741296]}, "properties": {"lon": -68.7911217, "lat": 45.7741296, "area_m2": 16.0, "height_max_m": 0.23, "height_mean_m": 0.2, "class": "rock", "source": "3dep-lidar-dsm-2m", "stage_ft": 477.9, "shore_buffer_m": 4.0, "verdict": "above_water_at_flight"}}, {"type": "Feature", "geometry": {"type": "Point", "coordinates": [-68.8319557, 45.7742013]}, "properties": {"lon": -68.8319557, "lat": 45.7742013, "area_m2": 16.0, "height_max_m": 0.35, "height_mean_m": 0.24, "class": "rock", "source": "3dep-lidar-dsm-2m", "stage_ft": 477.9, "shore_buffer_m": 4.0, "verdict": "above_water_at_flight"}}, {"type": "Feature", "geometry": {"type": "Point", "coordinates": [-68.8311119, 45.7744614]}, "properties": {"lon": -68.8311119, "lat": 45.7744614, "area_m2": 16.0, "height_max_m": 0.22, "height_mean_m": 0.19, "class": "rock", "source": "3dep-lidar-dsm-2m", "stage_ft": 477.9, "shore_buffer_m": 4.0, "verdict": "above_water_at_flight"}}, {"type": "Feature", "geometry": {"type": "Point", "coordinates": [-68.8328511, 45.7745511]}, "properties": {"lon": -68.8328511, "lat": 45.7745511, "area_m2": 16.0, "height_max_m": 0.22, "height_mean_m": 0.18, "class": "rock", "source": "3dep-lidar-dsm-2m", "stage_ft": 477.9, "shore_buffer_m": 4.0, "verdict": "above_water_at_flight"}}, {"type": "Feature", "geometry": {"type": "Point", "coordinates": [-68.7700186, 45.7745511]}, "properties": {"lon": -68.7700186, "lat": 45.7745511, "area_m2": 16.0, "height_max_m": 0.29, "height_mean_m": 0.29, "class": "rock", "source": "3dep-lidar-dsm-2m", "stage_ft": 477.9, "shore_buffer_m": 4.0, "verdict": "above_water_at_flight"}}, {"type": "Feature", "geometry": {"type": "Point", "coordinates": [-68.7538628, 45.7750623]}, "properties": {"lon": -68.7538628, "lat": 45.7750623, "area_m2": 16.0, "height_max_m": 0.21, "height_mean_m": 0.2, "class": "rock", "source": "3dep-lidar-dsm-2m", "stage_ft": 477.9, "shore_buffer_m": 4.0, "verdict": "above_water_at_flight"}}, {"type": "Feature", "geometry": {"type": "Point", "coordinates": [-68.8208309, 45.775143]}, "properties": {"lon": -68.8208309, "lat": 45.775143, "area_m2": 16.0, "height_max_m": 0.47, "height_mean_m": 0.35, "class": "rock", "source": "3dep-lidar-dsm-2m", "stage_ft": 477.9, "shore_buffer_m": 4.0, "verdict": "above_water_at_flight"}}, {"type": "Feature", "geometry": {"type": "Point", "coordinates": [-68.7523683, 45.7751878]}, "properties": {"lon": -68.7523683, "lat": 45.7751878, "area_m2": 16.0, "height_max_m": 0.21, "height_mean_m": 0.18, "class": "rock", "source": "3dep-lidar-dsm-2m", "stage_ft": 477.9, "shore_buffer_m": 4.0, "verdict": "above_water_at_flight"}}, {"type": "Feature", "geometry": {"type": "Point", "coordinates": [-68.7476207, 45.7758066]}, "properties": {"lon": -68.7476207, "lat": 45.7758066, "area_m2": 16.0, "height_max_m": 0.26, "height_mean_m": 0.22, "class": "rock", "source": "3dep-lidar-dsm-2m", "stage_ft": 477.9, "shore_buffer_m": 4.0, "verdict": "above_water_at_flight"}}, {"type": "Feature", "geometry": {"type": "Point", "coordinates": [-68.7482971, 45.7763178]}, "properties": {"lon": -68.7482971, "lat": 45.7763178, "area_m2": 16.0, "height_max_m": 0.24, "height_mean_m": 0.19, "class": "rock", "source": "3dep-lidar-dsm-2m", "stage_ft": 477.9, "shore_buffer_m": 4.0, "verdict": "above_water_at_flight"}}, {"type": "Feature", "geometry": {"type": "Point", "coordinates": [-68.7640149, 45.7764524]}, "properties": {"lon": -68.7640149, "lat": 45.7764524, "area_m2": 16.0, "height_max_m": 0.21, "height_mean_m": 0.19, "class": "rock", "source": "3dep-lidar-dsm-2m", "stage_ft": 477.9, "shore_buffer_m": 4.0, "verdict": "above_water_at_flight"}}, {"type": "Feature", "geometry": {"type": "Point", "coordinates": [-68.7642082, 45.7764703]}, "properties": {"lon": -68.7642082, "lat": 45.7764703, "area_m2": 16.0, "height_max_m": 0.21, "height_mean_m": 0.17, "class": "rock", "source": "3dep-lidar-dsm-2m", "stage_ft": 477.9, "shore_buffer_m": 4.0, "verdict": "above_water_at_flight"}}, {"type": "Feature", "geometry": {"type": "Point", "coordinates": [-68.7890603, 45.7772236]}, "properties": {"lon": -68.7890603, "lat": 45.7772236, "area_m2": 16.0, "height_max_m": 0.22, "height_mean_m": 0.19, "class": "rock", "source": "3dep-lidar-dsm-2m", "stage_ft": 477.9, "shore_buffer_m": 4.0, "verdict": "above_water_at_flight"}}, {"type": "Feature", "geometry": {"type": "Point", "coordinates": [-68.7860198, 45.7776362]}, "properties": {"lon": -68.7860198, "lat": 45.7776362, "area_m2": 16.0, "height_max_m": 0.25, "height_mean_m": 0.2, "class": "rock", "source": "3dep-lidar-dsm-2m", "stage_ft": 477.9, "shore_buffer_m": 4.0, "verdict": "above_water_at_flight"}}, {"type": "Feature", "geometry": {"type": "Point", "coordinates": [-68.7856204, 45.7777752]}, "properties": {"lon": -68.7856204, "lat": 45.7777752, "area_m2": 16.0, "height_max_m": 0.27, "height_mean_m": 0.2, "class": "rock", "source": "3dep-lidar-dsm-2m", "stage_ft": 477.9, "shore_buffer_m": 4.0, "verdict": "above_water_at_flight"}}, {"type": "Feature", "geometry": {"type": "Point", "coordinates": [-68.7568904, 45.7780084]}, "properties": {"lon": -68.7568904, "lat": 45.7780084, "area_m2": 16.0, "height_max_m": 0.31, "height_mean_m": 0.22, "class": "rock", "source": "3dep-lidar-dsm-2m", "stage_ft": 477.9, "shore_buffer_m": 4.0, "verdict": "above_water_at_flight"}}, {"type": "Feature", "geometry": {"type": "Point", "coordinates": [-68.8066849, 45.7780846]}, "properties": {"lon": -68.8066849, "lat": 45.7780846, "area_m2": 16.0, "height_max_m": 0.23, "height_mean_m": 0.2, "class": "rock", "source": "3dep-lidar-dsm-2m", "stage_ft": 477.9, "shore_buffer_m": 4.0, "verdict": "above_water_at_flight"}}, {"type": "Feature", "geometry": {"type": "Point", "coordinates": [-68.7862904, 45.7782281]}, "properties": {"lon": -68.7862904, "lat": 45.7782281, "area_m2": 16.0, "height_max_m": 0.55, "height_mean_m": 0.32, "class": "rock", "source": "3dep-lidar-dsm-2m", "stage_ft": 477.9, "shore_buffer_m": 4.0, "verdict": "above_water_at_flight"}}, {"type": "Feature", "geometry": {"type": "Point", "coordinates": [-68.7833787, 45.7783536]}, "properties": {"lon": -68.7833787, "lat": 45.7783536, "area_m2": 16.0, "height_max_m": 0.24, "height_mean_m": 0.2, "class": "rock", "source": "3dep-lidar-dsm-2m", "stage_ft": 477.9, "shore_buffer_m": 4.0, "verdict": "above_water_at_flight"}}, {"type": "Feature", "geometry": {"type": "Point", "coordinates": [-68.7564394, 45.7783357]}, "properties": {"lon": -68.7564394, "lat": 45.7783357, "area_m2": 16.0, "height_max_m": 0.3, "height_mean_m": 0.22, "class": "rock", "source": "3dep-lidar-dsm-2m", "stage_ft": 477.9, "shore_buffer_m": 4.0, "verdict": "above_water_at_flight"}}, {"type": "Feature", "geometry": {"type": "Point", "coordinates": [-68.7532057, 45.7783716]}, "properties": {"lon": -68.7532057, "lat": 45.7783716, "area_m2": 16.0, "height_max_m": 0.17, "height_mean_m": 0.16, "class": "rock", "source": "3dep-lidar-dsm-2m", "stage_ft": 477.9, "shore_buffer_m": 4.0, "verdict": "above_water_at_flight"}}, {"type": "Feature", "geometry": {"type": "Point", "coordinates": [-68.7886738, 45.7785151]}, "properties": {"lon": -68.7886738, "lat": 45.7785151, "area_m2": 16.0, "height_max_m": 0.24, "height_mean_m": 0.19, "class": "rock", "source": "3dep-lidar-dsm-2m", "stage_ft": 477.9, "shore_buffer_m": 4.0, "verdict": "above_water_at_flight"}}, {"type": "Feature", "geometry": {"type": "Point", "coordinates": [-68.7879266, 45.7785778]}, "properties": {"lon": -68.7879266, "lat": 45.7785778, "area_m2": 16.0, "height_max_m": 0.26, "height_mean_m": 0.22, "class": "rock", "source": "3dep-lidar-dsm-2m", "stage_ft": 477.9, "shore_buffer_m": 4.0, "verdict": "above_water_at_flight"}}, {"type": "Feature", "geometry": {"type": "Point", "coordinates": [-68.7601305, 45.7787752]}, "properties": {"lon": -68.7601305, "lat": 45.7787752, "area_m2": 16.0, "height_max_m": 0.4, "height_mean_m": 0.26, "class": "rock", "source": "3dep-lidar-dsm-2m", "stage_ft": 477.9, "shore_buffer_m": 4.0, "verdict": "above_water_at_flight"}}, {"type": "Feature", "geometry": {"type": "Point", "coordinates": [-68.7539723, 45.7787796]}, "properties": {"lon": -68.7539723, "lat": 45.7787796, "area_m2": 16.0, "height_max_m": 1.38, "height_mean_m": 0.57, "class": "rock", "source": "3dep-lidar-dsm-2m", "stage_ft": 477.9, "shore_buffer_m": 4.0, "verdict": "above_water_at_flight"}}, {"type": "Feature", "geometry": {"type": "Point", "coordinates": [-68.7521364, 45.778811]}, "properties": {"lon": -68.7521364, "lat": 45.778811, "area_m2": 16.0, "height_max_m": 0.83, "height_mean_m": 0.6, "class": "rock", "source": "3dep-lidar-dsm-2m", "stage_ft": 477.9, "shore_buffer_m": 4.0, "verdict": "above_water_at_flight"}}, {"type": "Feature", "geometry": {"type": "Point", "coordinates": [-68.7601756, 45.7793222]}, "properties": {"lon": -68.7601756, "lat": 45.7793222, "area_m2": 16.0, "height_max_m": 0.33, "height_mean_m": 0.26, "class": "rock", "source": "3dep-lidar-dsm-2m", "stage_ft": 477.9, "shore_buffer_m": 4.0, "verdict": "above_water_at_flight"}}, {"type": "Feature", "geometry": {"type": "Point", "coordinates": [-68.8341781, 45.7795016]}, "properties": {"lon": -68.8341781, "lat": 45.7795016, "area_m2": 16.0, "height_max_m": 0.28, "height_mean_m": 0.25, "class": "rock", "source": "3dep-lidar-dsm-2m", "stage_ft": 477.9, "shore_buffer_m": 4.0, "verdict": "above_water_at_flight"}}, {"type": "Feature", "geometry": {"type": "Point", "coordinates": [-68.8337014, 45.7797034]}, "properties": {"lon": -68.8337014, "lat": 45.7797034, "area_m2": 16.0, "height_max_m": 0.32, "height_mean_m": 0.24, "class": "rock", "source": "3dep-lidar-dsm-2m", "stage_ft": 477.9, "shore_buffer_m": 4.0, "verdict": "above_water_at_flight"}}, {"type": "Feature", "geometry": {"type": "Point", "coordinates": [-68.7551511, 45.7800038]}, "properties": {"lon": -68.7551511, "lat": 45.7800038, "area_m2": 16.0, "height_max_m": 0.21, "height_mean_m": 0.19, "class": "rock", "source": "3dep-lidar-dsm-2m", "stage_ft": 477.9, "shore_buffer_m": 4.0, "verdict": "above_water_at_flight"}}, {"type": "Feature", "geometry": {"type": "Point", "coordinates": [-68.7916563, 45.7800173]}, "properties": {"lon": -68.7916563, "lat": 45.7800173, "area_m2": 16.0, "height_max_m": 0.19, "height_mean_m": 0.18, "class": "rock", "source": "3dep-lidar-dsm-2m", "stage_ft": 477.9, "shore_buffer_m": 4.0, "verdict": "above_water_at_flight"}}, {"type": "Feature", "geometry": {"type": "Point", "coordinates": [-68.7519302, 45.7801563]}, "properties": {"lon": -68.7519302, "lat": 45.7801563, "area_m2": 16.0, "height_max_m": 0.32, "height_mean_m": 0.22, "class": "rock", "source": "3dep-lidar-dsm-2m", "stage_ft": 477.9, "shore_buffer_m": 4.0, "verdict": "above_water_at_flight"}}, {"type": "Feature", "geometry": {"type": "Point", "coordinates": [-68.8067879, 45.7802729]}, "properties": {"lon": -68.8067879, "lat": 45.7802729, "area_m2": 16.0, "height_max_m": 0.23, "height_mean_m": 0.21, "class": "rock", "source": "3dep-lidar-dsm-2m", "stage_ft": 477.9, "shore_buffer_m": 4.0, "verdict": "above_water_at_flight"}}, {"type": "Feature", "geometry": {"type": "Point", "coordinates": [-68.8338947, 45.7803625]}, "properties": {"lon": -68.8338947, "lat": 45.7803625, "area_m2": 16.0, "height_max_m": 0.19, "height_mean_m": 0.17, "class": "rock", "source": "3dep-lidar-dsm-2m", "stage_ft": 477.9, "shore_buffer_m": 4.0, "verdict": "above_water_at_flight"}}, {"type": "Feature", "geometry": {"type": "Point", "coordinates": [-68.832864, 45.7811876]}, "properties": {"lon": -68.832864, "lat": 45.7811876, "area_m2": 16.0, "height_max_m": 0.28, "height_mean_m": 0.21, "class": "rock", "source": "3dep-lidar-dsm-2m", "stage_ft": 477.9, "shore_buffer_m": 4.0, "verdict": "above_water_at_flight"}}, {"type": "Feature", "geometry": {"type": "Point", "coordinates": [-68.7486578, 45.7814925]}, "properties": {"lon": -68.7486578, "lat": 45.7814925, "area_m2": 16.0, "height_max_m": 0.3, "height_mean_m": 0.24, "class": "rock", "source": "3dep-lidar-dsm-2m", "stage_ft": 477.9, "shore_buffer_m": 4.0, "verdict": "above_water_at_flight"}}, {"type": "Feature", "geometry": {"type": "Point", "coordinates": [-68.8192849, 45.7815463]}, "properties": {"lon": -68.8192849, "lat": 45.7815463, "area_m2": 16.0, "height_max_m": 0.9, "height_mean_m": 0.74, "class": "rock", "source": "3dep-lidar-dsm-2m", "stage_ft": 477.9, "shore_buffer_m": 4.0, "verdict": "above_water_at_flight"}}, {"type": "Feature", "geometry": {"type": "Point", "coordinates": [-68.752175, 45.7815643]}, "properties": {"lon": -68.752175, "lat": 45.7815643, "area_m2": 16.0, "height_max_m": 1.54, "height_mean_m": 0.79, "class": "rock", "source": "3dep-lidar-dsm-2m", "stage_ft": 477.9, "shore_buffer_m": 4.0, "verdict": "above_water_at_flight"}}, {"type": "Feature", "geometry": {"type": "Point", "coordinates": [-68.7526066, 45.7818558]}, "properties": {"lon": -68.7526066, "lat": 45.7818558, "area_m2": 16.0, "height_max_m": 2.51, "height_mean_m": 1.29, "class": "rock", "source": "3dep-lidar-dsm-2m", "stage_ft": 477.9, "shore_buffer_m": 4.0, "verdict": "above_water_at_flight"}}, {"type": "Feature", "geometry": {"type": "Point", "coordinates": [-68.7573864, 45.7820172]}, "properties": {"lon": -68.7573864, "lat": 45.7820172, "area_m2": 16.0, "height_max_m": 0.24, "height_mean_m": 0.2, "class": "rock", "source": "3dep-lidar-dsm-2m", "stage_ft": 477.9, "shore_buffer_m": 4.0, "verdict": "above_water_at_flight"}}, {"type": "Feature", "geometry": {"type": "Point", "coordinates": [-68.7483937, 45.7821114]}, "properties": {"lon": -68.7483937, "lat": 45.7821114, "area_m2": 16.0, "height_max_m": 0.31, "height_mean_m": 0.22, "class": "rock", "source": "3dep-lidar-dsm-2m", "stage_ft": 477.9, "shore_buffer_m": 4.0, "verdict": "above_water_at_flight"}}, {"type": "Feature", "geometry": {"type": "Point", "coordinates": [-68.7569677, 45.7821248]}, "properties": {"lon": -68.7569677, "lat": 45.7821248, "area_m2": 16.0, "height_max_m": 0.2, "height_mean_m": 0.17, "class": "rock", "source": "3dep-lidar-dsm-2m", "stage_ft": 477.9, "shore_buffer_m": 4.0, "verdict": "above_water_at_flight"}}, {"type": "Feature", "geometry": {"type": "Point", "coordinates": [-68.8069683, 45.78221]}, "properties": {"lon": -68.8069683, "lat": 45.78221, "area_m2": 16.0, "height_max_m": 0.18, "height_mean_m": 0.18, "class": "rock", "source": "3dep-lidar-dsm-2m", "stage_ft": 477.9, "shore_buffer_m": 4.0, "verdict": "above_water_at_flight"}}, {"type": "Feature", "geometry": {"type": "Point", "coordinates": [-68.7552091, 45.7824656]}, "properties": {"lon": -68.7552091, "lat": 45.7824656, "area_m2": 16.0, "height_max_m": 0.2, "height_mean_m": 0.18, "class": "rock", "source": "3dep-lidar-dsm-2m", "stage_ft": 477.9, "shore_buffer_m": 4.0, "verdict": "above_water_at_flight"}}, {"type": "Feature", "geometry": {"type": "Point", "coordinates": [-68.7531155, 45.7824611]}, "properties": {"lon": -68.7531155, "lat": 45.7824611, "area_m2": 16.0, "height_max_m": 0.18, "height_mean_m": 0.17, "class": "rock", "source": "3dep-lidar-dsm-2m", "stage_ft": 477.9, "shore_buffer_m": 4.0, "verdict": "above_water_at_flight"}}, {"type": "Feature", "geometry": {"type": "Point", "coordinates": [-68.8062211, 45.7825508]}, "properties": {"lon": -68.8062211, "lat": 45.7825508, "area_m2": 16.0, "height_max_m": 0.16, "height_mean_m": 0.16, "class": "rock", "source": "3dep-lidar-dsm-2m", "stage_ft": 477.9, "shore_buffer_m": 4.0, "verdict": "above_water_at_flight"}}, {"type": "Feature", "geometry": {"type": "Point", "coordinates": [-68.8319493, 45.7828109]}, "properties": {"lon": -68.8319493, "lat": 45.7828109, "area_m2": 16.0, "height_max_m": 0.29, "height_mean_m": 0.22, "class": "rock", "source": "3dep-lidar-dsm-2m", "stage_ft": 477.9, "shore_buffer_m": 4.0, "verdict": "above_water_at_flight"}}, {"type": "Feature", "geometry": {"type": "Point", "coordinates": [-68.8314726, 45.7828737]}, "properties": {"lon": -68.8314726, "lat": 45.7828737, "area_m2": 16.0, "height_max_m": 0.28, "height_mean_m": 0.22, "class": "rock", "source": "3dep-lidar-dsm-2m", "stage_ft": 477.9, "shore_buffer_m": 4.0, "verdict": "above_water_at_flight"}}, {"type": "Feature", "geometry": {"type": "Point", "coordinates": [-68.8321683, 45.7828916]}, "properties": {"lon": -68.8321683, "lat": 45.7828916, "area_m2": 16.0, "height_max_m": 0.32, "height_mean_m": 0.23, "class": "rock", "source": "3dep-lidar-dsm-2m", "stage_ft": 477.9, "shore_buffer_m": 4.0, "verdict": "above_water_at_flight"}}, {"type": "Feature", "geometry": {"type": "Point", "coordinates": [-68.8316465, 45.7831293]}, "properties": {"lon": -68.8316465, "lat": 45.7831293, "area_m2": 16.0, "height_max_m": 0.96, "height_mean_m": 0.55, "class": "rock", "source": "3dep-lidar-dsm-2m", "stage_ft": 477.9, "shore_buffer_m": 4.0, "verdict": "above_water_at_flight"}}, {"type": "Feature", "geometry": {"type": "Point", "coordinates": [-68.8314855, 45.783192]}, "properties": {"lon": -68.8314855, "lat": 45.783192, "area_m2": 16.0, "height_max_m": 0.41, "height_mean_m": 0.27, "class": "rock", "source": "3dep-lidar-dsm-2m", "stage_ft": 477.9, "shore_buffer_m": 4.0, "verdict": "above_water_at_flight"}}, {"type": "Feature", "geometry": {"type": "Point", "coordinates": [-68.7507192, 45.7835552]}, "properties": {"lon": -68.7507192, "lat": 45.7835552, "area_m2": 16.0, "height_max_m": 0.2, "height_mean_m": 0.17, "class": "rock", "source": "3dep-lidar-dsm-2m", "stage_ft": 477.9, "shore_buffer_m": 4.0, "verdict": "above_water_at_flight"}}, {"type": "Feature", "geometry": {"type": "Point", "coordinates": [-68.8121732, 45.7835911]}, "properties": {"lon": -68.8121732, "lat": 45.7835911, "area_m2": 16.0, "height_max_m": 1.08, "height_mean_m": 0.57, "class": "rock", "source": "3dep-lidar-dsm-2m", "stage_ft": 477.9, "shore_buffer_m": 4.0, "verdict": "above_water_at_flight"}}, {"type": "Feature", "geometry": {"type": "Point", "coordinates": [-68.7958821, 45.7837256]}, "properties": {"lon": -68.7958821, "lat": 45.7837256, "area_m2": 16.0, "height_max_m": 0.44, "height_mean_m": 0.27, "class": "rock", "source": "3dep-lidar-dsm-2m", "stage_ft": 477.9, "shore_buffer_m": 4.0, "verdict": "above_water_at_flight"}}, {"type": "Feature", "geometry": {"type": "Point", "coordinates": [-68.8199548, 45.7840933]}, "properties": {"lon": -68.8199548, "lat": 45.7840933, "area_m2": 16.0, "height_max_m": 0.3, "height_mean_m": 0.26, "class": "rock", "source": "3dep-lidar-dsm-2m", "stage_ft": 477.9, "shore_buffer_m": 4.0, "verdict": "above_water_at_flight"}}, {"type": "Feature", "geometry": {"type": "Point", "coordinates": [-68.8194137, 45.7841472]}, "properties": {"lon": -68.8194137, "lat": 45.7841472, "area_m2": 16.0, "height_max_m": 0.28, "height_mean_m": 0.22, "class": "rock", "source": "3dep-lidar-dsm-2m", "stage_ft": 477.9, "shore_buffer_m": 4.0, "verdict": "above_water_at_flight"}}, {"type": "Feature", "geometry": {"type": "Point", "coordinates": [-68.7429376, 45.7842099]}, "properties": {"lon": -68.7429376, "lat": 45.7842099, "area_m2": 16.0, "height_max_m": 0.4, "height_mean_m": 0.29, "class": "rock", "source": "3dep-lidar-dsm-2m", "stage_ft": 477.9, "shore_buffer_m": 4.0, "verdict": "above_water_at_flight"}}, {"type": "Feature", "geometry": {"type": "Point", "coordinates": [-68.8193622, 45.7846494]}, "properties": {"lon": -68.8193622, "lat": 45.7846494, "area_m2": 16.0, "height_max_m": 0.35, "height_mean_m": 0.25, "class": "rock", "source": "3dep-lidar-dsm-2m", "stage_ft": 477.9, "shore_buffer_m": 4.0, "verdict": "above_water_at_flight"}}, {"type": "Feature", "geometry": {"type": "Point", "coordinates": [-68.8083082, 45.7846852]}, "properties": {"lon": -68.8083082, "lat": 45.7846852, "area_m2": 16.0, "height_max_m": 0.23, "height_mean_m": 0.2, "class": "rock", "source": "3dep-lidar-dsm-2m", "stage_ft": 477.9, "shore_buffer_m": 4.0, "verdict": "above_water_at_flight"}}, {"type": "Feature", "geometry": {"type": "Point", "coordinates": [-68.8199548, 45.7849902]}, "properties": {"lon": -68.8199548, "lat": 45.7849902, "area_m2": 16.0, "height_max_m": 0.38, "height_mean_m": 0.26, "class": "rock", "source": "3dep-lidar-dsm-2m", "stage_ft": 477.9, "shore_buffer_m": 4.0, "verdict": "above_water_at_flight"}}, {"type": "Feature", "geometry": {"type": "Point", "coordinates": [-68.743556, 45.7853848]}, "properties": {"lon": -68.743556, "lat": 45.7853848, "area_m2": 16.0, "height_max_m": 0.22, "height_mean_m": 0.19, "class": "rock", "source": "3dep-lidar-dsm-2m", "stage_ft": 477.9, "shore_buffer_m": 4.0, "verdict": "above_water_at_flight"}}, {"type": "Feature", "geometry": {"type": "Point", "coordinates": [-68.7435496, 45.785452]}, "properties": {"lon": -68.7435496, "lat": 45.785452, "area_m2": 16.0, "height_max_m": 0.22, "height_mean_m": 0.19, "class": "rock", "source": "3dep-lidar-dsm-2m", "stage_ft": 477.9, "shore_buffer_m": 4.0, "verdict": "above_water_at_flight"}}, {"type": "Feature", "geometry": {"type": "Point", "coordinates": [-68.8126885, 45.7856]}, "properties": {"lon": -68.8126885, "lat": 45.7856, "area_m2": 16.0, "height_max_m": 0.23, "height_mean_m": 0.18, "class": "rock", "source": "3dep-lidar-dsm-2m", "stage_ft": 477.9, "shore_buffer_m": 4.0, "verdict": "above_water_at_flight"}}, {"type": "Feature", "geometry": {"type": "Point", "coordinates": [-68.8004879, 45.7858691]}, "properties": {"lon": -68.8004879, "lat": 45.7858691, "area_m2": 16.0, "height_max_m": 1.78, "height_mean_m": 1.19, "class": "rock", "source": "3dep-lidar-dsm-2m", "stage_ft": 477.9, "shore_buffer_m": 4.0, "verdict": "above_water_at_flight"}}, {"type": "Feature", "geometry": {"type": "Point", "coordinates": [-68.7979757, 45.7860126]}, "properties": {"lon": -68.7979757, "lat": 45.7860126, "area_m2": 16.0, "height_max_m": 0.24, "height_mean_m": 0.2, "class": "rock", "source": "3dep-lidar-dsm-2m", "stage_ft": 477.9, "shore_buffer_m": 4.0, "verdict": "above_water_at_flight"}}, {"type": "Feature", "geometry": {"type": "Point", "coordinates": [-68.8124438, 45.7862054]}, "properties": {"lon": -68.8124438, "lat": 45.7862054, "area_m2": 16.0, "height_max_m": 0.82, "height_mean_m": 0.41, "class": "rock", "source": "3dep-lidar-dsm-2m", "stage_ft": 477.9, "shore_buffer_m": 4.0, "verdict": "above_water_at_flight"}}, {"type": "Feature", "geometry": {"type": "Point", "coordinates": [-68.7956824, 45.7863713]}, "properties": {"lon": -68.7956824, "lat": 45.7863713, "area_m2": 16.0, "height_max_m": 0.26, "height_mean_m": 0.25, "class": "rock", "source": "3dep-lidar-dsm-2m", "stage_ft": 477.9, "shore_buffer_m": 4.0, "verdict": "above_water_at_flight"}}, {"type": "Feature", "geometry": {"type": "Point", "coordinates": [-68.7972606, 45.7864655]}, "properties": {"lon": -68.7972606, "lat": 45.7864655, "area_m2": 16.0, "height_max_m": 0.36, "height_mean_m": 0.24, "class": "rock", "source": "3dep-lidar-dsm-2m", "stage_ft": 477.9, "shore_buffer_m": 4.0, "verdict": "above_water_at_flight"}}, {"type": "Feature", "geometry": {"type": "Point", "coordinates": [-68.8195941, 45.7865865]}, "properties": {"lon": -68.8195941, "lat": 45.7865865, "area_m2": 16.0, "height_max_m": 0.49, "height_mean_m": 0.33, "class": "rock", "source": "3dep-lidar-dsm-2m", "stage_ft": 477.9, "shore_buffer_m": 4.0, "verdict": "above_water_at_flight"}}, {"type": "Feature", "geometry": {"type": "Point", "coordinates": [-68.8106787, 45.7868645]}, "properties": {"lon": -68.8106787, "lat": 45.7868645, "area_m2": 16.0, "height_max_m": 1.42, "height_mean_m": 1.05, "class": "rock", "source": "3dep-lidar-dsm-2m", "stage_ft": 477.9, "shore_buffer_m": 4.0, "verdict": "above_water_at_flight"}}, {"type": "Feature", "geometry": {"type": "Point", "coordinates": [-68.8073934, 45.7868914]}, "properties": {"lon": -68.8073934, "lat": 45.7868914, "area_m2": 16.0, "height_max_m": 0.17, "height_mean_m": 0.17, "class": "rock", "source": "3dep-lidar-dsm-2m", "stage_ft": 477.9, "shore_buffer_m": 4.0, "verdict": "above_water_at_flight"}}, {"type": "Feature", "geometry": {"type": "Point", "coordinates": [-68.8250566, 45.7870887]}, "properties": {"lon": -68.8250566, "lat": 45.7870887, "area_m2": 16.0, "height_max_m": 0.23, "height_mean_m": 0.2, "class": "rock", "source": "3dep-lidar-dsm-2m", "stage_ft": 477.9, "shore_buffer_m": 4.0, "verdict": "above_water_at_flight"}}, {"type": "Feature", "geometry": {"type": "Point", "coordinates": [-68.8193879, 45.7874295]}, "properties": {"lon": -68.8193879, "lat": 45.7874295, "area_m2": 16.0, "height_max_m": 0.2, "height_mean_m": 0.19, "class": "rock", "source": "3dep-lidar-dsm-2m", "stage_ft": 477.9, "shore_buffer_m": 4.0, "verdict": "above_water_at_flight"}}, {"type": "Feature", "geometry": {"type": "Point", "coordinates": [-68.8212818, 45.7874654]}, "properties": {"lon": -68.8212818, "lat": 45.7874654, "area_m2": 16.0, "height_max_m": 0.29, "height_mean_m": 0.22, "class": "rock", "source": "3dep-lidar-dsm-2m", "stage_ft": 477.9, "shore_buffer_m": 4.0, "verdict": "above_water_at_flight"}}, {"type": "Feature", "geometry": {"type": "Point", "coordinates": [-68.7943554, 45.7874699]}, "properties": {"lon": -68.7943554, "lat": 45.7874699, "area_m2": 16.0, "height_max_m": 0.41, "height_mean_m": 0.3, "class": "rock", "source": "3dep-lidar-dsm-2m", "stage_ft": 477.9, "shore_buffer_m": 4.0, "verdict": "above_water_at_flight"}}, {"type": "Feature", "geometry": {"type": "Point", "coordinates": [-68.8215073, 45.7876896]}, "properties": {"lon": -68.8215073, "lat": 45.7876896, "area_m2": 16.0, "height_max_m": 0.9, "height_mean_m": 0.59, "class": "rock", "source": "3dep-lidar-dsm-2m", "stage_ft": 477.9, "shore_buffer_m": 4.0, "verdict": "above_water_at_flight"}}, {"type": "Feature", "geometry": {"type": "Point", "coordinates": [-68.8127401, 45.7876986]}, "properties": {"lon": -68.8127401, "lat": 45.7876986, "area_m2": 16.0, "height_max_m": 0.26, "height_mean_m": 0.2, "class": "rock", "source": "3dep-lidar-dsm-2m", "stage_ft": 477.9, "shore_buffer_m": 4.0, "verdict": "above_water_at_flight"}}, {"type": "Feature", "geometry": {"type": "Point", "coordinates": [-68.8094161, 45.7877255]}, "properties": {"lon": -68.8094161, "lat": 45.7877255, "area_m2": 16.0, "height_max_m": 2.32, "height_mean_m": 0.97, "class": "rock", "source": "3dep-lidar-dsm-2m", "stage_ft": 477.9, "shore_buffer_m": 4.0, "verdict": "above_water_at_flight"}}, {"type": "Feature", "geometry": {"type": "Point", "coordinates": [-68.8152652, 45.7877703]}, "properties": {"lon": -68.8152652, "lat": 45.7877703, "area_m2": 16.0, "height_max_m": 0.32, "height_mean_m": 0.3, "class": "rock", "source": "3dep-lidar-dsm-2m", "stage_ft": 477.9, "shore_buffer_m": 4.0, "verdict": "above_water_at_flight"}}, {"type": "Feature", "geometry": {"type": "Point", "coordinates": [-68.8176229, 45.7878107]}, "properties": {"lon": -68.8176229, "lat": 45.7878107, "area_m2": 16.0, "height_max_m": 0.26, "height_mean_m": 0.19, "class": "rock", "source": "3dep-lidar-dsm-2m", "stage_ft": 477.9, "shore_buffer_m": 4.0, "verdict": "above_water_at_flight"}}, {"type": "Feature", "geometry": {"type": "Point", "coordinates": [-68.8069941, 45.7881829]}, "properties": {"lon": -68.8069941, "lat": 45.7881829, "area_m2": 16.0, "height_max_m": 0.37, "height_mean_m": 0.26, "class": "rock", "source": "3dep-lidar-dsm-2m", "stage_ft": 477.9, "shore_buffer_m": 4.0, "verdict": "above_water_at_flight"}}, {"type": "Feature", "geometry": {"type": "Point", "coordinates": [-68.7931315, 45.7891873]}, "properties": {"lon": -68.7931315, "lat": 45.7891873, "area_m2": 16.0, "height_max_m": 0.67, "height_mean_m": 0.47, "class": "rock", "source": "3dep-lidar-dsm-2m", "stage_ft": 477.9, "shore_buffer_m": 4.0, "verdict": "above_water_at_flight"}}, {"type": "Feature", "geometry": {"type": "Point", "coordinates": [-68.8124266, 45.7233751]}, "properties": {"lon": -68.8124266, "lat": 45.7233751, "area_m2": 12.0, "height_max_m": 0.27, "height_mean_m": 0.21, "class": "rock", "source": "3dep-lidar-dsm-2m", "stage_ft": 477.9, "shore_buffer_m": 4.0, "verdict": "above_water_at_flight"}}, {"type": "Feature", "geometry": {"type": "Point", "coordinates": [-68.8112327, 45.7234349]}, "properties": {"lon": -68.8112327, "lat": 45.7234349, "area_m2": 12.0, "height_max_m": 0.23, "height_mean_m": 0.19, "class": "rock", "source": "3dep-lidar-dsm-2m", "stage_ft": 477.9, "shore_buffer_m": 4.0, "verdict": "above_water_at_flight"}}, {"type": "Feature", "geometry": {"type": "Point", "coordinates": [-68.8111211, 45.7237697]}, "properties": {"lon": -68.8111211, "lat": 45.7237697, "area_m2": 12.0, "height_max_m": 0.3, "height_mean_m": 0.21, "class": "rock", "source": "3dep-lidar-dsm-2m", "stage_ft": 477.9, "shore_buffer_m": 4.0, "verdict": "above_water_at_flight"}}, {"type": "Feature", "geometry": {"type": "Point", "coordinates": [-68.8116793, 45.7246725]}, "properties": {"lon": -68.8116793, "lat": 45.7246725, "area_m2": 12.0, "height_max_m": 0.63, "height_mean_m": 0.42, "class": "rock", "source": "3dep-lidar-dsm-2m", "stage_ft": 477.9, "shore_buffer_m": 4.0, "verdict": "above_water_at_flight"}}, {"type": "Feature", "geometry": {"type": "Point", "coordinates": [-68.8122806, 45.7248698]}, "properties": {"lon": -68.8122806, "lat": 45.7248698, "area_m2": 12.0, "height_max_m": 1.33, "height_mean_m": 0.63, "class": "rock", "source": "3dep-lidar-dsm-2m", "stage_ft": 477.9, "shore_buffer_m": 4.0, "verdict": "above_water_at_flight"}}, {"type": "Feature", "geometry": {"type": "Point", "coordinates": [-68.812229, 45.7249416]}, "properties": {"lon": -68.812229, "lat": 45.7249416, "area_m2": 12.0, "height_max_m": 1.18, "height_mean_m": 0.6, "class": "rock", "source": "3dep-lidar-dsm-2m", "stage_ft": 477.9, "shore_buffer_m": 4.0, "verdict": "above_water_at_flight"}}, {"type": "Feature", "geometry": {"type": "Point", "coordinates": [-68.8090082, 45.7264124]}, "properties": {"lon": -68.8090082, "lat": 45.7264124, "area_m2": 12.0, "height_max_m": 0.23, "height_mean_m": 0.22, "class": "rock", "source": "3dep-lidar-dsm-2m", "stage_ft": 477.9, "shore_buffer_m": 4.0, "verdict": "above_water_at_flight"}}, {"type": "Feature", "geometry": {"type": "Point", "coordinates": [-68.8204916, 45.7264602]}, "properties": {"lon": -68.8204916, "lat": 45.7264602, "area_m2": 12.0, "height_max_m": 0.34, "height_mean_m": 0.24, "class": "rock", "source": "3dep-lidar-dsm-2m", "stage_ft": 477.9, "shore_buffer_m": 4.0, "verdict": "above_water_at_flight"}}, {"type": "Feature", "geometry": {"type": "Point", "coordinates": [-68.8216425, 45.726526]}, "properties": {"lon": -68.8216425, "lat": 45.726526, "area_m2": 12.0, "height_max_m": 1.69, "height_mean_m": 1.15, "class": "rock", "source": "3dep-lidar-dsm-2m", "stage_ft": 477.9, "shore_buffer_m": 4.0, "verdict": "above_water_at_flight"}}, {"type": "Feature", "geometry": {"type": "Point", "coordinates": [-68.8088536, 45.7265439]}, "properties": {"lon": -68.8088536, "lat": 45.7265439, "area_m2": 12.0, "height_max_m": 0.2, "height_mean_m": 0.17, "class": "rock", "source": "3dep-lidar-dsm-2m", "stage_ft": 477.9, "shore_buffer_m": 4.0, "verdict": "above_water_at_flight"}}, {"type": "Feature", "geometry": {"type": "Point", "coordinates": [-68.8072045, 45.7283794]}, "properties": {"lon": -68.8072045, "lat": 45.7283794, "area_m2": 12.0, "height_max_m": 0.22, "height_mean_m": 0.19, "class": "rock", "source": "3dep-lidar-dsm-2m", "stage_ft": 477.9, "shore_buffer_m": 4.0, "verdict": "above_water_at_flight"}}, {"type": "Feature", "geometry": {"type": "Point", "coordinates": [-68.8062168, 45.7287202]}, "properties": {"lon": -68.8062168, "lat": 45.7287202, "area_m2": 12.0, "height_max_m": 0.2, "height_mean_m": 0.17, "class": "rock", "source": "3dep-lidar-dsm-2m", "stage_ft": 477.9, "shore_buffer_m": 4.0, "verdict": "above_water_at_flight"}}, {"type": "Feature", "geometry": {"type": "Point", "coordinates": [-68.7981088, 45.7287381]}, "properties": {"lon": -68.7981088, "lat": 45.7287381, "area_m2": 12.0, "height_max_m": 2.59, "height_mean_m": 1.28, "class": "rock", "source": "3dep-lidar-dsm-2m", "stage_ft": 477.9, "shore_buffer_m": 4.0, "verdict": "above_water_at_flight"}}, {"type": "Feature", "geometry": {"type": "Point", "coordinates": [-68.7968204, 45.7288517]}, "properties": {"lon": -68.7968204, "lat": 45.7288517, "area_m2": 12.0, "height_max_m": 0.4, "height_mean_m": 0.26, "class": "rock", "source": "3dep-lidar-dsm-2m", "stage_ft": 477.9, "shore_buffer_m": 4.0, "verdict": "above_water_at_flight"}}, {"type": "Feature", "geometry": {"type": "Point", "coordinates": [-68.8082867, 45.7289175]}, "properties": {"lon": -68.8082867, "lat": 45.7289175, "area_m2": 12.0, "height_max_m": 0.2, "height_mean_m": 0.19, "class": "rock", "source": "3dep-lidar-dsm-2m", "stage_ft": 477.9, "shore_buffer_m": 4.0, "verdict": "above_water_at_flight"}}, {"type": "Feature", "geometry": {"type": "Point", "coordinates": [-68.7963824, 45.7289235]}, "properties": {"lon": -68.7963824, "lat": 45.7289235, "area_m2": 12.0, "height_max_m": 0.34, "height_mean_m": 0.23, "class": "rock", "source": "3dep-lidar-dsm-2m", "stage_ft": 477.9, "shore_buffer_m": 4.0, "verdict": "above_water_at_flight"}}, {"type": "Feature", "geometry": {"type": "Point", "coordinates": [-68.8163346, 45.7290191]}, "properties": {"lon": -68.8163346, "lat": 45.7290191, "area_m2": 12.0, "height_max_m": 0.2, "height_mean_m": 0.18, "class": "rock", "source": "3dep-lidar-dsm-2m", "stage_ft": 477.9, "shore_buffer_m": 4.0, "verdict": "above_water_at_flight"}}, {"type": "Feature", "geometry": {"type": "Point", "coordinates": [-68.808218, 45.7291626]}, "properties": {"lon": -68.808218, "lat": 45.7291626, "area_m2": 12.0, "height_max_m": 0.31, "height_mean_m": 0.23, "class": "rock", "source": "3dep-lidar-dsm-2m", "stage_ft": 477.9, "shore_buffer_m": 4.0, "verdict": "above_water_at_flight"}}, {"type": "Feature", "geometry": {"type": "Point", "coordinates": [-68.8285566, 45.7292284]}, "properties": {"lon": -68.8285566, "lat": 45.7292284, "area_m2": 12.0, "height_max_m": 0.26, "height_mean_m": 0.2, "class": "rock", "source": "3dep-lidar-dsm-2m", "stage_ft": 477.9, "shore_buffer_m": 4.0, "verdict": "above_water_at_flight"}}, {"type": "Feature", "geometry": {"type": "Point", "coordinates": [-68.8125812, 45.7292822]}, "properties": {"lon": -68.8125812, "lat": 45.7292822, "area_m2": 12.0, "height_max_m": 0.24, "height_mean_m": 0.19, "class": "rock", "source": "3dep-lidar-dsm-2m", "stage_ft": 477.9, "shore_buffer_m": 4.0, "verdict": "above_water_at_flight"}}, {"type": "Feature", "geometry": {"type": "Point", "coordinates": [-68.7951026, 45.7293779]}, "properties": {"lon": -68.7951026, "lat": 45.7293779, "area_m2": 12.0, "height_max_m": 0.18, "height_mean_m": 0.17, "class": "rock", "source": "3dep-lidar-dsm-2m", "stage_ft": 477.9, "shore_buffer_m": 4.0, "verdict": "above_water_at_flight"}}, {"type": "Feature", "geometry": {"type": "Point", "coordinates": [-68.8303174, 45.7294616]}, "properties": {"lon": -68.8303174, "lat": 45.7294616, "area_m2": 12.0, "height_max_m": 2.08, "height_mean_m": 1.11, "class": "rock", "source": "3dep-lidar-dsm-2m", "stage_ft": 477.9, "shore_buffer_m": 4.0, "verdict": "above_water_at_flight"}}, {"type": "Feature", "geometry": {"type": "Point", "coordinates": [-68.8024033, 45.7297784]}, "properties": {"lon": -68.8024033, "lat": 45.7297784, "area_m2": 12.0, "height_max_m": 1.1, "height_mean_m": 0.72, "class": "rock", "source": "3dep-lidar-dsm-2m", "stage_ft": 477.9, "shore_buffer_m": 4.0, "verdict": "above_water_at_flight"}}, {"type": "Feature", "geometry": {"type": "Point", "coordinates": [-68.8312793, 45.7302029]}, "properties": {"lon": -68.8312793, "lat": 45.7302029, "area_m2": 12.0, "height_max_m": 0.36, "height_mean_m": 0.3, "class": "rock", "source": "3dep-lidar-dsm-2m", "stage_ft": 477.9, "shore_buffer_m": 4.0, "verdict": "above_water_at_flight"}}, {"type": "Feature", "geometry": {"type": "Point", "coordinates": [-68.7874155, 45.7302089]}, "properties": {"lon": -68.7874155, "lat": 45.7302089, "area_m2": 12.0, "height_max_m": 0.19, "height_mean_m": 0.18, "class": "rock", "source": "3dep-lidar-dsm-2m", "stage_ft": 477.9, "shore_buffer_m": 4.0, "verdict": "above_water_at_flight"}}, {"type": "Feature", "geometry": {"type": "Point", "coordinates": [-68.7891076, 45.7302269]}, "properties": {"lon": -68.7891076, "lat": 45.7302269, "area_m2": 12.0, "height_max_m": 0.72, "height_mean_m": 0.45, "class": "rock", "source": "3dep-lidar-dsm-2m", "stage_ft": 477.9, "shore_buffer_m": 4.0, "verdict": "above_water_at_flight"}}, {"type": "Feature", "geometry": {"type": "Point", "coordinates": [-68.8317174, 45.7302807]}, "properties": {"lon": -68.8317174, "lat": 45.7302807, "area_m2": 12.0, "height_max_m": 0.75, "height_mean_m": 0.37, "class": "rock", "source": "3dep-lidar-dsm-2m", "stage_ft": 477.9, "shore_buffer_m": 4.0, "verdict": "above_water_at_flight"}}, {"type": "Feature", "geometry": {"type": "Point", "coordinates": [-68.815699, 45.7302986]}, "properties": {"lon": -68.815699, "lat": 45.7302986, "area_m2": 12.0, "height_max_m": 0.25, "height_mean_m": 0.21, "class": "rock", "source": "3dep-lidar-dsm-2m", "stage_ft": 477.9, "shore_buffer_m": 4.0, "verdict": "above_water_at_flight"}}, {"type": "Feature", "geometry": {"type": "Point", "coordinates": [-68.7877247, 45.7303165]}, "properties": {"lon": -68.7877247, "lat": 45.7303165, "area_m2": 12.0, "height_max_m": 0.16, "height_mean_m": 0.16, "class": "rock", "source": "3dep-lidar-dsm-2m", "stage_ft": 477.9, "shore_buffer_m": 4.0, "verdict": "above_water_at_flight"}}, {"type": "Feature", "geometry": {"type": "Point", "coordinates": [-68.7943296, 45.7305258]}, "properties": {"lon": -68.7943296, "lat": 45.7305258, "area_m2": 12.0, "height_max_m": 1.12, "height_mean_m": 0.58, "class": "rock", "source": "3dep-lidar-dsm-2m", "stage_ft": 477.9, "shore_buffer_m": 4.0, "verdict": "above_water_at_flight"}}, {"type": "Feature", "geometry": {"type": "Point", "coordinates": [-68.8247174, 45.7308965]}, "properties": {"lon": -68.8247174, "lat": 45.7308965, "area_m2": 12.0, "height_max_m": 0.17, "height_mean_m": 0.17, "class": "rock", "source": "3dep-lidar-dsm-2m", "stage_ft": 477.9, "shore_buffer_m": 4.0, "verdict": "above_water_at_flight"}}, {"type": "Feature", "geometry": {"type": "Point", "coordinates": [-68.809283, 45.7314107]}, "properties": {"lon": -68.809283, "lat": 45.7314107, "area_m2": 12.0, "height_max_m": 0.19, "height_mean_m": 0.18, "class": "rock", "source": "3dep-lidar-dsm-2m", "stage_ft": 477.9, "shore_buffer_m": 4.0, "verdict": "above_water_at_flight"}}, {"type": "Feature", "geometry": {"type": "Point", "coordinates": [-68.8332119, 45.7316917]}, "properties": {"lon": -68.8332119, "lat": 45.7316917, "area_m2": 12.0, "height_max_m": 0.44, "height_mean_m": 0.28, "class": "rock", "source": "3dep-lidar-dsm-2m", "stage_ft": 477.9, "shore_buffer_m": 4.0, "verdict": "above_water_at_flight"}}, {"type": "Feature", "geometry": {"type": "Point", "coordinates": [-68.8123063, 45.7318113]}, "properties": {"lon": -68.8123063, "lat": 45.7318113, "area_m2": 12.0, "height_max_m": 0.23, "height_mean_m": 0.2, "class": "rock", "source": "3dep-lidar-dsm-2m", "stage_ft": 477.9, "shore_buffer_m": 4.0, "verdict": "above_water_at_flight"}}, {"type": "Feature", "geometry": {"type": "Point", "coordinates": [-68.8364843, 45.731871]}, "properties": {"lon": -68.8364843, "lat": 45.731871, "area_m2": 12.0, "height_max_m": 0.18, "height_mean_m": 0.18, "class": "rock", "source": "3dep-lidar-dsm-2m", "stage_ft": 477.9, "shore_buffer_m": 4.0, "verdict": "above_water_at_flight"}}, {"type": "Feature", "geometry": {"type": "Point", "coordinates": [-68.8336499, 45.7320145]}, "properties": {"lon": -68.8336499, "lat": 45.7320145, "area_m2": 12.0, "height_max_m": 1.37, "height_mean_m": 0.87, "class": "rock", "source": "3dep-lidar-dsm-2m", "stage_ft": 477.9, "shore_buffer_m": 4.0, "verdict": "above_water_at_flight"}}, {"type": "Feature", "geometry": {"type": "Point", "coordinates": [-68.7914523, 45.7321521]}, "properties": {"lon": -68.7914523, "lat": 45.7321521, "area_m2": 12.0, "height_max_m": 0.34, "height_mean_m": 0.28, "class": "rock", "source": "3dep-lidar-dsm-2m", "stage_ft": 477.9, "shore_buffer_m": 4.0, "verdict": "above_water_at_flight"}}, {"type": "Feature", "geometry": {"type": "Point", "coordinates": [-68.8204401, 45.7321999]}, "properties": {"lon": -68.8204401, "lat": 45.7321999, "area_m2": 12.0, "height_max_m": 0.21, "height_mean_m": 0.18, "class": "rock", "source": "3dep-lidar-dsm-2m", "stage_ft": 477.9, "shore_buffer_m": 4.0, "verdict": "above_water_at_flight"}}, {"type": "Feature", "geometry": {"type": "Point", "coordinates": [-68.7883431, 45.7332761]}, "properties": {"lon": -68.7883431, "lat": 45.7332761, "area_m2": 12.0, "height_max_m": 0.22, "height_mean_m": 0.19, "class": "rock", "source": "3dep-lidar-dsm-2m", "stage_ft": 477.9, "shore_buffer_m": 4.0, "verdict": "above_water_at_flight"}}, {"type": "Feature", "geometry": {"type": "Point", "coordinates": [-68.8209125, 45.7334076]}, "properties": {"lon": -68.8209125, "lat": 45.7334076, "area_m2": 12.0, "height_max_m": 0.19, "height_mean_m": 0.17, "class": "rock", "source": "3dep-lidar-dsm-2m", "stage_ft": 477.9, "shore_buffer_m": 4.0, "verdict": "above_water_at_flight"}}, {"type": "Feature", "geometry": {"type": "Point", "coordinates": [-68.7885321, 45.7339338]}, "properties": {"lon": -68.7885321, "lat": 45.7339338, "area_m2": 12.0, "height_max_m": 0.64, "height_mean_m": 0.41, "class": "rock", "source": "3dep-lidar-dsm-2m", "stage_ft": 477.9, "shore_buffer_m": 4.0, "verdict": "above_water_at_flight"}}, {"type": "Feature", "geometry": {"type": "Point", "coordinates": [-68.7902842, 45.7341251]}, "properties": {"lon": -68.7902842, "lat": 45.7341251, "area_m2": 12.0, "height_max_m": 0.28, "height_mean_m": 0.21, "class": "rock", "source": "3dep-lidar-dsm-2m", "stage_ft": 477.9, "shore_buffer_m": 4.0, "verdict": "above_water_at_flight"}}, {"type": "Feature", "geometry": {"type": "Point", "coordinates": [-68.8122977, 45.7344958]}, "properties": {"lon": -68.8122977, "lat": 45.7344958, "area_m2": 12.0, "height_max_m": 0.31, "height_mean_m": 0.26, "class": "rock", "source": "3dep-lidar-dsm-2m", "stage_ft": 477.9, "shore_buffer_m": 4.0, "verdict": "above_water_at_flight"}}, {"type": "Feature", "geometry": {"type": "Point", "coordinates": [-68.8204487, 45.7352551]}, "properties": {"lon": -68.8204487, "lat": 45.7352551, "area_m2": 12.0, "height_max_m": 0.32, "height_mean_m": 0.3, "class": "rock", "source": "3dep-lidar-dsm-2m", "stage_ft": 477.9, "shore_buffer_m": 4.0, "verdict": "above_water_at_flight"}}, {"type": "Feature", "geometry": {"type": "Point", "coordinates": [-68.836802, 45.735273]}, "properties": {"lon": -68.836802, "lat": 45.735273, "area_m2": 12.0, "height_max_m": 0.2, "height_mean_m": 0.18, "class": "rock", "source": "3dep-lidar-dsm-2m", "stage_ft": 477.9, "shore_buffer_m": 4.0, "verdict": "above_water_at_flight"}}, {"type": "Feature", "geometry": {"type": "Point", "coordinates": [-68.8128732, 45.7353208]}, "properties": {"lon": -68.8128732, "lat": 45.7353208, "area_m2": 12.0, "height_max_m": 0.54, "height_mean_m": 0.43, "class": "rock", "source": "3dep-lidar-dsm-2m", "stage_ft": 477.9, "shore_buffer_m": 4.0, "verdict": "above_water_at_flight"}}, {"type": "Feature", "geometry": {"type": "Point", "coordinates": [-68.7922683, 45.7355122]}, "properties": {"lon": -68.7922683, "lat": 45.7355122, "area_m2": 12.0, "height_max_m": 0.17, "height_mean_m": 0.16, "class": "rock", "source": "3dep-lidar-dsm-2m", "stage_ft": 477.9, "shore_buffer_m": 4.0, "verdict": "above_water_at_flight"}}, {"type": "Feature", "geometry": {"type": "Point", "coordinates": [-68.8368879, 45.7355779]}, "properties": {"lon": -68.8368879, "lat": 45.7355779, "area_m2": 12.0, "height_max_m": 0.28, "height_mean_m": 0.22, "class": "rock", "source": "3dep-lidar-dsm-2m", "stage_ft": 477.9, "shore_buffer_m": 4.0, "verdict": "above_water_at_flight"}}, {"type": "Feature", "geometry": {"type": "Point", "coordinates": [-68.8340879, 45.7360503]}, "properties": {"lon": -68.8340879, "lat": 45.7360503, "area_m2": 12.0, "height_max_m": 0.89, "height_mean_m": 0.64, "class": "rock", "source": "3dep-lidar-dsm-2m", "stage_ft": 477.9, "shore_buffer_m": 4.0, "verdict": "above_water_at_flight"}}, {"type": "Feature", "geometry": {"type": "Point", "coordinates": [-68.8353333, 45.736116]}, "properties": {"lon": -68.8353333, "lat": 45.736116, "area_m2": 12.0, "height_max_m": 0.21, "height_mean_m": 0.19, "class": "rock", "source": "3dep-lidar-dsm-2m", "stage_ft": 477.9, "shore_buffer_m": 4.0, "verdict": "above_water_at_flight"}}, {"type": "Feature", "geometry": {"type": "Point", "coordinates": [-68.788721, 45.7362894]}, "properties": {"lon": -68.788721, "lat": 45.7362894, "area_m2": 12.0, "height_max_m": 0.22, "height_mean_m": 0.19, "class": "rock", "source": "3dep-lidar-dsm-2m", "stage_ft": 477.9, "shore_buffer_m": 4.0, "verdict": "above_water_at_flight"}}, {"type": "Feature", "geometry": {"type": "Point", "coordinates": [-68.8359346, 45.7363313]}, "properties": {"lon": -68.8359346, "lat": 45.7363313, "area_m2": 12.0, "height_max_m": 0.23, "height_mean_m": 0.19, "class": "rock", "source": "3dep-lidar-dsm-2m", "stage_ft": 477.9, "shore_buffer_m": 4.0, "verdict": "above_water_at_flight"}}, {"type": "Feature", "geometry": {"type": "Point", "coordinates": [-68.8126842, 45.7367378]}, "properties": {"lon": -68.8126842, "lat": 45.7367378, "area_m2": 12.0, "height_max_m": 0.25, "height_mean_m": 0.2, "class": "rock", "source": "3dep-lidar-dsm-2m", "stage_ft": 477.9, "shore_buffer_m": 4.0, "verdict": "above_water_at_flight"}}, {"type": "Feature", "geometry": {"type": "Point", "coordinates": [-68.8351272, 45.7372281]}, "properties": {"lon": -68.8351272, "lat": 45.7372281, "area_m2": 12.0, "height_max_m": 0.23, "height_mean_m": 0.18, "class": "rock", "source": "3dep-lidar-dsm-2m", "stage_ft": 477.9, "shore_buffer_m": 4.0, "verdict": "above_water_at_flight"}}, {"type": "Feature", "geometry": {"type": "Point", "coordinates": [-68.8342339, 45.7373178]}, "properties": {"lon": -68.8342339, "lat": 45.7373178, "area_m2": 12.0, "height_max_m": 0.26, "height_mean_m": 0.2, "class": "rock", "source": "3dep-lidar-dsm-2m", "stage_ft": 477.9, "shore_buffer_m": 4.0, "verdict": "above_water_at_flight"}}, {"type": "Feature", "geometry": {"type": "Point", "coordinates": [-68.8310303, 45.737545]}, "properties": {"lon": -68.8310303, "lat": 45.737545, "area_m2": 12.0, "height_max_m": 0.2, "height_mean_m": 0.17, "class": "rock", "source": "3dep-lidar-dsm-2m", "stage_ft": 477.9, "shore_buffer_m": 4.0, "verdict": "above_water_at_flight"}}, {"type": "Feature", "geometry": {"type": "Point", "coordinates": [-68.7903701, 45.7376885]}, "properties": {"lon": -68.7903701, "lat": 45.7376885, "area_m2": 12.0, "height_max_m": 0.21, "height_mean_m": 0.18, "class": "rock", "source": "3dep-lidar-dsm-2m", "stage_ft": 477.9, "shore_buffer_m": 4.0, "verdict": "above_water_at_flight"}}, {"type": "Feature", "geometry": {"type": "Point", "coordinates": [-68.8126671, 45.7389261]}, "properties": {"lon": -68.8126671, "lat": 45.7389261, "area_m2": 12.0, "height_max_m": 0.23, "height_mean_m": 0.2, "class": "rock", "source": "3dep-lidar-dsm-2m", "stage_ft": 477.9, "shore_buffer_m": 4.0, "verdict": "above_water_at_flight"}}, {"type": "Feature", "geometry": {"type": "Point", "coordinates": [-68.8334867, 45.7392788]}, "properties": {"lon": -68.8334867, "lat": 45.7392788, "area_m2": 12.0, "height_max_m": 0.22, "height_mean_m": 0.21, "class": "rock", "source": "3dep-lidar-dsm-2m", "stage_ft": 477.9, "shore_buffer_m": 4.0, "verdict": "above_water_at_flight"}}, {"type": "Feature", "geometry": {"type": "Point", "coordinates": [-68.8126413, 45.7392908]}, "properties": {"lon": -68.8126413, "lat": 45.7392908, "area_m2": 12.0, "height_max_m": 0.23, "height_mean_m": 0.19, "class": "rock", "source": "3dep-lidar-dsm-2m", "stage_ft": 477.9, "shore_buffer_m": 4.0, "verdict": "above_water_at_flight"}}, {"type": "Feature", "geometry": {"type": "Point", "coordinates": [-68.8327652, 45.739518]}, "properties": {"lon": -68.8327652, "lat": 45.739518, "area_m2": 12.0, "height_max_m": 0.19, "height_mean_m": 0.18, "class": "rock", "source": "3dep-lidar-dsm-2m", "stage_ft": 477.9, "shore_buffer_m": 4.0, "verdict": "above_water_at_flight"}}, {"type": "Feature", "geometry": {"type": "Point", "coordinates": [-68.832645, 45.7402654]}, "properties": {"lon": -68.832645, "lat": 45.7402654, "area_m2": 12.0, "height_max_m": 0.93, "height_mean_m": 0.74, "class": "rock", "source": "3dep-lidar-dsm-2m", "stage_ft": 477.9, "shore_buffer_m": 4.0, "verdict": "above_water_at_flight"}}, {"type": "Feature", "geometry": {"type": "Point", "coordinates": [-68.829218, 45.740923]}, "properties": {"lon": -68.829218, "lat": 45.740923, "area_m2": 12.0, "height_max_m": 1.26, "height_mean_m": 0.73, "class": "rock", "source": "3dep-lidar-dsm-2m", "stage_ft": 477.9, "shore_buffer_m": 4.0, "verdict": "above_water_at_flight"}}, {"type": "Feature", "geometry": {"type": "Point", "coordinates": [-68.8340879, 45.7410187]}, "properties": {"lon": -68.8340879, "lat": 45.7410187, "area_m2": 12.0, "height_max_m": 0.2, "height_mean_m": 0.18, "class": "rock", "source": "3dep-lidar-dsm-2m", "stage_ft": 477.9, "shore_buffer_m": 4.0, "verdict": "above_water_at_flight"}}, {"type": "Feature", "geometry": {"type": "Point", "coordinates": [-68.8335812, 45.7410845]}, "properties": {"lon": -68.8335812, "lat": 45.7410845, "area_m2": 12.0, "height_max_m": 0.31, "height_mean_m": 0.21, "class": "rock", "source": "3dep-lidar-dsm-2m", "stage_ft": 477.9, "shore_buffer_m": 4.0, "verdict": "above_water_at_flight"}}, {"type": "Feature", "geometry": {"type": "Point", "coordinates": [-68.8345861, 45.7413714]}, "properties": {"lon": -68.8345861, "lat": 45.7413714, "area_m2": 12.0, "height_max_m": 0.17, "height_mean_m": 0.16, "class": "rock", "source": "3dep-lidar-dsm-2m", "stage_ft": 477.9, "shore_buffer_m": 4.0, "verdict": "above_water_at_flight"}}, {"type": "Feature", "geometry": {"type": "Point", "coordinates": [-68.8342339, 45.7414073]}, "properties": {"lon": -68.8342339, "lat": 45.7414073, "area_m2": 12.0, "height_max_m": 0.19, "height_mean_m": 0.17, "class": "rock", "source": "3dep-lidar-dsm-2m", "stage_ft": 477.9, "shore_buffer_m": 4.0, "verdict": "above_water_at_flight"}}, {"type": "Feature", "geometry": {"type": "Point", "coordinates": [-68.824726, 45.7416704]}, "properties": {"lon": -68.824726, "lat": 45.7416704, "area_m2": 12.0, "height_max_m": 0.2, "height_mean_m": 0.18, "class": "rock", "source": "3dep-lidar-dsm-2m", "stage_ft": 477.9, "shore_buffer_m": 4.0, "verdict": "above_water_at_flight"}}, {"type": "Feature", "geometry": {"type": "Point", "coordinates": [-68.8186708, 45.7418019]}, "properties": {"lon": -68.8186708, "lat": 45.7418019, "area_m2": 12.0, "height_max_m": 0.24, "height_mean_m": 0.2, "class": "rock", "source": "3dep-lidar-dsm-2m", "stage_ft": 477.9, "shore_buffer_m": 4.0, "verdict": "above_water_at_flight"}}, {"type": "Feature", "geometry": {"type": "Point", "coordinates": [-68.8192548, 45.7418856]}, "properties": {"lon": -68.8192548, "lat": 45.7418856, "area_m2": 12.0, "height_max_m": 0.3, "height_mean_m": 0.24, "class": "rock", "source": "3dep-lidar-dsm-2m", "stage_ft": 477.9, "shore_buffer_m": 4.0, "verdict": "above_water_at_flight"}}, {"type": "Feature", "geometry": {"type": "Point", "coordinates": [-68.7811284, 45.7419095]}, "properties": {"lon": -68.7811284, "lat": 45.7419095, "area_m2": 12.0, "height_max_m": 0.31, "height_mean_m": 0.23, "class": "rock", "source": "3dep-lidar-dsm-2m", "stage_ft": 477.9, "shore_buffer_m": 4.0, "verdict": "above_water_at_flight"}}, {"type": "Feature", "geometry": {"type": "Point", "coordinates": [-68.7814634, 45.7419275]}, "properties": {"lon": -68.7814634, "lat": 45.7419275, "area_m2": 12.0, "height_max_m": 0.21, "height_mean_m": 0.2, "class": "rock", "source": "3dep-lidar-dsm-2m", "stage_ft": 477.9, "shore_buffer_m": 4.0, "verdict": "above_water_at_flight"}}, {"type": "Feature", "geometry": {"type": "Point", "coordinates": [-68.8084585, 45.7419394]}, "properties": {"lon": -68.8084585, "lat": 45.7419394, "area_m2": 12.0, "height_max_m": 0.17, "height_mean_m": 0.17, "class": "rock", "source": "3dep-lidar-dsm-2m", "stage_ft": 477.9, "shore_buffer_m": 4.0, "verdict": "above_water_at_flight"}}, {"type": "Feature", "geometry": {"type": "Point", "coordinates": [-68.8361665, 45.7420291]}, "properties": {"lon": -68.8361665, "lat": 45.7420291, "area_m2": 12.0, "height_max_m": 0.17, "height_mean_m": 0.16, "class": "rock", "source": "3dep-lidar-dsm-2m", "stage_ft": 477.9, "shore_buffer_m": 4.0, "verdict": "above_water_at_flight"}}, {"type": "Feature", "geometry": {"type": "Point", "coordinates": [-68.8320695, 45.7424835]}, "properties": {"lon": -68.8320695, "lat": 45.7424835, "area_m2": 12.0, "height_max_m": 0.3, "height_mean_m": 0.23, "class": "rock", "source": "3dep-lidar-dsm-2m", "stage_ft": 477.9, "shore_buffer_m": 4.0, "verdict": "above_water_at_flight"}}, {"type": "Feature", "geometry": {"type": "Point", "coordinates": [-68.7895714, 45.7425014]}, "properties": {"lon": -68.7895714, "lat": 45.7425014, "area_m2": 12.0, "height_max_m": 0.19, "height_mean_m": 0.17, "class": "rock", "source": "3dep-lidar-dsm-2m", "stage_ft": 477.9, "shore_buffer_m": 4.0, "verdict": "above_water_at_flight"}}, {"type": "Feature", "geometry": {"type": "Point", "coordinates": [-68.8285824, 45.7428183]}, "properties": {"lon": -68.8285824, "lat": 45.7428183, "area_m2": 12.0, "height_max_m": 0.22, "height_mean_m": 0.18, "class": "rock", "source": "3dep-lidar-dsm-2m", "stage_ft": 477.9, "shore_buffer_m": 4.0, "verdict": "above_water_at_flight"}}, {"type": "Feature", "geometry": {"type": "Point", "coordinates": [-68.8321898, 45.7430754]}, "properties": {"lon": -68.8321898, "lat": 45.7430754, "area_m2": 12.0, "height_max_m": 0.27, "height_mean_m": 0.23, "class": "rock", "source": "3dep-lidar-dsm-2m", "stage_ft": 477.9, "shore_buffer_m": 4.0, "verdict": "above_water_at_flight"}}, {"type": "Feature", "geometry": {"type": "Point", "coordinates": [-68.8339419, 45.7435119]}, "properties": {"lon": -68.8339419, "lat": 45.7435119, "area_m2": 12.0, "height_max_m": 0.16, "height_mean_m": 0.16, "class": "rock", "source": "3dep-lidar-dsm-2m", "stage_ft": 477.9, "shore_buffer_m": 4.0, "verdict": "above_water_at_flight"}}, {"type": "Feature", "geometry": {"type": "Point", "coordinates": [-68.8340793, 45.7438766]}, "properties": {"lon": -68.8340793, "lat": 45.7438766, "area_m2": 12.0, "height_max_m": 0.19, "height_mean_m": 0.18, "class": "rock", "source": "3dep-lidar-dsm-2m", "stage_ft": 477.9, "shore_buffer_m": 4.0, "verdict": "above_water_at_flight"}}, {"type": "Feature", "geometry": {"type": "Point", "coordinates": [-68.8323787, 45.7441875]}, "properties": {"lon": -68.8323787, "lat": 45.7441875, "area_m2": 12.0, "height_max_m": 0.18, "height_mean_m": 0.17, "class": "rock", "source": "3dep-lidar-dsm-2m", "stage_ft": 477.9, "shore_buffer_m": 4.0, "verdict": "above_water_at_flight"}}, {"type": "Feature", "geometry": {"type": "Point", "coordinates": [-68.7825198, 45.7442592]}, "properties": {"lon": -68.7825198, "lat": 45.7442592, "area_m2": 12.0, "height_max_m": 0.23, "height_mean_m": 0.2, "class": "rock", "source": "3dep-lidar-dsm-2m", "stage_ft": 477.9, "shore_buffer_m": 4.0, "verdict": "above_water_at_flight"}}, {"type": "Feature", "geometry": {"type": "Point", "coordinates": [-68.7916413, 45.744325]}, "properties": {"lon": -68.7916413, "lat": 45.744325, "area_m2": 12.0, "height_max_m": 0.2, "height_mean_m": 0.19, "class": "rock", "source": "3dep-lidar-dsm-2m", "stage_ft": 477.9, "shore_buffer_m": 4.0, "verdict": "above_water_at_flight"}}, {"type": "Feature", "geometry": {"type": "Point", "coordinates": [-68.8323787, 45.7445402]}, "properties": {"lon": -68.8323787, "lat": 45.7445402, "area_m2": 12.0, "height_max_m": 0.18, "height_mean_m": 0.17, "class": "rock", "source": "3dep-lidar-dsm-2m", "stage_ft": 477.9, "shore_buffer_m": 4.0, "verdict": "above_water_at_flight"}}, {"type": "Feature", "geometry": {"type": "Point", "coordinates": [-68.8294499, 45.744887]}, "properties": {"lon": -68.8294499, "lat": 45.744887, "area_m2": 12.0, "height_max_m": 0.48, "height_mean_m": 0.36, "class": "rock", "source": "3dep-lidar-dsm-2m", "stage_ft": 477.9, "shore_buffer_m": 4.0, "verdict": "above_water_at_flight"}}, {"type": "Feature", "geometry": {"type": "Point", "coordinates": [-68.7818241, 45.7452577]}, "properties": {"lon": -68.7818241, "lat": 45.7452577, "area_m2": 12.0, "height_max_m": 0.35, "height_mean_m": 0.28, "class": "rock", "source": "3dep-lidar-dsm-2m", "stage_ft": 477.9, "shore_buffer_m": 4.0, "verdict": "above_water_at_flight"}}, {"type": "Feature", "geometry": {"type": "Point", "coordinates": [-68.8186879, 45.7454251]}, "properties": {"lon": -68.8186879, "lat": 45.7454251, "area_m2": 12.0, "height_max_m": 0.25, "height_mean_m": 0.21, "class": "rock", "source": "3dep-lidar-dsm-2m", "stage_ft": 477.9, "shore_buffer_m": 4.0, "verdict": "above_water_at_flight"}}, {"type": "Feature", "geometry": {"type": "Point", "coordinates": [-68.8010118, 45.7454371]}, "properties": {"lon": -68.8010118, "lat": 45.7454371, "area_m2": 12.0, "height_max_m": 0.25, "height_mean_m": 0.2, "class": "rock", "source": "3dep-lidar-dsm-2m", "stage_ft": 477.9, "shore_buffer_m": 4.0, "verdict": "above_water_at_flight"}}, {"type": "Feature", "geometry": {"type": "Point", "coordinates": [-68.8010118, 45.7455507]}, "properties": {"lon": -68.8010118, "lat": 45.7455507, "area_m2": 12.0, "height_max_m": 0.28, "height_mean_m": 0.23, "class": "rock", "source": "3dep-lidar-dsm-2m", "stage_ft": 477.9, "shore_buffer_m": 4.0, "verdict": "above_water_at_flight"}}, {"type": "Feature", "geometry": {"type": "Point", "coordinates": [-68.7771431, 45.7455387]}, "properties": {"lon": -68.7771431, "lat": 45.7455387, "area_m2": 12.0, "height_max_m": 0.54, "height_mean_m": 0.49, "class": "rock", "source": "3dep-lidar-dsm-2m", "stage_ft": 477.9, "shore_buffer_m": 4.0, "verdict": "above_water_at_flight"}}, {"type": "Feature", "geometry": {"type": "Point", "coordinates": [-68.7753996, 45.7459572]}, "properties": {"lon": -68.7753996, "lat": 45.7459572, "area_m2": 12.0, "height_max_m": 0.43, "height_mean_m": 0.34, "class": "rock", "source": "3dep-lidar-dsm-2m", "stage_ft": 477.9, "shore_buffer_m": 4.0, "verdict": "above_water_at_flight"}}, {"type": "Feature", "geometry": {"type": "Point", "coordinates": [-68.812564, 45.7463219]}, "properties": {"lon": -68.812564, "lat": 45.7463219, "area_m2": 12.0, "height_max_m": 0.23, "height_mean_m": 0.22, "class": "rock", "source": "3dep-lidar-dsm-2m", "stage_ft": 477.9, "shore_buffer_m": 4.0, "verdict": "above_water_at_flight"}}, {"type": "Feature", "geometry": {"type": "Point", "coordinates": [-68.7794879, 45.7463459]}, "properties": {"lon": -68.7794879, "lat": 45.7463459, "area_m2": 12.0, "height_max_m": 0.42, "height_mean_m": 0.28, "class": "rock", "source": "3dep-lidar-dsm-2m", "stage_ft": 477.9, "shore_buffer_m": 4.0, "verdict": "above_water_at_flight"}}, {"type": "Feature", "geometry": {"type": "Point", "coordinates": [-68.7793161, 45.7463937]}, "properties": {"lon": -68.7793161, "lat": 45.7463937, "area_m2": 12.0, "height_max_m": 0.27, "height_mean_m": 0.2, "class": "rock", "source": "3dep-lidar-dsm-2m", "stage_ft": 477.9, "shore_buffer_m": 4.0, "verdict": "above_water_at_flight"}}, {"type": "Feature", "geometry": {"type": "Point", "coordinates": [-68.7865309, 45.7464594]}, "properties": {"lon": -68.7865309, "lat": 45.7464594, "area_m2": 12.0, "height_max_m": 0.23, "height_mean_m": 0.2, "class": "rock", "source": "3dep-lidar-dsm-2m", "stage_ft": 477.9, "shore_buffer_m": 4.0, "verdict": "above_water_at_flight"}}, {"type": "Feature", "geometry": {"type": "Point", "coordinates": [-68.7437836, 45.7465551]}, "properties": {"lon": -68.7437836, "lat": 45.7465551, "area_m2": 12.0, "height_max_m": 0.27, "height_mean_m": 0.21, "class": "rock", "source": "3dep-lidar-dsm-2m", "stage_ft": 477.9, "shore_buffer_m": 4.0, "verdict": "above_water_at_flight"}}, {"type": "Feature", "geometry": {"type": "Point", "coordinates": [-68.8192033, 45.7466807]}, "properties": {"lon": -68.8192033, "lat": 45.7466807, "area_m2": 12.0, "height_max_m": 0.49, "height_mean_m": 0.35, "class": "rock", "source": "3dep-lidar-dsm-2m", "stage_ft": 477.9, "shore_buffer_m": 4.0, "verdict": "above_water_at_flight"}}, {"type": "Feature", "geometry": {"type": "Point", "coordinates": [-68.8351873, 45.7467285]}, "properties": {"lon": -68.8351873, "lat": 45.7467285, "area_m2": 12.0, "height_max_m": 0.26, "height_mean_m": 0.21, "class": "rock", "source": "3dep-lidar-dsm-2m", "stage_ft": 477.9, "shore_buffer_m": 4.0, "verdict": "above_water_at_flight"}}, {"type": "Feature", "geometry": {"type": "Point", "coordinates": [-68.8326879, 45.7467464]}, "properties": {"lon": -68.8326879, "lat": 45.7467464, "area_m2": 12.0, "height_max_m": 0.21, "height_mean_m": 0.19, "class": "rock", "source": "3dep-lidar-dsm-2m", "stage_ft": 477.9, "shore_buffer_m": 4.0, "verdict": "above_water_at_flight"}}, {"type": "Feature", "geometry": {"type": "Point", "coordinates": [-68.7457762, 45.7467763]}, "properties": {"lon": -68.7457762, "lat": 45.7467763, "area_m2": 12.0, "height_max_m": 0.81, "height_mean_m": 0.54, "class": "rock", "source": "3dep-lidar-dsm-2m", "stage_ft": 477.9, "shore_buffer_m": 4.0, "verdict": "above_water_at_flight"}}, {"type": "Feature", "geometry": {"type": "Point", "coordinates": [-68.8328597, 45.7469497]}, "properties": {"lon": -68.8328597, "lat": 45.7469497, "area_m2": 12.0, "height_max_m": 0.17, "height_mean_m": 0.16, "class": "rock", "source": "3dep-lidar-dsm-2m", "stage_ft": 477.9, "shore_buffer_m": 4.0, "verdict": "above_water_at_flight"}}, {"type": "Feature", "geometry": {"type": "Point", "coordinates": [-68.8199763, 45.7473383]}, "properties": {"lon": -68.8199763, "lat": 45.7473383, "area_m2": 12.0, "height_max_m": 0.21, "height_mean_m": 0.18, "class": "rock", "source": "3dep-lidar-dsm-2m", "stage_ft": 477.9, "shore_buffer_m": 4.0, "verdict": "above_water_at_flight"}}, {"type": "Feature", "geometry": {"type": "Point", "coordinates": [-68.8340622, 45.747422]}, "properties": {"lon": -68.8340622, "lat": 45.747422, "area_m2": 12.0, "height_max_m": 0.35, "height_mean_m": 0.27, "class": "rock", "source": "3dep-lidar-dsm-2m", "stage_ft": 477.9, "shore_buffer_m": 4.0, "verdict": "above_water_at_flight"}}, {"type": "Feature", "geometry": {"type": "Point", "coordinates": [-68.8136634, 45.7475775]}, "properties": {"lon": -68.8136634, "lat": 45.7475775, "area_m2": 12.0, "height_max_m": 0.22, "height_mean_m": 0.2, "class": "rock", "source": "3dep-lidar-dsm-2m", "stage_ft": 477.9, "shore_buffer_m": 4.0, "verdict": "above_water_at_flight"}}, {"type": "Feature", "geometry": {"type": "Point", "coordinates": [-68.7431824, 45.7475835]}, "properties": {"lon": -68.7431824, "lat": 45.7475835, "area_m2": 12.0, "height_max_m": 0.95, "height_mean_m": 0.65, "class": "rock", "source": "3dep-lidar-dsm-2m", "stage_ft": 477.9, "shore_buffer_m": 4.0, "verdict": "above_water_at_flight"}}, {"type": "Feature", "geometry": {"type": "Point", "coordinates": [-68.7797026, 45.7476134]}, "properties": {"lon": -68.7797026, "lat": 45.7476134, "area_m2": 12.0, "height_max_m": 0.38, "height_mean_m": 0.28, "class": "rock", "source": "3dep-lidar-dsm-2m", "stage_ft": 477.9, "shore_buffer_m": 4.0, "verdict": "above_water_at_flight"}}, {"type": "Feature", "geometry": {"type": "Point", "coordinates": [-68.7857321, 45.7476672]}, "properties": {"lon": -68.7857321, "lat": 45.7476672, "area_m2": 12.0, "height_max_m": 0.3, "height_mean_m": 0.24, "class": "rock", "source": "3dep-lidar-dsm-2m", "stage_ft": 477.9, "shore_buffer_m": 4.0, "verdict": "above_water_at_flight"}}, {"type": "Feature", "geometry": {"type": "Point", "coordinates": [-68.812753, 45.7479422]}, "properties": {"lon": -68.812753, "lat": 45.7479422, "area_m2": 12.0, "height_max_m": 0.53, "height_mean_m": 0.36, "class": "rock", "source": "3dep-lidar-dsm-2m", "stage_ft": 477.9, "shore_buffer_m": 4.0, "verdict": "above_water_at_flight"}}, {"type": "Feature", "geometry": {"type": "Point", "coordinates": [-68.7368008, 45.7480498]}, "properties": {"lon": -68.7368008, "lat": 45.7480498, "area_m2": 12.0, "height_max_m": 0.95, "height_mean_m": 0.43, "class": "rock", "source": "3dep-lidar-dsm-2m", "stage_ft": 477.9, "shore_buffer_m": 4.0, "verdict": "above_water_at_flight"}}, {"type": "Feature", "geometry": {"type": "Point", "coordinates": [-68.8357885, 45.7480857]}, "properties": {"lon": -68.8357885, "lat": 45.7480857, "area_m2": 12.0, "height_max_m": 0.3, "height_mean_m": 0.22, "class": "rock", "source": "3dep-lidar-dsm-2m", "stage_ft": 477.9, "shore_buffer_m": 4.0, "verdict": "above_water_at_flight"}}, {"type": "Feature", "geometry": {"type": "Point", "coordinates": [-68.8129763, 45.7483129]}, "properties": {"lon": -68.8129763, "lat": 45.7483129, "area_m2": 12.0, "height_max_m": 0.43, "height_mean_m": 0.29, "class": "rock", "source": "3dep-lidar-dsm-2m", "stage_ft": 477.9, "shore_buffer_m": 4.0, "verdict": "above_water_at_flight"}}, {"type": "Feature", "geometry": {"type": "Point", "coordinates": [-68.8335297, 45.7483308]}, "properties": {"lon": -68.8335297, "lat": 45.7483308, "area_m2": 12.0, "height_max_m": 0.24, "height_mean_m": 0.2, "class": "rock", "source": "3dep-lidar-dsm-2m", "stage_ft": 477.9, "shore_buffer_m": 4.0, "verdict": "above_water_at_flight"}}, {"type": "Feature", "geometry": {"type": "Point", "coordinates": [-68.8125984, 45.7483368]}, "properties": {"lon": -68.8125984, "lat": 45.7483368, "area_m2": 12.0, "height_max_m": 0.23, "height_mean_m": 0.19, "class": "rock", "source": "3dep-lidar-dsm-2m", "stage_ft": 477.9, "shore_buffer_m": 4.0, "verdict": "above_water_at_flight"}}, {"type": "Feature", "geometry": {"type": "Point", "coordinates": [-68.8062082, 45.7483547]}, "properties": {"lon": -68.8062082, "lat": 45.7483547, "area_m2": 12.0, "height_max_m": 0.19, "height_mean_m": 0.18, "class": "rock", "source": "3dep-lidar-dsm-2m", "stage_ft": 477.9, "shore_buffer_m": 4.0, "verdict": "above_water_at_flight"}}, {"type": "Feature", "geometry": {"type": "Point", "coordinates": [-68.8114818, 45.7486836]}, "properties": {"lon": -68.8114818, "lat": 45.7486836, "area_m2": 12.0, "height_max_m": 0.3, "height_mean_m": 0.21, "class": "rock", "source": "3dep-lidar-dsm-2m", "stage_ft": 477.9, "shore_buffer_m": 4.0, "verdict": "above_water_at_flight"}}, {"type": "Feature", "geometry": {"type": "Point", "coordinates": [-68.8088707, 45.7486896]}, "properties": {"lon": -68.8088707, "lat": 45.7486896, "area_m2": 12.0, "height_max_m": 0.26, "height_mean_m": 0.19, "class": "rock", "source": "3dep-lidar-dsm-2m", "stage_ft": 477.9, "shore_buffer_m": 4.0, "verdict": "above_water_at_flight"}}, {"type": "Feature", "geometry": {"type": "Point", "coordinates": [-68.8191861, 45.7487553]}, "properties": {"lon": -68.8191861, "lat": 45.7487553, "area_m2": 12.0, "height_max_m": 0.32, "height_mean_m": 0.24, "class": "rock", "source": "3dep-lidar-dsm-2m", "stage_ft": 477.9, "shore_buffer_m": 4.0, "verdict": "above_water_at_flight"}}, {"type": "Feature", "geometry": {"type": "Point", "coordinates": [-68.8299566, 45.7487972]}, "properties": {"lon": -68.8299566, "lat": 45.7487972, "area_m2": 12.0, "height_max_m": 0.29, "height_mean_m": 0.22, "class": "rock", "source": "3dep-lidar-dsm-2m", "stage_ft": 477.9, "shore_buffer_m": 4.0, "verdict": "above_water_at_flight"}}, {"type": "Feature", "geometry": {"type": "Point", "coordinates": [-68.772299, 45.748839]}, "properties": {"lon": -68.772299, "lat": 45.748839, "area_m2": 12.0, "height_max_m": 0.84, "height_mean_m": 0.61, "class": "rock", "source": "3dep-lidar-dsm-2m", "stage_ft": 477.9, "shore_buffer_m": 4.0, "verdict": "above_water_at_flight"}}, {"type": "Feature", "geometry": {"type": "Point", "coordinates": [-68.8361407, 45.7489227]}, "properties": {"lon": -68.8361407, "lat": 45.7489227, "area_m2": 12.0, "height_max_m": 0.21, "height_mean_m": 0.18, "class": "rock", "source": "3dep-lidar-dsm-2m", "stage_ft": 477.9, "shore_buffer_m": 4.0, "verdict": "above_water_at_flight"}}, {"type": "Feature", "geometry": {"type": "Point", "coordinates": [-68.772883, 45.7489287]}, "properties": {"lon": -68.772883, "lat": 45.7489287, "area_m2": 12.0, "height_max_m": 0.35, "height_mean_m": 0.31, "class": "rock", "source": "3dep-lidar-dsm-2m", "stage_ft": 477.9, "shore_buffer_m": 4.0, "verdict": "above_water_at_flight"}}, {"type": "Feature", "geometry": {"type": "Point", "coordinates": [-68.7425039, 45.7489646]}, "properties": {"lon": -68.7425039, "lat": 45.7489646, "area_m2": 12.0, "height_max_m": 0.89, "height_mean_m": 0.41, "class": "rock", "source": "3dep-lidar-dsm-2m", "stage_ft": 477.9, "shore_buffer_m": 4.0, "verdict": "above_water_at_flight"}}, {"type": "Feature", "geometry": {"type": "Point", "coordinates": [-68.7863247, 45.749132]}, "properties": {"lon": -68.7863247, "lat": 45.749132, "area_m2": 12.0, "height_max_m": 0.22, "height_mean_m": 0.19, "class": "rock", "source": "3dep-lidar-dsm-2m", "stage_ft": 477.9, "shore_buffer_m": 4.0, "verdict": "above_water_at_flight"}}, {"type": "Feature", "geometry": {"type": "Point", "coordinates": [-68.7377713, 45.7491798]}, "properties": {"lon": -68.7377713, "lat": 45.7491798, "area_m2": 12.0, "height_max_m": 12.93, "height_mean_m": 11.68, "class": "rock", "source": "3dep-lidar-dsm-2m", "stage_ft": 477.9, "shore_buffer_m": 4.0, "verdict": "above_water_at_flight"}}, {"type": "Feature", "geometry": {"type": "Point", "coordinates": [-68.7276192, 45.7492157]}, "properties": {"lon": -68.7276192, "lat": 45.7492157, "area_m2": 12.0, "height_max_m": 0.34, "height_mean_m": 0.23, "class": "rock", "source": "3dep-lidar-dsm-2m", "stage_ft": 477.9, "shore_buffer_m": 4.0, "verdict": "above_water_at_flight"}}, {"type": "Feature", "geometry": {"type": "Point", "coordinates": [-68.8381505, 45.7492396]}, "properties": {"lon": -68.8381505, "lat": 45.7492396, "area_m2": 12.0, "height_max_m": 0.22, "height_mean_m": 0.19, "class": "rock", "source": "3dep-lidar-dsm-2m", "stage_ft": 477.9, "shore_buffer_m": 4.0, "verdict": "above_water_at_flight"}}, {"type": "Feature", "geometry": {"type": "Point", "coordinates": [-68.8208695, 45.7492396]}, "properties": {"lon": -68.8208695, "lat": 45.7492396, "area_m2": 12.0, "height_max_m": 0.45, "height_mean_m": 0.33, "class": "rock", "source": "3dep-lidar-dsm-2m", "stage_ft": 477.9, "shore_buffer_m": 4.0, "verdict": "above_water_at_flight"}}, {"type": "Feature", "geometry": {"type": "Point", "coordinates": [-68.8194008, 45.7492755]}, "properties": {"lon": -68.8194008, "lat": 45.7492755, "area_m2": 12.0, "height_max_m": 1.66, "height_mean_m": 0.87, "class": "rock", "source": "3dep-lidar-dsm-2m", "stage_ft": 477.9, "shore_buffer_m": 4.0, "verdict": "above_water_at_flight"}}, {"type": "Feature", "geometry": {"type": "Point", "coordinates": [-68.8382879, 45.7493054]}, "properties": {"lon": -68.8382879, "lat": 45.7493054, "area_m2": 12.0, "height_max_m": 0.34, "height_mean_m": 0.24, "class": "rock", "source": "3dep-lidar-dsm-2m", "stage_ft": 477.9, "shore_buffer_m": 4.0, "verdict": "above_water_at_flight"}}, {"type": "Feature", "geometry": {"type": "Point", "coordinates": [-68.8250867, 45.7495505]}, "properties": {"lon": -68.8250867, "lat": 45.7495505, "area_m2": 12.0, "height_max_m": 0.22, "height_mean_m": 0.19, "class": "rock", "source": "3dep-lidar-dsm-2m", "stage_ft": 477.9, "shore_buffer_m": 4.0, "verdict": "above_water_at_flight"}}, {"type": "Feature", "geometry": {"type": "Point", "coordinates": [-68.8066119, 45.7495744]}, "properties": {"lon": -68.8066119, "lat": 45.7495744, "area_m2": 12.0, "height_max_m": 0.56, "height_mean_m": 0.39, "class": "rock", "source": "3dep-lidar-dsm-2m", "stage_ft": 477.9, "shore_buffer_m": 4.0, "verdict": "above_water_at_flight"}}, {"type": "Feature", "geometry": {"type": "Point", "coordinates": [-68.8399027, 45.7497598]}, "properties": {"lon": -68.8399027, "lat": 45.7497598, "area_m2": 12.0, "height_max_m": 0.34, "height_mean_m": 0.27, "class": "rock", "source": "3dep-lidar-dsm-2m", "stage_ft": 477.9, "shore_buffer_m": 4.0, "verdict": "above_water_at_flight"}}, {"type": "Feature", "geometry": {"type": "Point", "coordinates": [-68.8243137, 45.7497837]}, "properties": {"lon": -68.8243137, "lat": 45.7497837, "area_m2": 12.0, "height_max_m": 0.22, "height_mean_m": 0.19, "class": "rock", "source": "3dep-lidar-dsm-2m", "stage_ft": 477.9, "shore_buffer_m": 4.0, "verdict": "above_water_at_flight"}}, {"type": "Feature", "geometry": {"type": "Point", "coordinates": [-68.8237898, 45.7497837]}, "properties": {"lon": -68.8237898, "lat": 45.7497837, "area_m2": 12.0, "height_max_m": 0.23, "height_mean_m": 0.19, "class": "rock", "source": "3dep-lidar-dsm-2m", "stage_ft": 477.9, "shore_buffer_m": 4.0, "verdict": "above_water_at_flight"}}, {"type": "Feature", "geometry": {"type": "Point", "coordinates": [-68.8276892, 45.7498196]}, "properties": {"lon": -68.8276892, "lat": 45.7498196, "area_m2": 12.0, "height_max_m": 0.17, "height_mean_m": 0.16, "class": "rock", "source": "3dep-lidar-dsm-2m", "stage_ft": 477.9, "shore_buffer_m": 4.0, "verdict": "above_water_at_flight"}}, {"type": "Feature", "geometry": {"type": "Point", "coordinates": [-68.8360978, 45.7498255]}, "properties": {"lon": -68.8360978, "lat": 45.7498255, "area_m2": 12.0, "height_max_m": 0.4, "height_mean_m": 0.3, "class": "rock", "source": "3dep-lidar-dsm-2m", "stage_ft": 477.9, "shore_buffer_m": 4.0, "verdict": "above_water_at_flight"}}, {"type": "Feature", "geometry": {"type": "Point", "coordinates": [-68.7672143, 45.7498375]}, "properties": {"lon": -68.7672143, "lat": 45.7498375, "area_m2": 12.0, "height_max_m": 0.75, "height_mean_m": 0.46, "class": "rock", "source": "3dep-lidar-dsm-2m", "stage_ft": 477.9, "shore_buffer_m": 4.0, "verdict": "above_water_at_flight"}}, {"type": "Feature", "geometry": {"type": "Point", "coordinates": [-68.7360364, 45.749987]}, "properties": {"lon": -68.7360364, "lat": 45.749987, "area_m2": 12.0, "height_max_m": 0.18, "height_mean_m": 0.17, "class": "rock", "source": "3dep-lidar-dsm-2m", "stage_ft": 477.9, "shore_buffer_m": 4.0, "verdict": "above_water_at_flight"}}, {"type": "Feature", "geometry": {"type": "Point", "coordinates": [-68.8278609, 45.7500109]}, "properties": {"lon": -68.8278609, "lat": 45.7500109, "area_m2": 12.0, "height_max_m": 0.21, "height_mean_m": 0.18, "class": "rock", "source": "3dep-lidar-dsm-2m", "stage_ft": 477.9, "shore_buffer_m": 4.0, "verdict": "above_water_at_flight"}}, {"type": "Feature", "geometry": {"type": "Point", "coordinates": [-68.8079603, 45.7500228]}, "properties": {"lon": -68.8079603, "lat": 45.7500228, "area_m2": 12.0, "height_max_m": 0.15, "height_mean_m": 0.15, "class": "rock", "source": "3dep-lidar-dsm-2m", "stage_ft": 477.9, "shore_buffer_m": 4.0, "verdict": "above_water_at_flight"}}, {"type": "Feature", "geometry": {"type": "Point", "coordinates": [-68.8259027, 45.7500468]}, "properties": {"lon": -68.8259027, "lat": 45.7500468, "area_m2": 12.0, "height_max_m": 0.17, "height_mean_m": 0.17, "class": "rock", "source": "3dep-lidar-dsm-2m", "stage_ft": 477.9, "shore_buffer_m": 4.0, "verdict": "above_water_at_flight"}}, {"type": "Feature", "geometry": {"type": "Point", "coordinates": [-68.8064143, 45.7501125]}, "properties": {"lon": -68.8064143, "lat": 45.7501125, "area_m2": 12.0, "height_max_m": 0.55, "height_mean_m": 0.36, "class": "rock", "source": "3dep-lidar-dsm-2m", "stage_ft": 477.9, "shore_buffer_m": 4.0, "verdict": "above_water_at_flight"}}, {"type": "Feature", "geometry": {"type": "Point", "coordinates": [-68.7361223, 45.7503098]}, "properties": {"lon": -68.7361223, "lat": 45.7503098, "area_m2": 12.0, "height_max_m": 0.16, "height_mean_m": 0.16, "class": "rock", "source": "3dep-lidar-dsm-2m", "stage_ft": 477.9, "shore_buffer_m": 4.0, "verdict": "above_water_at_flight"}}, {"type": "Feature", "geometry": {"type": "Point", "coordinates": [-68.8254732, 45.7504473]}, "properties": {"lon": -68.8254732, "lat": 45.7504473, "area_m2": 12.0, "height_max_m": 0.34, "height_mean_m": 0.29, "class": "rock", "source": "3dep-lidar-dsm-2m", "stage_ft": 477.9, "shore_buffer_m": 4.0, "verdict": "above_water_at_flight"}}, {"type": "Feature", "geometry": {"type": "Point", "coordinates": [-68.8254389, 45.7506028]}, "properties": {"lon": -68.8254389, "lat": 45.7506028, "area_m2": 12.0, "height_max_m": 0.17, "height_mean_m": 0.16, "class": "rock", "source": "3dep-lidar-dsm-2m", "stage_ft": 477.9, "shore_buffer_m": 4.0, "verdict": "above_water_at_flight"}}, {"type": "Feature", "geometry": {"type": "Point", "coordinates": [-68.8188339, 45.7506686]}, "properties": {"lon": -68.8188339, "lat": 45.7506686, "area_m2": 12.0, "height_max_m": 0.28, "height_mean_m": 0.26, "class": "rock", "source": "3dep-lidar-dsm-2m", "stage_ft": 477.9, "shore_buffer_m": 4.0, "verdict": "above_water_at_flight"}}, {"type": "Feature", "geometry": {"type": "Point", "coordinates": [-68.8251984, 45.7507403]}, "properties": {"lon": -68.8251984, "lat": 45.7507403, "area_m2": 12.0, "height_max_m": 0.27, "height_mean_m": 0.21, "class": "rock", "source": "3dep-lidar-dsm-2m", "stage_ft": 477.9, "shore_buffer_m": 4.0, "verdict": "above_water_at_flight"}}, {"type": "Feature", "geometry": {"type": "Point", "coordinates": [-68.7247505, 45.7507881]}, "properties": {"lon": -68.7247505, "lat": 45.7507881, "area_m2": 12.0, "height_max_m": 0.3, "height_mean_m": 0.26, "class": "rock", "source": "3dep-lidar-dsm-2m", "stage_ft": 477.9, "shore_buffer_m": 4.0, "verdict": "above_water_at_flight"}}, {"type": "Feature", "geometry": {"type": "Point", "coordinates": [-68.8258425, 45.7508539]}, "properties": {"lon": -68.8258425, "lat": 45.7508539, "area_m2": 12.0, "height_max_m": 0.19, "height_mean_m": 0.17, "class": "rock", "source": "3dep-lidar-dsm-2m", "stage_ft": 477.9, "shore_buffer_m": 4.0, "verdict": "above_water_at_flight"}}, {"type": "Feature", "geometry": {"type": "Point", "coordinates": [-68.759845, 45.7510811]}, "properties": {"lon": -68.759845, "lat": 45.7510811, "area_m2": 12.0, "height_max_m": 0.28, "height_mean_m": 0.21, "class": "rock", "source": "3dep-lidar-dsm-2m", "stage_ft": 477.9, "shore_buffer_m": 4.0, "verdict": "above_water_at_flight"}}, {"type": "Feature", "geometry": {"type": "Point", "coordinates": [-68.7642855, 45.7514936]}, "properties": {"lon": -68.7642855, "lat": 45.7514936, "area_m2": 12.0, "height_max_m": 1.11, "height_mean_m": 0.75, "class": "rock", "source": "3dep-lidar-dsm-2m", "stage_ft": 477.9, "shore_buffer_m": 4.0, "verdict": "above_water_at_flight"}}, {"type": "Feature", "geometry": {"type": "Point", "coordinates": [-68.7723075, 45.7516132]}, "properties": {"lon": -68.7723075, "lat": 45.7516132, "area_m2": 12.0, "height_max_m": 0.24, "height_mean_m": 0.19, "class": "rock", "source": "3dep-lidar-dsm-2m", "stage_ft": 477.9, "shore_buffer_m": 4.0, "verdict": "above_water_at_flight"}}, {"type": "Feature", "geometry": {"type": "Point", "coordinates": [-68.808802, 45.7516491]}, "properties": {"lon": -68.808802, "lat": 45.7516491, "area_m2": 12.0, "height_max_m": 0.22, "height_mean_m": 0.2, "class": "rock", "source": "3dep-lidar-dsm-2m", "stage_ft": 477.9, "shore_buffer_m": 4.0, "verdict": "above_water_at_flight"}}, {"type": "Feature", "geometry": {"type": "Point", "coordinates": [-68.7239259, 45.7518404]}, "properties": {"lon": -68.7239259, "lat": 45.7518404, "area_m2": 12.0, "height_max_m": 0.23, "height_mean_m": 0.21, "class": "rock", "source": "3dep-lidar-dsm-2m", "stage_ft": 477.9, "shore_buffer_m": 4.0, "verdict": "above_water_at_flight"}}, {"type": "Feature", "geometry": {"type": "Point", "coordinates": [-68.8189971, 45.751972]}, "properties": {"lon": -68.8189971, "lat": 45.751972, "area_m2": 12.0, "height_max_m": 0.35, "height_mean_m": 0.25, "class": "rock", "source": "3dep-lidar-dsm-2m", "stage_ft": 477.9, "shore_buffer_m": 4.0, "verdict": "above_water_at_flight"}}, {"type": "Feature", "geometry": {"type": "Point", "coordinates": [-68.8463014, 45.7520855]}, "properties": {"lon": -68.8463014, "lat": 45.7520855, "area_m2": 12.0, "height_max_m": 0.17, "height_mean_m": 0.16, "class": "rock", "source": "3dep-lidar-dsm-2m", "stage_ft": 477.9, "shore_buffer_m": 4.0, "verdict": "above_water_at_flight"}}, {"type": "Feature", "geometry": {"type": "Point", "coordinates": [-68.7552413, 45.7521932]}, "properties": {"lon": -68.7552413, "lat": 45.7521932, "area_m2": 12.0, "height_max_m": 0.7, "height_mean_m": 0.46, "class": "rock", "source": "3dep-lidar-dsm-2m", "stage_ft": 477.9, "shore_buffer_m": 4.0, "verdict": "above_water_at_flight"}}, {"type": "Feature", "geometry": {"type": "Point", "coordinates": [-68.7601542, 45.7522589]}, "properties": {"lon": -68.7601542, "lat": 45.7522589, "area_m2": 12.0, "height_max_m": 0.79, "height_mean_m": 0.41, "class": "rock", "source": "3dep-lidar-dsm-2m", "stage_ft": 477.9, "shore_buffer_m": 4.0, "verdict": "above_water_at_flight"}}, {"type": "Feature", "geometry": {"type": "Point", "coordinates": [-68.7614769, 45.7523008]}, "properties": {"lon": -68.7614769, "lat": 45.7523008, "area_m2": 12.0, "height_max_m": 0.78, "height_mean_m": 0.63, "class": "rock", "source": "3dep-lidar-dsm-2m", "stage_ft": 477.9, "shore_buffer_m": 4.0, "verdict": "above_water_at_flight"}}, {"type": "Feature", "geometry": {"type": "Point", "coordinates": [-68.8188769, 45.7523785]}, "properties": {"lon": -68.8188769, "lat": 45.7523785, "area_m2": 12.0, "height_max_m": 0.31, "height_mean_m": 0.28, "class": "rock", "source": "3dep-lidar-dsm-2m", "stage_ft": 477.9, "shore_buffer_m": 4.0, "verdict": "above_water_at_flight"}}, {"type": "Feature", "geometry": {"type": "Point", "coordinates": [-68.8093689, 45.752522]}, "properties": {"lon": -68.8093689, "lat": 45.752522, "area_m2": 12.0, "height_max_m": 0.25, "height_mean_m": 0.21, "class": "rock", "source": "3dep-lidar-dsm-2m", "stage_ft": 477.9, "shore_buffer_m": 4.0, "verdict": "above_water_at_flight"}}, {"type": "Feature", "geometry": {"type": "Point", "coordinates": [-68.7612536, 45.7528389]}, "properties": {"lon": -68.7612536, "lat": 45.7528389, "area_m2": 12.0, "height_max_m": 1.16, "height_mean_m": 0.58, "class": "rock", "source": "3dep-lidar-dsm-2m", "stage_ft": 477.9, "shore_buffer_m": 4.0, "verdict": "above_water_at_flight"}}, {"type": "Feature", "geometry": {"type": "Point", "coordinates": [-68.8187652, 45.7532096]}, "properties": {"lon": -68.8187652, "lat": 45.7532096, "area_m2": 12.0, "height_max_m": 0.44, "height_mean_m": 0.32, "class": "rock", "source": "3dep-lidar-dsm-2m", "stage_ft": 477.9, "shore_buffer_m": 4.0, "verdict": "above_water_at_flight"}}, {"type": "Feature", "geometry": {"type": "Point", "coordinates": [-68.8511971, 45.7533411]}, "properties": {"lon": -68.8511971, "lat": 45.7533411, "area_m2": 12.0, "height_max_m": 0.37, "height_mean_m": 0.3, "class": "rock", "source": "3dep-lidar-dsm-2m", "stage_ft": 477.9, "shore_buffer_m": 4.0, "verdict": "above_water_at_flight"}}, {"type": "Feature", "geometry": {"type": "Point", "coordinates": [-68.8510254, 45.7533949]}, "properties": {"lon": -68.8510254, "lat": 45.7533949, "area_m2": 12.0, "height_max_m": 0.17, "height_mean_m": 0.17, "class": "rock", "source": "3dep-lidar-dsm-2m", "stage_ft": 477.9, "shore_buffer_m": 4.0, "verdict": "above_water_at_flight"}}, {"type": "Feature", "geometry": {"type": "Point", "coordinates": [-68.8511886, 45.7534009]}, "properties": {"lon": -68.8511886, "lat": 45.7534009, "area_m2": 12.0, "height_max_m": 0.29, "height_mean_m": 0.24, "class": "rock", "source": "3dep-lidar-dsm-2m", "stage_ft": 477.9, "shore_buffer_m": 4.0, "verdict": "above_water_at_flight"}}, {"type": "Feature", "geometry": {"type": "Point", "coordinates": [-68.7905849, 45.7534547]}, "properties": {"lon": -68.7905849, "lat": 45.7534547, "area_m2": 12.0, "height_max_m": 0.22, "height_mean_m": 0.18, "class": "rock", "source": "3dep-lidar-dsm-2m", "stage_ft": 477.9, "shore_buffer_m": 4.0, "verdict": "above_water_at_flight"}}, {"type": "Feature", "geometry": {"type": "Point", "coordinates": [-68.7293542, 45.7535145]}, "properties": {"lon": -68.7293542, "lat": 45.7535145, "area_m2": 12.0, "height_max_m": 0.19, "height_mean_m": 0.18, "class": "rock", "source": "3dep-lidar-dsm-2m", "stage_ft": 477.9, "shore_buffer_m": 4.0, "verdict": "above_water_at_flight"}}, {"type": "Feature", "geometry": {"type": "Point", "coordinates": [-68.8198131, 45.7536819]}, "properties": {"lon": -68.8198131, "lat": 45.7536819, "area_m2": 12.0, "height_max_m": 0.81, "height_mean_m": 0.57, "class": "rock", "source": "3dep-lidar-dsm-2m", "stage_ft": 477.9, "shore_buffer_m": 4.0, "verdict": "above_water_at_flight"}}, {"type": "Feature", "geometry": {"type": "Point", "coordinates": [-68.8514806, 45.7538254]}, "properties": {"lon": -68.8514806, "lat": 45.7538254, "area_m2": 12.0, "height_max_m": 0.28, "height_mean_m": 0.25, "class": "rock", "source": "3dep-lidar-dsm-2m", "stage_ft": 477.9, "shore_buffer_m": 4.0, "verdict": "above_water_at_flight"}}, {"type": "Feature", "geometry": {"type": "Point", "coordinates": [-68.790937, 45.7541004]}, "properties": {"lon": -68.790937, "lat": 45.7541004, "area_m2": 12.0, "height_max_m": 0.19, "height_mean_m": 0.17, "class": "rock", "source": "3dep-lidar-dsm-2m", "stage_ft": 477.9, "shore_buffer_m": 4.0, "verdict": "above_water_at_flight"}}, {"type": "Feature", "geometry": {"type": "Point", "coordinates": [-68.8123235, 45.754788]}, "properties": {"lon": -68.8123235, "lat": 45.754788, "area_m2": 12.0, "height_max_m": 0.24, "height_mean_m": 0.19, "class": "rock", "source": "3dep-lidar-dsm-2m", "stage_ft": 477.9, "shore_buffer_m": 4.0, "verdict": "above_water_at_flight"}}, {"type": "Feature", "geometry": {"type": "Point", "coordinates": [-68.789099, 45.7551168]}, "properties": {"lon": -68.789099, "lat": 45.7551168, "area_m2": 12.0, "height_max_m": 0.17, "height_mean_m": 0.17, "class": "rock", "source": "3dep-lidar-dsm-2m", "stage_ft": 477.9, "shore_buffer_m": 4.0, "verdict": "above_water_at_flight"}}, {"type": "Feature", "geometry": {"type": "Point", "coordinates": [-68.851764, 45.7551527]}, "properties": {"lon": -68.851764, "lat": 45.7551527, "area_m2": 12.0, "height_max_m": 0.52, "height_mean_m": 0.42, "class": "rock", "source": "3dep-lidar-dsm-2m", "stage_ft": 477.9, "shore_buffer_m": 4.0, "verdict": "above_water_at_flight"}}, {"type": "Feature", "geometry": {"type": "Point", "coordinates": [-68.7350057, 45.7552304]}, "properties": {"lon": -68.7350057, "lat": 45.7552304, "area_m2": 12.0, "height_max_m": 0.26, "height_mean_m": 0.21, "class": "rock", "source": "3dep-lidar-dsm-2m", "stage_ft": 477.9, "shore_buffer_m": 4.0, "verdict": "above_water_at_flight"}}, {"type": "Feature", "geometry": {"type": "Point", "coordinates": [-68.7913493, 45.7555951]}, "properties": {"lon": -68.7913493, "lat": 45.7555951, "area_m2": 12.0, "height_max_m": 0.17, "height_mean_m": 0.17, "class": "rock", "source": "3dep-lidar-dsm-2m", "stage_ft": 477.9, "shore_buffer_m": 4.0, "verdict": "above_water_at_flight"}}, {"type": "Feature", "geometry": {"type": "Point", "coordinates": [-68.7539615, 45.7557685]}, "properties": {"lon": -68.7539615, "lat": 45.7557685, "area_m2": 12.0, "height_max_m": 0.27, "height_mean_m": 0.2, "class": "rock", "source": "3dep-lidar-dsm-2m", "stage_ft": 477.9, "shore_buffer_m": 4.0, "verdict": "above_water_at_flight"}}, {"type": "Feature", "geometry": {"type": "Point", "coordinates": [-68.7338805, 45.7557625]}, "properties": {"lon": -68.7338805, "lat": 45.7557625, "area_m2": 12.0, "height_max_m": 0.39, "height_mean_m": 0.34, "class": "rock", "source": "3dep-lidar-dsm-2m", "stage_ft": 477.9, "shore_buffer_m": 4.0, "verdict": "above_water_at_flight"}}, {"type": "Feature", "geometry": {"type": "Point", "coordinates": [-68.7427701, 45.7570002]}, "properties": {"lon": -68.7427701, "lat": 45.7570002, "area_m2": 12.0, "height_max_m": 1.49, "height_mean_m": 0.91, "class": "rock", "source": "3dep-lidar-dsm-2m", "stage_ft": 477.9, "shore_buffer_m": 4.0, "verdict": "above_water_at_flight"}}, {"type": "Feature", "geometry": {"type": "Point", "coordinates": [-68.8209468, 45.757054]}, "properties": {"lon": -68.8209468, "lat": 45.757054, "area_m2": 12.0, "height_max_m": 0.3, "height_mean_m": 0.28, "class": "rock", "source": "3dep-lidar-dsm-2m", "stage_ft": 477.9, "shore_buffer_m": 4.0, "verdict": "above_water_at_flight"}}, {"type": "Feature", "geometry": {"type": "Point", "coordinates": [-68.7526732, 45.7573111]}, "properties": {"lon": -68.7526732, "lat": 45.7573111, "area_m2": 12.0, "height_max_m": 0.31, "height_mean_m": 0.24, "class": "rock", "source": "3dep-lidar-dsm-2m", "stage_ft": 477.9, "shore_buffer_m": 4.0, "verdict": "above_water_at_flight"}}, {"type": "Feature", "geometry": {"type": "Point", "coordinates": [-68.825645, 45.7575084]}, "properties": {"lon": -68.825645, "lat": 45.7575084, "area_m2": 12.0, "height_max_m": 0.25, "height_mean_m": 0.2, "class": "rock", "source": "3dep-lidar-dsm-2m", "stage_ft": 477.9, "shore_buffer_m": 4.0, "verdict": "above_water_at_flight"}}, {"type": "Feature", "geometry": {"type": "Point", "coordinates": [-68.8213849, 45.7578432]}, "properties": {"lon": -68.8213849, "lat": 45.7578432, "area_m2": 12.0, "height_max_m": 0.21, "height_mean_m": 0.18, "class": "rock", "source": "3dep-lidar-dsm-2m", "stage_ft": 477.9, "shore_buffer_m": 4.0, "verdict": "above_water_at_flight"}}, {"type": "Feature", "geometry": {"type": "Point", "coordinates": [-68.7436548, 45.7582557]}, "properties": {"lon": -68.7436548, "lat": 45.7582557, "area_m2": 12.0, "height_max_m": 0.98, "height_mean_m": 0.52, "class": "rock", "source": "3dep-lidar-dsm-2m", "stage_ft": 477.9, "shore_buffer_m": 4.0, "verdict": "above_water_at_flight"}}, {"type": "Feature", "geometry": {"type": "Point", "coordinates": [-68.737256, 45.7583454]}, "properties": {"lon": -68.737256, "lat": 45.7583454, "area_m2": 12.0, "height_max_m": 0.65, "height_mean_m": 0.45, "class": "rock", "source": "3dep-lidar-dsm-2m", "stage_ft": 477.9, "shore_buffer_m": 4.0, "verdict": "above_water_at_flight"}}, {"type": "Feature", "geometry": {"type": "Point", "coordinates": [-68.7430278, 45.7583454]}, "properties": {"lon": -68.7430278, "lat": 45.7583454, "area_m2": 12.0, "height_max_m": 0.17, "height_mean_m": 0.16, "class": "rock", "source": "3dep-lidar-dsm-2m", "stage_ft": 477.9, "shore_buffer_m": 4.0, "verdict": "above_water_at_flight"}}, {"type": "Feature", "geometry": {"type": "Point", "coordinates": [-68.8062511, 45.7589373]}, "properties": {"lon": -68.8062511, "lat": 45.7589373, "area_m2": 12.0, "height_max_m": 0.17, "height_mean_m": 0.16, "class": "rock", "source": "3dep-lidar-dsm-2m", "stage_ft": 477.9, "shore_buffer_m": 4.0, "verdict": "above_water_at_flight"}}, {"type": "Feature", "geometry": {"type": "Point", "coordinates": [-68.748791, 45.7589971]}, "properties": {"lon": -68.748791, "lat": 45.7589971, "area_m2": 12.0, "height_max_m": 0.23, "height_mean_m": 0.2, "class": "rock", "source": "3dep-lidar-dsm-2m", "stage_ft": 477.9, "shore_buffer_m": 4.0, "verdict": "above_water_at_flight"}}, {"type": "Feature", "geometry": {"type": "Point", "coordinates": [-68.7921824, 45.7591406]}, "properties": {"lon": -68.7921824, "lat": 45.7591406, "area_m2": 12.0, "height_max_m": 0.2, "height_mean_m": 0.19, "class": "rock", "source": "3dep-lidar-dsm-2m", "stage_ft": 477.9, "shore_buffer_m": 4.0, "verdict": "above_water_at_flight"}}, {"type": "Feature", "geometry": {"type": "Point", "coordinates": [-68.8074793, 45.7594096]}, "properties": {"lon": -68.8074793, "lat": 45.7594096, "area_m2": 12.0, "height_max_m": 0.19, "height_mean_m": 0.17, "class": "rock", "source": "3dep-lidar-dsm-2m", "stage_ft": 477.9, "shore_buffer_m": 4.0, "verdict": "above_water_at_flight"}}, {"type": "Feature", "geometry": {"type": "Point", "coordinates": [-68.7664842, 45.7597205]}, "properties": {"lon": -68.7664842, "lat": 45.7597205, "area_m2": 12.0, "height_max_m": 0.17, "height_mean_m": 0.16, "class": "rock", "source": "3dep-lidar-dsm-2m", "stage_ft": 477.9, "shore_buffer_m": 4.0, "verdict": "above_water_at_flight"}}, {"type": "Feature", "geometry": {"type": "Point", "coordinates": [-68.7435088, 45.7607011]}, "properties": {"lon": -68.7435088, "lat": 45.7607011, "area_m2": 12.0, "height_max_m": 0.21, "height_mean_m": 0.19, "class": "rock", "source": "3dep-lidar-dsm-2m", "stage_ft": 477.9, "shore_buffer_m": 4.0, "verdict": "above_water_at_flight"}}, {"type": "Feature", "geometry": {"type": "Point", "coordinates": [-68.7910916, 45.7610658]}, "properties": {"lon": -68.7910916, "lat": 45.7610658, "area_m2": 12.0, "height_max_m": 0.22, "height_mean_m": 0.19, "class": "rock", "source": "3dep-lidar-dsm-2m", "stage_ft": 477.9, "shore_buffer_m": 4.0, "verdict": "above_water_at_flight"}}, {"type": "Feature", "geometry": {"type": "Point", "coordinates": [-68.7381149, 45.7611973]}, "properties": {"lon": -68.7381149, "lat": 45.7611973, "area_m2": 12.0, "height_max_m": 1.49, "height_mean_m": 0.66, "class": "rock", "source": "3dep-lidar-dsm-2m", "stage_ft": 477.9, "shore_buffer_m": 4.0, "verdict": "above_water_at_flight"}}, {"type": "Feature", "geometry": {"type": "Point", "coordinates": [-68.8127701, 45.7612212]}, "properties": {"lon": -68.8127701, "lat": 45.7612212, "area_m2": 12.0, "height_max_m": 0.29, "height_mean_m": 0.23, "class": "rock", "source": "3dep-lidar-dsm-2m", "stage_ft": 477.9, "shore_buffer_m": 4.0, "verdict": "above_water_at_flight"}}, {"type": "Feature", "geometry": {"type": "Point", "coordinates": [-68.7459394, 45.7613229]}, "properties": {"lon": -68.7459394, "lat": 45.7613229, "area_m2": 12.0, "height_max_m": 0.72, "height_mean_m": 0.57, "class": "rock", "source": "3dep-lidar-dsm-2m", "stage_ft": 477.9, "shore_buffer_m": 4.0, "verdict": "above_water_at_flight"}}, {"type": "Feature", "geometry": {"type": "Point", "coordinates": [-68.750294, 45.7617713]}, "properties": {"lon": -68.750294, "lat": 45.7617713, "area_m2": 12.0, "height_max_m": 0.17, "height_mean_m": 0.17, "class": "rock", "source": "3dep-lidar-dsm-2m", "stage_ft": 477.9, "shore_buffer_m": 4.0, "verdict": "above_water_at_flight"}}, {"type": "Feature", "geometry": {"type": "Point", "coordinates": [-68.7422805, 45.7618012]}, "properties": {"lon": -68.7422805, "lat": 45.7618012, "area_m2": 12.0, "height_max_m": 0.82, "height_mean_m": 0.41, "class": "rock", "source": "3dep-lidar-dsm-2m", "stage_ft": 477.9, "shore_buffer_m": 4.0, "verdict": "above_water_at_flight"}}, {"type": "Feature", "geometry": {"type": "Point", "coordinates": [-68.8211959, 45.7618311]}, "properties": {"lon": -68.8211959, "lat": 45.7618311, "area_m2": 12.0, "height_max_m": 0.22, "height_mean_m": 0.19, "class": "rock", "source": "3dep-lidar-dsm-2m", "stage_ft": 477.9, "shore_buffer_m": 4.0, "verdict": "above_water_at_flight"}}, {"type": "Feature", "geometry": {"type": "Point", "coordinates": [-68.74411, 45.7618968]}, "properties": {"lon": -68.74411, "lat": 45.7618968, "area_m2": 12.0, "height_max_m": 2.18, "height_mean_m": 1.6, "class": "rock", "source": "3dep-lidar-dsm-2m", "stage_ft": 477.9, "shore_buffer_m": 4.0, "verdict": "above_water_at_flight"}}, {"type": "Feature", "geometry": {"type": "Point", "coordinates": [-68.8113444, 45.7619267]}, "properties": {"lon": -68.8113444, "lat": 45.7619267, "area_m2": 12.0, "height_max_m": 0.22, "height_mean_m": 0.2, "class": "rock", "source": "3dep-lidar-dsm-2m", "stage_ft": 477.9, "shore_buffer_m": 4.0, "verdict": "above_water_at_flight"}}, {"type": "Feature", "geometry": {"type": "Point", "coordinates": [-68.762937, 45.7619626]}, "properties": {"lon": -68.762937, "lat": 45.7619626, "area_m2": 12.0, "height_max_m": 0.21, "height_mean_m": 0.19, "class": "rock", "source": "3dep-lidar-dsm-2m", "stage_ft": 477.9, "shore_buffer_m": 4.0, "verdict": "above_water_at_flight"}}, {"type": "Feature", "geometry": {"type": "Point", "coordinates": [-68.7405542, 45.762417]}, "properties": {"lon": -68.7405542, "lat": 45.762417, "area_m2": 12.0, "height_max_m": 0.44, "height_mean_m": 0.37, "class": "rock", "source": "3dep-lidar-dsm-2m", "stage_ft": 477.9, "shore_buffer_m": 4.0, "verdict": "above_water_at_flight"}}, {"type": "Feature", "geometry": {"type": "Point", "coordinates": [-68.8302916, 45.7631763]}, "properties": {"lon": -68.8302916, "lat": 45.7631763, "area_m2": 12.0, "height_max_m": 0.28, "height_mean_m": 0.24, "class": "rock", "source": "3dep-lidar-dsm-2m", "stage_ft": 477.9, "shore_buffer_m": 4.0, "verdict": "above_water_at_flight"}}, {"type": "Feature", "geometry": {"type": "Point", "coordinates": [-68.808553, 45.76326]}, "properties": {"lon": -68.808553, "lat": 45.76326, "area_m2": 12.0, "height_max_m": 0.19, "height_mean_m": 0.18, "class": "rock", "source": "3dep-lidar-dsm-2m", "stage_ft": 477.9, "shore_buffer_m": 4.0, "verdict": "above_water_at_flight"}}, {"type": "Feature", "geometry": {"type": "Point", "coordinates": [-68.8085959, 45.7634992]}, "properties": {"lon": -68.8085959, "lat": 45.7634992, "area_m2": 12.0, "height_max_m": 0.18, "height_mean_m": 0.17, "class": "rock", "source": "3dep-lidar-dsm-2m", "stage_ft": 477.9, "shore_buffer_m": 4.0, "verdict": "above_water_at_flight"}}, {"type": "Feature", "geometry": {"type": "Point", "coordinates": [-68.7751419, 45.7636128]}, "properties": {"lon": -68.7751419, "lat": 45.7636128, "area_m2": 12.0, "height_max_m": 0.19, "height_mean_m": 0.17, "class": "rock", "source": "3dep-lidar-dsm-2m", "stage_ft": 477.9, "shore_buffer_m": 4.0, "verdict": "above_water_at_flight"}}, {"type": "Feature", "geometry": {"type": "Point", "coordinates": [-68.7767566, 45.7638161]}, "properties": {"lon": -68.7767566, "lat": 45.7638161, "area_m2": 12.0, "height_max_m": 1.4, "height_mean_m": 1.27, "class": "rock", "source": "3dep-lidar-dsm-2m", "stage_ft": 477.9, "shore_buffer_m": 4.0, "verdict": "above_water_at_flight"}}, {"type": "Feature", "geometry": {"type": "Point", "coordinates": [-68.8104253, 45.7640014]}, "properties": {"lon": -68.8104253, "lat": 45.7640014, "area_m2": 12.0, "height_max_m": 0.33, "height_mean_m": 0.29, "class": "rock", "source": "3dep-lidar-dsm-2m", "stage_ft": 477.9, "shore_buffer_m": 4.0, "verdict": "above_water_at_flight"}}, {"type": "Feature", "geometry": {"type": "Point", "coordinates": [-68.8326879, 45.7643243]}, "properties": {"lon": -68.8326879, "lat": 45.7643243, "area_m2": 12.0, "height_max_m": 0.29, "height_mean_m": 0.24, "class": "rock", "source": "3dep-lidar-dsm-2m", "stage_ft": 477.9, "shore_buffer_m": 4.0, "verdict": "above_water_at_flight"}}, {"type": "Feature", "geometry": {"type": "Point", "coordinates": [-68.7925088, 45.7643243]}, "properties": {"lon": -68.7925088, "lat": 45.7643243, "area_m2": 12.0, "height_max_m": 0.18, "height_mean_m": 0.17, "class": "rock", "source": "3dep-lidar-dsm-2m", "stage_ft": 477.9, "shore_buffer_m": 4.0, "verdict": "above_water_at_flight"}}, {"type": "Feature", "geometry": {"type": "Point", "coordinates": [-68.8332978, 45.7644558]}, "properties": {"lon": -68.8332978, "lat": 45.7644558, "area_m2": 12.0, "height_max_m": 0.24, "height_mean_m": 0.19, "class": "rock", "source": "3dep-lidar-dsm-2m", "stage_ft": 477.9, "shore_buffer_m": 4.0, "verdict": "above_water_at_flight"}}, {"type": "Feature", "geometry": {"type": "Point", "coordinates": [-68.7903787, 45.7645096]}, "properties": {"lon": -68.7903787, "lat": 45.7645096, "area_m2": 12.0, "height_max_m": 0.2, "height_mean_m": 0.19, "class": "rock", "source": "3dep-lidar-dsm-2m", "stage_ft": 477.9, "shore_buffer_m": 4.0, "verdict": "above_water_at_flight"}}, {"type": "Feature", "geometry": {"type": "Point", "coordinates": [-68.7901812, 45.7647488]}, "properties": {"lon": -68.7901812, "lat": 45.7647488, "area_m2": 12.0, "height_max_m": 0.17, "height_mean_m": 0.16, "class": "rock", "source": "3dep-lidar-dsm-2m", "stage_ft": 477.9, "shore_buffer_m": 4.0, "verdict": "above_water_at_flight"}}, {"type": "Feature", "geometry": {"type": "Point", "coordinates": [-68.8113787, 45.7649939]}, "properties": {"lon": -68.8113787, "lat": 45.7649939, "area_m2": 12.0, "height_max_m": 0.51, "height_mean_m": 0.32, "class": "rock", "source": "3dep-lidar-dsm-2m", "stage_ft": 477.9, "shore_buffer_m": 4.0, "verdict": "above_water_at_flight"}}, {"type": "Feature", "geometry": {"type": "Point", "coordinates": [-68.7734413, 45.7651972]}, "properties": {"lon": -68.7734413, "lat": 45.7651972, "area_m2": 12.0, "height_max_m": 1.31, "height_mean_m": 0.91, "class": "rock", "source": "3dep-lidar-dsm-2m", "stage_ft": 477.9, "shore_buffer_m": 4.0, "verdict": "above_water_at_flight"}}, {"type": "Feature", "geometry": {"type": "Point", "coordinates": [-68.7910487, 45.7654722]}, "properties": {"lon": -68.7910487, "lat": 45.7654722, "area_m2": 12.0, "height_max_m": 0.2, "height_mean_m": 0.19, "class": "rock", "source": "3dep-lidar-dsm-2m", "stage_ft": 477.9, "shore_buffer_m": 4.0, "verdict": "above_water_at_flight"}}, {"type": "Feature", "geometry": {"type": "Point", "coordinates": [-68.7904474, 45.7656217]}, "properties": {"lon": -68.7904474, "lat": 45.7656217, "area_m2": 12.0, "height_max_m": 0.16, "height_mean_m": 0.15, "class": "rock", "source": "3dep-lidar-dsm-2m", "stage_ft": 477.9, "shore_buffer_m": 4.0, "verdict": "above_water_at_flight"}}, {"type": "Feature", "geometry": {"type": "Point", "coordinates": [-68.7895198, 45.7660701]}, "properties": {"lon": -68.7895198, "lat": 45.7660701, "area_m2": 12.0, "height_max_m": 0.16, "height_mean_m": 0.16, "class": "rock", "source": "3dep-lidar-dsm-2m", "stage_ft": 477.9, "shore_buffer_m": 4.0, "verdict": "above_water_at_flight"}}, {"type": "Feature", "geometry": {"type": "Point", "coordinates": [-68.7886953, 45.7662793]}, "properties": {"lon": -68.7886953, "lat": 45.7662793, "area_m2": 12.0, "height_max_m": 0.16, "height_mean_m": 0.15, "class": "rock", "source": "3dep-lidar-dsm-2m", "stage_ft": 477.9, "shore_buffer_m": 4.0, "verdict": "above_water_at_flight"}}, {"type": "Feature", "geometry": {"type": "Point", "coordinates": [-68.7599223, 45.7665902]}, "properties": {"lon": -68.7599223, "lat": 45.7665902, "area_m2": 12.0, "height_max_m": 0.17, "height_mean_m": 0.16, "class": "rock", "source": "3dep-lidar-dsm-2m", "stage_ft": 477.9, "shore_buffer_m": 4.0, "verdict": "above_water_at_flight"}}, {"type": "Feature", "geometry": {"type": "Point", "coordinates": [-68.7595014, 45.7665902]}, "properties": {"lon": -68.7595014, "lat": 45.7665902, "area_m2": 12.0, "height_max_m": 0.16, "height_mean_m": 0.15, "class": "rock", "source": "3dep-lidar-dsm-2m", "stage_ft": 477.9, "shore_buffer_m": 4.0, "verdict": "above_water_at_flight"}}, {"type": "Feature", "geometry": {"type": "Point", "coordinates": [-68.7708474, 45.7667098]}, "properties": {"lon": -68.7708474, "lat": 45.7667098, "area_m2": 12.0, "height_max_m": 0.18, "height_mean_m": 0.18, "class": "rock", "source": "3dep-lidar-dsm-2m", "stage_ft": 477.9, "shore_buffer_m": 4.0, "verdict": "above_water_at_flight"}}, {"type": "Feature", "geometry": {"type": "Point", "coordinates": [-68.7893395, 45.7668414]}, "properties": {"lon": -68.7893395, "lat": 45.7668414, "area_m2": 12.0, "height_max_m": 0.18, "height_mean_m": 0.17, "class": "rock", "source": "3dep-lidar-dsm-2m", "stage_ft": 477.9, "shore_buffer_m": 4.0, "verdict": "above_water_at_flight"}}, {"type": "Feature", "geometry": {"type": "Point", "coordinates": [-68.7607039, 45.7669789]}, "properties": {"lon": -68.7607039, "lat": 45.7669789, "area_m2": 12.0, "height_max_m": 0.2, "height_mean_m": 0.19, "class": "rock", "source": "3dep-lidar-dsm-2m", "stage_ft": 477.9, "shore_buffer_m": 4.0, "verdict": "above_water_at_flight"}}, {"type": "Feature", "geometry": {"type": "Point", "coordinates": [-68.8124008, 45.7669968]}, "properties": {"lon": -68.8124008, "lat": 45.7669968, "area_m2": 12.0, "height_max_m": 0.26, "height_mean_m": 0.19, "class": "rock", "source": "3dep-lidar-dsm-2m", "stage_ft": 477.9, "shore_buffer_m": 4.0, "verdict": "above_water_at_flight"}}, {"type": "Feature", "geometry": {"type": "Point", "coordinates": [-68.7907824, 45.7670387]}, "properties": {"lon": -68.7907824, "lat": 45.7670387, "area_m2": 12.0, "height_max_m": 0.21, "height_mean_m": 0.18, "class": "rock", "source": "3dep-lidar-dsm-2m", "stage_ft": 477.9, "shore_buffer_m": 4.0, "verdict": "above_water_at_flight"}}, {"type": "Feature", "geometry": {"type": "Point", "coordinates": [-68.7669996, 45.7670686]}, "properties": {"lon": -68.7669996, "lat": 45.7670686, "area_m2": 12.0, "height_max_m": 0.21, "height_mean_m": 0.19, "class": "rock", "source": "3dep-lidar-dsm-2m", "stage_ft": 477.9, "shore_buffer_m": 4.0, "verdict": "above_water_at_flight"}}, {"type": "Feature", "geometry": {"type": "Point", "coordinates": [-68.8088965, 45.7671582]}, "properties": {"lon": -68.8088965, "lat": 45.7671582, "area_m2": 12.0, "height_max_m": 0.18, "height_mean_m": 0.17, "class": "rock", "source": "3dep-lidar-dsm-2m", "stage_ft": 477.9, "shore_buffer_m": 4.0, "verdict": "above_water_at_flight"}}, {"type": "Feature", "geometry": {"type": "Point", "coordinates": [-68.7604204, 45.7671642]}, "properties": {"lon": -68.7604204, "lat": 45.7671642, "area_m2": 12.0, "height_max_m": 0.18, "height_mean_m": 0.18, "class": "rock", "source": "3dep-lidar-dsm-2m", "stage_ft": 477.9, "shore_buffer_m": 4.0, "verdict": "above_water_at_flight"}}, {"type": "Feature", "geometry": {"type": "Point", "coordinates": [-68.8334867, 45.7672001]}, "properties": {"lon": -68.8334867, "lat": 45.7672001, "area_m2": 12.0, "height_max_m": 0.18, "height_mean_m": 0.16, "class": "rock", "source": "3dep-lidar-dsm-2m", "stage_ft": 477.9, "shore_buffer_m": 4.0, "verdict": "above_water_at_flight"}}, {"type": "Feature", "geometry": {"type": "Point", "coordinates": [-68.7636413, 45.7674213]}, "properties": {"lon": -68.7636413, "lat": 45.7674213, "area_m2": 12.0, "height_max_m": 0.16, "height_mean_m": 0.16, "class": "rock", "source": "3dep-lidar-dsm-2m", "stage_ft": 477.9, "shore_buffer_m": 4.0, "verdict": "above_water_at_flight"}}, {"type": "Feature", "geometry": {"type": "Point", "coordinates": [-68.7696879, 45.7674452]}, "properties": {"lon": -68.7696879, "lat": 45.7674452, "area_m2": 12.0, "height_max_m": 0.22, "height_mean_m": 0.18, "class": "rock", "source": "3dep-lidar-dsm-2m", "stage_ft": 477.9, "shore_buffer_m": 4.0, "verdict": "above_water_at_flight"}}, {"type": "Feature", "geometry": {"type": "Point", "coordinates": [-68.8061223, 45.767499]}, "properties": {"lon": -68.8061223, "lat": 45.767499, "area_m2": 12.0, "height_max_m": 0.16, "height_mean_m": 0.16, "class": "rock", "source": "3dep-lidar-dsm-2m", "stage_ft": 477.9, "shore_buffer_m": 4.0, "verdict": "above_water_at_flight"}}, {"type": "Feature", "geometry": {"type": "Point", "coordinates": [-68.7558769, 45.7677143]}, "properties": {"lon": -68.7558769, "lat": 45.7677143, "area_m2": 12.0, "height_max_m": 0.17, "height_mean_m": 0.16, "class": "rock", "source": "3dep-lidar-dsm-2m", "stage_ft": 477.9, "shore_buffer_m": 4.0, "verdict": "above_water_at_flight"}}, {"type": "Feature", "geometry": {"type": "Point", "coordinates": [-68.7889272, 45.7677561]}, "properties": {"lon": -68.7889272, "lat": 45.7677561, "area_m2": 12.0, "height_max_m": 0.18, "height_mean_m": 0.17, "class": "rock", "source": "3dep-lidar-dsm-2m", "stage_ft": 477.9, "shore_buffer_m": 4.0, "verdict": "above_water_at_flight"}}, {"type": "Feature", "geometry": {"type": "Point", "coordinates": [-68.7695591, 45.7678637]}, "properties": {"lon": -68.7695591, "lat": 45.7678637, "area_m2": 12.0, "height_max_m": 0.24, "height_mean_m": 0.19, "class": "rock", "source": "3dep-lidar-dsm-2m", "stage_ft": 477.9, "shore_buffer_m": 4.0, "verdict": "above_water_at_flight"}}, {"type": "Feature", "geometry": {"type": "Point", "coordinates": [-68.7660805, 45.7679534]}, "properties": {"lon": -68.7660805, "lat": 45.7679534, "area_m2": 12.0, "height_max_m": 0.19, "height_mean_m": 0.17, "class": "rock", "source": "3dep-lidar-dsm-2m", "stage_ft": 477.9, "shore_buffer_m": 4.0, "verdict": "above_water_at_flight"}}, {"type": "Feature", "geometry": {"type": "Point", "coordinates": [-68.7886695, 45.7681328]}, "properties": {"lon": -68.7886695, "lat": 45.7681328, "area_m2": 12.0, "height_max_m": 0.23, "height_mean_m": 0.18, "class": "rock", "source": "3dep-lidar-dsm-2m", "stage_ft": 477.9, "shore_buffer_m": 4.0, "verdict": "above_water_at_flight"}}, {"type": "Feature", "geometry": {"type": "Point", "coordinates": [-68.7909456, 45.7685274]}, "properties": {"lon": -68.7909456, "lat": 45.7685274, "area_m2": 12.0, "height_max_m": 0.16, "height_mean_m": 0.16, "class": "rock", "source": "3dep-lidar-dsm-2m", "stage_ft": 477.9, "shore_buffer_m": 4.0, "verdict": "above_water_at_flight"}}, {"type": "Feature", "geometry": {"type": "Point", "coordinates": [-68.7544855, 45.7685752]}, "properties": {"lon": -68.7544855, "lat": 45.7685752, "area_m2": 12.0, "height_max_m": 0.21, "height_mean_m": 0.19, "class": "rock", "source": "3dep-lidar-dsm-2m", "stage_ft": 477.9, "shore_buffer_m": 4.0, "verdict": "above_water_at_flight"}}, {"type": "Feature", "geometry": {"type": "Point", "coordinates": [-68.7595358, 45.769203]}, "properties": {"lon": -68.7595358, "lat": 45.769203, "area_m2": 12.0, "height_max_m": 0.26, "height_mean_m": 0.2, "class": "rock", "source": "3dep-lidar-dsm-2m", "stage_ft": 477.9, "shore_buffer_m": 4.0, "verdict": "above_water_at_flight"}}, {"type": "Feature", "geometry": {"type": "Point", "coordinates": [-68.8395419, 45.7694481]}, "properties": {"lon": -68.8395419, "lat": 45.7694481, "area_m2": 12.0, "height_max_m": 0.2, "height_mean_m": 0.17, "class": "rock", "source": "3dep-lidar-dsm-2m", "stage_ft": 477.9, "shore_buffer_m": 4.0, "verdict": "above_water_at_flight"}}, {"type": "Feature", "geometry": {"type": "Point", "coordinates": [-68.7524327, 45.7699504]}, "properties": {"lon": -68.7524327, "lat": 45.7699504, "area_m2": 12.0, "height_max_m": 0.26, "height_mean_m": 0.19, "class": "rock", "source": "3dep-lidar-dsm-2m", "stage_ft": 477.9, "shore_buffer_m": 4.0, "verdict": "above_water_at_flight"}}, {"type": "Feature", "geometry": {"type": "Point", "coordinates": [-68.8194953, 45.770052]}, "properties": {"lon": -68.8194953, "lat": 45.770052, "area_m2": 12.0, "height_max_m": 0.22, "height_mean_m": 0.19, "class": "rock", "source": "3dep-lidar-dsm-2m", "stage_ft": 477.9, "shore_buffer_m": 4.0, "verdict": "above_water_at_flight"}}, {"type": "Feature", "geometry": {"type": "Point", "coordinates": [-68.8064572, 45.7701058]}, "properties": {"lon": -68.8064572, "lat": 45.7701058, "area_m2": 12.0, "height_max_m": 0.22, "height_mean_m": 0.19, "class": "rock", "source": "3dep-lidar-dsm-2m", "stage_ft": 477.9, "shore_buffer_m": 4.0, "verdict": "above_water_at_flight"}}, {"type": "Feature", "geometry": {"type": "Point", "coordinates": [-68.7489542, 45.7701656]}, "properties": {"lon": -68.7489542, "lat": 45.7701656, "area_m2": 12.0, "height_max_m": 0.32, "height_mean_m": 0.27, "class": "rock", "source": "3dep-lidar-dsm-2m", "stage_ft": 477.9, "shore_buffer_m": 4.0, "verdict": "above_water_at_flight"}}, {"type": "Feature", "geometry": {"type": "Point", "coordinates": [-68.7524756, 45.7702852]}, "properties": {"lon": -68.7524756, "lat": 45.7702852, "area_m2": 12.0, "height_max_m": 0.2, "height_mean_m": 0.18, "class": "rock", "source": "3dep-lidar-dsm-2m", "stage_ft": 477.9, "shore_buffer_m": 4.0, "verdict": "above_water_at_flight"}}, {"type": "Feature", "geometry": {"type": "Point", "coordinates": [-68.8418524, 45.7704287]}, "properties": {"lon": -68.8418524, "lat": 45.7704287, "area_m2": 12.0, "height_max_m": 0.61, "height_mean_m": 0.43, "class": "rock", "source": "3dep-lidar-dsm-2m", "stage_ft": 477.9, "shore_buffer_m": 4.0, "verdict": "above_water_at_flight"}}, {"type": "Feature", "geometry": {"type": "Point", "coordinates": [-68.7479578, 45.7707934]}, "properties": {"lon": -68.7479578, "lat": 45.7707934, "area_m2": 12.0, "height_max_m": 6.04, "height_mean_m": 2.44, "class": "rock", "source": "3dep-lidar-dsm-2m", "stage_ft": 477.9, "shore_buffer_m": 4.0, "verdict": "above_water_at_flight"}}, {"type": "Feature", "geometry": {"type": "Point", "coordinates": [-68.8086131, 45.7710146]}, "properties": {"lon": -68.8086131, "lat": 45.7710146, "area_m2": 12.0, "height_max_m": 0.18, "height_mean_m": 0.17, "class": "rock", "source": "3dep-lidar-dsm-2m", "stage_ft": 477.9, "shore_buffer_m": 4.0, "verdict": "above_water_at_flight"}}, {"type": "Feature", "geometry": {"type": "Point", "coordinates": [-68.7894941, 45.7710863]}, "properties": {"lon": -68.7894941, "lat": 45.7710863, "area_m2": 12.0, "height_max_m": 0.16, "height_mean_m": 0.16, "class": "rock", "source": "3dep-lidar-dsm-2m", "stage_ft": 477.9, "shore_buffer_m": 4.0, "verdict": "above_water_at_flight"}}, {"type": "Feature", "geometry": {"type": "Point", "coordinates": [-68.7894082, 45.7711521]}, "properties": {"lon": -68.7894082, "lat": 45.7711521, "area_m2": 12.0, "height_max_m": 0.17, "height_mean_m": 0.17, "class": "rock", "source": "3dep-lidar-dsm-2m", "stage_ft": 477.9, "shore_buffer_m": 4.0, "verdict": "above_water_at_flight"}}, {"type": "Feature", "geometry": {"type": "Point", "coordinates": [-68.7804069, 45.7712478]}, "properties": {"lon": -68.7804069, "lat": 45.7712478, "area_m2": 12.0, "height_max_m": 0.46, "height_mean_m": 0.33, "class": "rock", "source": "3dep-lidar-dsm-2m", "stage_ft": 477.9, "shore_buffer_m": 4.0, "verdict": "above_water_at_flight"}}, {"type": "Feature", "geometry": {"type": "Point", "coordinates": [-68.8068953, 45.7713076]}, "properties": {"lon": -68.8068953, "lat": 45.7713076, "area_m2": 12.0, "height_max_m": 0.15, "height_mean_m": 0.15, "class": "rock", "source": "3dep-lidar-dsm-2m", "stage_ft": 477.9, "shore_buffer_m": 4.0, "verdict": "above_water_at_flight"}}, {"type": "Feature", "geometry": {"type": "Point", "coordinates": [-68.8079689, 45.7713434]}, "properties": {"lon": -68.8079689, "lat": 45.7713434, "area_m2": 12.0, "height_max_m": 0.16, "height_mean_m": 0.15, "class": "rock", "source": "3dep-lidar-dsm-2m", "stage_ft": 477.9, "shore_buffer_m": 4.0, "verdict": "above_water_at_flight"}}, {"type": "Feature", "geometry": {"type": "Point", "coordinates": [-68.7607897, 45.7713733]}, "properties": {"lon": -68.7607897, "lat": 45.7713733, "area_m2": 12.0, "height_max_m": 0.27, "height_mean_m": 0.2, "class": "rock", "source": "3dep-lidar-dsm-2m", "stage_ft": 477.9, "shore_buffer_m": 4.0, "verdict": "above_water_at_flight"}}, {"type": "Feature", "geometry": {"type": "Point", "coordinates": [-68.823137, 45.771744]}, "properties": {"lon": -68.823137, "lat": 45.771744, "area_m2": 12.0, "height_max_m": 0.15, "height_mean_m": 0.15, "class": "rock", "source": "3dep-lidar-dsm-2m", "stage_ft": 477.9, "shore_buffer_m": 4.0, "verdict": "above_water_at_flight"}}, {"type": "Feature", "geometry": {"type": "Point", "coordinates": [-68.7775296, 45.7718217]}, "properties": {"lon": -68.7775296, "lat": 45.7718217, "area_m2": 12.0, "height_max_m": 0.27, "height_mean_m": 0.24, "class": "rock", "source": "3dep-lidar-dsm-2m", "stage_ft": 477.9, "shore_buffer_m": 4.0, "verdict": "above_water_at_flight"}}, {"type": "Feature", "geometry": {"type": "Point", "coordinates": [-68.7811799, 45.7723598]}, "properties": {"lon": -68.7811799, "lat": 45.7723598, "area_m2": 12.0, "height_max_m": 0.24, "height_mean_m": 0.2, "class": "rock", "source": "3dep-lidar-dsm-2m", "stage_ft": 477.9, "shore_buffer_m": 4.0, "verdict": "above_water_at_flight"}}, {"type": "Feature", "geometry": {"type": "Point", "coordinates": [-68.7470474, 45.7724137]}, "properties": {"lon": -68.7470474, "lat": 45.7724137, "area_m2": 12.0, "height_max_m": 0.76, "height_mean_m": 0.36, "class": "rock", "source": "3dep-lidar-dsm-2m", "stage_ft": 477.9, "shore_buffer_m": 4.0, "verdict": "above_water_at_flight"}}, {"type": "Feature", "geometry": {"type": "Point", "coordinates": [-68.7637615, 45.7724914]}, "properties": {"lon": -68.7637615, "lat": 45.7724914, "area_m2": 12.0, "height_max_m": 0.3, "height_mean_m": 0.21, "class": "rock", "source": "3dep-lidar-dsm-2m", "stage_ft": 477.9, "shore_buffer_m": 4.0, "verdict": "above_water_at_flight"}}, {"type": "Feature", "geometry": {"type": "Point", "coordinates": [-68.8191861, 45.7725213]}, "properties": {"lon": -68.8191861, "lat": 45.7725213, "area_m2": 12.0, "height_max_m": 0.25, "height_mean_m": 0.2, "class": "rock", "source": "3dep-lidar-dsm-2m", "stage_ft": 477.9, "shore_buffer_m": 4.0, "verdict": "above_water_at_flight"}}, {"type": "Feature", "geometry": {"type": "Point", "coordinates": [-68.7904732, 45.772611]}, "properties": {"lon": -68.7904732, "lat": 45.772611, "area_m2": 12.0, "height_max_m": 0.17, "height_mean_m": 0.17, "class": "rock", "source": "3dep-lidar-dsm-2m", "stage_ft": 477.9, "shore_buffer_m": 4.0, "verdict": "above_water_at_flight"}}, {"type": "Feature", "geometry": {"type": "Point", "coordinates": [-68.8120744, 45.7726468]}, "properties": {"lon": -68.8120744, "lat": 45.7726468, "area_m2": 12.0, "height_max_m": 0.23, "height_mean_m": 0.21, "class": "rock", "source": "3dep-lidar-dsm-2m", "stage_ft": 477.9, "shore_buffer_m": 4.0, "verdict": "above_water_at_flight"}}, {"type": "Feature", "geometry": {"type": "Point", "coordinates": [-68.7562376, 45.7727903]}, "properties": {"lon": -68.7562376, "lat": 45.7727903, "area_m2": 12.0, "height_max_m": 0.2, "height_mean_m": 0.19, "class": "rock", "source": "3dep-lidar-dsm-2m", "stage_ft": 477.9, "shore_buffer_m": 4.0, "verdict": "above_water_at_flight"}}, {"type": "Feature", "geometry": {"type": "Point", "coordinates": [-68.7910315, 45.7728023]}, "properties": {"lon": -68.7910315, "lat": 45.7728023, "area_m2": 12.0, "height_max_m": 0.17, "height_mean_m": 0.17, "class": "rock", "source": "3dep-lidar-dsm-2m", "stage_ft": 477.9, "shore_buffer_m": 4.0, "verdict": "above_water_at_flight"}}, {"type": "Feature", "geometry": {"type": "Point", "coordinates": [-68.7715689, 45.772874]}, "properties": {"lon": -68.7715689, "lat": 45.772874, "area_m2": 12.0, "height_max_m": 0.28, "height_mean_m": 0.23, "class": "rock", "source": "3dep-lidar-dsm-2m", "stage_ft": 477.9, "shore_buffer_m": 4.0, "verdict": "above_water_at_flight"}}, {"type": "Feature", "geometry": {"type": "Point", "coordinates": [-68.775099, 45.7728979]}, "properties": {"lon": -68.775099, "lat": 45.7728979, "area_m2": 12.0, "height_max_m": 0.21, "height_mean_m": 0.2, "class": "rock", "source": "3dep-lidar-dsm-2m", "stage_ft": 477.9, "shore_buffer_m": 4.0, "verdict": "above_water_at_flight"}}, {"type": "Feature", "geometry": {"type": "Point", "coordinates": [-68.8346119, 45.7729398]}, "properties": {"lon": -68.8346119, "lat": 45.7729398, "area_m2": 12.0, "height_max_m": 0.21, "height_mean_m": 0.18, "class": "rock", "source": "3dep-lidar-dsm-2m", "stage_ft": 477.9, "shore_buffer_m": 4.0, "verdict": "above_water_at_flight"}}, {"type": "Feature", "geometry": {"type": "Point", "coordinates": [-68.7560572, 45.7730235]}, "properties": {"lon": -68.7560572, "lat": 45.7730235, "area_m2": 12.0, "height_max_m": 0.22, "height_mean_m": 0.18, "class": "rock", "source": "3dep-lidar-dsm-2m", "stage_ft": 477.9, "shore_buffer_m": 4.0, "verdict": "above_water_at_flight"}}, {"type": "Feature", "geometry": {"type": "Point", "coordinates": [-68.7559198, 45.7731132]}, "properties": {"lon": -68.7559198, "lat": 45.7731132, "area_m2": 12.0, "height_max_m": 0.26, "height_mean_m": 0.2, "class": "rock", "source": "3dep-lidar-dsm-2m", "stage_ft": 477.9, "shore_buffer_m": 4.0, "verdict": "above_water_at_flight"}}, {"type": "Feature", "geometry": {"type": "Point", "coordinates": [-68.839207, 45.7732746]}, "properties": {"lon": -68.839207, "lat": 45.7732746, "area_m2": 12.0, "height_max_m": 0.23, "height_mean_m": 0.18, "class": "rock", "source": "3dep-lidar-dsm-2m", "stage_ft": 477.9, "shore_buffer_m": 4.0, "verdict": "above_water_at_flight"}}, {"type": "Feature", "geometry": {"type": "Point", "coordinates": [-68.8064057, 45.7732806]}, "properties": {"lon": -68.8064057, "lat": 45.7732806, "area_m2": 12.0, "height_max_m": 0.16, "height_mean_m": 0.16, "class": "rock", "source": "3dep-lidar-dsm-2m", "stage_ft": 477.9, "shore_buffer_m": 4.0, "verdict": "above_water_at_flight"}}, {"type": "Feature", "geometry": {"type": "Point", "coordinates": [-68.8323959, 45.7732925]}, "properties": {"lon": -68.8323959, "lat": 45.7732925, "area_m2": 12.0, "height_max_m": 0.26, "height_mean_m": 0.21, "class": "rock", "source": "3dep-lidar-dsm-2m", "stage_ft": 477.9, "shore_buffer_m": 4.0, "verdict": "above_water_at_flight"}}, {"type": "Feature", "geometry": {"type": "Point", "coordinates": [-68.8057272, 45.7733105]}, "properties": {"lon": -68.8057272, "lat": 45.7733105, "area_m2": 12.0, "height_max_m": 0.16, "height_mean_m": 0.15, "class": "rock", "source": "3dep-lidar-dsm-2m", "stage_ft": 477.9, "shore_buffer_m": 4.0, "verdict": "above_water_at_flight"}}, {"type": "Feature", "geometry": {"type": "Point", "coordinates": [-68.8323272, 45.7734241]}, "properties": {"lon": -68.8323272, "lat": 45.7734241, "area_m2": 12.0, "height_max_m": 0.21, "height_mean_m": 0.18, "class": "rock", "source": "3dep-lidar-dsm-2m", "stage_ft": 477.9, "shore_buffer_m": 4.0, "verdict": "above_water_at_flight"}}, {"type": "Feature", "geometry": {"type": "Point", "coordinates": [-68.7509382, 45.7734958]}, "properties": {"lon": -68.7509382, "lat": 45.7734958, "area_m2": 12.0, "height_max_m": 0.22, "height_mean_m": 0.18, "class": "rock", "source": "3dep-lidar-dsm-2m", "stage_ft": 477.9, "shore_buffer_m": 4.0, "verdict": "above_water_at_flight"}}, {"type": "Feature", "geometry": {"type": "Point", "coordinates": [-68.7741284, 45.7735915]}, "properties": {"lon": -68.7741284, "lat": 45.7735915, "area_m2": 12.0, "height_max_m": 0.49, "height_mean_m": 0.37, "class": "rock", "source": "3dep-lidar-dsm-2m", "stage_ft": 477.9, "shore_buffer_m": 4.0, "verdict": "above_water_at_flight"}}, {"type": "Feature", "geometry": {"type": "Point", "coordinates": [-68.7639934, 45.7738187]}, "properties": {"lon": -68.7639934, "lat": 45.7738187, "area_m2": 12.0, "height_max_m": 0.2, "height_mean_m": 0.17, "class": "rock", "source": "3dep-lidar-dsm-2m", "stage_ft": 477.9, "shore_buffer_m": 4.0, "verdict": "above_water_at_flight"}}, {"type": "Feature", "geometry": {"type": "Point", "coordinates": [-68.8079775, 45.7738486]}, "properties": {"lon": -68.8079775, "lat": 45.7738486, "area_m2": 12.0, "height_max_m": 0.18, "height_mean_m": 0.16, "class": "rock", "source": "3dep-lidar-dsm-2m", "stage_ft": 477.9, "shore_buffer_m": 4.0, "verdict": "above_water_at_flight"}}, {"type": "Feature", "geometry": {"type": "Point", "coordinates": [-68.7894425, 45.7738725]}, "properties": {"lon": -68.7894425, "lat": 45.7738725, "area_m2": 12.0, "height_max_m": 0.22, "height_mean_m": 0.2, "class": "rock", "source": "3dep-lidar-dsm-2m", "stage_ft": 477.9, "shore_buffer_m": 4.0, "verdict": "above_water_at_flight"}}, {"type": "Feature", "geometry": {"type": "Point", "coordinates": [-68.818456, 45.7738904]}, "properties": {"lon": -68.818456, "lat": 45.7738904, "area_m2": 12.0, "height_max_m": 0.24, "height_mean_m": 0.21, "class": "rock", "source": "3dep-lidar-dsm-2m", "stage_ft": 477.9, "shore_buffer_m": 4.0, "verdict": "above_water_at_flight"}}, {"type": "Feature", "geometry": {"type": "Point", "coordinates": [-68.7722474, 45.7743687]}, "properties": {"lon": -68.7722474, "lat": 45.7743687, "area_m2": 12.0, "height_max_m": 1.36, "height_mean_m": 0.83, "class": "rock", "source": "3dep-lidar-dsm-2m", "stage_ft": 477.9, "shore_buffer_m": 4.0, "verdict": "above_water_at_flight"}}, {"type": "Feature", "geometry": {"type": "Point", "coordinates": [-68.7907395, 45.7744285]}, "properties": {"lon": -68.7907395, "lat": 45.7744285, "area_m2": 12.0, "height_max_m": 0.18, "height_mean_m": 0.16, "class": "rock", "source": "3dep-lidar-dsm-2m", "stage_ft": 477.9, "shore_buffer_m": 4.0, "verdict": "above_water_at_flight"}}, {"type": "Feature", "geometry": {"type": "Point", "coordinates": [-68.8128131, 45.7744823]}, "properties": {"lon": -68.8128131, "lat": 45.7744823, "area_m2": 12.0, "height_max_m": 0.24, "height_mean_m": 0.19, "class": "rock", "source": "3dep-lidar-dsm-2m", "stage_ft": 477.9, "shore_buffer_m": 4.0, "verdict": "above_water_at_flight"}}, {"type": "Feature", "geometry": {"type": "Point", "coordinates": [-68.7423235, 45.7745361]}, "properties": {"lon": -68.7423235, "lat": 45.7745361, "area_m2": 12.0, "height_max_m": 0.3, "height_mean_m": 0.26, "class": "rock", "source": "3dep-lidar-dsm-2m", "stage_ft": 477.9, "shore_buffer_m": 4.0, "verdict": "above_water_at_flight"}}, {"type": "Feature", "geometry": {"type": "Point", "coordinates": [-68.830429, 45.774578]}, "properties": {"lon": -68.830429, "lat": 45.774578, "area_m2": 12.0, "height_max_m": 1.91, "height_mean_m": 1.22, "class": "rock", "source": "3dep-lidar-dsm-2m", "stage_ft": 477.9, "shore_buffer_m": 4.0, "verdict": "above_water_at_flight"}}, {"type": "Feature", "geometry": {"type": "Point", "coordinates": [-68.8329198, 45.7746737]}, "properties": {"lon": -68.8329198, "lat": 45.7746737, "area_m2": 12.0, "height_max_m": 0.22, "height_mean_m": 0.19, "class": "rock", "source": "3dep-lidar-dsm-2m", "stage_ft": 477.9, "shore_buffer_m": 4.0, "verdict": "above_water_at_flight"}}, {"type": "Feature", "geometry": {"type": "Point", "coordinates": [-68.7906364, 45.7747514]}, "properties": {"lon": -68.7906364, "lat": 45.7747514, "area_m2": 12.0, "height_max_m": 0.17, "height_mean_m": 0.16, "class": "rock", "source": "3dep-lidar-dsm-2m", "stage_ft": 477.9, "shore_buffer_m": 4.0, "verdict": "above_water_at_flight"}}, {"type": "Feature", "geometry": {"type": "Point", "coordinates": [-68.768872, 45.7747813]}, "properties": {"lon": -68.768872, "lat": 45.7747813, "area_m2": 12.0, "height_max_m": 0.67, "height_mean_m": 0.37, "class": "rock", "source": "3dep-lidar-dsm-2m", "stage_ft": 477.9, "shore_buffer_m": 4.0, "verdict": "above_water_at_flight"}}, {"type": "Feature", "geometry": {"type": "Point", "coordinates": [-68.7685971, 45.7749846]}, "properties": {"lon": -68.7685971, "lat": 45.7749846, "area_m2": 12.0, "height_max_m": 0.2, "height_mean_m": 0.17, "class": "rock", "source": "3dep-lidar-dsm-2m", "stage_ft": 477.9, "shore_buffer_m": 4.0, "verdict": "above_water_at_flight"}}, {"type": "Feature", "geometry": {"type": "Point", "coordinates": [-68.7705898, 45.7750324]}, "properties": {"lon": -68.7705898, "lat": 45.7750324, "area_m2": 12.0, "height_max_m": 0.23, "height_mean_m": 0.21, "class": "rock", "source": "3dep-lidar-dsm-2m", "stage_ft": 477.9, "shore_buffer_m": 4.0, "verdict": "above_water_at_flight"}}, {"type": "Feature", "geometry": {"type": "Point", "coordinates": [-68.7675235, 45.7750384]}, "properties": {"lon": -68.7675235, "lat": 45.7750384, "area_m2": 12.0, "height_max_m": 0.22, "height_mean_m": 0.2, "class": "rock", "source": "3dep-lidar-dsm-2m", "stage_ft": 477.9, "shore_buffer_m": 4.0, "verdict": "above_water_at_flight"}}, {"type": "Feature", "geometry": {"type": "Point", "coordinates": [-68.7901039, 45.775152]}, "properties": {"lon": -68.7901039, "lat": 45.775152, "area_m2": 12.0, "height_max_m": 0.17, "height_mean_m": 0.16, "class": "rock", "source": "3dep-lidar-dsm-2m", "stage_ft": 477.9, "shore_buffer_m": 4.0, "verdict": "above_water_at_flight"}}, {"type": "Feature", "geometry": {"type": "Point", "coordinates": [-68.7674805, 45.7753493]}, "properties": {"lon": -68.7674805, "lat": 45.7753493, "area_m2": 12.0, "height_max_m": 0.29, "height_mean_m": 0.22, "class": "rock", "source": "3dep-lidar-dsm-2m", "stage_ft": 477.9, "shore_buffer_m": 4.0, "verdict": "above_water_at_flight"}}, {"type": "Feature", "geometry": {"type": "Point", "coordinates": [-68.7418425, 45.7754031]}, "properties": {"lon": -68.7418425, "lat": 45.7754031, "area_m2": 12.0, "height_max_m": 0.45, "height_mean_m": 0.28, "class": "rock", "source": "3dep-lidar-dsm-2m", "stage_ft": 477.9, "shore_buffer_m": 4.0, "verdict": "above_water_at_flight"}}, {"type": "Feature", "geometry": {"type": "Point", "coordinates": [-68.7899407, 45.7755466]}, "properties": {"lon": -68.7899407, "lat": 45.7755466, "area_m2": 12.0, "height_max_m": 0.18, "height_mean_m": 0.17, "class": "rock", "source": "3dep-lidar-dsm-2m", "stage_ft": 477.9, "shore_buffer_m": 4.0, "verdict": "above_water_at_flight"}}, {"type": "Feature", "geometry": {"type": "Point", "coordinates": [-68.7858953, 45.7755585]}, "properties": {"lon": -68.7858953, "lat": 45.7755585, "area_m2": 12.0, "height_max_m": 0.28, "height_mean_m": 0.21, "class": "rock", "source": "3dep-lidar-dsm-2m", "stage_ft": 477.9, "shore_buffer_m": 4.0, "verdict": "above_water_at_flight"}}, {"type": "Feature", "geometry": {"type": "Point", "coordinates": [-68.8300254, 45.7756901]}, "properties": {"lon": -68.8300254, "lat": 45.7756901, "area_m2": 12.0, "height_max_m": 0.29, "height_mean_m": 0.22, "class": "rock", "source": "3dep-lidar-dsm-2m", "stage_ft": 477.9, "shore_buffer_m": 4.0, "verdict": "above_water_at_flight"}}, {"type": "Feature", "geometry": {"type": "Point", "coordinates": [-68.8223211, 45.7757558]}, "properties": {"lon": -68.8223211, "lat": 45.7757558, "area_m2": 12.0, "height_max_m": 0.17, "height_mean_m": 0.17, "class": "rock", "source": "3dep-lidar-dsm-2m", "stage_ft": 477.9, "shore_buffer_m": 4.0, "verdict": "above_water_at_flight"}}, {"type": "Feature", "geometry": {"type": "Point", "coordinates": [-68.7648094, 45.7757678]}, "properties": {"lon": -68.7648094, "lat": 45.7757678, "area_m2": 12.0, "height_max_m": 0.19, "height_mean_m": 0.16, "class": "rock", "source": "3dep-lidar-dsm-2m", "stage_ft": 477.9, "shore_buffer_m": 4.0, "verdict": "above_water_at_flight"}}, {"type": "Feature", "geometry": {"type": "Point", "coordinates": [-68.7801836, 45.7758336]}, "properties": {"lon": -68.7801836, "lat": 45.7758336, "area_m2": 12.0, "height_max_m": 0.43, "height_mean_m": 0.34, "class": "rock", "source": "3dep-lidar-dsm-2m", "stage_ft": 477.9, "shore_buffer_m": 4.0, "verdict": "above_water_at_flight"}}, {"type": "Feature", "geometry": {"type": "Point", "coordinates": [-68.7908082, 45.7758395]}, "properties": {"lon": -68.7908082, "lat": 45.7758395, "area_m2": 12.0, "height_max_m": 0.16, "height_mean_m": 0.16, "class": "rock", "source": "3dep-lidar-dsm-2m", "stage_ft": 477.9, "shore_buffer_m": 4.0, "verdict": "above_water_at_flight"}}, {"type": "Feature", "geometry": {"type": "Point", "coordinates": [-68.7906622, 45.7758575]}, "properties": {"lon": -68.7906622, "lat": 45.7758575, "area_m2": 12.0, "height_max_m": 0.18, "height_mean_m": 0.18, "class": "rock", "source": "3dep-lidar-dsm-2m", "stage_ft": 477.9, "shore_buffer_m": 4.0, "verdict": "above_water_at_flight"}}, {"type": "Feature", "geometry": {"type": "Point", "coordinates": [-68.7603517, 45.7758814]}, "properties": {"lon": -68.7603517, "lat": 45.7758814, "area_m2": 12.0, "height_max_m": 0.19, "height_mean_m": 0.17, "class": "rock", "source": "3dep-lidar-dsm-2m", "stage_ft": 477.9, "shore_buffer_m": 4.0, "verdict": "above_water_at_flight"}}, {"type": "Feature", "geometry": {"type": "Point", "coordinates": [-68.8303002, 45.7760309]}, "properties": {"lon": -68.8303002, "lat": 45.7760309, "area_m2": 12.0, "height_max_m": 0.32, "height_mean_m": 0.21, "class": "rock", "source": "3dep-lidar-dsm-2m", "stage_ft": 477.9, "shore_buffer_m": 4.0, "verdict": "above_water_at_flight"}}, {"type": "Feature", "geometry": {"type": "Point", "coordinates": [-68.7637615, 45.7761146]}, "properties": {"lon": -68.7637615, "lat": 45.7761146, "area_m2": 12.0, "height_max_m": 0.18, "height_mean_m": 0.16, "class": "rock", "source": "3dep-lidar-dsm-2m", "stage_ft": 477.9, "shore_buffer_m": 4.0, "verdict": "above_water_at_flight"}}, {"type": "Feature", "geometry": {"type": "Point", "coordinates": [-68.7913579, 45.7761504]}, "properties": {"lon": -68.7913579, "lat": 45.7761504, "area_m2": 12.0, "height_max_m": 0.19, "height_mean_m": 0.18, "class": "rock", "source": "3dep-lidar-dsm-2m", "stage_ft": 477.9, "shore_buffer_m": 4.0, "verdict": "above_water_at_flight"}}, {"type": "Feature", "geometry": {"type": "Point", "coordinates": [-68.7633407, 45.7763776]}, "properties": {"lon": -68.7633407, "lat": 45.7763776, "area_m2": 12.0, "height_max_m": 0.2, "height_mean_m": 0.18, "class": "rock", "source": "3dep-lidar-dsm-2m", "stage_ft": 477.9, "shore_buffer_m": 4.0, "verdict": "above_water_at_flight"}}, {"type": "Feature", "geometry": {"type": "Point", "coordinates": [-68.8063714, 45.7765929]}, "properties": {"lon": -68.8063714, "lat": 45.7765929, "area_m2": 12.0, "height_max_m": 0.21, "height_mean_m": 0.18, "class": "rock", "source": "3dep-lidar-dsm-2m", "stage_ft": 477.9, "shore_buffer_m": 4.0, "verdict": "above_water_at_flight"}}, {"type": "Feature", "geometry": {"type": "Point", "coordinates": [-68.7895284, 45.7766287]}, "properties": {"lon": -68.7895284, "lat": 45.7766287, "area_m2": 12.0, "height_max_m": 0.21, "height_mean_m": 0.18, "class": "rock", "source": "3dep-lidar-dsm-2m", "stage_ft": 477.9, "shore_buffer_m": 4.0, "verdict": "above_water_at_flight"}}, {"type": "Feature", "geometry": {"type": "Point", "coordinates": [-68.7629198, 45.7767483]}, "properties": {"lon": -68.7629198, "lat": 45.7767483, "area_m2": 12.0, "height_max_m": 0.74, "height_mean_m": 0.43, "class": "rock", "source": "3dep-lidar-dsm-2m", "stage_ft": 477.9, "shore_buffer_m": 4.0, "verdict": "above_water_at_flight"}}, {"type": "Feature", "geometry": {"type": "Point", "coordinates": [-68.7903444, 45.7769038]}, "properties": {"lon": -68.7903444, "lat": 45.7769038, "area_m2": 12.0, "height_max_m": 0.17, "height_mean_m": 0.16, "class": "rock", "source": "3dep-lidar-dsm-2m", "stage_ft": 477.9, "shore_buffer_m": 4.0, "verdict": "above_water_at_flight"}}, {"type": "Feature", "geometry": {"type": "Point", "coordinates": [-68.7495468, 45.7769875]}, "properties": {"lon": -68.7495468, "lat": 45.7769875, "area_m2": 12.0, "height_max_m": 1.91, "height_mean_m": 0.86, "class": "rock", "source": "3dep-lidar-dsm-2m", "stage_ft": 477.9, "shore_buffer_m": 4.0, "verdict": "above_water_at_flight"}}, {"type": "Feature", "geometry": {"type": "Point", "coordinates": [-68.7498302, 45.7775854]}, "properties": {"lon": -68.7498302, "lat": 45.7775854, "area_m2": 12.0, "height_max_m": 1.41, "height_mean_m": 0.63, "class": "rock", "source": "3dep-lidar-dsm-2m", "stage_ft": 477.9, "shore_buffer_m": 4.0, "verdict": "above_water_at_flight"}}, {"type": "Feature", "geometry": {"type": "Point", "coordinates": [-68.7915726, 45.7776093]}, "properties": {"lon": -68.7915726, "lat": 45.7776093, "area_m2": 12.0, "height_max_m": 0.18, "height_mean_m": 0.16, "class": "rock", "source": "3dep-lidar-dsm-2m", "stage_ft": 477.9, "shore_buffer_m": 4.0, "verdict": "above_water_at_flight"}}, {"type": "Feature", "geometry": {"type": "Point", "coordinates": [-68.8072131, 45.7776511]}, "properties": {"lon": -68.8072131, "lat": 45.7776511, "area_m2": 12.0, "height_max_m": 0.19, "height_mean_m": 0.18, "class": "rock", "source": "3dep-lidar-dsm-2m", "stage_ft": 477.9, "shore_buffer_m": 4.0, "verdict": "above_water_at_flight"}}, {"type": "Feature", "geometry": {"type": "Point", "coordinates": [-68.8058388, 45.7778723]}, "properties": {"lon": -68.8058388, "lat": 45.7778723, "area_m2": 12.0, "height_max_m": 0.23, "height_mean_m": 0.18, "class": "rock", "source": "3dep-lidar-dsm-2m", "stage_ft": 477.9, "shore_buffer_m": 4.0, "verdict": "above_water_at_flight"}}, {"type": "Feature", "geometry": {"type": "Point", "coordinates": [-68.7904818, 45.7778723]}, "properties": {"lon": -68.7904818, "lat": 45.7778723, "area_m2": 12.0, "height_max_m": 0.17, "height_mean_m": 0.16, "class": "rock", "source": "3dep-lidar-dsm-2m", "stage_ft": 477.9, "shore_buffer_m": 4.0, "verdict": "above_water_at_flight"}}, {"type": "Feature", "geometry": {"type": "Point", "coordinates": [-68.7833014, 45.7780936]}, "properties": {"lon": -68.7833014, "lat": 45.7780936, "area_m2": 12.0, "height_max_m": 0.69, "height_mean_m": 0.48, "class": "rock", "source": "3dep-lidar-dsm-2m", "stage_ft": 477.9, "shore_buffer_m": 4.0, "verdict": "above_water_at_flight"}}, {"type": "Feature", "geometry": {"type": "Point", "coordinates": [-68.8064744, 45.7780995]}, "properties": {"lon": -68.8064744, "lat": 45.7780995, "area_m2": 12.0, "height_max_m": 0.18, "height_mean_m": 0.17, "class": "rock", "source": "3dep-lidar-dsm-2m", "stage_ft": 477.9, "shore_buffer_m": 4.0, "verdict": "above_water_at_flight"}}, {"type": "Feature", "geometry": {"type": "Point", "coordinates": [-68.7857235, 45.7781653]}, "properties": {"lon": -68.7857235, "lat": 45.7781653, "area_m2": 12.0, "height_max_m": 0.2, "height_mean_m": 0.19, "class": "rock", "source": "3dep-lidar-dsm-2m", "stage_ft": 477.9, "shore_buffer_m": 4.0, "verdict": "above_water_at_flight"}}, {"type": "Feature", "geometry": {"type": "Point", "coordinates": [-68.7572769, 45.7782131]}, "properties": {"lon": -68.7572769, "lat": 45.7782131, "area_m2": 12.0, "height_max_m": 1.51, "height_mean_m": 0.78, "class": "rock", "source": "3dep-lidar-dsm-2m", "stage_ft": 477.9, "shore_buffer_m": 4.0, "verdict": "above_water_at_flight"}}, {"type": "Feature", "geometry": {"type": "Point", "coordinates": [-68.7861873, 45.7782191]}, "properties": {"lon": -68.7861873, "lat": 45.7782191, "area_m2": 12.0, "height_max_m": 0.42, "height_mean_m": 0.36, "class": "rock", "source": "3dep-lidar-dsm-2m", "stage_ft": 477.9, "shore_buffer_m": 4.0, "verdict": "above_water_at_flight"}}, {"type": "Feature", "geometry": {"type": "Point", "coordinates": [-68.786445, 45.778255]}, "properties": {"lon": -68.786445, "lat": 45.778255, "area_m2": 12.0, "height_max_m": 0.69, "height_mean_m": 0.41, "class": "rock", "source": "3dep-lidar-dsm-2m", "stage_ft": 477.9, "shore_buffer_m": 4.0, "verdict": "above_water_at_flight"}}, {"type": "Feature", "geometry": {"type": "Point", "coordinates": [-68.8065002, 45.7783208]}, "properties": {"lon": -68.8065002, "lat": 45.7783208, "area_m2": 12.0, "height_max_m": 0.19, "height_mean_m": 0.17, "class": "rock", "source": "3dep-lidar-dsm-2m", "stage_ft": 477.9, "shore_buffer_m": 4.0, "verdict": "above_water_at_flight"}}, {"type": "Feature", "geometry": {"type": "Point", "coordinates": [-68.7868315, 45.7783447]}, "properties": {"lon": -68.7868315, "lat": 45.7783447, "area_m2": 12.0, "height_max_m": 0.43, "height_mean_m": 0.31, "class": "rock", "source": "3dep-lidar-dsm-2m", "stage_ft": 477.9, "shore_buffer_m": 4.0, "verdict": "above_water_at_flight"}}, {"type": "Feature", "geometry": {"type": "Point", "coordinates": [-68.7893996, 45.7785181]}, "properties": {"lon": -68.7893996, "lat": 45.7785181, "area_m2": 12.0, "height_max_m": 0.26, "height_mean_m": 0.22, "class": "rock", "source": "3dep-lidar-dsm-2m", "stage_ft": 477.9, "shore_buffer_m": 4.0, "verdict": "above_water_at_flight"}}, {"type": "Feature", "geometry": {"type": "Point", "coordinates": [-68.7809996, 45.7786077]}, "properties": {"lon": -68.7809996, "lat": 45.7786077, "area_m2": 12.0, "height_max_m": 0.25, "height_mean_m": 0.22, "class": "rock", "source": "3dep-lidar-dsm-2m", "stage_ft": 477.9, "shore_buffer_m": 4.0, "verdict": "above_water_at_flight"}}, {"type": "Feature", "geometry": {"type": "Point", "coordinates": [-68.8070069, 45.7787752]}, "properties": {"lon": -68.8070069, "lat": 45.7787752, "area_m2": 12.0, "height_max_m": 0.16, "height_mean_m": 0.16, "class": "rock", "source": "3dep-lidar-dsm-2m", "stage_ft": 477.9, "shore_buffer_m": 4.0, "verdict": "above_water_at_flight"}}, {"type": "Feature", "geometry": {"type": "Point", "coordinates": [-68.7808707, 45.778823]}, "properties": {"lon": -68.7808707, "lat": 45.778823, "area_m2": 12.0, "height_max_m": 0.34, "height_mean_m": 0.26, "class": "rock", "source": "3dep-lidar-dsm-2m", "stage_ft": 477.9, "shore_buffer_m": 4.0, "verdict": "above_water_at_flight"}}, {"type": "Feature", "geometry": {"type": "Point", "coordinates": [-68.7802695, 45.7790143]}, "properties": {"lon": -68.7802695, "lat": 45.7790143, "area_m2": 12.0, "height_max_m": 0.16, "height_mean_m": 0.16, "class": "rock", "source": "3dep-lidar-dsm-2m", "stage_ft": 477.9, "shore_buffer_m": 4.0, "verdict": "above_water_at_flight"}}, {"type": "Feature", "geometry": {"type": "Point", "coordinates": [-68.7514707, 45.7790143]}, "properties": {"lon": -68.7514707, "lat": 45.7790143, "area_m2": 12.0, "height_max_m": 0.28, "height_mean_m": 0.25, "class": "rock", "source": "3dep-lidar-dsm-2m", "stage_ft": 477.9, "shore_buffer_m": 4.0, "verdict": "above_water_at_flight"}}, {"type": "Feature", "geometry": {"type": "Point", "coordinates": [-68.7910057, 45.7791339]}, "properties": {"lon": -68.7910057, "lat": 45.7791339, "area_m2": 12.0, "height_max_m": 0.16, "height_mean_m": 0.16, "class": "rock", "source": "3dep-lidar-dsm-2m", "stage_ft": 477.9, "shore_buffer_m": 4.0, "verdict": "above_water_at_flight"}}, {"type": "Feature", "geometry": {"type": "Point", "coordinates": [-68.7596904, 45.7791399]}, "properties": {"lon": -68.7596904, "lat": 45.7791399, "area_m2": 12.0, "height_max_m": 0.28, "height_mean_m": 0.21, "class": "rock", "source": "3dep-lidar-dsm-2m", "stage_ft": 477.9, "shore_buffer_m": 4.0, "verdict": "above_water_at_flight"}}, {"type": "Feature", "geometry": {"type": "Point", "coordinates": [-68.7932474, 45.7791578]}, "properties": {"lon": -68.7932474, "lat": 45.7791578, "area_m2": 12.0, "height_max_m": 0.25, "height_mean_m": 0.23, "class": "rock", "source": "3dep-lidar-dsm-2m", "stage_ft": 477.9, "shore_buffer_m": 4.0, "verdict": "above_water_at_flight"}}, {"type": "Feature", "geometry": {"type": "Point", "coordinates": [-68.7925174, 45.7791937]}, "properties": {"lon": -68.7925174, "lat": 45.7791937, "area_m2": 12.0, "height_max_m": 0.26, "height_mean_m": 0.2, "class": "rock", "source": "3dep-lidar-dsm-2m", "stage_ft": 477.9, "shore_buffer_m": 4.0, "verdict": "above_water_at_flight"}}, {"type": "Feature", "geometry": {"type": "Point", "coordinates": [-68.8082523, 45.7795285]}, "properties": {"lon": -68.8082523, "lat": 45.7795285, "area_m2": 12.0, "height_max_m": 0.16, "height_mean_m": 0.16, "class": "rock", "source": "3dep-lidar-dsm-2m", "stage_ft": 477.9, "shore_buffer_m": 4.0, "verdict": "above_water_at_flight"}}, {"type": "Feature", "geometry": {"type": "Point", "coordinates": [-68.8090769, 45.7797318]}, "properties": {"lon": -68.8090769, "lat": 45.7797318, "area_m2": 12.0, "height_max_m": 0.17, "height_mean_m": 0.16, "class": "rock", "source": "3dep-lidar-dsm-2m", "stage_ft": 477.9, "shore_buffer_m": 4.0, "verdict": "above_water_at_flight"}}, {"type": "Feature", "geometry": {"type": "Point", "coordinates": [-68.7909971, 45.7797856]}, "properties": {"lon": -68.7909971, "lat": 45.7797856, "area_m2": 12.0, "height_max_m": 0.24, "height_mean_m": 0.21, "class": "rock", "source": "3dep-lidar-dsm-2m", "stage_ft": 477.9, "shore_buffer_m": 4.0, "verdict": "above_water_at_flight"}}, {"type": "Feature", "geometry": {"type": "Point", "coordinates": [-68.824202, 45.7800008]}, "properties": {"lon": -68.824202, "lat": 45.7800008, "area_m2": 12.0, "height_max_m": 0.15, "height_mean_m": 0.15, "class": "rock", "source": "3dep-lidar-dsm-2m", "stage_ft": 477.9, "shore_buffer_m": 4.0, "verdict": "above_water_at_flight"}}, {"type": "Feature", "geometry": {"type": "Point", "coordinates": [-68.8254474, 45.7800188]}, "properties": {"lon": -68.8254474, "lat": 45.7800188, "area_m2": 12.0, "height_max_m": 0.16, "height_mean_m": 0.15, "class": "rock", "source": "3dep-lidar-dsm-2m", "stage_ft": 477.9, "shore_buffer_m": 4.0, "verdict": "above_water_at_flight"}}, {"type": "Feature", "geometry": {"type": "Point", "coordinates": [-68.7546486, 45.7800486]}, "properties": {"lon": -68.7546486, "lat": 45.7800486, "area_m2": 12.0, "height_max_m": 0.23, "height_mean_m": 0.19, "class": "rock", "source": "3dep-lidar-dsm-2m", "stage_ft": 477.9, "shore_buffer_m": 4.0, "verdict": "above_water_at_flight"}}, {"type": "Feature", "geometry": {"type": "Point", "coordinates": [-68.7829063, 45.7803117]}, "properties": {"lon": -68.7829063, "lat": 45.7803117, "area_m2": 12.0, "height_max_m": 0.18, "height_mean_m": 0.16, "class": "rock", "source": "3dep-lidar-dsm-2m", "stage_ft": 477.9, "shore_buffer_m": 4.0, "verdict": "above_water_at_flight"}}, {"type": "Feature", "geometry": {"type": "Point", "coordinates": [-68.7537296, 45.7804193]}, "properties": {"lon": -68.7537296, "lat": 45.7804193, "area_m2": 12.0, "height_max_m": 0.18, "height_mean_m": 0.16, "class": "rock", "source": "3dep-lidar-dsm-2m", "stage_ft": 477.9, "shore_buffer_m": 4.0, "verdict": "above_water_at_flight"}}, {"type": "Feature", "geometry": {"type": "Point", "coordinates": [-68.8112155, 45.781077]}, "properties": {"lon": -68.8112155, "lat": 45.781077, "area_m2": 12.0, "height_max_m": 0.23, "height_mean_m": 0.2, "class": "rock", "source": "3dep-lidar-dsm-2m", "stage_ft": 477.9, "shore_buffer_m": 4.0, "verdict": "above_water_at_flight"}}, {"type": "Feature", "geometry": {"type": "Point", "coordinates": [-68.7536867, 45.781077]}, "properties": {"lon": -68.7536867, "lat": 45.781077, "area_m2": 12.0, "height_max_m": 0.3, "height_mean_m": 0.24, "class": "rock", "source": "3dep-lidar-dsm-2m", "stage_ft": 477.9, "shore_buffer_m": 4.0, "verdict": "above_water_at_flight"}}, {"type": "Feature", "geometry": {"type": "Point", "coordinates": [-68.7576548, 45.7811547]}, "properties": {"lon": -68.7576548, "lat": 45.7811547, "area_m2": 12.0, "height_max_m": 0.19, "height_mean_m": 0.18, "class": "rock", "source": "3dep-lidar-dsm-2m", "stage_ft": 477.9, "shore_buffer_m": 4.0, "verdict": "above_water_at_flight"}}, {"type": "Feature", "geometry": {"type": "Point", "coordinates": [-68.8225873, 45.7813162]}, "properties": {"lon": -68.8225873, "lat": 45.7813162, "area_m2": 12.0, "height_max_m": 0.19, "height_mean_m": 0.18, "class": "rock", "source": "3dep-lidar-dsm-2m", "stage_ft": 477.9, "shore_buffer_m": 4.0, "verdict": "above_water_at_flight"}}, {"type": "Feature", "geometry": {"type": "Point", "coordinates": [-68.7487308, 45.7818543]}, "properties": {"lon": -68.7487308, "lat": 45.7818543, "area_m2": 12.0, "height_max_m": 0.22, "height_mean_m": 0.2, "class": "rock", "source": "3dep-lidar-dsm-2m", "stage_ft": 477.9, "shore_buffer_m": 4.0, "verdict": "above_water_at_flight"}}, {"type": "Feature", "geometry": {"type": "Point", "coordinates": [-68.7541419, 45.7819559]}, "properties": {"lon": -68.7541419, "lat": 45.7819559, "area_m2": 12.0, "height_max_m": 0.24, "height_mean_m": 0.21, "class": "rock", "source": "3dep-lidar-dsm-2m", "stage_ft": 477.9, "shore_buffer_m": 4.0, "verdict": "above_water_at_flight"}}, {"type": "Feature", "geometry": {"type": "Point", "coordinates": [-68.8062168, 45.7819738]}, "properties": {"lon": -68.8062168, "lat": 45.7819738, "area_m2": 12.0, "height_max_m": 0.19, "height_mean_m": 0.17, "class": "rock", "source": "3dep-lidar-dsm-2m", "stage_ft": 477.9, "shore_buffer_m": 4.0, "verdict": "above_water_at_flight"}}, {"type": "Feature", "geometry": {"type": "Point", "coordinates": [-68.747391, 45.7820635]}, "properties": {"lon": -68.747391, "lat": 45.7820635, "area_m2": 12.0, "height_max_m": 0.23, "height_mean_m": 0.21, "class": "rock", "source": "3dep-lidar-dsm-2m", "stage_ft": 477.9, "shore_buffer_m": 4.0, "verdict": "above_water_at_flight"}}, {"type": "Feature", "geometry": {"type": "Point", "coordinates": [-68.8246573, 45.7821293]}, "properties": {"lon": -68.8246573, "lat": 45.7821293, "area_m2": 12.0, "height_max_m": 0.21, "height_mean_m": 0.18, "class": "rock", "source": "3dep-lidar-dsm-2m", "stage_ft": 477.9, "shore_buffer_m": 4.0, "verdict": "above_water_at_flight"}}, {"type": "Feature", "geometry": {"type": "Point", "coordinates": [-68.8058303, 45.782207]}, "properties": {"lon": -68.8058303, "lat": 45.782207, "area_m2": 12.0, "height_max_m": 0.16, "height_mean_m": 0.15, "class": "rock", "source": "3dep-lidar-dsm-2m", "stage_ft": 477.9, "shore_buffer_m": 4.0, "verdict": "above_water_at_flight"}}, {"type": "Feature", "geometry": {"type": "Point", "coordinates": [-68.8073934, 45.7824342]}, "properties": {"lon": -68.8073934, "lat": 45.7824342, "area_m2": 12.0, "height_max_m": 0.15, "height_mean_m": 0.15, "class": "rock", "source": "3dep-lidar-dsm-2m", "stage_ft": 477.9, "shore_buffer_m": 4.0, "verdict": "above_water_at_flight"}}, {"type": "Feature", "geometry": {"type": "Point", "coordinates": [-68.7519259, 45.7825897]}, "properties": {"lon": -68.7519259, "lat": 45.7825897, "area_m2": 12.0, "height_max_m": 0.22, "height_mean_m": 0.19, "class": "rock", "source": "3dep-lidar-dsm-2m", "stage_ft": 477.9, "shore_buffer_m": 4.0, "verdict": "above_water_at_flight"}}, {"type": "Feature", "geometry": {"type": "Point", "coordinates": [-68.7528364, 45.782763]}, "properties": {"lon": -68.7528364, "lat": 45.782763, "area_m2": 12.0, "height_max_m": 0.28, "height_mean_m": 0.21, "class": "rock", "source": "3dep-lidar-dsm-2m", "stage_ft": 477.9, "shore_buffer_m": 4.0, "verdict": "above_water_at_flight"}}, {"type": "Feature", "geometry": {"type": "Point", "coordinates": [-68.8060106, 45.7830919]}, "properties": {"lon": -68.8060106, "lat": 45.7830919, "area_m2": 12.0, "height_max_m": 0.23, "height_mean_m": 0.19, "class": "rock", "source": "3dep-lidar-dsm-2m", "stage_ft": 477.9, "shore_buffer_m": 4.0, "verdict": "above_water_at_flight"}}, {"type": "Feature", "geometry": {"type": "Point", "coordinates": [-68.8315198, 45.7831098]}, "properties": {"lon": -68.8315198, "lat": 45.7831098, "area_m2": 12.0, "height_max_m": 0.24, "height_mean_m": 0.21, "class": "rock", "source": "3dep-lidar-dsm-2m", "stage_ft": 477.9, "shore_buffer_m": 4.0, "verdict": "above_water_at_flight"}}, {"type": "Feature", "geometry": {"type": "Point", "coordinates": [-68.8067922, 45.7831457]}, "properties": {"lon": -68.8067922, "lat": 45.7831457, "area_m2": 12.0, "height_max_m": 0.15, "height_mean_m": 0.15, "class": "rock", "source": "3dep-lidar-dsm-2m", "stage_ft": 477.9, "shore_buffer_m": 4.0, "verdict": "above_water_at_flight"}}, {"type": "Feature", "geometry": {"type": "Point", "coordinates": [-68.812375, 45.7832174]}, "properties": {"lon": -68.812375, "lat": 45.7832174, "area_m2": 12.0, "height_max_m": 0.35, "height_mean_m": 0.27, "class": "rock", "source": "3dep-lidar-dsm-2m", "stage_ft": 477.9, "shore_buffer_m": 4.0, "verdict": "above_water_at_flight"}}, {"type": "Feature", "geometry": {"type": "Point", "coordinates": [-68.7956867, 45.7835463]}, "properties": {"lon": -68.7956867, "lat": 45.7835463, "area_m2": 12.0, "height_max_m": 0.51, "height_mean_m": 0.38, "class": "rock", "source": "3dep-lidar-dsm-2m", "stage_ft": 477.9, "shore_buffer_m": 4.0, "verdict": "above_water_at_flight"}}, {"type": "Feature", "geometry": {"type": "Point", "coordinates": [-68.831056, 45.7836957]}, "properties": {"lon": -68.831056, "lat": 45.7836957, "area_m2": 12.0, "height_max_m": 0.35, "height_mean_m": 0.27, "class": "rock", "source": "3dep-lidar-dsm-2m", "stage_ft": 477.9, "shore_buffer_m": 4.0, "verdict": "above_water_at_flight"}}, {"type": "Feature", "geometry": {"type": "Point", "coordinates": [-68.8005566, 45.7842518]}, "properties": {"lon": -68.8005566, "lat": 45.7842518, "area_m2": 12.0, "height_max_m": 0.33, "height_mean_m": 0.27, "class": "rock", "source": "3dep-lidar-dsm-2m", "stage_ft": 477.9, "shore_buffer_m": 4.0, "verdict": "above_water_at_flight"}}, {"type": "Feature", "geometry": {"type": "Point", "coordinates": [-68.8219689, 45.7847361]}, "properties": {"lon": -68.8219689, "lat": 45.7847361, "area_m2": 12.0, "height_max_m": 0.18, "height_mean_m": 0.17, "class": "rock", "source": "3dep-lidar-dsm-2m", "stage_ft": 477.9, "shore_buffer_m": 4.0, "verdict": "above_water_at_flight"}}, {"type": "Feature", "geometry": {"type": "Point", "coordinates": [-68.7444793, 45.7847899]}, "properties": {"lon": -68.7444793, "lat": 45.7847899, "area_m2": 12.0, "height_max_m": 0.24, "height_mean_m": 0.21, "class": "rock", "source": "3dep-lidar-dsm-2m", "stage_ft": 477.9, "shore_buffer_m": 4.0, "verdict": "above_water_at_flight"}}, {"type": "Feature", "geometry": {"type": "Point", "coordinates": [-68.8291493, 45.7848437]}, "properties": {"lon": -68.8291493, "lat": 45.7848437, "area_m2": 12.0, "height_max_m": 0.3, "height_mean_m": 0.27, "class": "rock", "source": "3dep-lidar-dsm-2m", "stage_ft": 477.9, "shore_buffer_m": 4.0, "verdict": "above_water_at_flight"}}, {"type": "Feature", "geometry": {"type": "Point", "coordinates": [-68.8270793, 45.7850888]}, "properties": {"lon": -68.8270793, "lat": 45.7850888, "area_m2": 12.0, "height_max_m": 0.44, "height_mean_m": 0.3, "class": "rock", "source": "3dep-lidar-dsm-2m", "stage_ft": 477.9, "shore_buffer_m": 4.0, "verdict": "above_water_at_flight"}}, {"type": "Feature", "geometry": {"type": "Point", "coordinates": [-68.8245456, 45.7854894]}, "properties": {"lon": -68.8245456, "lat": 45.7854894, "area_m2": 12.0, "height_max_m": 0.17, "height_mean_m": 0.16, "class": "rock", "source": "3dep-lidar-dsm-2m", "stage_ft": 477.9, "shore_buffer_m": 4.0, "verdict": "above_water_at_flight"}}, {"type": "Feature", "geometry": {"type": "Point", "coordinates": [-68.7513505, 45.7856449]}, "properties": {"lon": -68.7513505, "lat": 45.7856449, "area_m2": 12.0, "height_max_m": 1.16, "height_mean_m": 0.68, "class": "rock", "source": "3dep-lidar-dsm-2m", "stage_ft": 477.9, "shore_buffer_m": 4.0, "verdict": "above_water_at_flight"}}, {"type": "Feature", "geometry": {"type": "Point", "coordinates": [-68.8230339, 45.7859797]}, "properties": {"lon": -68.8230339, "lat": 45.7859797, "area_m2": 12.0, "height_max_m": 0.16, "height_mean_m": 0.15, "class": "rock", "source": "3dep-lidar-dsm-2m", "stage_ft": 477.9, "shore_buffer_m": 4.0, "verdict": "above_water_at_flight"}}, {"type": "Feature", "geometry": {"type": "Point", "coordinates": [-68.8072131, 45.7860395]}, "properties": {"lon": -68.8072131, "lat": 45.7860395, "area_m2": 12.0, "height_max_m": 0.21, "height_mean_m": 0.2, "class": "rock", "source": "3dep-lidar-dsm-2m", "stage_ft": 477.9, "shore_buffer_m": 4.0, "verdict": "above_water_at_flight"}}, {"type": "Feature", "geometry": {"type": "Point", "coordinates": [-68.796683, 45.7861949]}, "properties": {"lon": -68.796683, "lat": 45.7861949, "area_m2": 12.0, "height_max_m": 1.1, "height_mean_m": 0.6, "class": "rock", "source": "3dep-lidar-dsm-2m", "stage_ft": 477.9, "shore_buffer_m": 4.0, "verdict": "above_water_at_flight"}}, {"type": "Feature", "geometry": {"type": "Point", "coordinates": [-68.7960131, 45.7862427]}, "properties": {"lon": -68.7960131, "lat": 45.7862427, "area_m2": 12.0, "height_max_m": 0.31, "height_mean_m": 0.21, "class": "rock", "source": "3dep-lidar-dsm-2m", "stage_ft": 477.9, "shore_buffer_m": 4.0, "verdict": "above_water_at_flight"}}, {"type": "Feature", "geometry": {"type": "Point", "coordinates": [-68.8018278, 45.7864161]}, "properties": {"lon": -68.8018278, "lat": 45.7864161, "area_m2": 12.0, "height_max_m": 0.31, "height_mean_m": 0.25, "class": "rock", "source": "3dep-lidar-dsm-2m", "stage_ft": 477.9, "shore_buffer_m": 4.0, "verdict": "above_water_at_flight"}}, {"type": "Feature", "geometry": {"type": "Point", "coordinates": [-68.8020082, 45.7865237]}, "properties": {"lon": -68.8020082, "lat": 45.7865237, "area_m2": 12.0, "height_max_m": 0.16, "height_mean_m": 0.16, "class": "rock", "source": "3dep-lidar-dsm-2m", "stage_ft": 477.9, "shore_buffer_m": 4.0, "verdict": "above_water_at_flight"}}, {"type": "Feature", "geometry": {"type": "Point", "coordinates": [-68.7956523, 45.7865955]}, "properties": {"lon": -68.7956523, "lat": 45.7865955, "area_m2": 12.0, "height_max_m": 0.48, "height_mean_m": 0.34, "class": "rock", "source": "3dep-lidar-dsm-2m", "stage_ft": 477.9, "shore_buffer_m": 4.0, "verdict": "above_water_at_flight"}}, {"type": "Feature", "geometry": {"type": "Point", "coordinates": [-68.820191, 45.7866553]}, "properties": {"lon": -68.820191, "lat": 45.7866553, "area_m2": 12.0, "height_max_m": 0.65, "height_mean_m": 0.44, "class": "rock", "source": "3dep-lidar-dsm-2m", "stage_ft": 477.9, "shore_buffer_m": 4.0, "verdict": "above_water_at_flight"}}, {"type": "Feature", "geometry": {"type": "Point", "coordinates": [-68.8118855, 45.7868346]}, "properties": {"lon": -68.8118855, "lat": 45.7868346, "area_m2": 12.0, "height_max_m": 0.36, "height_mean_m": 0.32, "class": "rock", "source": "3dep-lidar-dsm-2m", "stage_ft": 477.9, "shore_buffer_m": 4.0, "verdict": "above_water_at_flight"}}, {"type": "Feature", "geometry": {"type": "Point", "coordinates": [-68.8233775, 45.7869602]}, "properties": {"lon": -68.8233775, "lat": 45.7869602, "area_m2": 12.0, "height_max_m": 0.2, "height_mean_m": 0.18, "class": "rock", "source": "3dep-lidar-dsm-2m", "stage_ft": 477.9, "shore_buffer_m": 4.0, "verdict": "above_water_at_flight"}}, {"type": "Feature", "geometry": {"type": "Point", "coordinates": [-68.8160425, 45.7872113]}, "properties": {"lon": -68.8160425, "lat": 45.7872113, "area_m2": 12.0, "height_max_m": 0.18, "height_mean_m": 0.17, "class": "rock", "source": "3dep-lidar-dsm-2m", "stage_ft": 477.9, "shore_buffer_m": 4.0, "verdict": "above_water_at_flight"}}, {"type": "Feature", "geometry": {"type": "Point", "coordinates": [-68.8152609, 45.787857]}, "properties": {"lon": -68.8152609, "lat": 45.787857, "area_m2": 12.0, "height_max_m": 0.3, "height_mean_m": 0.25, "class": "rock", "source": "3dep-lidar-dsm-2m", "stage_ft": 477.9, "shore_buffer_m": 4.0, "verdict": "above_water_at_flight"}}, {"type": "Feature", "geometry": {"type": "Point", "coordinates": [-68.8132082, 45.7882875]}, "properties": {"lon": -68.8132082, "lat": 45.7882875, "area_m2": 12.0, "height_max_m": 0.29, "height_mean_m": 0.22, "class": "rock", "source": "3dep-lidar-dsm-2m", "stage_ft": 477.9, "shore_buffer_m": 4.0, "verdict": "above_water_at_flight"}}]}