{"type": "FeatureCollection", "features": [{"type": "Feature", "properties": {"class": "island", "area_px": 75.0, "area_m2": 7500.0, "confidence": 0.967, "lat": 45.786782, "lon": -68.812744, "status": "unverified"}, "geometry": {"type": "Polygon", "coordinates": [[[-68.81332489580981, 45.787187964362396], [-68.81332519624547, 45.787097958028085], [-68.81345384807447, 45.7870981681435], [-68.81345414830167, 45.78700816180709], [-68.81332549667972, 45.787007951692345], [-68.81332669840242, 45.78664792633512], [-68.81319804761009, 45.78664771607814], [-68.81319864887698, 45.7864677033923], [-68.81306999850015, 45.78646749299177], [-68.81307029933849, 45.78637748664735], [-68.81229839834987, 45.7863762212063], [-68.81229809626927, 45.78646622754676], [-68.8120407955371, 45.78646580457294], [-68.81203988804444, 45.7867358235818], [-68.81216853903094, 45.786736035143115], [-68.81216823673756, 45.786826041477205], [-68.81229688793253, 45.78682625289433], [-68.81229598166493, 45.787096271890036], [-68.8124246334825, 45.78709648316429], [-68.81242433159747, 45.787186489494], [-68.81332489580981, 45.787187964362396]]]}}, {"type": "Feature", "properties": {"class": "exposed", "area_px": 14.0, "area_m2": 1400.0, "confidence": 0.913, "lat": 45.786281, "lon": -68.797881, "status": "unverified"}, "geometry": {"type": "Polygon", "coordinates": [[[-68.79801758946911, 45.78653188248164], [-68.79801791453288, 45.786441876218646], [-68.79814656473594, 45.78644210356681], [-68.79814721444478, 45.786262091035105], [-68.7980185646558, 45.786261863688345], [-68.79801921477255, 45.78608185115235], [-68.7976332666571, 45.78608116824724], [-68.79763228961632, 45.7863511870427], [-68.7977609396077, 45.786351414824715], [-68.79776061413139, 45.786441421087744], [-68.79788926433136, 45.786441648725614], [-68.79788893906054, 45.78653165498791], [-68.79801758946911, 45.78653188248164]]]}}, {"type": "Feature", "properties": {"class": "exposed", "area_px": 2.0, "area_m2": 200.0, "confidence": 0.654, "lat": 45.784851, "lon": -68.745021, "status": "unverified"}, "geometry": {"type": "Polygon", "coordinates": [[[-68.74514938534743, 45.78489607705369], [-68.74514979547165, 45.78480607109641], [-68.7448925035444, 45.78480549692887], [-68.74489209300616, 45.78489550288435], [-68.74514938534743, 45.78489607705369]]]}}, {"type": "Feature", "properties": {"class": "island", "area_px": 59.0, "area_m2": 5900.0, "confidence": 0.766, "lat": 45.784982, "lon": -68.743739, "status": "unverified"}, "geometry": {"type": "Polygon", "coordinates": [[[-68.7439895099067, 45.7853435184537], [-68.7439899219039, 45.78525351251165], [-68.74411856888798, 45.78525380068623], [-68.74411898067619, 45.785163794741855], [-68.74437627423622, 45.785164370654684], [-68.74437668560842, 45.78507436470707], [-68.74450533218433, 45.78507465244532], [-68.74450574334756, 45.784984646495396], [-68.74489168246595, 45.784985508838396], [-68.74489209300616, 45.78489550288435], [-68.74476344683843, 45.784895215582424], [-68.7447638575837, 45.78480520962784], [-68.74463521162495, 45.78480492218197], [-68.74463562257532, 45.784714916226854], [-68.74450697682553, 45.78471462863704], [-68.74450656566816, 45.784804634591254], [-68.74437791971332, 45.7848043468557], [-68.74437750834696, 45.784894352807584], [-68.74424886218705, 45.784894064926284], [-68.74424845061172, 45.784984070875836], [-68.74399115788371, 45.78498349467693], [-68.74399156987307, 45.78489348872916], [-68.74373427756693, 45.784892911952674], [-68.74373468996839, 45.78480290600528], [-68.74360604402527, 45.78480261740068], [-68.74360686923634, 45.784622605503415], [-68.74309228713963, 45.784621449643794], [-68.7430927005703, 45.78453144369663], [-68.74296405525804, 45.78453115437052], [-68.74296322798071, 45.78471116626161], [-68.743091873707, 45.78471145558953], [-68.74309063339733, 45.784981473418156], [-68.74321927974664, 45.784981762603934], [-68.74321762680104, 45.7853417863591], [-68.7439895099067, 45.7853435184537]], [[-68.74386127492174, 45.78525322419223], [-68.74373262794155, 45.78525293572796], [-68.74373386516353, 45.78498291789864], [-68.74399115788371, 45.78498349467693], [-68.7439907458924, 45.78507350062326], [-68.7438620993243, 45.785073212305626], [-68.74386127492174, 45.78525322419223]]]}}, {"type": "Feature", "properties": {"class": "exposed", "area_px": 21.0, "area_m2": 2100.0, "confidence": 0.752, "lat": 45.783999, "lon": -68.743564, "status": "unverified"}, "geometry": {"type": "Polygon", "coordinates": [[[-68.7432217591062, 45.78444172692841], [-68.74322217232594, 45.78435172097748], [-68.7434794621322, 45.78435229890189], [-68.74347987493593, 45.78426229294774], [-68.74360851963498, 45.784262581691785], [-68.7436097574134, 45.78399256381807], [-68.74399568965917, 45.78399342917305], [-68.74399610162702, 45.78390342320958], [-68.74386745775014, 45.78390313490366], [-68.74386828209401, 45.78372312297427], [-68.74373963863312, 45.783722834525314], [-68.74374046338316, 45.78354282259199], [-68.74361182033823, 45.783542534], [-68.74361099517417, 45.78372254593151], [-68.74348235171719, 45.783722257192885], [-68.74348070053752, 45.784082281035154], [-68.74335205625445, 45.78408199214808], [-68.74335123023883, 45.78426200405886], [-68.74309394085053, 45.78426142584659], [-68.74309311399901, 45.78444143774804], [-68.7432217591062, 45.78444172692841]]]}}, {"type": "Feature", "properties": {"class": "exposed", "area_px": 6.0, "area_m2": 600.0, "confidence": 0.791, "lat": 45.783137, "lon": -68.750067, "status": "unverified"}, "geometry": {"type": "Polygon", "coordinates": [[[-68.75004518164354, 45.783286768134865], [-68.75004558386657, 45.7831967621182], [-68.75030286849561, 45.78319732466677], [-68.75030327030274, 45.78310731864692], [-68.75017462819426, 45.78310703744593], [-68.75017503020646, 45.78301703142552], [-68.74991774640924, 45.78301646859079], [-68.74991653912488, 45.78328648664244], [-68.75004518164354, 45.783286768134865]]]}}, {"type": "Feature", "properties": {"class": "exposed", "area_px": 2.0, "area_m2": 200.0, "confidence": 0.781, "lat": 45.780994, "lon": -68.751085, "status": "unverified"}, "geometry": {"type": "Polygon", "coordinates": [[[-68.75121297282699, 45.78103914400712], [-68.75121337313948, 45.78094913794689], [-68.75095609883333, 45.78094857746974], [-68.75095569810689, 45.7810385835282], [-68.75121297282699, 45.78103914400712]]]}}, {"type": "Feature", "properties": {"class": "exposed", "area_px": 4.0, "area_m2": 400.0, "confidence": 0.963, "lat": 45.780192, "lon": -68.754819, "status": "unverified"}, "geometry": {"type": "Polygon", "coordinates": [[[-68.75507564139673, 45.780237426848046], [-68.75507603548299, 45.78014742074895], [-68.75456149410292, 45.78014631662507], [-68.75456109918878, 45.780236322720725], [-68.75507564139673, 45.780237426848046]]]}}, {"type": "Feature", "properties": {"class": "island", "area_px": 72.0, "area_m2": 7200.0, "confidence": 0.931, "lat": 45.780723, "lon": -68.750001, "status": "unverified"}, "geometry": {"type": "Polygon", "coordinates": [[[-68.75056777927551, 45.78148777198152], [-68.75056818063241, 45.781397765932795], [-68.75069681881374, 45.78139804668264], [-68.75069762110788, 45.781218034579176], [-68.75056898334051, 45.781217753831086], [-68.75056938469172, 45.781127747778086], [-68.75044074713324, 45.78112746688605], [-68.75044155024388, 45.78094745477753], [-68.75031291310127, 45.780947173742426], [-68.75031251133993, 45.78103717979652], [-68.75018387399226, 45.78103689861571], [-68.75018427596058, 45.78094689256251], [-68.74992700168491, 45.780946329768184], [-68.74992861119492, 45.78058630554807], [-68.75005724750389, 45.78058658701412], [-68.75005845399542, 45.78031656883142], [-68.75018708968538, 45.780316850150015], [-68.75018789358958, 45.780136838019324], [-68.7503165288675, 45.780137119191345], [-68.75031733235015, 45.77995710705318], [-68.7496741580493, 45.77995569975365], [-68.74967294971795, 45.78022571794557], [-68.74954431424261, 45.78022543604857], [-68.74954149328704, 45.78085547844028], [-68.7496701302112, 45.780855760343435], [-68.74966892182249, 45.781125778492544], [-68.74979755936951, 45.78112606025352], [-68.74979715677644, 45.781216066301255], [-68.74992579453233, 45.78121634791828], [-68.74992539214433, 45.78130635396546], [-68.75018266807585, 45.78130691676681], [-68.75018186412203, 45.78148692886041], [-68.75056777927551, 45.78148777198152]]]}}, {"type": "Feature", "properties": {"class": "island", "area_px": 93.0, "area_m2": 9300.0, "confidence": 0.831, "lat": 45.779007, "lon": -68.781199, "status": "unverified"}, "geometry": {"type": "Polygon", "coordinates": [[[-68.7804186474696, 45.77983890659746], [-68.78041900077396, 45.77974890033041], [-68.78054763543815, 45.77974914746611], [-68.78054940089993, 45.77929911610565], [-68.78067803453098, 45.77929936309267], [-68.78067838741134, 45.77920935681553], [-68.7808070208371, 45.77920960365695], [-68.78080737350882, 45.77911959737761], [-68.78093600672929, 45.77911984407347], [-68.7809363591924, 45.77902983779193], [-68.78170815730854, 45.779031314921305], [-68.78170780608721, 45.779121321207434], [-68.78222233902585, 45.779122303067155], [-68.78222268941934, 45.779032296777935], [-68.78247995548472, 45.77903278683738], [-68.78248030546263, 45.77894278054521], [-68.78235167263607, 45.778942535588655], [-68.78235202281927, 45.778852529295825], [-68.78248065543887, 45.77885277425161], [-68.78248100541346, 45.77876276795659], [-68.7823523730008, 45.778762523001575], [-68.7823527231807, 45.77867251670589], [-68.78222409097665, 45.77867227160682], [-68.78222444136183, 45.778582265310476], [-68.78209580936644, 45.778582020067375], [-68.7820954587743, 45.77867202636295], [-68.78196682657361, 45.77867178097427], [-68.78196717737269, 45.77858177467945], [-68.78158128140144, 45.778581037646816], [-68.7815809299815, 45.778671043939326], [-68.78145229778747, 45.778670797971394], [-68.78145300103961, 45.77849078538648], [-68.78132436926116, 45.77849053927526], [-68.78132401742897, 45.778580545567664], [-68.78106675346316, 45.77858005290928], [-68.78106640121538, 45.77867005919871], [-68.78080913684236, 45.778669565959525], [-68.78080772617888, 45.77902959109686], [-68.78029319414159, 45.7790286028684], [-68.78029354763781, 45.7789385965893], [-68.78016491483965, 45.77893834917092], [-68.78016420743161, 45.77911836172616], [-68.78003557422119, 45.77911811416143], [-68.78003451247567, 45.77938813298128], [-68.78016314630698, 45.779388380548326], [-68.78016243888214, 45.77956839308931], [-68.78029107312905, 45.7795686405131], [-68.78029001260012, 45.77983865931618], [-68.7804186474696, 45.77983890659746]], [[-68.78170885974622, 45.77885130234473], [-68.7815802271366, 45.778851056520075], [-68.78158057855988, 45.778761050230415], [-68.78170921096253, 45.7787612960543], [-68.78170885974622, 45.77885130234473]], [[-68.78132296192237, 45.77885056443632], [-68.78119432931776, 45.77885031817721], [-68.78119468136192, 45.77876031188986], [-68.78132331375957, 45.77876055814819], [-68.78132296192237, 45.77885056443632]]]}}, {"type": "Feature", "properties": {"class": "exposed", "area_px": 2.0, "area_m2": 200.0, "confidence": 0.607, "lat": 45.778401, "lon": -68.781518, "status": "unverified"}, "geometry": {"type": "Polygon", "coordinates": [[[-68.78158163281974, 45.77849103135288], [-68.7815823356513, 45.77831101876073], [-68.78145370428508, 45.778310772795855], [-68.78145300103961, 45.77849078538648], [-68.78158163281974, 45.77849103135288]]]}}, {"type": "Feature", "properties": {"class": "exposed", "area_px": 3.0, "area_m2": 300.0, "confidence": 0.738, "lat": 45.778329, "lon": -68.783104, "status": "unverified"}, "geometry": {"type": "Polygon", "coordinates": [[[-68.78325419483897, 45.77840420943297], [-68.78325454356354, 45.77831420312624], [-68.78312591217572, 45.778313959043906], [-68.78312626110558, 45.77822395273651], [-68.78299762992636, 45.77822370851014], [-68.78299693165108, 45.778403721121975], [-68.78325419483897, 45.77840420943297]]]}}, {"type": "Feature", "properties": {"class": "exposed", "area_px": 35.0, "area_m2": 3500.0, "confidence": 0.911, "lat": 45.778406, "lon": -68.753196, "status": "unverified"}, "geometry": {"type": "Polygon", "coordinates": [[[-68.75366699197825, 45.77879428731752], [-68.7536681809711, 45.778524268975936], [-68.75353954936924, 45.77852399158477], [-68.75353994590337, 45.778433985468936], [-68.75341131451033, 45.77843370793383], [-68.75341171124954, 45.778343701817434], [-68.75328308006534, 45.77834342413838], [-68.75328427089252, 45.778073405783196], [-68.75315564033104, 45.778073127961946], [-68.75315603747663, 45.77798312184156], [-68.75289877677322, 45.77798256576637], [-68.75289837921375, 45.77807257188501], [-68.75276974865794, 45.77807229362934], [-68.75276855534737, 45.7783423119741], [-68.75289718652402, 45.778342590232384], [-68.7528963913881, 45.77852260245683], [-68.75302502298057, 45.77852288057204], [-68.75302462561673, 45.77861288668299], [-68.753153257418, 45.77861316465426], [-68.75315286025925, 45.77870317076466], [-68.75328149226938, 45.77870344859198], [-68.75328109531569, 45.77879345470181], [-68.75366699197825, 45.77879428731752]]]}}, {"type": "Feature", "properties": {"class": "island", "area_px": 79.0, "area_m2": 7900.0, "confidence": 0.947, "lat": 45.777198, "lon": -68.748549, "status": "unverified"}, "geometry": {"type": "Polygon", "coordinates": [[[-68.74852696434023, 45.77761299949611], [-68.7485273689263, 45.77752299340012], [-68.74878462743087, 45.7775235593134], [-68.74878503160114, 45.7774335532142], [-68.74955680591921, 45.777435247473434], [-68.74955720884593, 45.77734524136753], [-68.74917132229909, 45.77734439489219], [-68.749173340008, 45.776894364354504], [-68.74904471219757, 45.776894081910854], [-68.74904511594055, 45.776804075799916], [-68.7481447227698, 45.77680209464611], [-68.74814391238485, 45.77698210685418], [-68.74788665638276, 45.77698153950348], [-68.74788422269852, 45.77752157608283], [-68.74801285194022, 45.7775218598359], [-68.74801244652637, 45.77761186592835], [-68.74852696434023, 45.77761299949611]]]}}, {"type": "Feature", "properties": {"class": "exposed", "area_px": 3.0, "area_m2": 300.0, "confidence": 0.821, "lat": 45.776367, "lon": -68.748254, "status": "unverified"}, "geometry": {"type": "Polygon", "coordinates": [[[-68.74840359704318, 45.7764426369737], [-68.74840400181122, 45.776352630860046], [-68.7482753752539, 45.77635234755289], [-68.74827578022695, 45.77626234143869], [-68.74814715387846, 45.776262057987616], [-68.7481463435166, 45.77644207021282], [-68.74840359704318, 45.7764426369737]]]}}, {"type": "Feature", "properties": {"class": "exposed", "area_px": 2.0, "area_m2": 200.0, "confidence": 0.883, "lat": 45.775213, "lon": -68.741721, "status": "unverified"}, "geometry": {"type": "Polygon", "coordinates": [[[-68.74184903356206, 45.77525792464915], [-68.74184944885786, 45.77516791856262], [-68.74159220132371, 45.7751673370576], [-68.74159178561409, 45.77525734314231], [-68.74184903356206, 45.77525792464915]]]}}, {"type": "Feature", "properties": {"class": "exposed", "area_px": 10.0, "area_m2": 1000.0, "confidence": 0.894, "lat": 45.774972, "lon": -68.742661, "status": "unverified"}, "geometry": {"type": "Polygon", "coordinates": [[[-68.7427498152894, 45.775169949269234], [-68.74275064297825, 45.77498993707922], [-68.74287926634823, 45.774990226599186], [-68.7428800936154, 45.774810214401654], [-68.74249422475286, 45.774809345412805], [-68.7424925677277, 45.77516936979131], [-68.7427498152894, 45.775169949269234]]]}}, {"type": "Feature", "properties": {"class": "exposed", "area_px": 4.0, "area_m2": 400.0, "confidence": 0.743, "lat": 45.773871, "lon": -68.745328, "status": "unverified"}, "geometry": {"type": "Polygon", "coordinates": [[[-68.74545623851108, 45.774005919237204], [-68.74545705745899, 45.77382590697232], [-68.74532843673974, 45.77382562035984], [-68.74532884641768, 45.77373561422615], [-68.74520022590728, 45.77373532746977], [-68.74519940613564, 45.77391533973393], [-68.74532802705987, 45.7739156264921], [-68.74532761737804, 45.77400563262293], [-68.74545623851108, 45.774005919237204]]]}}, {"type": "Feature", "properties": {"class": "island", "area_px": 98.0, "area_m2": 9800.0, "confidence": 0.945, "lat": 45.773999, "lon": -68.751309, "status": "unverified"}, "geometry": {"type": "Polygon", "coordinates": [[[-68.75201272740115, 45.77474039393951], [-68.75201671669626, 45.77384033222184], [-68.75188809587914, 45.77384005299348], [-68.75188889412925, 45.77366004063455], [-68.75176027372783, 45.77365976126316], [-68.75176067305694, 45.773569755082434], [-68.75150343267357, 45.77356919590701], [-68.75150383241458, 45.7734791897266], [-68.7512465924526, 45.77347862997379], [-68.7512461922978, 45.77356863615245], [-68.75098895192963, 45.77356807581875], [-68.75098855135911, 45.77365808199423], [-68.75060269020042, 45.77365724040517], [-68.75060228900732, 45.77374724657658], [-68.750473668418, 45.77374696575644], [-68.75047326701609, 45.77383697192557], [-68.75008740463885, 45.77383612859381], [-68.75008619855956, 45.77410614708472], [-68.75060068421585, 45.774107271248035], [-68.75060108541658, 45.774017265082314], [-68.75111557027574, 45.77401838692551], [-68.75111516990263, 45.77410839309474], [-68.75124379132907, 45.77410867319445], [-68.75124299099097, 45.77428868553036], [-68.75137161283313, 45.77428896548703], [-68.75137121286814, 45.77437897165372], [-68.7514998349191, 45.77437925146647], [-68.75149943515912, 45.77446925763261], [-68.75162805741888, 45.77446953730144], [-68.75162725830705, 45.774649549631185], [-68.75188450365991, 45.77465010853797], [-68.75188410451497, 45.77474011470244], [-68.75201272740115, 45.77474039393951]]]}}, {"type": "Feature", "properties": {"class": "exposed", "area_px": 32.0, "area_m2": 3200.0, "confidence": 0.852, "lat": 45.772177, "lon": -68.743692, "status": "unverified"}, "geometry": {"type": "Polygon", "coordinates": [[[-68.74404840565332, 45.772472654251175], [-68.74405005251211, 45.77211262965811], [-68.74392143574525, 45.77211234147008], [-68.74392225957669, 45.77193232916679], [-68.74379364322554, 45.77193204083577], [-68.7437940553452, 45.7718420346829], [-68.74366543920289, 45.77184174620799], [-68.74366585152748, 45.77175174005459], [-68.74353723559399, 45.77175145143582], [-68.7435364105291, 45.771931463739406], [-68.74340779418381, 45.77193117497406], [-68.74340738144156, 45.77202118112281], [-68.74327876489134, 45.772020892211785], [-68.74327835194025, 45.77211089835821], [-68.74340696869731, 45.772111187270134], [-68.74340531770083, 45.77247121184518], [-68.74404840565332, 45.772472654251175]]]}}, {"type": "Feature", "properties": {"class": "exposed", "area_px": 4.0, "area_m2": 400.0, "confidence": 0.955, "lat": 45.771237, "lon": -68.755437, "status": "unverified"}, "geometry": {"type": "Polygon", "coordinates": [[[-68.75550009880033, 45.771417648676795], [-68.75550167191857, 45.771057623702205], [-68.75537305746415, 45.77105734840974], [-68.75537148351842, 45.77141737338089], [-68.75550009880033, 45.771417648676795]]]}}, {"type": "Feature", "properties": {"class": "island", "area_px": 69.0, "area_m2": 6900.0, "confidence": 0.976, "lat": 45.771187, "lon": -68.760253, "status": "unverified"}, "geometry": {"type": "Polygon", "coordinates": [[[-68.76012909266878, 45.77169748171728], [-68.76012947850913, 45.77160747544942], [-68.7602580942732, 45.77160774539035], [-68.76025847990483, 45.77151773912022], [-68.7605157110247, 45.77151827856604], [-68.76051609624076, 45.771428272292795], [-68.76064471159657, 45.77142854179771], [-68.76064509660392, 45.7713385355222], [-68.76077371175468, 45.7713388048815], [-68.76077409655332, 45.77124879860372], [-68.76090271149904, 45.7712490678174], [-68.7609042498479, 45.770889042688644], [-68.76077563572969, 45.77088877347833], [-68.7607760205192, 45.770798767193426], [-68.760518792702, 45.77079822834015], [-68.76051917790342, 45.77070822205548], [-68.76039056420443, 45.770707952412536], [-68.76039017879613, 45.77079795869635], [-68.76013295098988, 45.770797418974446], [-68.76013256516602, 45.77088742525515], [-68.76000395105876, 45.77088715517619], [-68.7600035650262, 45.77097716145463], [-68.75987495071392, 45.77097689123006], [-68.75987456447264, 45.77106689750623], [-68.75974594995532, 45.77106662713605], [-68.75974556350535, 45.77115663340994], [-68.75961694878298, 45.77115636289413], [-68.75961733543983, 45.771066356621084], [-68.75948872092619, 45.77106608596135], [-68.7594879471969, 45.77124609850434], [-68.7596165621243, 45.77124636916576], [-68.7596157888014, 45.77142638170472], [-68.7597444041444, 45.771426652223056], [-68.75974401768708, 45.771516658491244], [-68.75987263323877, 45.77151692886565], [-68.75987224698649, 45.771606935133256], [-68.76000086274689, 45.77160720536373], [-68.76000047669966, 45.771697211630745], [-68.76012909266878, 45.77169748171728]]]}}, {"type": "Feature", "properties": {"class": "island", "area_px": 87.0, "area_m2": 8700.0, "confidence": 0.984, "lat": 45.770749, "lon": -68.757834, "status": "unverified"}, "geometry": {"type": "Polygon", "coordinates": [[[-68.75897426288994, 45.77106500187469], [-68.75897503826685, 45.77088498933278], [-68.75884642417614, 45.77088471795088], [-68.75884719995942, 45.77070470540494], [-68.75871858628429, 45.77070443387996], [-68.75871897438003, 45.77061442760571], [-68.75807590706631, 45.77061306781347], [-68.75807785268904, 45.770163036442014], [-68.75794924026616, 45.77016276405351], [-68.75794885093843, 45.77025277032981], [-68.75782023831054, 45.770252497795674], [-68.75781984877412, 45.7703425040697], [-68.7576912359412, 45.770342231389954], [-68.75769084619606, 45.770432237661694], [-68.75756223315813, 45.770431964836334], [-68.75756184320427, 45.770521971105794], [-68.757176003481, 45.77052115175852], [-68.7571756129047, 45.77061115802399], [-68.75691838601806, 45.77061061106691], [-68.75691799502616, 45.77070061732926], [-68.75678938137875, 45.770700343632704], [-68.75678899017814, 45.77079034989277], [-68.75666037632573, 45.7707900760506], [-68.75665998491638, 45.77088008230839], [-68.75678859897566, 45.7708803561514], [-68.75678820777135, 45.77097036240862], [-68.75691682203936, 45.770970636107734], [-68.75691643104004, 45.77106064236437], [-68.75717365999537, 45.77106118932998], [-68.75717405058096, 45.77097118307164], [-68.75846019340001, 45.77097390920482], [-68.75845980488315, 45.77106391547167], [-68.75897426288994, 45.77106500187469]]]}}, {"type": "Feature", "properties": {"class": "island", "area_px": 56.0, "area_m2": 5600.0, "confidence": 0.94, "lat": 45.770135, "lon": -68.747463, "status": "unverified"}, "geometry": {"type": "Polygon", "coordinates": [[[-68.7476582231033, 45.77059053494308], [-68.74765903487013, 45.77041052253948], [-68.74778764776266, 45.77041080651211], [-68.74778805343632, 45.770320800307275], [-68.74791666612394, 45.77032108413425], [-68.74791869342903, 45.76987105308424], [-68.74779008177572, 45.769870769261686], [-68.74779089309801, 45.76969075683347], [-68.7472764481589, 45.76968962010269], [-68.74727563518177, 45.76986963252383], [-68.74714702353809, 45.76986934797745], [-68.74714661683977, 45.769959354184984], [-68.74701800499118, 45.769959069492934], [-68.74701678426405, 45.7702290881043], [-68.7468881717968, 45.77022880326484], [-68.74688776467703, 45.77031880946489], [-68.74701637735114, 45.77031909430525], [-68.74701597043631, 45.77040910050476], [-68.74714458331921, 45.77040938520125], [-68.74714417660931, 45.77049939140022], [-68.747272789701, 45.77049967595282], [-68.74727238319603, 45.77058968215125], [-68.7476582231033, 45.77059053494308]]]}}, {"type": "Feature", "properties": {"class": "exposed", "area_px": 43.0, "area_m2": 4300.0, "confidence": 0.96, "lat": 45.769918, "lon": -68.752834, "status": "unverified"}, "geometry": {"type": "Polygon", "coordinates": [[[-68.75267414346588, 45.77060150267004], [-68.752675734721, 45.77024147772014], [-68.75280434727418, 45.770241756045024], [-68.75280514247669, 45.77006174355977], [-68.75293375461804, 45.77006202173815], [-68.7529341520096, 45.76997201549252], [-68.75306276394599, 45.769972293525264], [-68.7530631611288, 45.76988228727733], [-68.7531917728602, 45.769882565164444], [-68.75319256680648, 45.76970255266256], [-68.75332117812604, 45.76970283040316], [-68.7533215748895, 45.76961282414922], [-68.75345018600409, 45.7696131017442], [-68.7534505825588, 45.76952309548796], [-68.75357919346843, 45.7695233729373], [-68.75357958981441, 45.76943336667876], [-68.75332236841075, 45.76943281163705], [-68.75332197165106, 45.76952281789386], [-68.75280752803893, 45.76952170606978], [-68.75280713044994, 45.769611712321684], [-68.7525499082415, 45.769611155539316], [-68.75254791819965, 45.77006118676873], [-68.75241930606397, 45.77006090815604], [-68.75241890784308, 45.77015091439677], [-68.75254752018563, 45.77015119301032], [-68.7525471221697, 45.77024119925049], [-68.7524185096203, 45.77024092063607], [-68.75241691671026, 45.77060094557902], [-68.75267414346588, 45.77060150267004]]]}}, {"type": "Feature", "properties": {"class": "island", "area_px": 77.0, "area_m2": 7700.0, "confidence": 0.966, "lat": 45.769021, "lon": -68.755132, "status": "unverified"}, "geometry": {"type": "Polygon", "coordinates": [[[-68.75370820051906, 45.769433643982474], [-68.7537085966563, 45.76934363772165], [-68.75383720715597, 45.76934391487972], [-68.75383760308448, 45.76925390861661], [-68.75409482367577, 45.76925446249675], [-68.7540952191887, 45.76916445623048], [-68.75448104946915, 45.76916528596236], [-68.75448144435966, 45.76907527969208], [-68.75563893344045, 45.769077761062746], [-68.7556385404116, 45.76916776734078], [-68.75615298087901, 45.76916886641178], [-68.7561525886757, 45.769258872691815], [-68.75653841966636, 45.769259695477615], [-68.75653802808174, 45.769349701758806], [-68.75692385970967, 45.769350523244285], [-68.75692464163593, 45.76917051067538], [-68.75666742137619, 45.76916996316657], [-68.75666781275024, 45.769079956881676], [-68.75615337308045, 45.76907886013032], [-68.75615376528003, 45.768988853847425], [-68.75589654587, 45.76898830460488], [-68.75589693848143, 45.76889829832227], [-68.75551111000091, 45.76889747337531], [-68.755511503231, 45.76880746709386], [-68.75525428466702, 45.76880691640712], [-68.75525467830894, 45.76871691012596], [-68.75474024203078, 45.7687158070188], [-68.75474063649821, 45.76862580073965], [-68.75461202764019, 45.768625524601816], [-68.75461163296592, 45.76871553088011], [-68.7543544148418, 45.76871497816843], [-68.75435401975194, 45.76880498444357], [-68.75422541048586, 45.76880470786973], [-68.75422501518729, 45.76889471414257], [-68.75409640571623, 45.76889443742311], [-68.75409601020893, 45.768984443693654], [-68.7539674005329, 45.76898416682857], [-68.75396700481687, 45.76907417309682], [-68.75383839493587, 45.769073896086105], [-68.75383799901111, 45.76916390235206], [-68.75370938892515, 45.76916362519572], [-68.75370899279166, 45.7692536314594], [-68.75358038250072, 45.76925335415742], [-68.75357958981441, 45.76943336667876], [-68.75370820051906, 45.769433643982474]]]}}, {"type": "Feature", "properties": {"class": "exposed", "area_px": 3.0, "area_m2": 300.0, "confidence": 0.827, "lat": 45.764342, "lon": -68.83357, "status": "unverified"}, "geometry": {"type": "Polygon", "coordinates": [[[-68.83359102773395, 45.76444750600473], [-68.83359129534108, 45.764357499212345], [-68.83371989502936, 45.7643576864375], [-68.83372016242843, 45.7642676796431], [-68.83346296346674, 45.764267305049216], [-68.83346242784015, 45.764447318634254], [-68.83359102773395, 45.76444750600473]]]}}, {"type": "Feature", "properties": {"class": "island", "area_px": 51.0, "area_m2": 5100.0, "confidence": 0.963, "lat": 45.763562, "lon": -68.832001, "status": "unverified"}, "geometry": {"type": "Polygon", "coordinates": [[[-68.83192085096807, 45.76390501816872], [-68.83192112125596, 45.76381501137543], [-68.83269271186052, 45.763816143823846], [-68.83269324995089, 45.7636361302259], [-68.83256465192719, 45.763635941847525], [-68.83256492117725, 45.763545935047006], [-68.83243632336162, 45.763545746524464], [-68.83243686227149, 45.76336573292031], [-68.83230826487073, 45.76336554425421], [-68.83230853453055, 45.763275537450596], [-68.83205134014644, 45.76327515968539], [-68.83205161021856, 45.76318515288153], [-68.83192301323521, 45.76318496378241], [-68.83192274295631, 45.763274970585684], [-68.83153695139362, 45.76327440241813], [-68.83153668049306, 45.76336440921821], [-68.83140808310128, 45.763364219538964], [-68.8314072697715, 45.763634239928884], [-68.83153586778367, 45.763634429609894], [-68.83153532597099, 45.763814443197234], [-68.83179252282635, 45.76381482212743], [-68.83179225233168, 45.76390482892014], [-68.83192085096807, 45.76390501816872]]]}}, {"type": "Feature", "properties": {"class": "exposed", "area_px": 4.0, "area_m2": 400.0, "confidence": 0.893, "lat": 45.762821, "lon": -68.829481, "status": "unverified"}, "geometry": {"type": "Polygon", "coordinates": [[[-68.82960908975093, 45.762911514862196], [-68.82960963774147, 45.76273150126421], [-68.82935244589304, 45.762731117427286], [-68.82935189707534, 45.76291113102287], [-68.82960908975093, 45.762911514862196]]]}}, {"type": "Feature", "properties": {"class": "exposed", "area_px": 2.0, "area_m2": 200.0, "confidence": 0.775, "lat": 45.754156, "lon": -68.724524, "status": "unverified"}, "geometry": {"type": "Polygon", "coordinates": [[[-68.7245880307728, 45.75424594580858], [-68.72458891624969, 45.75406593322207], [-68.7244603411477, 45.754065623221464], [-68.72445945525745, 45.75424563580604], [-68.7245880307728, 45.75424594580858]]]}}, {"type": "Feature", "properties": {"class": "exposed", "area_px": 2.0, "area_m2": 200.0, "confidence": 0.74, "lat": 45.753976, "lon": -68.724654, "status": "unverified"}, "geometry": {"type": "Polygon", "coordinates": [[[-68.72471749135376, 45.754066243077986], [-68.72471837640887, 45.75388623048383], [-68.72458980171817, 45.75388592062985], [-68.72458891624969, 45.75406593322207], [-68.72471749135376, 45.754066243077986]]]}}, {"type": "Feature", "properties": {"class": "exposed", "area_px": 7.0, "area_m2": 700.0, "confidence": 0.908, "lat": 45.753862, "lon": -68.733526, "status": "unverified"}, "geometry": {"type": "Polygon", "coordinates": [[[-68.73358960681988, 45.753997267355516], [-68.73359003508524, 45.75390726099207], [-68.73371860992057, 45.753907560718034], [-68.73371946603186, 45.753727547984994], [-68.73346231718996, 45.75372694839213], [-68.73346188872198, 45.75381695475748], [-68.7333333140974, 45.75381665474309], [-68.73333245674195, 45.75399666746765], [-68.73358960681988, 45.753997267355516]]]}}, {"type": "Feature", "properties": {"class": "exposed", "area_px": 3.0, "area_m2": 300.0, "confidence": 0.644, "lat": 45.75349, "lon": -68.728256, "status": "unverified"}, "geometry": {"type": "Polygon", "coordinates": [[[-68.728448789459, 45.75353512799409], [-68.72844922598135, 45.75344512166131], [-68.72806350483414, 45.75344420426729], [-68.72806306769176, 45.75353421059721], [-68.728448789459, 45.75353512799409]]]}}, {"type": "Feature", "properties": {"class": "exposed", "area_px": 2.0, "area_m2": 200.0, "confidence": 0.738, "lat": 45.753313, "lon": -68.729607, "status": "unverified"}, "geometry": {"type": "Polygon", "coordinates": [[[-68.72973539772667, 45.75335816389319], [-68.72973583217811, 45.75326815754803], [-68.72947868552993, 45.75326754899418], [-68.72947825066514, 45.75335755533743], [-68.72973539772667, 45.75335816389319]]]}}, {"type": "Feature", "properties": {"class": "exposed", "area_px": 2.0, "area_m2": 200.0, "confidence": 0.631, "lat": 45.75322, "lon": -68.72845, "status": "unverified"}, "geometry": {"type": "Polygon", "coordinates": [[[-68.72857867232635, 45.75326541449819], [-68.7285791086358, 45.75317540816017], [-68.72832196243817, 45.753174797003936], [-68.72832152571537, 45.75326480334005], [-68.72857867232635, 45.75326541449819]]]}}, {"type": "Feature", "properties": {"class": "exposed", "area_px": 5.0, "area_m2": 500.0, "confidence": 0.65, "lat": 45.753209, "lon": -68.723989, "status": "unverified"}, "geometry": {"type": "Polygon", "coordinates": [[[-68.72394959085157, 45.7533443314078], [-68.72395003460343, 45.753254325105836], [-68.72420718107243, 45.753254946102395], [-68.72420762440885, 45.75316493979705], [-68.72407905137996, 45.75316462937209], [-68.72407949492094, 45.75307462306629], [-68.72395092210085, 45.753074312497596], [-68.72395047835319, 45.75316431880243], [-68.72382190532853, 45.7531640080881], [-68.72382101741356, 45.753344020691536], [-68.72394959085157, 45.7533443314078]]]}}, {"type": "Feature", "properties": {"class": "exposed", "area_px": 2.0, "area_m2": 200.0, "confidence": 0.643, "lat": 45.753074, "lon": -68.723629, "status": "unverified"}, "geometry": {"type": "Polygon", "coordinates": [[[-68.72369333230598, 45.753163697229084], [-68.72369422062587, 45.75298368462188], [-68.72356564801876, 45.752983373620125], [-68.72356475928552, 45.75316338622538], [-68.72369333230598, 45.753163697229084]]]}}, {"type": "Feature", "properties": {"class": "exposed", "area_px": 21.0, "area_m2": 2100.0, "confidence": 0.693, "lat": 45.752996, "lon": -68.729618, "status": "unverified"}, "geometry": {"type": "Polygon", "coordinates": [[[-68.72986440550528, 45.753268461607924], [-68.72986483974799, 45.7531784552604], [-68.72999341287056, 45.753178759174666], [-68.72999384690453, 45.75308875282476], [-68.72986527398864, 45.75308844891144], [-68.72986614246375, 45.752908436209225], [-68.7299947149663, 45.75290874012066], [-68.72999514899409, 45.752818733766475], [-68.7297380044044, 45.75281812580084], [-68.72973843884347, 45.75272811944713], [-68.7296098667584, 45.75272781524824], [-68.72960943211264, 45.752817821601006], [-68.72935228753532, 45.75281721276729], [-68.72935185247418, 45.752907219116736], [-68.72922327998195, 45.7529069144819], [-68.72922197416608, 45.753176933518816], [-68.72947912039265, 45.753177542649496], [-68.72947955525332, 45.75308753630338], [-68.72960812816304, 45.75308784065074], [-68.72960769350904, 45.75317784699781], [-68.72973626662748, 45.753178151201446], [-68.72973583217811, 45.75326815754803], [-68.72986440550528, 45.753268461607924]], [[-68.72947955525332, 45.75308753630338], [-68.72935098234568, 45.75308723181133], [-68.72935141741097, 45.752997225464746], [-68.72947999011193, 45.75299752995584], [-68.72947955525332, 45.75308753630338]]]}}, {"type": "Feature", "properties": {"class": "exposed", "area_px": 3.0, "area_m2": 300.0, "confidence": 0.635, "lat": 45.752355, "lon": -68.730362, "status": "unverified"}, "geometry": {"type": "Polygon", "coordinates": [[[-68.73038259950462, 45.752459619187405], [-68.73038303290211, 45.75236961282324], [-68.73051160417289, 45.75236991615024], [-68.73051203736166, 45.7522799097837], [-68.7302548952355, 45.75227930298689], [-68.73025402802925, 45.75245931571476], [-68.73038259950462, 45.752459619187405]]]}}, {"type": "Feature", "properties": {"class": "exposed", "area_px": 2.0, "area_m2": 200.0, "confidence": 0.96, "lat": 45.751907, "lon": -68.844685, "status": "unverified"}, "geometry": {"type": "Polygon", "coordinates": [[[-68.8448139084114, 45.75195228851926], [-68.84481415786206, 45.75186228147959], [-68.84455701574788, 45.75186193193181], [-68.84455676588388, 45.751951938970386], [-68.8448139084114, 45.75195228851926]]]}}, {"type": "Feature", "properties": {"class": "exposed", "area_px": 4.0, "area_m2": 400.0, "confidence": 0.841, "lat": 45.750687, "lon": -68.825629, "status": "unverified"}, "geometry": {"type": "Polygon", "coordinates": [[[-68.82578901507569, 45.75075476827454], [-68.82578957511446, 45.750574754327985], [-68.82566100713599, 45.75057455822255], [-68.82566072691061, 45.75066456519595], [-68.82540359054438, 45.75066417254984], [-68.82540330990436, 45.75075417952056], [-68.82578901507569, 45.75075476827454]]]}}, {"type": "Feature", "properties": {"class": "island", "area_px": 228.0, "area_m2": 22800.0, "confidence": 0.966, "lat": 45.750449, "lon": -68.736808, "status": "unverified"}, "geometry": {"type": "Polygon", "coordinates": [[[-68.73745909802773, 45.75139601029611], [-68.7374595200345, 45.751306003863405], [-68.73758808893693, 45.75130629922204], [-68.73758851073507, 45.75121629278697], [-68.73784564813263, 45.75121688306838], [-68.73784901913919, 45.750496831521815], [-68.73772045209262, 45.750496536460815], [-68.73772087366609, 45.750406530011986], [-68.73759230682815, 45.750406234807244], [-68.73759272860627, 45.7503162283579], [-68.73746416197699, 45.75031593300942], [-68.73746500594049, 45.75013592010831], [-68.73733643972649, 45.750135624617016], [-68.73733686191188, 45.750045618165245], [-68.73720829590653, 45.750045322530184], [-68.73720871829656, 45.74995531607791], [-68.73708015249986, 45.74995502029911], [-68.73708057509452, 45.74986501384633], [-68.73695200950645, 45.74986471792378], [-68.73695285510306, 45.7496847050158], [-68.73682428993028, 45.749684408950436], [-68.73682471293219, 45.74959440249524], [-68.73669614796806, 45.74959410628613], [-68.7366965711746, 45.749504099830425], [-68.73656800641912, 45.749503803477566], [-68.7365684298303, 45.74941379702136], [-68.73605417165497, 45.749412610167056], [-68.73605374741724, 45.74950261661956], [-68.73592518267182, 45.74950231954339], [-68.73592475822545, 45.74959232599355], [-68.73579619327539, 45.7495920287718], [-68.73579322064795, 45.7502220738764], [-68.73592178704448, 45.750222371104655], [-68.735921362582, 45.75031237754339], [-68.73604992918719, 45.7503126746279], [-68.73604908066949, 45.75049268750295], [-68.73617764768998, 45.75049298444465], [-68.73617722363475, 45.75058299088095], [-68.73630579086391, 45.7505832876789], [-68.73630324773018, 45.751123326272335], [-68.73643181620125, 45.751123622931175], [-68.73643139254524, 45.75121362935934], [-68.73655996122498, 45.75121392587443], [-68.73655953777362, 45.75130393230211], [-68.7368166755524, 45.751304524900135], [-68.73681625251234, 45.751394531328216], [-68.73745909802773, 45.75139601029611]]]}}, {"type": "Feature", "properties": {"class": "exposed", "area_px": 13.0, "area_m2": 1300.0, "confidence": 0.793, "lat": 45.749339, "lon": -68.726951, "status": "unverified"}, "geometry": {"type": "Polygon", "coordinates": [[[-68.7270537814498, 45.74957147830953], [-68.727054220154, 45.749481471924454], [-68.72718278475817, 45.749481778982435], [-68.72718322325366, 45.749391772594976], [-68.72731178765329, 45.74939207950733], [-68.72731222594005, 45.749302073117484], [-68.72705509755617, 45.74930145915003], [-68.72705553625413, 45.74921145276067], [-68.72692697227194, 45.74921114556091], [-68.72692741117443, 45.749121139171095], [-68.72667028362956, 45.7491205243395], [-68.72666984431379, 45.749210530727396], [-68.72679840829183, 45.74921083821649], [-68.7267979691806, 45.74930084460392], [-68.72666940499595, 45.749300537113875], [-68.726668965676, 45.749390543498926], [-68.72679753006729, 45.74939085098994], [-68.7267970909519, 45.749480857374515], [-68.7269256555519, 45.749481164721814], [-68.72692521664106, 45.74957117110593], [-68.7270537814498, 45.74957147830953]]]}}, {"type": "Feature", "properties": {"class": "island", "area_px": 196.0, "area_m2": 19600.0, "confidence": 0.9, "lat": 45.750101, "lon": -68.725051, "status": "unverified"}, "geometry": {"type": "Polygon", "coordinates": [[[-68.72408703479562, 45.75154451564932], [-68.72408747829871, 45.75145450931783], [-68.72421604740096, 45.75145481972439], [-68.7242164906953, 45.7513648133905], [-68.72434505959298, 45.75136512365142], [-68.72434461650529, 45.751455129986276], [-68.72447318561173, 45.751455440103484], [-68.72447407137169, 45.751275427430414], [-68.72460264006693, 45.75127573740101], [-68.72460396807115, 45.751005718377776], [-68.72473253614852, 45.751006028200806], [-68.72473297860574, 45.750916021855915], [-68.72486154647858, 45.7509163315333], [-68.72486243097342, 45.75073631883729], [-68.72499099843505, 45.75073662836808], [-68.72499144047268, 45.75064662201696], [-68.72512000772976, 45.7506469314021], [-68.72512089138543, 45.75046691869366], [-68.7252494582313, 45.75046722793222], [-68.72524989984936, 45.75037722157489], [-68.7253784664907, 45.7503775306678], [-68.7253789079, 45.75028752430808], [-68.72550747433678, 45.75028783325536], [-68.72550791553735, 45.750197826893256], [-68.7256364817696, 45.75019813569491], [-68.72563736375118, 45.75001812296447], [-68.72576592957222, 45.75001843161953], [-68.72576637035323, 45.74992842525121], [-68.72589493596972, 45.74992873376065], [-68.72589581711219, 45.74974872101778], [-68.72602438231749, 45.749749029380624], [-68.72602482267897, 45.749659023006096], [-68.72615338767973, 45.74965933122331], [-68.72615470813167, 45.74938931208826], [-68.72628327251464, 45.74938962015792], [-68.72628371245446, 45.74929961377576], [-68.72641227663286, 45.749299921699794], [-68.72641271636398, 45.749209915315234], [-68.72589846048943, 45.74920868275496], [-68.72589934159845, 45.74902866998928], [-68.7257707780483, 45.74902836148947], [-68.7257703372882, 45.749118367872065], [-68.7253846460304, 45.74911744150182], [-68.72538420464832, 45.74920744788009], [-68.72499851278947, 45.74920652020498], [-68.72499762877924, 45.74938653295147], [-68.72486906441722, 45.74938622343517], [-68.72486817998532, 45.74956623617402], [-68.72473961521213, 45.749565926511124], [-68.72473873035857, 45.74974593924232], [-68.7246101651742, 45.74974562943284], [-68.7246088372582, 45.75001564851602], [-68.72448027145602, 45.75001533855896], [-68.7244793857549, 45.75019535127201], [-68.72435081954156, 45.750195041168354], [-68.72434993341874, 45.75037505387376], [-68.7242213667942, 45.750374743623496], [-68.7242204802497, 45.75055475632126], [-68.72409191321395, 45.75055444592439], [-68.72409102624775, 45.75073445861449], [-68.72396245880081, 45.75073414807102], [-68.7239620151079, 45.75082415441297], [-68.72409058276149, 45.75082446495741], [-68.72408969578264, 45.75100447763895], [-68.72421826385161, 45.75100478804067], [-68.72421737727765, 45.751184800718434], [-68.72408880879539, 45.75118449031478], [-68.72408792179971, 45.75136450298491], [-68.72395935290622, 45.75136419243465], [-68.72395846548882, 45.75154420509713], [-68.72408703479562, 45.75154451564932]]]}}, {"type": "Feature", "properties": {"class": "island", "area_px": 259.0, "area_m2": 25900.0, "confidence": 0.826, "lat": 45.749659, "lon": -68.840241, "status": "unverified"}, "geometry": {"type": "Polygon", "coordinates": [[[-68.84417130258551, 45.75186140652505], [-68.84417155306834, 45.75177139948671], [-68.84365726969516, 45.751770696921035], [-68.84365752100344, 45.75168068988344], [-68.84352895036979, 45.75168051388088], [-68.84352920188354, 45.751590506842426], [-68.84340063145775, 45.75159033069573], [-68.84340088317697, 45.7515003236564], [-68.8431437427423, 45.75149997093008], [-68.84314399487366, 45.75140996389041], [-68.84301542486477, 45.75140978731079], [-68.84301567720159, 45.75131978027026], [-68.84275853760074, 45.75131942667809], [-68.84275879034969, 45.751229419637234], [-68.84263022075771, 45.751229242624696], [-68.84263072666532, 45.7510492285398], [-68.84250215748787, 45.75104905138369], [-68.84250266380398, 45.750869037294194], [-68.84237409504105, 45.75086885999452], [-68.84237460176568, 45.75068884590045], [-68.84224603341725, 45.750688668457194], [-68.84224679411514, 45.75041864730705], [-68.84173252321331, 45.75041793609398], [-68.84173226882197, 45.75050794314323], [-68.841475132965, 45.75050758666755], [-68.84147538776965, 45.750417579619416], [-68.84121825233083, 45.75041722256617], [-68.84121850754758, 45.75032721551772], [-68.84108994003664, 45.75032703677465], [-68.84109019545883, 45.750237029725334], [-68.84096162815574, 45.75023685083815], [-68.84096341752367, 45.74960680145692], [-68.8408348516683, 45.74960662242897], [-68.84083510749409, 45.74951661536938], [-68.84070654184657, 45.749516436197325], [-68.84070679787779, 45.74942642913685], [-68.84057823243813, 45.74942624982068], [-68.84057848867477, 45.74933624275936], [-68.8403213582124, 45.74933588369416], [-68.84032084491137, 45.749515897813154], [-68.83993514798712, 45.749515358126985], [-68.83993566252799, 45.74933534401136], [-68.8398070973023, 45.749335163827745], [-68.83980658234815, 45.74951517794226], [-68.83967801671038, 45.74951499761288], [-68.83967827439471, 45.74942499055688], [-68.83942114353616, 45.74942462946523], [-68.83942140163253, 45.74933462240896], [-68.83954996685456, 45.749334803026564], [-68.83955048263039, 45.749154788908605], [-68.84006474187763, 45.74915550992783], [-68.84006499893715, 45.749065502864454], [-68.83993643433016, 45.749065322827214], [-68.8399366915951, 45.74897531576298], [-68.83980812719595, 45.748975135581645], [-68.8398083846663, 45.74888512851654], [-68.83967982047501, 45.74888494819109], [-68.83968007815078, 45.74879494112515], [-68.83955151416735, 45.748794760655585], [-68.83955202992848, 45.748614746520516], [-68.83942346635953, 45.74861456590743], [-68.8394237244449, 45.74852455883834], [-68.8392951610838, 45.74852437808116], [-68.83929567766411, 45.7483443639398], [-68.83878142588505, 45.74834363946897], [-68.83878168499987, 45.748253632398416], [-68.8386531222648, 45.74825345091961], [-68.83865338158502, 45.748163443848206], [-68.83852481905781, 45.748163262225304], [-68.83852533810783, 45.747983248079336], [-68.8383967759951, 45.747983066312926], [-68.83839703572487, 45.74789305923837], [-68.83826847382001, 45.747892877327864], [-68.83826873375517, 45.747802870252464], [-68.83814017205815, 45.74780268819786], [-68.83813835103967, 45.74843273769183], [-68.83826691418307, 45.74843291975041], [-68.83826639429422, 45.74861293387985], [-68.83813783073757, 45.74861275182013], [-68.83813757058466, 45.74870275888216], [-68.83826613434795, 45.74870294094244], [-68.8382656144517, 45.748882955063316], [-68.83852274280852, 45.748883318752156], [-68.83852300234399, 45.748793311691294], [-68.83865156631761, 45.74879349331815], [-68.8386510476587, 45.7489735074396], [-68.83852248327182, 45.74897332581161], [-68.83852196419471, 45.74915333992621], [-68.83839339939578, 45.749153158152424], [-68.83839313964876, 45.74924316520703], [-68.83852170465431, 45.749243346981395], [-68.83852144511269, 45.74933335403513], [-68.83865001032612, 45.749333535665386], [-68.8386497509899, 45.749423542718276], [-68.83877831641121, 45.749423724204426], [-68.83877779814836, 45.74960373830706], [-68.83890636398417, 45.74960391964968], [-68.83890610505755, 45.74969392669943], [-68.83916323714614, 45.74969428895181], [-68.83916349565949, 45.749604281900936], [-68.83993489071484, 45.74960536518267], [-68.83993463344136, 45.749695372236914], [-68.84019176554953, 45.74969573217461], [-68.84019150868812, 45.749785739228564], [-68.84032007495068, 45.74978591898096], [-68.84031981829467, 45.74987592603405], [-68.84044838476511, 45.74987610564234], [-68.84044787186275, 45.75005611974537], [-68.84057643874769, 45.75005629921012], [-68.84057618250132, 45.75014630626005], [-68.84070474959412, 45.750146485580686], [-68.84070423751106, 45.75032649967739], [-68.84083280501838, 45.75032667885449], [-68.84083254918167, 45.750416685901264], [-68.84096111689684, 45.75041686493422], [-68.84096086126559, 45.75050687198015], [-68.84108942918861, 45.750507050869004], [-68.84108917376278, 45.75059705791404], [-68.84121774189369, 45.7505972366588], [-68.8412174866733, 45.75068724370297], [-68.84160319169324, 45.75068777907086], [-68.8416029370916, 45.75077778611527], [-68.84173150564064, 45.75077796428244], [-68.84173125124447, 45.750867971325995], [-68.84185982000137, 45.750868149349046], [-68.84185956581062, 45.750958156391725], [-68.84198813477539, 45.75095833427066], [-68.84198788079011, 45.751048341312476], [-68.84211644996276, 45.751048519047295], [-68.84211619618293, 45.751138526088226], [-68.84237333494512, 45.75113888112494], [-68.84237308157739, 45.75122888816558], [-68.84250165116696, 45.75122906546746], [-68.8425013980047, 45.751319072507215], [-68.84262996780213, 45.75131924966499], [-68.84262971484532, 45.751409256703866], [-68.84288685485708, 45.75140961058649], [-68.8428866023124, 45.75149961762506], [-68.84301517252675, 45.75149979434991], [-68.84301492018754, 45.75158980138759], [-68.84314349060975, 45.751589977968315], [-68.843143238476, 45.75167998500512], [-68.84327180910607, 45.751680161441726], [-68.84327155717779, 45.75177016847766], [-68.84340012801573, 45.75177034477014], [-68.8433998762929, 45.7518603518052], [-68.84417130258551, 45.75186140652505]], [[-68.83890714075667, 45.749333898491905], [-68.83877857554079, 45.74933371715099], [-68.83877883466914, 45.74924371009612], [-68.83890739967839, 45.74924389143647], [-68.83890714075667, 45.749333898491905]], [[-68.83916478820781, 45.7491542466252], [-68.83903622340273, 45.749154065574736], [-68.83903648211535, 45.74906405851587], [-68.83916504671379, 45.749064239565776], [-68.83916478820781, 45.7491542466252]], [[-68.83877935292216, 45.74906369598208], [-68.83865078832741, 45.74906351449819], [-68.8386510476587, 45.7489735074396], [-68.83877961204682, 45.74897368892293], [-68.83877935292216, 45.74906369598208]], [[-68.83903674082674, 45.748974051455605], [-68.83890817643616, 45.7489738702616], [-68.83890843535296, 45.74888386320045], [-68.83903699953692, 45.74888404439388], [-68.83903674082674, 45.748974051455605]], [[-68.83890843535296, 45.74888386320045], [-68.83877987117026, 45.748883681862345], [-68.83878013029246, 45.74879367480035], [-68.83865156631761, 45.74879349331815], [-68.83865208497159, 45.74861347919101], [-68.83878064853319, 45.74861366067206], [-68.8387809076517, 45.748523653605794], [-68.8390380343653, 45.7485240161328], [-68.83903777566005, 45.7486140232002], [-68.8391663392253, 45.74861420424727], [-68.83916608072546, 45.74870421131383], [-68.83903751695355, 45.74870403026619], [-68.83903725824585, 45.74879403733075], [-68.83890869426854, 45.74879385613788], [-68.83890843535296, 45.74888386320045]]]}}, {"type": "Feature", "properties": {"class": "exposed", "area_px": 28.0, "area_m2": 2800.0, "confidence": 0.749, "lat": 45.748162, "lon": -68.833001, "status": "unverified"}, "geometry": {"type": "Polygon", "coordinates": [[[-68.83299555791078, 45.74851534376808], [-68.8329958263264, 45.74842533672633], [-68.83325295251417, 45.74842571227174], [-68.83325322051526, 45.748335705227376], [-68.83338178340443, 45.748335892782514], [-68.83338205119762, 45.74824588573614], [-68.83325348851507, 45.74824569818159], [-68.83325456050159, 45.74788566998419], [-68.83312599864682, 45.74788548228733], [-68.83312626684689, 45.74779547523501], [-68.8328691435544, 45.7477950994085], [-68.83286860632649, 45.74797511350937], [-68.8327400442689, 45.747974925377946], [-68.8327392377976, 45.748244946516806], [-68.83261067512143, 45.74824475823896], [-68.83261040608849, 45.74833476528182], [-68.8327389689713, 45.74833495356025], [-68.83273870014371, 45.74842496060226], [-68.8328672632344, 45.74842514873662], [-68.83286699461216, 45.748515155777795], [-68.83299555791078, 45.74851534376808]]]}}, {"type": "Feature", "properties": {"class": "exposed", "area_px": 3.0, "area_m2": 300.0, "confidence": 0.702, "lat": 45.747517, "lon": -68.837605, "status": "unverified"}, "geometry": {"type": "Polygon", "coordinates": [[[-68.83762644721529, 45.747621944383475], [-68.83762670817985, 45.747531937306626], [-68.83775526925207, 45.747532119938164], [-68.83775553000879, 45.747442112859325], [-68.83749840827883, 45.74744174745276], [-68.83749788593768, 45.74762176160672], [-68.83762644721529, 45.747621944383475]]]}}, {"type": "Feature", "properties": {"class": "island", "area_px": 616.0, "area_m2": 61600.0, "confidence": 0.907, "lat": 45.748786, "lon": -68.83571, "status": "unverified"}, "geometry": {"type": "Polygon", "coordinates": [[[-68.836333469127, 45.75014030751893], [-68.83633373219273, 45.75005030048772], [-68.83659086588499, 45.75005066853143], [-68.83659139118609, 45.74987065446244], [-68.8367199576208, 45.74987083826613], [-68.83672022006283, 45.74978083122895], [-68.83684878629215, 45.74978101488739], [-68.83684904852629, 45.749691007848185], [-68.83697761455021, 45.7496911913614], [-68.83697787657648, 45.749601184320206], [-68.837106442395, 45.749601367688165], [-68.83710670421337, 45.749511360644966], [-68.83723526982648, 45.7495115438677], [-68.83723553143697, 45.749421536822496], [-68.83736409684468, 45.74942171989999], [-68.8373643582473, 45.7493317128528], [-68.83762148865318, 45.74933207857265], [-68.83762174964129, 45.749242071522886], [-68.83787887963882, 45.74924243666293], [-68.83787914021242, 45.749152429610604], [-68.83826483459809, 45.749152976233965], [-68.83826535450174, 45.748972962121634], [-68.83813679011855, 45.74897278005965], [-68.8381365299607, 45.74906278711595], [-68.83800796537211, 45.74906260490873], [-68.83800822573659, 45.74897259785299], [-68.83787966135587, 45.74897241550168], [-68.83787992192575, 45.748882408445084], [-68.83749422941091, 45.748881860524854], [-68.83749501297281, 45.74861183935163], [-68.83736644942357, 45.74861165642395], [-68.83736723359421, 45.74834163523961], [-68.8372386706661, 45.74834145216898], [-68.83723893226046, 45.74825144510525], [-68.83711036954021, 45.74825126189053], [-68.83711063133997, 45.748161254825945], [-68.8369820688276, 45.74816107146713], [-68.83698233083273, 45.74807106440171], [-68.83672520622495, 45.74807069725125], [-68.8367254686421, 45.74798069018553], [-68.83633978235967, 45.74798013837661], [-68.83634083449522, 45.7476201101064], [-68.83621227323007, 45.747619925883086], [-68.83621279970359, 45.74743991174058], [-68.83608423885292, 45.747439727373745], [-68.83608450229443, 45.74734972030093], [-68.83595594165162, 45.74734953579003], [-68.8359556780035, 45.74743954286226], [-68.83582711715533, 45.747439358206115], [-68.83582738101006, 45.74734935113446], [-68.83544169909293, 45.74734879629982], [-68.83544143461833, 45.747438803369754], [-68.8356985563084, 45.74743917340532], [-68.8356982922458, 45.747529180474984], [-68.83544117014249, 45.74752881043826], [-68.83544090566538, 45.74761881750533], [-68.83518378315385, 45.74761844688882], [-68.83518404804418, 45.7475284398229], [-68.83505548699692, 45.74752825429824], [-68.83505495680174, 45.7477082684275], [-68.83479783388451, 45.74770789694188], [-68.8347975683718, 45.747797904003235], [-68.83441188338553, 45.74779734568813], [-68.83441161725167, 45.74788735274629], [-68.83428305538548, 45.747887166351354], [-68.83428278904375, 45.74797717340751], [-68.83415422697222, 45.74797698686735], [-68.83415396042258, 45.748066993921505], [-68.83389683587004, 45.748066620406014], [-68.8338971028329, 45.747976613353025], [-68.83376854076516, 45.74797642637887], [-68.8337688079334, 45.74788641932505], [-68.83364024607354, 45.747886232206824], [-68.83363997869868, 45.74797623926007], [-68.83351141663348, 45.747976051996595], [-68.83351114905074, 45.74806605904783], [-68.83338258678017, 45.74806587163912], [-68.83338231898952, 45.74815587868833], [-68.83351088146671, 45.74815606609764], [-68.83351061388143, 45.74824607314602], [-68.83363917656652, 45.748246260411236], [-68.83363944394517, 45.74815625336227], [-68.8341536938717, 45.74815700097422], [-68.83415342731955, 45.748247008025515], [-68.83428199001096, 45.74824719456744], [-68.83428065826438, 45.74869722980547], [-68.83402353081651, 45.74869685657115], [-68.83402326405013, 45.74878686361331], [-68.83363757226793, 45.7487863026751], [-68.83363703749157, 45.74896631675165], [-68.83350847315344, 45.74896612948175], [-68.8335076703595, 45.74923615058413], [-68.83415049516238, 45.749237085495736], [-68.83415022859505, 45.749327092529924], [-68.83427879376607, 45.74932727907884], [-68.83427772831065, 45.74968730720369], [-68.8345348603096, 45.74968767987216], [-68.83453459435587, 45.74977768690097], [-68.83479172677315, 45.749778058991936], [-68.83479199231358, 45.74968805196196], [-68.83517769032903, 45.74968860901165], [-68.83517795524828, 45.74959860197851], [-68.83543508685156, 45.74959897262048], [-68.8354348223456, 45.74968897965476], [-68.83556338835577, 45.74968916475934], [-68.83556285975335, 45.7498691788248], [-68.83569142617807, 45.74986936378585], [-68.83569063388498, 45.7501393848751], [-68.836333469127, 45.75014030751893]]]}}, {"type": "Feature", "properties": {"class": "exposed", "area_px": 20.0, "area_m2": 2000.0, "confidence": 0.659, "lat": 45.747642, "lon": -68.830061, "status": "unverified"}, "geometry": {"type": "Polygon", "coordinates": [[[-68.82991167932663, 45.747970749887834], [-68.82991195269355, 45.747880742851734], [-68.83004051451621, 45.74788093416507], [-68.83004078767523, 45.747790927126935], [-68.83029791091121, 45.74779130931843], [-68.83029872914074, 45.74752128819191], [-68.8304272901408, 45.74752147906888], [-68.83042756267479, 45.74743147202326], [-68.83029900188133, 45.74743128114689], [-68.83029927462063, 45.747341274100435], [-68.83004215345085, 45.74734089191491], [-68.83004188029831, 45.74743089896017], [-68.82991331950875, 45.74743070764983], [-68.82991249942353, 45.747700728775236], [-68.8297839380154, 45.74770053731845], [-68.82978339087218, 45.74788055139375], [-68.8296548290521, 45.7478803597911], [-68.82965455527193, 45.74797036682601], [-68.82991167932663, 45.747970749887834]]]}}, {"type": "Feature", "properties": {"class": "exposed", "area_px": 9.0, "area_m2": 900.0, "confidence": 0.722, "lat": 45.747336, "lon": -68.837206, "status": "unverified"}, "geometry": {"type": "Polygon", "coordinates": [[[-68.83724102497065, 45.74753138854413], [-68.83724128655385, 45.747441381467574], [-68.83749840827883, 45.74744174745276], [-68.83749866944756, 45.74735174037364], [-68.83737010879105, 45.74735155745394], [-68.83737037016513, 45.74726155037396], [-68.83724180971649, 45.74726136731019], [-68.83724207129595, 45.74717136022936], [-68.83698495081563, 45.74717099366898], [-68.83698442682899, 45.74735100782693], [-68.83711298748177, 45.74735119118059], [-68.8371124639034, 45.747531205333985], [-68.83724102497065, 45.74753138854413]]]}}, {"type": "Feature", "properties": {"class": "exposed", "area_px": 3.0, "area_m2": 300.0, "confidence": 0.84, "lat": 45.747036, "lon": -68.836921, "status": "unverified"}, "geometry": {"type": "Polygon", "coordinates": [[[-68.83698495081563, 45.74717099366898], [-68.83698573678626, 45.74690097242137], [-68.8368571771678, 45.74690078892592], [-68.83685639057734, 45.747170810171816], [-68.83698495081563, 45.74717099366898]]]}}, {"type": "Feature", "properties": {"class": "exposed", "area_px": 22.0, "area_m2": 2200.0, "confidence": 0.774, "lat": 45.747096, "lon": -68.833555, "status": "unverified"}, "geometry": {"type": "Polygon", "coordinates": [[[-68.83338472905956, 45.74734581519404], [-68.83338499683876, 45.74725580813198], [-68.83389923849029, 45.747256556877836], [-68.8339003062886, 45.74689652860603], [-68.83377174670026, 45.74689634163889], [-68.83377201385329, 45.74680633456796], [-68.83364345447282, 45.746806147456745], [-68.8336431871132, 45.746896154527086], [-68.8335146275274, 45.74689596727063], [-68.83351435995989, 45.74698597433897], [-68.83325724037888, 45.746985599390925], [-68.83325697239688, 45.74707560645667], [-68.83312841240166, 45.747075418765085], [-68.83312787602061, 45.747255432891116], [-68.83325643642905, 45.74725562058388], [-68.83325616844323, 45.747345627645345], [-68.83338472905956, 45.74734581519404]]]}}, {"type": "Feature", "properties": {"class": "exposed", "area_px": 2.0, "area_m2": 200.0, "confidence": 0.66, "lat": 45.746133, "lon": -68.83506, "status": "unverified"}, "geometry": {"type": "Polygon", "coordinates": [[[-68.83518802124853, 45.746178333663], [-68.83518828611876, 45.74608832657428], [-68.83493117063705, 45.74608795539883], [-68.83493090535362, 45.746177962486406], [-68.83518802124853, 45.746178333663]]]}}, {"type": "Feature", "properties": {"class": "exposed", "area_px": 5.0, "area_m2": 500.0, "confidence": 0.733, "lat": 45.745662, "lon": -68.832734, "status": "unverified"}, "geometry": {"type": "Polygon", "coordinates": [[[-68.83274649562608, 45.745814755805156], [-68.8327467644167, 45.74572474872179], [-68.83287532130899, 45.745724936838535], [-68.83287585847317, 45.74554492266639], [-68.83261874551627, 45.74554454629061], [-68.83261793852849, 45.74581456754317], [-68.83274649562608, 45.745814755805156]]]}}, {"type": "Feature", "properties": {"class": "island", "area_px": 86.0, "area_m2": 8600.0, "confidence": 0.907, "lat": 45.746084, "lon": -68.836108, "status": "unverified"}, "geometry": {"type": "Polygon", "coordinates": [[[-68.8368571771678, 45.74690078892592], [-68.83685848812704, 45.74645075348759], [-68.83672992954288, 45.74645056985036], [-68.83673071672331, 45.74618054857197], [-68.8366021587602, 45.74618036479179], [-68.83660268395414, 45.74600035060023], [-68.83647412640549, 45.74600016667656], [-68.8364743892072, 45.74591015957921], [-68.8363458318664, 45.74590997551146], [-68.83634609487345, 45.745819968413265], [-68.8362175377405, 45.745819784201444], [-68.83621806416406, 45.74563977000192], [-68.83608950744556, 45.74563958564659], [-68.83608977086207, 45.74554957854528], [-68.83596121435141, 45.745549394045895], [-68.83596147797327, 45.745459386943715], [-68.83570436536891, 45.74545901751214], [-68.83570410133386, 45.74554902461317], [-68.83531843181692, 45.74554846937923], [-68.83531816716082, 45.74563847647709], [-68.8351896104511, 45.74563829110924], [-68.83518934558714, 45.745728298205094], [-68.83506078867205, 45.74572811269201], [-68.83506052360025, 45.745818119785866], [-68.83531763784487, 45.74581849066853], [-68.835317373185, 45.74590849776212], [-68.83544593051579, 45.745908682987064], [-68.83544566606128, 45.7459986900798], [-68.83583133868096, 45.74599924488846], [-68.83583081100778, 45.74617925907312], [-68.83608792692026, 45.74617962822462], [-68.83608660978147, 45.746629663667086], [-68.83647228675866, 45.74663021631809], [-68.836472023947, 45.74672022340402], [-68.8366005831485, 45.74672040733229], [-68.83660032054217, 45.74681041441739], [-68.83672887995154, 45.74681059820158], [-68.83672861755059, 45.746900605285816], [-68.8368571771678, 45.74690078892592]]]}}, {"type": "Feature", "properties": {"class": "exposed", "area_px": 2.0, "area_m2": 200.0, "confidence": 0.696, "lat": 45.744826, "lon": -68.833585, "status": "unverified"}, "geometry": {"type": "Polygon", "coordinates": [[[-68.83364906873203, 45.74491599865017], [-68.8336496033942, 45.744735984445335], [-68.83352104876681, 45.74473579720291], [-68.83352051369147, 45.74491581140658], [-68.83364906873203, 45.74491599865017]]]}}, {"type": "Feature", "properties": {"class": "exposed", "area_px": 2.0, "area_m2": 200.0, "confidence": 0.667, "lat": 45.744646, "lon": -68.833714, "status": "unverified"}, "geometry": {"type": "Polygon", "coordinates": [[[-68.83377815802287, 45.74473617154311], [-68.83377869226679, 45.7445561573314], [-68.83365013805131, 45.74455597023479], [-68.8336496033942, 45.744735984445335], [-68.83377815802287, 45.74473617154311]]]}}, {"type": "Feature", "properties": {"class": "island", "area_px": 101.0, "area_m2": 10100.0, "confidence": 0.892, "lat": 45.742557, "lon": -68.835758, "status": "unverified"}, "geometry": {"type": "Polygon", "coordinates": [[[-68.83686766397095, 45.74330050442152], [-68.83686818825886, 45.74312049013643], [-68.8367396373185, 45.743120306520396], [-68.83674016201458, 45.742940292230756], [-68.8366116114886, 45.74294010847124], [-68.83661187404135, 45.74285010132484], [-68.8364833237232, 45.74284991742127], [-68.83648358648126, 45.74275991027404], [-68.8363550363709, 45.7427597262264], [-68.83635529933429, 45.74266971907832], [-68.83622674943176, 45.74266953488663], [-68.83622701260046, 45.742579527737675], [-68.83609846290574, 45.74257934340192], [-68.83609872627976, 45.74248933625214], [-68.83597017679286, 45.74248915177233], [-68.83597149467701, 45.74203911600488], [-68.83584294622416, 45.742038931383334], [-68.83584321000382, 45.74194892422615], [-68.83558611351498, 45.74194855455029], [-68.8355863777065, 45.74185854739284], [-68.83520073360235, 45.74185799179607], [-68.83519993916504, 45.74212801325898], [-68.83507139051316, 45.74212782776905], [-68.83507059544488, 45.74239784921739], [-68.83494204617456, 45.7423976635811], [-68.83494151570962, 45.74257767787171], [-68.83481296602744, 45.74257749208962], [-68.83481270058651, 45.74266749923222], [-68.83494125047525, 45.74266768501487], [-68.83494098523964, 45.742757692156616], [-68.83506953533622, 45.74275787779521], [-68.83506980036526, 45.7426678706529], [-68.83519835025652, 45.74266805614628], [-68.83519861507774, 45.74257804900196], [-68.83545571445092, 45.74257841955368], [-68.83545545004282, 45.74266842669916], [-68.83571254983413, 45.74266879667351], [-68.83571202184044, 45.7428488109625], [-68.83558347153102, 45.74284862604649], [-68.83558373573506, 45.74275861890329], [-68.83532663553312, 45.74275824863852], [-68.83532610629752, 45.742938262921186], [-68.83571175784171, 45.74293881810486], [-68.83571149384174, 45.74302882524579], [-68.83622569674446, 45.74302956346811], [-68.83622543356951, 45.74311957060993], [-68.83648253544152, 45.74311993885443], [-68.83648227267847, 45.74320994599597], [-68.83673937496859, 45.74321031366309], [-68.83673911261745, 45.743300320804344], [-68.83686766397095, 45.74330050442152]]]}}, {"type": "Feature", "properties": {"class": "exposed", "area_px": 2.0, "area_m2": 200.0, "confidence": 0.957, "lat": 45.741858, "lon": -68.781403, "status": "unverified"}, "geometry": {"type": "Polygon", "coordinates": [[[-68.78146707526278, 45.741947866719315], [-68.78146777756773, 45.741767852972075], [-68.78133923014651, 45.741767607029516], [-68.78133852742846, 45.74194762077521], [-68.78146707526278, 45.741947866719315]]]}}, {"type": "Feature", "properties": {"class": "island", "area_px": 274.0, "area_m2": 27400.0, "confidence": 0.891, "lat": 45.742532, "lon": -68.83353, "status": "unverified"}, "geometry": {"type": "Polygon", "coordinates": [[[-68.83403633411406, 45.74437651687096], [-68.83403686752152, 45.7441965026455], [-68.83416542091446, 45.74419668930587], [-68.83416595390369, 45.74401667507355], [-68.8340374009239, 45.74401648841435], [-68.83403793432124, 45.74383647417751], [-68.83390938175589, 45.74383628737485], [-68.83391018246213, 45.74356626601064], [-68.83468149415481, 45.74356738464656], [-68.834683353749, 45.74293733472239], [-68.83404060123198, 45.74293640290774], [-68.8340408679161, 45.742846395772915], [-68.83378376733127, 45.74284602203579], [-68.83378403442725, 45.74275601490071], [-68.83365548434332, 45.742755827815785], [-68.833657088132, 45.742215784978896], [-68.83378563697656, 45.74221597206032], [-68.83378697239945, 45.74176593632079], [-68.83404406802677, 45.74176631004392], [-68.83404433469444, 45.741676302890575], [-68.83442997752526, 45.741676862388815], [-68.83443104170462, 45.74131683375418], [-68.83430249491931, 45.741316647401725], [-68.83430276116755, 45.741226640240086], [-68.83417421459005, 45.74122645374358], [-68.83417448104358, 45.74113644658109], [-68.83391738830545, 45.741136073155374], [-68.83391765517082, 45.74104606599264], [-68.83378910901021, 45.74104587906343], [-68.83378937608083, 45.74095587189984], [-68.83366083012804, 45.74095568482659], [-68.83366109740398, 45.740865677662164], [-68.83340400591528, 45.74086530308296], [-68.83340320284442, 45.741135324568454], [-68.83327465648235, 45.741135137060155], [-68.83327438858296, 45.74122514421856], [-68.8331458420156, 45.74122495656504], [-68.8331455739084, 45.741314963721436], [-68.83301702713575, 45.74131477592273], [-68.83301675882073, 45.74140478307709], [-68.83314530579993, 45.7414049708764], [-68.83314503769019, 45.741494978029934], [-68.83353067925505, 45.74149554056183], [-68.8335301442711, 45.74167555486814], [-68.83340159666841, 45.74167536750095], [-68.83340106126626, 45.74185538180039], [-68.83352960928204, 45.74185556916874], [-68.83352934178562, 45.741945576316894], [-68.83340079356327, 45.74194538894796], [-68.83340052585902, 45.74203539609412], [-68.83352907428791, 45.74203558346363], [-68.83352880678895, 45.74212559060895], [-68.83340025815349, 45.742125403238845], [-68.83339945502928, 45.74239542466448], [-68.83327090577542, 45.74239523714799], [-68.83326983409911, 45.742755265693184], [-68.83314128402024, 45.742755078029724], [-68.8331439652385, 45.741855006629805], [-68.83275832120641, 45.741854442789226], [-68.83275751499527, 45.742124464218875], [-68.83262896636745, 45.74212427598099], [-68.83262950425593, 45.741944261697164], [-68.83224385961948, 45.741943696119264], [-68.8322435900562, 45.74203370326013], [-68.83211504164005, 45.742033514444316], [-68.83211450209652, 45.7422135287206], [-68.83224305092578, 45.74221371753759], [-68.83224278135867, 45.74230372467418], [-68.83237133039579, 45.74230391334713], [-68.83237079167084, 45.742483927617215], [-68.83249934112236, 45.74248411614671], [-68.83249907196453, 45.74257412328019], [-68.83262762162389, 45.742574311665656], [-68.83262708371753, 45.74275432592954], [-68.83275563379131, 45.74275451417153], [-68.83275455878955, 45.743114542684545], [-68.83288310969087, 45.74311473078426], [-68.83288284114381, 45.74320473790954], [-68.83301139225298, 45.7432049258652], [-68.83301112391122, 45.74329493298963], [-68.83313967522824, 45.74329512080125], [-68.83313940709178, 45.743385127924846], [-68.83326795861663, 45.74338531559241], [-68.83326769068549, 45.74347532271516], [-68.83339624241819, 45.74347551023868], [-68.83339570696522, 45.7436555244811], [-68.83352425911234, 45.74365571186115], [-68.83352372406745, 45.74383572609903], [-68.833652276629, 45.74383591333561], [-68.83365174199217, 45.744015927568945], [-68.83378029496815, 45.74401611466206], [-68.83377976073945, 45.74419612889088], [-68.83390831412986, 45.74419631584051], [-68.83390778030922, 45.7443763300648], [-68.83403633411406, 45.74437651687096]], [[-68.8342961045826, 45.74347681885345], [-68.83416755284104, 45.74347663234239], [-68.83416835229264, 45.743206610957586], [-68.8342969034145, 45.7432067974669], [-68.83429716968926, 45.743116790335186], [-68.83442572060581, 45.74311697669928], [-68.83442518846815, 45.743296990962435], [-68.83429663713845, 45.74329680459717], [-68.8342961045826, 45.74347681885345]], [[-68.83352639924114, 45.7429356548526], [-68.8333978487466, 45.74293546747723], [-68.83339811646356, 45.742845460345336], [-68.83326956617685, 45.74284527282592], [-68.83326983409911, 45.742755265693184], [-68.83352693426065, 45.74275564058621], [-68.83352639924114, 45.7429356548526]]]}}, {"type": "Feature", "properties": {"class": "exposed", "area_px": 3.0, "area_m2": 300.0, "confidence": 0.845, "lat": 45.737749, "lon": -68.790246, "status": "unverified"}, "geometry": {"type": "Polygon", "coordinates": [[[-68.79035237559155, 45.73782416756965], [-68.79035304924486, 45.73764415358743], [-68.79022451121146, 45.737643917658005], [-68.7902241741791, 45.73773392464909], [-68.79009563594077, 45.73773368857433], [-68.79009529870031, 45.73782369556324], [-68.79035237559155, 45.73782416756965]]]}}, {"type": "Feature", "properties": {"class": "exposed", "area_px": 11.0, "area_m2": 1100.0, "confidence": 0.953, "lat": 45.735875, "lon": -68.836615, "status": "unverified"}, "geometry": {"type": "Polygon", "coordinates": [[[-68.83663129948796, 45.736189568536815], [-68.83663182440539, 45.7360095540288], [-68.83676035902845, 45.736009737744155], [-68.83676167026776, 45.73555970144633], [-68.83663313667718, 45.73555951773384], [-68.83663261177219, 45.7357395322561], [-68.83650407776986, 45.73573934839787], [-68.83650381510901, 45.735829355656286], [-68.83637528090144, 45.735829171652895], [-68.83637501803285, 45.73591917890931], [-68.83650355244693, 45.735919362913286], [-68.83650276445317, 45.73618938467572], [-68.83663129948796, 45.736189568536815]]]}}, {"type": "Feature", "properties": {"class": "exposed", "area_px": 2.0, "area_m2": 200.0, "confidence": 0.885, "lat": 45.73538, "lon": -68.836826, "status": "unverified"}, "geometry": {"type": "Polygon", "coordinates": [[[-68.83689046589726, 45.735469877749786], [-68.83689098996881, 45.73528986321668], [-68.83676245699642, 45.73528967965053], [-68.8367619325119, 45.73546969418247], [-68.83689046589726, 45.735469877749786]]]}}, {"type": "Feature", "properties": {"class": "exposed", "area_px": 3.0, "area_m2": 300.0, "confidence": 0.729, "lat": 45.734735, "lon": -68.836743, "status": "unverified"}, "geometry": {"type": "Polygon", "coordinates": [[[-68.83676376818597, 45.734839643295665], [-68.83676403042016, 45.73474963602042], [-68.83689256215365, 45.73474981958314], [-68.8368928241801, 45.73465981230591], [-68.83663576112734, 45.734659445036996], [-68.83663523624728, 45.73483945958777], [-68.83676376818597, 45.734839643295665]]]}}, {"type": "Feature", "properties": {"class": "exposed", "area_px": 17.0, "area_m2": 1700.0, "confidence": 0.87, "lat": 45.734917, "lon": -68.837168, "status": "unverified"}, "geometry": {"type": "Polygon", "coordinates": [[[-68.83701952294243, 45.73529004663826], [-68.83701978476986, 45.73520003936898], [-68.83714831753824, 45.73520022264539], [-68.83714857915794, 45.73511021537412], [-68.83727711172106, 45.73511039850537], [-68.8372776345438, 45.73493038395742], [-68.8374061666952, 45.73493056694292], [-68.83740721149982, 45.73457053782764], [-68.83715014885009, 45.73457017171662], [-68.83714936400959, 45.73484019355179], [-68.83702083206715, 45.73484001027768], [-68.83702030842099, 45.73502002482619], [-68.83689177606682, 45.73501984140633], [-68.83689098996881, 45.73528986321668], [-68.83701952294243, 45.73529004663826]]]}}, {"type": "Feature", "properties": {"class": "exposed", "area_px": 2.0, "area_m2": 200.0, "confidence": 0.688, "lat": 45.732778, "lon": -68.787351, "status": "unverified"}, "geometry": {"type": "Polygon", "coordinates": [[[-68.78741477606992, 45.732868318921795], [-68.78741545904447, 45.73268830481681], [-68.78728693240461, 45.73268806560251], [-68.78728624901716, 45.732868079706016], [-68.78741477606992, 45.732868318921795]]]}}, {"type": "Feature", "properties": {"class": "exposed", "area_px": 2.0, "area_m2": 200.0, "confidence": 0.755, "lat": 45.732598, "lon": -68.787223, "status": "unverified"}, "geometry": {"type": "Polygon", "coordinates": [[[-68.78728693240461, 45.73268806560251], [-68.7872876157856, 45.73250805149331], [-68.78715908956026, 45.73250781213593], [-68.78715840576638, 45.73268782624364], [-68.78728693240461, 45.73268806560251]]]}}, {"type": "Feature", "properties": {"class": "shoal", "area_px": 3.0, "area_m2": 300.0, "confidence": 0.854, "lat": 45.787508, "lon": -68.816347, "status": "unverified"}, "geometry": {"type": "Polygon", "coordinates": [[[-68.81641106771295, 45.787642998896025], [-68.81641195412917, 45.78737297986333], [-68.81628330164648, 45.78737277307765], [-68.8162824146091, 45.78764279210841], [-68.81641106771295, 45.787642998896025]]]}}, {"type": "Feature", "properties": {"class": "shoal", "area_px": 6.0, "area_m2": 600.0, "confidence": 0.744, "lat": 45.786993, "lon": -68.813519, "status": "unverified"}, "geometry": {"type": "Polygon", "coordinates": [[[-68.81358219988333, 45.78718838444966], [-68.81358279992503, 45.78700837177699], [-68.81371145154984, 45.787008581602024], [-68.8137117513615, 45.786918575262895], [-68.81358309994376, 45.7869183654385], [-68.81358339996105, 45.786828359098614], [-68.81345474875177, 45.78682814913002], [-68.81345444852744, 45.786918155469266], [-68.81332579711254, 45.78691794535517], [-68.81332549667972, 45.787007951692345], [-68.81345414830167, 45.78700816180709], [-68.81345354784585, 45.78718817447846], [-68.81358219988333, 45.78718838444966]]]}}, {"type": "Feature", "properties": {"class": "shoal", "area_px": 2.0, "area_m2": 200.0, "confidence": 0.741, "lat": 45.786832, "lon": -68.815706, "status": "unverified"}, "geometry": {"type": "Polygon", "coordinates": [[[-68.81577017423837, 45.78692191275289], [-68.81577076723194, 45.786741900049506], [-68.81564211620564, 45.78674169254409], [-68.81564152279796, 45.78692170524617], [-68.81577017423837, 45.78692191275289]]]}}, {"type": "Feature", "properties": {"class": "shoal", "area_px": 2.0, "area_m2": 200.0, "confidence": 0.703, "lat": 45.786738, "lon": -68.813391, "status": "unverified"}, "geometry": {"type": "Polygon", "coordinates": [[[-68.81345474875177, 45.78682814913002], [-68.81345534919618, 45.78664813644724], [-68.81332669840242, 45.78664792633512], [-68.81332609754392, 45.78682793901658], [-68.81345474875177, 45.78682814913002]]]}}, {"type": "Feature", "properties": {"class": "shoal", "area_px": 4.0, "area_m2": 400.0, "confidence": 0.823, "lat": 45.78649, "lon": -68.813231, "status": "unverified"}, "geometry": {"type": "Polygon", "coordinates": [[[-68.81332669840242, 45.78664792633512], [-68.81332759967947, 45.78637790730223], [-68.81307029933849, 45.78637748664735], [-68.81306999850015, 45.78646749299177], [-68.81319864887698, 45.7864677033923], [-68.81319804761009, 45.78664771607814], [-68.81332669840242, 45.78664792633512]]]}}, {"type": "Feature", "properties": {"class": "shoal", "area_px": 4.0, "area_m2": 400.0, "confidence": 0.71, "lat": 45.786332, "lon": -68.812556, "status": "unverified"}, "geometry": {"type": "Polygon", "coordinates": [[[-68.81281299900323, 45.78637706541308], [-68.81281330025422, 45.78628705906856], [-68.81229870042903, 45.786286214864425], [-68.81229839834987, 45.7863762212063], [-68.81281299900323, 45.78637706541308]]]}}, {"type": "Feature", "properties": {"class": "shoal", "area_px": 4.0, "area_m2": 400.0, "confidence": 0.733, "lat": 45.784914, "lon": -68.826969, "status": "unverified"}, "geometry": {"type": "Polygon", "coordinates": [[[-68.82696870272692, 45.785049276517206], [-68.82696898118348, 45.78495927008165], [-68.82709762818915, 45.78495946482781], [-68.8270981846843, 45.78477945195123], [-68.82696953809268, 45.784779257206296], [-68.82696925963874, 45.7848692636447], [-68.82684061284144, 45.78486906875432], [-68.82684005551555, 45.78504908162561], [-68.82696870272692, 45.785049276517206]]]}}, {"type": "Feature", "properties": {"class": "shoal", "area_px": 2.0, "area_m2": 200.0, "confidence": 0.638, "lat": 45.784737, "lon": -68.828642, "status": "unverified"}, "geometry": {"type": "Polygon", "coordinates": [[[-68.82877059049517, 45.784781970454446], [-68.82877086604944, 45.784691964006164], [-68.82851357324736, 45.78469157813861], [-68.82851329727904, 45.7847815845857], [-68.82877059049517, 45.784781970454446]]]}}, {"type": "Feature", "properties": {"class": "shoal", "area_px": 7.0, "area_m2": 700.0, "confidence": 0.692, "lat": 45.784269, "lon": -68.794249, "status": "unverified"}, "geometry": {"type": "Polygon", "coordinates": [[[-68.79455196424357, 45.784365539065945], [-68.79455229485981, 45.78427553278803], [-68.79442364966903, 45.78427530140136], [-68.79442398049073, 45.784185295122754], [-68.79390940057144, 45.78418436813053], [-68.79390906892168, 45.78427437440623], [-68.79416635929222, 45.78427483819347], [-68.79416602805492, 45.78436484446921], [-68.79455196424357, 45.784365539065945]]]}}, {"type": "Feature", "properties": {"class": "shoal", "area_px": 5.0, "area_m2": 500.0, "confidence": 0.667, "lat": 45.782815, "lon": -68.831825, "status": "unverified"}, "geometry": {"type": "Polygon", "coordinates": [[[-68.83199243381766, 45.78289660890262], [-68.83199297451979, 45.782716595914934], [-68.83173569076148, 45.78271621731557], [-68.83173541999705, 45.78280622380895], [-68.83160677791282, 45.78280603429141], [-68.8316065069401, 45.78289604078277], [-68.83199243381766, 45.78289660890262]]]}}, {"type": "Feature", "properties": {"class": "shoal", "area_px": 2.0, "area_m2": 200.0, "confidence": 0.815, "lat": 45.782806, "lon": -68.831414, "status": "unverified"}, "geometry": {"type": "Polygon", "coordinates": [[[-68.83147786465015, 45.78289585111981], [-68.8314784070083, 45.78271583813686], [-68.83134976513365, 45.78271564833027], [-68.83134922236151, 45.782895661312025], [-68.83147786465015, 45.78289585111981]]]}}, {"type": "Feature", "properties": {"class": "shoal", "area_px": 2.0, "area_m2": 200.0, "confidence": 0.704, "lat": 45.781484, "lon": -68.748703, "status": "unverified"}, "geometry": {"type": "Polygon", "coordinates": [[[-68.74876643778312, 45.78157383229979], [-68.74876724629442, 45.78139382022841], [-68.74863860814177, 45.781393537306194], [-68.7486377992165, 45.7815735493758], [-68.74876643778312, 45.78157383229979]]]}}, {"type": "Feature", "properties": {"class": "shoal", "area_px": 5.0, "area_m2": 500.0, "confidence": 0.745, "lat": 45.781391, "lon": -68.83008, "status": "unverified"}, "geometry": {"type": "Polygon", "coordinates": [[[-68.8301955404318, 45.78154384910248], [-68.83019636011882, 45.78127382957962], [-68.82993908302049, 45.78127344694403], [-68.82993853573582, 45.78145345995831], [-68.83006717469831, 45.7814536513497], [-68.83006690126102, 45.781543657855295], [-68.8301955404318, 45.78154384910248]]]}}, {"type": "Feature", "properties": {"class": "shoal", "area_px": 2.0, "area_m2": 200.0, "confidence": 0.603, "lat": 45.779014, "lon": -68.796758, "status": "unverified"}, "geometry": {"type": "Polygon", "coordinates": [[[-68.79688686552124, 45.77905930567293], [-68.79688719231962, 45.77896929929798], [-68.79662992630816, 45.77896884167834], [-68.79662959909585, 45.77905884805186], [-68.79688686552124, 45.77905930567293]]]}}, {"type": "Feature", "properties": {"class": "shoal", "area_px": 3.0, "area_m2": 300.0, "confidence": 0.748, "lat": 45.777919, "lon": -68.758409, "status": "unverified"}, "geometry": {"type": "Polygon", "coordinates": [[[-68.75855851397768, 45.777994665618245], [-68.7585589024296, 45.77790465946041], [-68.75843027220557, 45.777904387578], [-68.75843066086262, 45.77781438141957], [-68.75830203084737, 45.777814109393205], [-68.75830125311757, 45.77799412170691], [-68.75855851397768, 45.777994665618245]]]}}, {"type": "Feature", "properties": {"class": "shoal", "area_px": 3.0, "area_m2": 300.0, "confidence": 0.797, "lat": 45.777715, "lon": -68.761111, "status": "unverified"}, "geometry": {"type": "Polygon", "coordinates": [[[-68.76113189160709, 45.777820060523005], [-68.76113227591644, 45.77773005434541], [-68.76126090576508, 45.777730323185196], [-68.76126128986566, 45.77764031700535], [-68.76100403058409, 45.777639779182664], [-68.76100326155333, 45.777819791537574], [-68.76113189160709, 45.777820060523005]]]}}, {"type": "Feature", "properties": {"class": "shoal", "area_px": 4.0, "area_m2": 400.0, "confidence": 0.625, "lat": 45.7775, "lon": -68.758721, "status": "unverified"}, "geometry": {"type": "Polygon", "coordinates": [[[-68.75881732698623, 45.77763518430363], [-68.75881849107272, 45.777365165803616], [-68.75868986208667, 45.7773648942159], [-68.75868947385273, 45.77745490038315], [-68.75856084466159, 45.77745462864977], [-68.75856045621889, 45.77754463481476], [-68.75868908561696, 45.77754490654897], [-68.75868869737936, 45.777634912713374], [-68.75881732698623, 45.77763518430363]]]}}, {"type": "Feature", "properties": {"class": "shoal", "area_px": 6.0, "area_m2": 600.0, "confidence": 0.828, "lat": 45.776894, "lon": -68.785618, "status": "unverified"}, "geometry": {"type": "Polygon", "coordinates": [[[-68.78583199569165, 45.7770589657067], [-68.78583268481196, 45.77687895301874], [-68.78570405670234, 45.77687871184467], [-68.78570440146697, 45.77678870549929], [-68.78531851776872, 45.77678798111051], [-68.78531817238327, 45.77687798745362], [-68.78557542859434, 45.77687847052579], [-68.78557508362113, 45.77696847686897], [-68.78570371193607, 45.7769687181886], [-68.78570336716814, 45.77705872453112], [-68.78583199569165, 45.7770589657067]]]}}, {"type": "Feature", "properties": {"class": "shoal", "area_px": 2.0, "area_m2": 200.0, "confidence": 0.673, "lat": 45.77643, "lon": -68.763325, "status": "unverified"}, "geometry": {"type": "Polygon", "coordinates": [[[-68.76345294146111, 45.77647478445958], [-68.76345332201835, 45.77638477824558], [-68.76319606846927, 45.77638424536959], [-68.76319568749818, 45.77647425158195], [-68.76345294146111, 45.77647478445958]]]}}, {"type": "Feature", "properties": {"class": "shoal", "area_px": 10.0, "area_m2": 1000.0, "confidence": 0.889, "lat": 45.776036, "lon": -68.760278, "status": "unverified"}, "geometry": {"type": "Polygon", "coordinates": [[[-68.76049567726992, 45.77619860280875], [-68.76049644789038, 45.77601859040922], [-68.76036782198447, 45.77601832071659], [-68.76036859301146, 45.77583830831303], [-68.76011134203281, 45.77583776849676], [-68.76010979831611, 45.77619779329143], [-68.76049567726992, 45.77619860280875]]]}}, {"type": "Feature", "properties": {"class": "shoal", "area_px": 7.0, "area_m2": 700.0, "confidence": 0.663, "lat": 45.775212, "lon": -68.765048, "status": "unverified"}, "geometry": {"type": "Polygon", "coordinates": [[[-68.76525825120771, 45.775398423583965], [-68.7652586288464, 45.775308417341236], [-68.76513000452886, 45.77530815301276], [-68.76513113805494, 45.77503813427849], [-68.7648738906667, 45.77503760519209], [-68.76487313415679, 45.775217617679715], [-68.76500175826384, 45.77521788229698], [-68.76500100216056, 45.77539789478055], [-68.76525825120771, 45.775398423583965]]]}}, {"type": "Feature", "properties": {"class": "shoal", "area_px": 9.0, "area_m2": 900.0, "confidence": 0.781, "lat": 45.775118, "lon": -68.767568, "status": "unverified"}, "geometry": {"type": "Polygon", "coordinates": [[[-68.76783148907106, 45.77522366724356], [-68.76783260955604, 45.774953648453305], [-68.7677039860305, 45.77495338702397], [-68.76770361233037, 45.77504339328801], [-68.76731774114361, 45.775042608128814], [-68.76731736682095, 45.77513261438896], [-68.76718874288868, 45.775132352378826], [-68.76718836835732, 45.77522235863673], [-68.76744561663749, 45.77522288251385], [-68.76744599075501, 45.77513287625429], [-68.76757461469084, 45.775133137974855], [-68.76757424078023, 45.77522314423521], [-68.76783148907106, 45.77522366724356]]]}}, {"type": "Feature", "properties": {"class": "shoal", "area_px": 2.0, "area_m2": 200.0, "confidence": 0.821, "lat": 45.774596, "lon": -68.768799, "status": "unverified"}, "geometry": {"type": "Polygon", "coordinates": [[[-68.76886271332725, 45.77468571585276], [-68.76886345698716, 45.77450570329721], [-68.76873483448203, 45.774505443030286], [-68.76873409040829, 45.77468545558422], [-68.76886271332725, 45.77468571585276]]]}}, {"type": "Feature", "properties": {"class": "shoal", "area_px": 9.0, "area_m2": 900.0, "confidence": 0.837, "lat": 45.7738, "lon": -68.763886, "status": "unverified"}, "geometry": {"type": "Polygon", "coordinates": [[[-68.76397770147285, 45.77404568010841], [-68.7639780811537, 45.77395567385254], [-68.76410670235141, 45.77395593947175], [-68.7641074612939, 45.7737759269541], [-68.76397884050999, 45.77377566133656], [-68.76397922018545, 45.77368565507643], [-68.76385059961024, 45.77368538931492], [-68.76385097949078, 45.773595383054186], [-68.7635937387596, 45.773594851098494], [-68.76359335846524, 45.77368485735756], [-68.76372197903684, 45.77368512340864], [-68.7637215989476, 45.77377512966711], [-68.76385021972789, 45.77377539557423], [-68.76384908007005, 45.77404541434359], [-68.76397770147285, 45.77404568010841]]]}}, {"type": "Feature", "properties": {"class": "shoal", "area_px": 2.0, "area_m2": 200.0, "confidence": 0.732, "lat": 45.773356, "lon": -68.832343, "status": "unverified"}, "geometry": {"type": "Polygon", "coordinates": [[[-68.83240667543944, 45.773446485972045], [-68.83240721463073, 45.77326647268149], [-68.83227859447696, 45.77326628395059], [-68.83227805487186, 45.77344629723998], [-68.83240667543944, 45.773446485972045]]]}}, {"type": "Feature", "properties": {"class": "shoal", "area_px": 7.0, "area_m2": 700.0, "confidence": 0.893, "lat": 45.773359, "lon": -68.829862, "status": "unverified"}, "geometry": {"type": "Polygon", "coordinates": [[[-68.83009150541977, 45.773443066642386], [-68.83009205205948, 45.77326305337318], [-68.82970619167166, 45.7732624789277], [-68.82970591773174, 45.77335248556122], [-68.82957729739817, 45.77335229378922], [-68.82957702325005, 45.77344230042071], [-68.83009150541977, 45.773443066642386]]]}}, {"type": "Feature", "properties": {"class": "shoal", "area_px": 2.0, "area_m2": 200.0, "confidence": 0.571, "lat": 45.773072, "lon": -68.771892, "status": "unverified"}, "geometry": {"type": "Polygon", "coordinates": [[[-68.77195590037708, 45.77316181162713], [-68.77195663404608, 45.772981798984354], [-68.77182801501618, 45.772981542206026], [-68.77182728093341, 45.77316155484721], [-68.77195590037708, 45.77316181162713]]]}}, {"type": "Feature", "properties": {"class": "shoal", "area_px": 2.0, "area_m2": 200.0, "confidence": 0.661, "lat": 45.772801, "lon": -68.771764, "status": "unverified"}, "geometry": {"type": "Polygon", "coordinates": [[[-68.77182838205496, 45.772891535883296], [-68.77182911612728, 45.77271152323355], [-68.7717004977198, 45.772711266312875], [-68.77169976323371, 45.772891278961], [-68.77182838205496, 45.772891535883296]]]}}, {"type": "Feature", "properties": {"class": "shoal", "area_px": 2.0, "area_m2": 200.0, "confidence": 0.804, "lat": 45.772666, "lon": -68.771572, "status": "unverified"}, "geometry": {"type": "Polygon", "coordinates": [[[-68.7717004977198, 45.772711266312875], [-68.77170086496025, 45.77262125998666], [-68.77144362856431, 45.77262074571252], [-68.77144326091009, 45.772710752037135], [-68.7717004977198, 45.772711266312875]]]}}, {"type": "Feature", "properties": {"class": "shoal", "area_px": 3.0, "area_m2": 300.0, "confidence": 0.802, "lat": 45.772538, "lon": -68.836632, "status": "unverified"}, "geometry": {"type": "Polygon", "coordinates": [[[-68.83665351975351, 45.77264257287965], [-68.83665378251084, 45.77255256620307], [-68.8367824010524, 45.77255275000664], [-68.8367826636016, 45.772462743328056], [-68.83652542693349, 45.772462375577284], [-68.83652490100631, 45.77264238893073], [-68.83665351975351, 45.77264257287965]]]}}, {"type": "Feature", "properties": {"class": "shoal", "area_px": 2.0, "area_m2": 200.0, "confidence": 0.804, "lat": 45.772404, "lon": -68.77556, "status": "unverified"}, "geometry": {"type": "Polygon", "coordinates": [[[-68.77568875163257, 45.772449144473924], [-68.77568911245427, 45.77235913811879], [-68.77543187719249, 45.77235863282584], [-68.77543151595701, 45.77244863917941], [-68.77568875163257, 45.772449144473924]]]}}, {"type": "Feature", "properties": {"class": "shoal", "area_px": 5.0, "area_m2": 500.0, "confidence": 0.807, "lat": 45.772488, "lon": -68.835638, "status": "unverified"}, "geometry": {"type": "Polygon", "coordinates": [[[-68.83575318854929, 45.77264128219673], [-68.83575398116224, 45.772371262174794], [-68.83549674492795, 45.77237089210867], [-68.835496215693, 45.77255090545574], [-68.83562483422331, 45.772551090562345], [-68.83562456981085, 45.77264109723431], [-68.83575318854929, 45.77264128219673]]]}}, {"type": "Feature", "properties": {"class": "shoal", "area_px": 2.0, "area_m2": 200.0, "confidence": 0.631, "lat": 45.771958, "lon": -68.755691, "status": "unverified"}, "geometry": {"type": "Polygon", "coordinates": [[[-68.75575457923723, 45.77204824249689], [-68.7557553649987, 45.771868230029], [-68.75562674867867, 45.77186795501835], [-68.75562596250346, 45.77204796748454], [-68.75575457923723, 45.77204824249689]]]}}, {"type": "Feature", "properties": {"class": "shoal", "area_px": 2.0, "area_m2": 200.0, "confidence": 0.607, "lat": 45.77157, "lon": -68.763731, "status": "unverified"}, "geometry": {"type": "Polygon", "coordinates": [[[-68.76385933640655, 45.77161524495712], [-68.76385971624563, 45.77152523866357], [-68.76360248503131, 45.771524706746064], [-68.76360210477849, 45.771614713037955], [-68.76385933640655, 45.77161524495712]]]}}, {"type": "Feature", "properties": {"class": "shoal", "area_px": 3.0, "area_m2": 300.0, "confidence": 0.675, "lat": 45.771337, "lon": -68.782446, "status": "unverified"}, "geometry": {"type": "Polygon", "coordinates": [[[-68.78263831312437, 45.77138249165894], [-68.78263866275424, 45.77129248524477], [-68.78225281703847, 45.771291750570114], [-68.78225246678797, 45.77138175698198], [-68.78263831312437, 45.77138249165894]]]}}, {"type": "Feature", "properties": {"class": "shoal", "area_px": 9.0, "area_m2": 900.0, "confidence": 0.651, "lat": 45.771024, "lon": -68.770757, "status": "unverified"}, "geometry": {"type": "Polygon", "coordinates": [[[-68.77067745264169, 45.77126910444762], [-68.77067782150924, 45.771179098104994], [-68.77080643638574, 45.77117935617025], [-68.77080717370184, 45.77099934347917], [-68.77093578816635, 45.77099960139804], [-68.77093615661491, 45.77090959504955], [-68.7710647708743, 45.77090985282283], [-68.77106513911423, 45.770819846472115], [-68.77080791101095, 45.77081933078238], [-68.77080754235726, 45.77090933713149], [-68.77067892810138, 45.77090907906865], [-68.77067855923907, 45.77099908541553], [-68.77054994477805, 45.77099882720713], [-68.77054883756006, 45.77126884623678], [-68.77067745264169, 45.77126910444762]]]}}, {"type": "Feature", "properties": {"class": "shoal", "area_px": 2.0, "area_m2": 200.0, "confidence": 0.783, "lat": 45.770753, "lon": -68.760648, "status": "unverified"}, "geometry": {"type": "Polygon", "coordinates": [[[-68.7607760205192, 45.770798767193426], [-68.76077640530691, 45.77070876090708], [-68.76051917790342, 45.77070822205548], [-68.760518792702, 45.77079822834015], [-68.7607760205192, 45.770798767193426]]]}}, {"type": "Feature", "properties": {"class": "shoal", "area_px": 2.0, "area_m2": 200.0, "confidence": 0.744, "lat": 45.770646, "lon": -68.752545, "status": "unverified"}, "geometry": {"type": "Polygon", "coordinates": [[[-68.75267374564737, 45.77069150890396], [-68.75267414346588, 45.77060150267004], [-68.75241691671026, 45.77060094557902], [-68.75241651847803, 45.77069095181119], [-68.75267374564737, 45.77069150890396]]]}}, {"type": "Feature", "properties": {"class": "shoal", "area_px": 13.0, "area_m2": 1300.0, "confidence": 0.769, "lat": 45.77023, "lon": -68.782707, "status": "unverified"}, "geometry": {"type": "Polygon", "coordinates": [[[-68.78302799848616, 45.77039315437348], [-68.78302904545424, 45.77012313507278], [-68.78225737014358, 45.77012166708601], [-68.7822570199147, 45.77021167351642], [-68.78238563266918, 45.77021191854357], [-68.7823852826455, 45.770301924973325], [-68.78277112153954, 45.770302659188445], [-68.7827707721348, 45.77039266561906], [-68.78302799848616, 45.77039315437348]]]}}, {"type": "Feature", "properties": {"class": "shoal", "area_px": 5.0, "area_m2": 500.0, "confidence": 0.69, "lat": 45.769836, "lon": -68.752485, "status": "unverified"}, "geometry": {"type": "Polygon", "coordinates": [[[-68.75254791819965, 45.77006118676873], [-68.7525499082415, 45.769611155539316], [-68.7524212971401, 45.76961087693098], [-68.75241930606397, 45.77006090815604], [-68.75254791819965, 45.77006118676873]]]}}, {"type": "Feature", "properties": {"class": "shoal", "area_px": 2.0, "area_m2": 200.0, "confidence": 0.926, "lat": 45.769566, "lon": -68.752679, "status": "unverified"}, "geometry": {"type": "Polygon", "coordinates": [[[-68.75280713044994, 45.769611712321684], [-68.75280752803893, 45.76952170606978], [-68.75255030624419, 45.76952114928916], [-68.7525499082415, 45.769611155539316], [-68.75280713044994, 45.769611712321684]]]}}, {"type": "Feature", "properties": {"class": "shoal", "area_px": 4.0, "area_m2": 400.0, "confidence": 0.678, "lat": 45.769477, "lon": -68.753065, "status": "unverified"}, "geometry": {"type": "Polygon", "coordinates": [[[-68.75332197165106, 45.76952281789386], [-68.75332236841075, 45.76943281163705], [-68.75280792562604, 45.769431699816465], [-68.75280752803893, 45.76952170606978], [-68.75332197165106, 45.76952281789386]]]}}, {"type": "Feature", "properties": {"class": "shoal", "area_px": 4.0, "area_m2": 400.0, "confidence": 0.75, "lat": 45.769446, "lon": -68.759431, "status": "unverified"}, "geometry": {"type": "Polygon", "coordinates": [[[-68.75949529732861, 45.76953597911561], [-68.75949568415928, 45.76944597281771], [-68.7596242949494, 45.76944624346224], [-68.75962468157138, 45.76935623716207], [-68.7593674604067, 45.76935569572996], [-68.759367073371, 45.76944570202843], [-68.75923846258455, 45.76944543109437], [-68.75923807534016, 45.769535437390566], [-68.75949529732861, 45.76953597911561]]]}}, {"type": "Feature", "properties": {"class": "shoal", "area_px": 2.0, "area_m2": 200.0, "confidence": 0.832, "lat": 45.769035, "lon": -68.756539, "status": "unverified"}, "geometry": {"type": "Polygon", "coordinates": [[[-68.75666781275024, 45.769079956881676], [-68.75666820412243, 45.76898995059536], [-68.75641098469751, 45.76898940251092], [-68.75641059291162, 45.76907940879553], [-68.75666781275024, 45.769079956881676]]]}}, {"type": "Feature", "properties": {"class": "shoal", "area_px": 15.0, "area_m2": 1500.0, "confidence": 0.752, "lat": 45.769109, "lon": -68.752068, "status": "unverified"}, "geometry": {"type": "Polygon", "coordinates": [[[-68.7524224917631, 45.76934085817882], [-68.75242328816898, 45.76916084567026], [-68.75229467810374, 45.7691605669215], [-68.75229547491575, 45.76898055440898], [-68.75203825561836, 45.76897999648068], [-68.75203865443522, 45.76888999022401], [-68.75191004499621, 45.768889711043585], [-68.75190964597249, 45.76897971729939], [-68.75165242668645, 45.768979158502525], [-68.75165202724715, 45.76906916475514], [-68.75178063709606, 45.76906944422682], [-68.7517802378617, 45.76915945047889], [-68.75190884791938, 45.769159729806695], [-68.75190844888998, 45.769249736058214], [-68.7522942796949, 45.76925057317564], [-68.75229388128416, 45.769340579428345], [-68.7524224917631, 45.76934085817882]]]}}, {"type": "Feature", "properties": {"class": "shoal", "area_px": 3.0, "area_m2": 300.0, "confidence": 0.813, "lat": 45.768944, "lon": -68.756218, "status": "unverified"}, "geometry": {"type": "Polygon", "coordinates": [[[-68.75641098469751, 45.76898940251092], [-68.75641137648154, 45.768899396224874], [-68.75602554797867, 45.76889857301507], [-68.7560251555741, 45.76898857929854], [-68.75641098469751, 45.76898940251092]]]}}, {"type": "Feature", "properties": {"class": "shoal", "area_px": 12.0, "area_m2": 1200.0, "confidence": 0.846, "lat": 45.768747, "lon": -68.755501, "status": "unverified"}, "geometry": {"type": "Polygon", "coordinates": [[[-68.75602554797867, 45.76889857301507], [-68.75602594038138, 45.76880856673017], [-68.75589733109099, 45.76880829203824], [-68.75589772369868, 45.76871828575278], [-68.75551189645924, 45.768717460810976], [-68.75551228968561, 45.76862745452666], [-68.75486924535811, 45.76862607673272], [-68.75486885109751, 45.768716083012734], [-68.75538328738317, 45.768717185540844], [-68.75538289394808, 45.768807191822866], [-68.7556401125158, 45.768807742220076], [-68.75563971949255, 45.76889774850239], [-68.75602554797867, 45.76889857301507]]]}}, {"type": "Feature", "properties": {"class": "shoal", "area_px": 2.0, "area_m2": 200.0, "confidence": 0.803, "lat": 45.76867, "lon": -68.754483, "status": "unverified"}, "geometry": {"type": "Polygon", "coordinates": [[[-68.75461163296592, 45.76871553088011], [-68.75461202764019, 45.768625524601816], [-68.75435480992978, 45.768624971891875], [-68.7543544148418, 45.76871497816843], [-68.75461163296592, 45.76871553088011]]]}}, {"type": "Feature", "properties": {"class": "shoal", "area_px": 17.0, "area_m2": 1700.0, "confidence": 0.807, "lat": 45.76784, "lon": -68.831013, "status": "unverified"}, "geometry": {"type": "Polygon", "coordinates": [[[-68.83139398374598, 45.768044571148096], [-68.83139452609323, 45.76786455769594], [-68.83113731063192, 45.767864177843954], [-68.83113812538414, 45.76759415765858], [-68.83088091116902, 45.76759377723112], [-68.83088063917256, 45.76768378395982], [-68.83075203186009, 45.76768359352837], [-68.8307517596555, 45.76777360025503], [-68.83062315213748, 45.76777340967822], [-68.83062287972476, 45.76786341640286], [-68.8307514874496, 45.76786360698028], [-68.83075121524242, 45.7679536137041], [-68.83087982317541, 45.76795380413735], [-68.83087955117378, 45.768043810860334], [-68.83100815931489, 45.76804400114942], [-68.83100843110968, 45.76795399442583], [-68.83113703904525, 45.76795418456956], [-68.83113676745731, 45.76804419129374], [-68.83139398374598, 45.768044571148096]]]}}, {"type": "Feature", "properties": {"class": "shoal", "area_px": 2.0, "area_m2": 200.0, "confidence": 0.804, "lat": 45.767397, "lon": -68.769729, "status": "unverified"}, "geometry": {"type": "Polygon", "coordinates": [[[-68.76979269885189, 45.76748702655155], [-68.76979343933384, 45.767307013756415], [-68.76966483336602, 45.76730675456777], [-68.7696640924704, 45.7674867673613], [-68.76979269885189, 45.76748702655155]]]}}, {"type": "Feature", "properties": {"class": "shoal", "area_px": 2.0, "area_m2": 200.0, "confidence": 0.643, "lat": 45.767353, "lon": -68.77005, "status": "unverified"}, "geometry": {"type": "Polygon", "coordinates": [[[-68.77017888762822, 45.76739779685454], [-68.77017925724783, 45.76730779045383], [-68.7699220453034, 45.76730727280031], [-68.76992167527014, 45.7673972791994], [-68.77017888762822, 45.76739779685454]]]}}, {"type": "Feature", "properties": {"class": "shoal", "area_px": 2.0, "area_m2": 200.0, "confidence": 0.73, "lat": 45.767264, "lon": -68.749281, "status": "unverified"}, "geometry": {"type": "Polygon", "coordinates": [[[-68.74934471005368, 45.767353990766246], [-68.74934551630425, 45.7671739782369], [-68.74921691083512, 45.767173696033225], [-68.7492161041709, 45.7673537085608], [-68.74934471005368, 45.767353990766246]]]}}, {"type": "Feature", "properties": {"class": "shoal", "area_px": 17.0, "area_m2": 1700.0, "confidence": 0.717, "lat": 45.766203, "lon": -68.780446, "status": "unverified"}, "geometry": {"type": "Polygon", "coordinates": [[[-68.7808574359028, 45.766338691230466], [-68.78085849319514, 45.76606867177629], [-68.78021547711295, 45.76606743668405], [-68.78021512364974, 45.76615744316635], [-68.77995791681496, 45.76615694811468], [-68.77995720905626, 45.76633696107189], [-68.78021441671831, 45.76633745612666], [-68.78021477018487, 45.766247449647224], [-68.78034337381159, 45.76624769695672], [-68.78034302055187, 45.766337703436925], [-68.78047162438708, 45.766337950602434], [-68.78047197744, 45.76624794412145], [-68.78060058107008, 45.766248191141436], [-68.78060022822399, 45.76633819762319], [-68.7808574359028, 45.766338691230466]]]}}, {"type": "Feature", "properties": {"class": "shoal", "area_px": 15.0, "area_m2": 1500.0, "confidence": 0.834, "lat": 45.766168, "lon": -68.754679, "status": "unverified"}, "geometry": {"type": "Polygon", "coordinates": [[[-68.75487870705108, 45.76646592558447], [-68.75488067810147, 45.766015893991806], [-68.75475207523967, 45.76601561802372], [-68.75475246965094, 45.765925611701775], [-68.75449526434659, 45.765925059333085], [-68.7544944746949, 45.766105071972106], [-68.75436587163189, 45.76610479556892], [-68.7543654765964, 45.76619480188544], [-68.75449407986623, 45.76619507828949], [-68.7544936850357, 45.76628508460544], [-68.7546222885142, 45.766285360865595], [-68.75462189388863, 45.766375367180984], [-68.75475049757583, 45.76637564329726], [-68.75475010315519, 45.76646564961208], [-68.75487870705108, 45.76646592558447]]]}}, {"type": "Feature", "properties": {"class": "shoal", "area_px": 3.0, "area_m2": 300.0, "confidence": 0.798, "lat": 45.765611, "lon": -68.769522, "status": "unverified"}, "geometry": {"type": "Polygon", "coordinates": [[[-68.76967150111015, 45.76568663916924], [-68.76967187152368, 45.76559663274466], [-68.76954326948724, 45.765596373426646], [-68.76954364010582, 45.76550636700144], [-68.76941503827796, 45.76550610753949], [-68.7694142966254, 45.76568612038683], [-68.76967150111015, 45.76568663916924]]]}}, {"type": "Feature", "properties": {"class": "shoal", "area_px": 2.0, "area_m2": 200.0, "confidence": 0.714, "lat": 45.765377, "lon": -68.750961, "status": "unverified"}, "geometry": {"type": "Polygon", "coordinates": [[[-68.75102499549077, 45.76546751418202], [-68.75102579628394, 45.76528750156994], [-68.75089719513322, 45.765287221266426], [-68.75089639392644, 45.765467233876755], [-68.75102499549077, 45.76546751418202]]]}}, {"type": "Feature", "properties": {"class": "shoal", "area_px": 2.0, "area_m2": 200.0, "confidence": 0.732, "lat": 45.765288, "lon": -68.751347, "status": "unverified"}, "geometry": {"type": "Polygon", "coordinates": [[[-68.75141119997231, 45.765378347921384], [-68.75141199952083, 45.76519833530119], [-68.75128339857122, 45.76519805543279], [-68.75128259860907, 45.76537806805123], [-68.75141119997231, 45.765378347921384]]]}}, {"type": "Feature", "properties": {"class": "shoal", "area_px": 4.0, "area_m2": 400.0, "confidence": 0.786, "lat": 45.765171, "lon": -68.770863, "status": "unverified"}, "geometry": {"type": "Polygon", "coordinates": [[[-68.77095899701028, 45.76532919865734], [-68.77096010202027, 45.765059179337975], [-68.77070290039578, 45.76505866346178], [-68.77070253164726, 45.765148669901365], [-68.77083113266542, 45.76514892791264], [-68.77083039557675, 45.76532894078918], [-68.77095899701028, 45.76532919865734]]]}}, {"type": "Feature", "properties": {"class": "shoal", "area_px": 2.0, "area_m2": 200.0, "confidence": 0.768, "lat": 45.765013, "lon": -68.770446, "status": "unverified"}, "geometry": {"type": "Polygon", "coordinates": [[[-68.77057429958616, 45.765058405306554], [-68.77057466853974, 45.76496839886632], [-68.77031746733937, 45.76496788212329], [-68.77031709797218, 45.76505788856189], [-68.77057429958616, 45.765058405306554]]]}}, {"type": "Feature", "properties": {"class": "shoal", "area_px": 6.0, "area_m2": 600.0, "confidence": 0.74, "lat": 45.764997, "lon": -68.770039, "status": "unverified"}, "geometry": {"type": "Polygon", "coordinates": [[[-68.769930925575, 45.765147118794076], [-68.76993129556436, 45.765057112359315], [-68.77018849716782, 45.765057629972446], [-68.77018886674182, 45.764967623534645], [-68.77031746733937, 45.76496788212329], [-68.7703178367048, 45.76487787568325], [-68.77006063592508, 45.76487735836284], [-68.77006026614602, 45.764967364801265], [-68.76980306495967, 45.764966846900265], [-68.7698023245691, 45.765146859769594], [-68.769930925575, 45.765147118794076]]]}}, {"type": "Feature", "properties": {"class": "shoal", "area_px": 2.0, "area_m2": 200.0, "confidence": 0.603, "lat": 45.763723, "lon": -68.755791, "status": "unverified"}, "geometry": {"type": "Polygon", "coordinates": [[[-68.75591931425271, 45.7637679378553], [-68.75591970675609, 45.763677931489944], [-68.75566251175826, 45.763677381769604], [-68.7556621188413, 45.76376738813325], [-68.75591931425271, 45.7637679378553]]]}}, {"type": "Feature", "properties": {"class": "shoal", "area_px": 2.0, "area_m2": 200.0, "confidence": 0.583, "lat": 45.763571, "lon": -68.748269, "status": "unverified"}, "geometry": {"type": "Polygon", "coordinates": [[[-68.74833245748601, 45.76366147136678], [-68.74833326688834, 45.76348145873455], [-68.74820466991372, 45.76348117540911], [-68.7482038600978, 45.76366118803956], [-68.74833245748601, 45.76366147136678]]]}}, {"type": "Feature", "properties": {"class": "shoal", "area_px": 9.0, "area_m2": 900.0, "confidence": 0.831, "lat": 45.763603, "lon": -68.775546, "status": "unverified"}, "geometry": {"type": "Polygon", "coordinates": [[[-68.77585234114292, 45.76371877373768], [-68.77585270159177, 45.7636287672434], [-68.7757241040217, 45.76362851489052], [-68.77572446467563, 45.763538508395584], [-68.77559586731408, 45.76353825589877], [-68.77559622817309, 45.7634482494032], [-68.77533903386869, 45.76344774397693], [-68.77533795004578, 45.76371776345461], [-68.77585234114292, 45.76371877373768]]]}}, {"type": "Feature", "properties": {"class": "shoal", "area_px": 14.0, "area_m2": 1400.0, "confidence": 0.74, "lat": 45.762983, "lon": -68.830252, "status": "unverified"}, "geometry": {"type": "Polygon", "coordinates": [[[-68.83037984953545, 45.763182683303604], [-68.83038012229454, 45.763092676506005], [-68.83050871905563, 45.763092867341356], [-68.83050953670477, 45.76282284693827], [-68.8299951521496, 45.76282208273562], [-68.82999433201901, 45.76309210313155], [-68.83012292877623, 45.763092294401105], [-68.83012265560357, 45.7631823011975], [-68.83037984953545, 45.763182683303604]]]}}, {"type": "Feature", "properties": {"class": "shoal", "area_px": 14.0, "area_m2": 1400.0, "confidence": 0.829, "lat": 45.76293, "lon": -68.829333, "status": "unverified"}, "geometry": {"type": "Polygon", "coordinates": [[[-68.82960854175518, 45.763091528454474], [-68.8296088157537, 45.76300152165904], [-68.82973741230022, 45.7630017133622], [-68.8297379598798, 45.76282169976589], [-68.82960936374684, 45.76282150806392], [-68.82960908975093, 45.762911514862196], [-68.82948049341249, 45.7629113230149], [-68.82948021920848, 45.763001329811146], [-68.82935162266455, 45.76300113781852], [-68.82935244589304, 45.762731117427286], [-68.8290952540498, 45.76273073301142], [-68.82909497922805, 45.76282073980872], [-68.8289663831016, 45.76282054738309], [-68.82896610807175, 45.76291055417837], [-68.82909470440498, 45.762910746604604], [-68.82909415475494, 45.763090760192085], [-68.82960854175518, 45.763091528454474]]]}}, {"type": "Feature", "properties": {"class": "shoal", "area_px": 2.0, "area_m2": 200.0, "confidence": 0.722, "lat": 45.762687, "lon": -68.777785, "status": "unverified"}, "geometry": {"type": "Polygon", "coordinates": [[[-68.77791383425316, 45.76273272005846], [-68.77791419137469, 45.76264271353594], [-68.77765700073107, 45.76264221333419], [-68.77765664319598, 45.76273221985516], [-68.77791383425316, 45.76273272005846]]]}}, {"type": "Feature", "properties": {"class": "shoal", "area_px": 18.0, "area_m2": 1800.0, "confidence": 0.741, "lat": 45.761615, "lon": -68.759108, "status": "unverified"}, "geometry": {"type": "Polygon", "coordinates": [[[-68.75939996484841, 45.76179516156537], [-68.7594015123558, 45.76143513587786], [-68.75888714284554, 45.761434051574376], [-68.75888675514439, 45.761524057995004], [-68.75875816256466, 45.76152378655647], [-68.75875738674328, 45.76170379939176], [-68.75888597973655, 45.76170407083199], [-68.75888559202987, 45.76179407724835], [-68.75939996484841, 45.76179516156537]]]}}, {"type": "Feature", "properties": {"class": "shoal", "area_px": 16.0, "area_m2": 1600.0, "confidence": 0.789, "lat": 45.761501, "lon": -68.763773, "status": "unverified"}, "geometry": {"type": "Polygon", "coordinates": [[[-68.76415829403341, 45.76171507527202], [-68.7641586732607, 45.761625068819896], [-68.76403008039956, 45.76162480331428], [-68.76403083926228, 45.76144479040739], [-68.7639022468165, 45.761444524758694], [-68.76390300608554, 45.76126451184776], [-68.76364582202643, 45.761263980119516], [-68.76364544197928, 45.76135398657404], [-68.76351684974566, 45.76135372049201], [-68.7635160892324, 45.76153373339512], [-68.76338749658704, 45.76153346716669], [-68.76338711612095, 45.76162347361527], [-68.76390148754024, 45.76162453766393], [-68.7639011078994, 45.761714544114405], [-68.76415829403341, 45.76171507527202]]]}}, {"type": "Feature", "properties": {"class": "shoal", "area_px": 2.0, "area_m2": 200.0, "confidence": 0.643, "lat": 45.759286, "lon": -68.76449, "status": "unverified"}, "geometry": {"type": "Polygon", "coordinates": [[[-68.76455391644556, 45.759375702639296], [-68.7645546735643, 45.759195689654454], [-68.7644260862802, 45.75919542460536], [-68.76442532874796, 45.759375437588545], [-68.76455391644556, 45.759375702639296]]]}}, {"type": "Feature", "properties": {"class": "shoal", "area_px": 12.0, "area_m2": 1200.0, "confidence": 0.744, "lat": 45.759261, "lon": -68.756421, "status": "unverified"}, "geometry": {"type": "Polygon", "coordinates": [[[-68.75645250345895, 45.759448728251414], [-68.75645289504594, 45.75935872181413], [-68.75671007021641, 45.75935926971553], [-68.75671085255784, 45.759179256833285], [-68.75658226538516, 45.759178982956655], [-68.75658265675985, 45.75908897651425], [-68.75632548283353, 45.75908842832856], [-68.75632509104538, 45.75917843476926], [-68.75619650387827, 45.75917816045849], [-68.75619611188151, 45.75926816689691], [-68.75606752450955, 45.75926789244056], [-68.75606713230417, 45.759357898876694], [-68.75632430746349, 45.75935844764638], [-68.75632391566975, 45.75944845408278], [-68.75645250345895, 45.759448728251414]]]}}, {"type": "Feature", "properties": {"class": "shoal", "area_px": 8.0, "area_m2": 800.0, "confidence": 0.672, "lat": 45.758577, "lon": -68.827468, "status": "unverified"}, "geometry": {"type": "Polygon", "coordinates": [[[-68.82769316698241, 45.758678301320074], [-68.82769372105292, 45.758498287606166], [-68.82756513486547, 45.75849809361753], [-68.82756541210549, 45.75840808675904], [-68.82743682612607, 45.75840789262631], [-68.82743654867932, 45.75849789948418], [-68.82730796249449, 45.75849770520613], [-68.82730768483967, 45.75858771206198], [-68.82717909844942, 45.75858751763862], [-68.82717882058655, 45.75867752449243], [-68.82769316698241, 45.758678301320074]]]}}, {"type": "Feature", "properties": {"class": "shoal", "area_px": 11.0, "area_m2": 1100.0, "confidence": 0.682, "lat": 45.758165, "lon": -68.74765, "status": "unverified"}, "geometry": {"type": "Polygon", "coordinates": [[[-68.74784199088, 45.758349962348234], [-68.74784239629575, 45.75825995595219], [-68.74797098127254, 45.75826023966046], [-68.74797138647965, 45.7581702332621], [-68.7478428017096, 45.758169949554706], [-68.7478432071215, 45.7580799431558], [-68.7477146225601, 45.758079659304585], [-68.74771502817681, 45.757989652905145], [-68.74745785947324, 45.75798908477039], [-68.74745704741098, 45.7581690975643], [-68.74732846264861, 45.75816881327808], [-68.74732805640787, 45.75825881967202], [-68.7477138113209, 45.758259672099214], [-68.74771340569842, 45.758349678494376], [-68.74784199088, 45.758349962348234]]]}}, {"type": "Feature", "properties": {"class": "shoal", "area_px": 2.0, "area_m2": 200.0, "confidence": 0.603, "lat": 45.758104, "lon": -68.758966, "status": "unverified"}, "geometry": {"type": "Polygon", "coordinates": [[[-68.75902968379381, 45.75819409074383], [-68.75903045864469, 45.75801407779385], [-68.75890187412631, 45.75801380653307], [-68.75890109886197, 45.75819381948134], [-68.75902968379381, 45.75819409074383]]]}}, {"type": "Feature", "properties": {"class": "shoal", "area_px": 23.0, "area_m2": 2300.0, "confidence": 0.861, "lat": 45.75788, "lon": -68.821118, "status": "unverified"}, "geometry": {"type": "Polygon", "coordinates": [[[-68.82100810441796, 45.75821798782412], [-68.82100839219748, 45.75812798099284], [-68.82113697748966, 45.75812818235926], [-68.82113755263119, 45.75794816869116], [-68.8213947223927, 45.757948570987345], [-68.82139500954794, 45.7578585641499], [-68.82152359422399, 45.757858765080314], [-68.82152416811697, 45.757678751399894], [-68.82139558385435, 45.757678550470736], [-68.8213958710055, 45.75758854362901], [-68.82101011884608, 45.7575879399752], [-68.82100925552793, 45.75785796049043], [-68.82088067085732, 45.757857758981196], [-68.82088038287515, 45.75794776581612], [-68.82075179799916, 45.75794756416154], [-68.82075093342424, 45.75821758465589], [-68.82100810441796, 45.75821798782412]]]}}, {"type": "Feature", "properties": {"class": "shoal", "area_px": 2.0, "area_m2": 200.0, "confidence": 0.741, "lat": 45.757378, "lon": -68.756011, "status": "unverified"}, "geometry": {"type": "Polygon", "coordinates": [[[-68.75607536822595, 45.757467763418326], [-68.75607615255664, 45.757287750484714], [-68.75594756973463, 45.757287475902515], [-68.75594678499048, 45.75746748883442], [-68.75607536822595, 45.757467763418326]]]}}, {"type": "Feature", "properties": {"class": "shoal", "area_px": 2.0, "area_m2": 200.0, "confidence": 0.571, "lat": 45.757108, "lon": -68.736018, "status": "unverified"}, "geometry": {"type": "Polygon", "coordinates": [[[-68.73614626216751, 45.75715345687635], [-68.73614668636965, 45.757063450544244], [-68.73588952215513, 45.757062856380784], [-68.73588909753956, 45.75715286271105], [-68.73614626216751, 45.75715345687635]]]}}, {"type": "Feature", "properties": {"class": "shoal", "area_px": 3.0, "area_m2": 300.0, "confidence": 0.636, "lat": 45.756442, "lon": -68.760516, "status": "unverified"}, "geometry": {"type": "Polygon", "coordinates": [[[-68.76057963186005, 45.7565772176688], [-68.7605807865927, 45.75630719813427], [-68.76045220598002, 45.756306928625975], [-68.76045105062722, 45.756576948157964], [-68.76057963186005, 45.7565772176688]]]}}, {"type": "Feature", "properties": {"class": "shoal", "area_px": 9.0, "area_m2": 900.0, "confidence": 0.811, "lat": 45.756472, "lon": -68.820492, "status": "unverified"}, "geometry": {"type": "Polygon", "coordinates": [[[-68.82075612068923, 45.75659746149733], [-68.82075669702463, 45.75641744778453], [-68.82049953430541, 45.75641704406267], [-68.8204998228845, 45.756327037205395], [-68.82024266058417, 45.75632663290599], [-68.82024208259776, 45.75650664661658], [-68.82037066416066, 45.756506848839905], [-68.82037037537212, 45.7565968556937], [-68.82075612068923, 45.75659746149733]]]}}, {"type": "Feature", "properties": {"class": "shoal", "area_px": 7.0, "area_m2": 700.0, "confidence": 0.905, "lat": 45.756222, "lon": -68.742222, "status": "unverified"}, "geometry": {"type": "Polygon", "coordinates": [[[-68.7423219440824, 45.756357485764354], [-68.74232235834438, 45.756267479375424], [-68.74245093868971, 45.75626776928624], [-68.742451352743, 45.75617776289497], [-68.74232277260438, 45.756177472985065], [-68.74232318686242, 45.75608746659326], [-68.7420660270045, 45.75608688634115], [-68.74206478298423, 45.756356905506806], [-68.7423219440824, 45.756357485764354]]]}}, {"type": "Feature", "properties": {"class": "shoal", "area_px": 21.0, "area_m2": 2100.0, "confidence": 0.869, "lat": 45.756031, "lon": -68.754658, "status": "unverified"}, "geometry": {"type": "Polygon", "coordinates": [[[-68.75466608031545, 45.75629465098896], [-68.75466647473134, 45.75620464451377], [-68.75492363537874, 45.75620519640686], [-68.7549244233781, 45.75602518344876], [-68.7550530032912, 45.756025459176534], [-68.75505339708135, 45.75593545269449], [-68.75492481737496, 45.75593517696757], [-68.75492521136997, 45.755845170484946], [-68.75479663187215, 45.75584489461419], [-68.754797026072, 45.75575488813101], [-68.75466844678276, 45.75575461211643], [-68.75466805237622, 45.75584461859874], [-68.75441089338996, 45.75584406613376], [-68.75441049856813, 45.755934072612945], [-68.7542819188711, 45.755933796162545], [-68.75428152384069, 45.75602380263942], [-68.75441010374443, 45.75602407909068], [-68.7544089192621, 45.75629409851535], [-68.75466608031545, 45.75629465098896]]]}}, {"type": "Feature", "properties": {"class": "shoal", "area_px": 14.0, "area_m2": 1400.0, "confidence": 0.747, "lat": 45.755877, "lon": -68.760858, "status": "unverified"}, "geometry": {"type": "Polygon", "coordinates": [[[-68.76096729701409, 45.75612799275579], [-68.76096844985898, 45.75585797319232], [-68.76109702944541, 45.755858242117625], [-68.76109779758615, 45.7556782290665], [-68.76096921841311, 45.75567796014287], [-68.76096960268744, 45.75558795361601], [-68.76084102372293, 45.75558768454852], [-68.76084063924189, 45.755677691074546], [-68.7607120600725, 45.755677421861535], [-68.76071052130328, 45.756037447948], [-68.7605819413089, 45.75603717858692], [-68.76058155640534, 45.756127185104134], [-68.76096729701409, 45.75612799275579]]]}}, {"type": "Feature", "properties": {"class": "shoal", "area_px": 18.0, "area_m2": 1800.0, "confidence": 0.76, "lat": 45.755709, "lon": -68.749554, "status": "unverified"}, "geometry": {"type": "Polygon", "coordinates": [[[-68.7495240687286, 45.75601347222043], [-68.74952447140716, 45.7559234657758], [-68.74978163066311, 45.75592402923947], [-68.74978364196018, 45.75547399698611], [-68.7493979061797, 45.755473151586756], [-68.74939750330398, 45.75556315803764], [-68.7492689245076, 45.75556287594759], [-68.74926811833706, 45.755742888843315], [-68.74939669754684, 45.75574317093513], [-68.7493954888968, 45.756013190270664], [-68.7495240687286, 45.75601347222043]]]}}, {"type": "Feature", "properties": {"class": "shoal", "area_px": 17.0, "area_m2": 1700.0, "confidence": 0.811, "lat": 45.755467, "lon": -68.77061, "status": "unverified"}, "geometry": {"type": "Polygon", "coordinates": [[[-68.77074124068889, 45.75569798595467], [-68.77074160925372, 45.75560797936529], [-68.77087018835577, 45.75560823729119], [-68.77087129341965, 45.755338217512076], [-68.77074271493773, 45.75533795958858], [-68.77074308349555, 45.75524795299348], [-68.77061450522206, 45.7552476949261], [-68.77061487398483, 45.75515768833039], [-68.7704862959198, 45.75515743011912], [-68.77048555797909, 45.755337443307496], [-68.77035697950241, 45.755337184949916], [-68.77035661032271, 45.75542719154115], [-68.77048518900611, 45.75542744989955], [-68.77048482003137, 45.75551745649017], [-68.77035624114127, 45.75551719813097], [-68.77035550277316, 45.75569721130634], [-68.77074124068889, 45.75569798595467]]]}}, {"type": "Feature", "properties": {"class": "shoal", "area_px": 6.0, "area_m2": 600.0, "confidence": 0.685, "lat": 45.755156, "lon": -68.734956, "status": "unverified"}, "geometry": {"type": "Polygon", "coordinates": [[[-68.73512654625337, 45.75526094362411], [-68.73512739787827, 45.755080930913365], [-68.73499882033369, 45.755080632766855], [-68.7349992463498, 45.75499062641027], [-68.73487066901392, 45.75499032811999], [-68.7348698165663, 45.755170340829864], [-68.73474123881905, 45.75517004239303], [-68.73474081238551, 45.7552600487449], [-68.73512654625337, 45.75526094362411]]]}}, {"type": "Feature", "properties": {"class": "shoal", "area_px": 15.0, "area_m2": 1500.0, "confidence": 0.683, "lat": 45.753996, "lon": -68.758735, "status": "unverified"}, "geometry": {"type": "Polygon", "coordinates": [[[-68.7589185405301, 45.754143526764814], [-68.75891892808043, 45.75405352022718], [-68.75904750350367, 45.75405379145071], [-68.75904789084547, 45.75396378491081], [-68.75917646606385, 45.753964055988796], [-68.75917685319712, 45.753874049446615], [-68.75840540315453, 45.75387242081347], [-68.75840423802886, 45.754142440420466], [-68.7589185405301, 45.754143526764814]]]}}, {"type": "Feature", "properties": {"class": "shoal", "area_px": 6.0, "area_m2": 600.0, "confidence": 0.667, "lat": 45.753185, "lon": -68.766723, "status": "unverified"}, "geometry": {"type": "Polygon", "coordinates": [[[-68.76663645782257, 45.753349484788544], [-68.76663683295564, 45.75325947818806], [-68.76689398030068, 45.75326000311313], [-68.76689510444918, 45.75298998329824], [-68.7667665313958, 45.752989720910506], [-68.7667657815519, 45.75316973412023], [-68.76650863462376, 45.75316920890744], [-68.76650788394603, 45.75334922210817], [-68.76663645782257, 45.753349484788544]]]}}, {"type": "Feature", "properties": {"class": "shoal", "area_px": 10.0, "area_m2": 1000.0, "confidence": 0.71, "lat": 45.752692, "lon": -68.771101, "status": "unverified"}, "geometry": {"type": "Polygon", "coordinates": [[[-68.77113838409467, 45.75290855429169], [-68.77113875198525, 45.75281854765568], [-68.77126732468518, 45.752818805122594], [-68.77126879540342, 45.75245877856103], [-68.77114022353017, 45.75245852109733], [-68.77113985564655, 45.75254852773905], [-68.77101128356838, 45.75254827012988], [-68.77101091547637, 45.75263827676937], [-68.77088234319326, 45.752638019014704], [-68.77088160659062, 45.75281803228781], [-68.77101017928706, 45.75281829004408], [-68.7710098111898, 45.7529082966793], [-68.77113838409467, 45.75290855429169]]]}}, {"type": "Feature", "properties": {"class": "shoal", "area_px": 9.0, "area_m2": 900.0, "confidence": 0.716, "lat": 45.752223, "lon": -68.786148, "status": "unverified"}, "geometry": {"type": "Polygon", "coordinates": [[[-68.78644097500207, 45.752308130003584], [-68.78644166157025, 45.75212811652519], [-68.78592737659736, 45.752127154103505], [-68.78592703248741, 45.75221716084041], [-68.7857984610416, 45.75221691987254], [-68.78579811672334, 45.75230692660727], [-68.78644097500207, 45.752308130003584]]]}}, {"type": "Feature", "properties": {"class": "shoal", "area_px": 8.0, "area_m2": 800.0, "confidence": 0.656, "lat": 45.752114, "lon": -68.767895, "status": "unverified"}, "geometry": {"type": "Polygon", "coordinates": [[[-68.76805524478024, 45.752272285315804], [-68.76805636329007, 45.752002265431784], [-68.76792779249409, 45.75200200435516], [-68.76792816553383, 45.75191199772513], [-68.76779959494628, 45.751911736504645], [-68.76779884845172, 45.752091749761675], [-68.76767027745262, 45.75209148839489], [-68.767669903996, 45.75218149502043], [-68.76779847520177, 45.75218175638803], [-68.76779810195005, 45.752271763013], [-68.76805524478024, 45.752272285315804]]]}}, {"type": "Feature", "properties": {"class": "shoal", "area_px": 4.0, "area_m2": 400.0, "confidence": 0.638, "lat": 45.752062, "lon": -68.787181, "status": "unverified"}, "geometry": {"type": "Polygon", "coordinates": [[[-68.78734166033551, 45.752129795192985], [-68.78734234400386, 45.75194978169843], [-68.78721377316015, 45.751949542324276], [-68.78721343112011, 45.752039549071526], [-68.78695628902422, 45.75203906988768], [-68.78695594656922, 45.75212907663201], [-68.78734166033551, 45.752129795192985]]]}}, {"type": "Feature", "properties": {"class": "shoal", "area_px": 2.0, "area_m2": 200.0, "confidence": 0.569, "lat": 45.751771, "lon": -68.787793, "status": "unverified"}, "geometry": {"type": "Polygon", "coordinates": [[[-68.78785696840005, 45.751860730995865], [-68.78785765040536, 45.75168071748675], [-68.78772908017514, 45.75168047869356], [-68.78772839775651, 45.75186049220116], [-68.78785696840005, 45.751860730995865]]]}}, {"type": "Feature", "properties": {"class": "shoal", "area_px": 11.0, "area_m2": 1100.0, "confidence": 0.74, "lat": 45.751802, "lon": -68.772037, "status": "unverified"}, "geometry": {"type": "Polygon", "coordinates": [[[-68.77204205883801, 45.752010287046794], [-68.7720424252645, 45.7519202803909], [-68.77217099590995, 45.75192053683702], [-68.77217172834438, 45.75174052351933], [-68.77230029857823, 45.751740779819194], [-68.77230103059237, 45.751560766494194], [-68.77217246077186, 45.751560510195944], [-68.77217209455898, 45.751650516858355], [-68.77191495450981, 45.75165000382623], [-68.77191422125222, 45.75183001714357], [-68.77178565081691, 45.75182976040888], [-68.77178491713903, 45.7520097737189], [-68.77204205883801, 45.752010287046794]]]}}, {"type": "Feature", "properties": {"class": "shoal", "area_px": 5.0, "area_m2": 500.0, "confidence": 0.683, "lat": 45.751618, "lon": -68.808468, "status": "unverified"}, "geometry": {"type": "Polygon", "coordinates": [[[-68.80855747788891, 45.751717276460965], [-68.8085577856165, 45.751627269590145], [-68.80868635588939, 45.75162748494498], [-68.80868666340886, 45.75153747807207], [-68.80830095321456, 45.75153683157552], [-68.80830033693418, 45.75171684531588], [-68.80855747788891, 45.751717276460965]]]}}, {"type": "Feature", "properties": {"class": "shoal", "area_px": 5.0, "area_m2": 500.0, "confidence": 0.593, "lat": 45.751121, "lon": -68.773036, "status": "unverified"}, "geometry": {"type": "Polygon", "coordinates": [[[-68.77320247760572, 45.751202529841585], [-68.77320320670586, 45.751022516488305], [-68.77294606952215, 45.75102200578215], [-68.77294570455963, 45.75111201245792], [-68.77281713576372, 45.751111756887035], [-68.7728167705928, 45.75120176356056], [-68.77320247760572, 45.751202529841585]]]}}, {"type": "Feature", "properties": {"class": "shoal", "area_px": 16.0, "area_m2": 1600.0, "confidence": 0.751, "lat": 45.750519, "lon": -68.774507, "status": "unverified"}, "geometry": {"type": "Polygon", "coordinates": [[[-68.77448961768823, 45.7508450479638], [-68.77449070511558, 45.75057502789079], [-68.77474784027417, 45.75057553511687], [-68.77474965055222, 45.7501255016254], [-68.7746210840053, 45.75012524808865], [-68.77462035948594, 45.75030526148794], [-68.77449179252746, 45.75030500780494], [-68.77449143005855, 45.75039501450164], [-68.77436286289513, 45.75039476067318], [-68.77436213753887, 45.75057477406075], [-68.77423356996387, 45.75057452008602], [-68.77423248129661, 45.75084454015427], [-68.77448961768823, 45.7508450479638]]]}}, {"type": "Feature", "properties": {"class": "shoal", "area_px": 13.0, "area_m2": 1300.0, "confidence": 0.684, "lat": 45.750196, "lon": -68.777365, "status": "unverified"}, "geometry": {"type": "Polygon", "coordinates": [[[-68.7775770424944, 45.75040106298377], [-68.77757811501743, 45.750131042832706], [-68.77744954843294, 45.75013079247868], [-68.77745026385311, 45.74995077903907], [-68.77719313151579, 45.74995027790011], [-68.7771913408862, 45.750400311480604], [-68.7775770424944, 45.75040106298377]]]}}, {"type": "Feature", "properties": {"class": "shoal", "area_px": 10.0, "area_m2": 1000.0, "confidence": 0.75, "lat": 45.749761, "lon": -68.817872, "status": "unverified"}, "geometry": {"type": "Polygon", "coordinates": [[[-68.81807754567996, 45.749932683337704], [-68.81807813049208, 45.749752669440554], [-68.81820669653058, 45.74975287407588], [-68.81820698872792, 45.74966286712453], [-68.81756415958246, 45.749661842504416], [-68.81756357311997, 45.7498418563993], [-68.81794927184293, 45.749842471609206], [-68.81794897922954, 45.74993247855643], [-68.81807754567996, 45.749932683337704]]]}}, {"type": "Feature", "properties": {"class": "shoal", "area_px": 6.0, "area_m2": 600.0, "confidence": 0.726, "lat": 45.749466, "lon": -68.816901, "status": "unverified"}, "geometry": {"type": "Polygon", "coordinates": [[[-68.81705019034686, 45.749571013257324], [-68.81705048440118, 45.749481006308876], [-68.81717904980864, 45.74948121209962], [-68.81717934365493, 45.74939120514911], [-68.81666508286001, 45.749390381120726], [-68.81666449351293, 45.74957039501516], [-68.81679305912284, 45.749570601240556], [-68.81679335359044, 45.749480594293395], [-68.8169219189951, 45.74948080037346], [-68.81692162473415, 45.74957080732126], [-68.81705019034686, 45.749571013257324]]]}}, {"type": "Feature", "properties": {"class": "shoal", "area_px": 2.0, "area_m2": 200.0, "confidence": 0.707, "lat": 45.749289, "lon": -68.809659, "status": "unverified"}, "geometry": {"type": "Polygon", "coordinates": [[[-68.8097225643439, 45.74937903019071], [-68.80972317600224, 45.749199016361445], [-68.80959461129723, 45.749198802182065], [-68.80959399922563, 45.74937881601], [-68.8097225643439, 45.74937903019071]]]}}, {"type": "Feature", "properties": {"class": "shoal", "area_px": 3.0, "area_m2": 300.0, "confidence": 0.6, "lat": 45.749266, "lon": -68.823672, "status": "unverified"}, "geometry": {"type": "Polygon", "coordinates": [[[-68.82386501909568, 45.74931169989971], [-68.82386530219404, 45.74922169291357], [-68.82347960762183, 45.749221097680895], [-68.82347932390357, 45.74931110466517], [-68.82386501909568, 45.74931169989971]]]}}, {"type": "Feature", "properties": {"class": "shoal", "area_px": 2.0, "area_m2": 200.0, "confidence": 0.686, "lat": 45.749173, "lon": -68.821551, "status": "unverified"}, "geometry": {"type": "Polygon", "coordinates": [[[-68.82167969977881, 45.749218302713274], [-68.82167998638866, 45.749128295736284], [-68.82142285713176, 45.749127894141814], [-68.82142257010865, 45.74921790111754], [-68.82167969977881, 45.749218302713274]]]}}, {"type": "Feature", "properties": {"class": "shoal", "area_px": 2.0, "area_m2": 200.0, "confidence": 0.625, "lat": 45.749135, "lon": -68.825987, "status": "unverified"}, "geometry": {"type": "Polygon", "coordinates": [[[-68.82605090499747, 45.7492250413056], [-68.82605146416454, 45.74904502730812], [-68.82592289969635, 45.74904483150243], [-68.82592234011601, 45.74922484549869], [-68.82605090499747, 45.7492250413056]]]}}, {"type": "Feature", "properties": {"class": "shoal", "area_px": 6.0, "area_m2": 600.0, "confidence": 0.713, "lat": 45.749007, "lon": -68.802781, "status": "unverified"}, "geometry": {"type": "Polygon", "coordinates": [[[-68.80303812986135, 45.749097680326855], [-68.80303844643187, 45.749007673444005], [-68.80290988221695, 45.74900745174345], [-68.8029101989926, 45.748917444859885], [-68.80252450697677, 45.74891677889231], [-68.8025241895812, 45.749006785773794], [-68.8026527537916, 45.74900700790834], [-68.80265243660118, 45.7490970147891], [-68.80303812986135, 45.749097680326855]]]}}, {"type": "Feature", "properties": {"class": "shoal", "area_px": 17.0, "area_m2": 1700.0, "confidence": 0.815, "lat": 45.748759, "lon": -68.775946, "status": "unverified"}, "geometry": {"type": "Polygon", "coordinates": [[[-68.77616855965421, 45.74895819362399], [-68.7761689194094, 45.74886818689421], [-68.77629748308394, 45.74886843868392], [-68.77629820217592, 45.74868842521848], [-68.77616963891464, 45.74868817343033], [-68.7761699986647, 45.74859816669627], [-68.77565574646313, 45.748597158100196], [-68.77565538588657, 45.74868716483113], [-68.77552682263384, 45.74868691231968], [-68.77552646184891, 45.74877691904838], [-68.77565502530828, 45.74877717156063], [-68.7756546647283, 45.7488671782887], [-68.77591179206543, 45.74886768288078], [-68.77591143189699, 45.748957689608986], [-68.77616855965421, 45.74895819362399]]]}}, {"type": "Feature", "properties": {"class": "shoal", "area_px": 4.0, "area_m2": 400.0, "confidence": 0.707, "lat": 45.748113, "lon": -68.806449, "status": "unverified"}, "geometry": {"type": "Polygon", "coordinates": [[[-68.80651216867747, 45.748293549414115], [-68.80651341258111, 45.74793352174883], [-68.80638485080551, 45.747933303962355], [-68.80638360607537, 45.74829333162492], [-68.80651216867747, 45.748293549414115]]]}}, {"type": "Feature", "properties": {"class": "shoal", "area_px": 13.0, "area_m2": 1300.0, "confidence": 0.712, "lat": 45.748061, "lon": -68.782971, "status": "unverified"}, "geometry": {"type": "Polygon", "coordinates": [[[-68.78311380038508, 45.74825152908623], [-68.78311414896892, 45.74816152230322], [-68.78324271108116, 45.74816176627507], [-68.78324340783064, 45.74798175270326], [-68.78311484613164, 45.747981508732934], [-68.78311519471052, 45.74789150194565], [-68.7827295102433, 45.747890769168976], [-68.7827284626421, 45.748160789519694], [-68.78285702474938, 45.74816103392553], [-68.7828566757523, 45.748251040707004], [-68.78311380038508, 45.74825152908623]]]}}, {"type": "Feature", "properties": {"class": "shoal", "area_px": 8.0, "area_m2": 800.0, "confidence": 0.795, "lat": 45.747831, "lon": -68.78085, "status": "unverified"}, "geometry": {"type": "Polygon", "coordinates": [[[-68.78092929750244, 45.747977339104565], [-68.78092964959387, 45.747887332330286], [-68.781058211058, 45.74788757875904], [-68.78105891482264, 45.7477075652047], [-68.78067323167495, 45.74770682548909], [-68.78067217416594, 45.74797684581155], [-68.78092929750244, 45.747977339104565]]]}}, {"type": "Feature", "properties": {"class": "shoal", "area_px": 9.0, "area_m2": 900.0, "confidence": 0.764, "lat": 45.747911, "lon": -68.785708, "status": "unverified"}, "geometry": {"type": "Polygon", "coordinates": [[[-68.78581395367195, 45.74816661533388], [-68.78581601910606, 45.7476265745105], [-68.78568745820067, 45.74762633343633], [-68.78568676931593, 45.74780634704833], [-68.78555820799893, 45.747806105828005], [-68.78555717403968, 45.74807612623303], [-68.78568573597656, 45.748076367455624], [-68.78568539152683, 45.7481663742552], [-68.78581395367195, 45.74816661533388]]]}}, {"type": "Feature", "properties": {"class": "shoal", "area_px": 30.0, "area_m2": 3000.0, "confidence": 0.769, "lat": 45.747875, "lon": -68.79877, "status": "unverified"}, "geometry": {"type": "Polygon", "coordinates": [[[-68.7987984151988, 45.748280226013755], [-68.79879873857445, 45.74819021914117], [-68.79892730088112, 45.7481904454646], [-68.79892762404862, 45.748100438589866], [-68.7990561861502, 45.74810066476795], [-68.79905780093154, 45.747650630369414], [-68.79892923986306, 45.74765040419487], [-68.79892956302135, 45.747560397311595], [-68.79880100216103, 45.747560170993104], [-68.7988013255244, 45.74747016410911], [-68.79854420422157, 45.74746971103958], [-68.7985412901768, 45.74827977293149], [-68.7987984151988, 45.748280226013755]]]}}, {"type": "Feature", "properties": {"class": "shoal", "area_px": 10.0, "area_m2": 1000.0, "confidence": 0.893, "lat": 45.74743, "lon": -68.786421, "status": "unverified"}, "geometry": {"type": "Polygon", "coordinates": [[[-68.78658738457273, 45.747628017917705], [-68.78658875653736, 45.74726799065558], [-68.78620307627608, 45.74726726961194], [-68.78620238905734, 45.74744728324134], [-68.78633094955603, 45.74744752373539], [-68.78633026274399, 45.747627537360586], [-68.78658738457273, 45.747628017917705]]]}}, {"type": "Feature", "properties": {"class": "shoal", "area_px": 4.0, "area_m2": 400.0, "confidence": 0.698, "lat": 45.747225, "lon": -68.743746, "status": "unverified"}, "geometry": {"type": "Polygon", "coordinates": [[[-68.74377751940332, 45.747360019884105], [-68.74377793119604, 45.74727001334253], [-68.74390649089688, 45.747270301571675], [-68.74390690248103, 45.747180295027775], [-68.7437783429868, 45.747180006799525], [-68.7437787547756, 45.7470900002551], [-68.74365019548993, 45.7470897118831], [-68.74364895949782, 45.74735973150941], [-68.74377751940332, 45.747360019884105]]]}}, {"type": "Feature", "properties": {"class": "shoal", "area_px": 8.0, "area_m2": 800.0, "confidence": 0.75, "lat": 45.747249, "lon": -68.814567, "status": "unverified"}, "geometry": {"type": "Polygon", "coordinates": [[[-68.81461429713859, 45.74749691584228], [-68.81461489303311, 45.74731690190299], [-68.81474345345484, 45.74731711042676], [-68.81474404893046, 45.74713709648045], [-68.81461548892197, 45.74713688795798], [-68.8146157868643, 45.74704688098334], [-68.81448722706384, 45.74704667231686], [-68.8144869289149, 45.74713667929085], [-68.81435836890924, 45.74713647047906], [-68.81435807055229, 45.74722647745098], [-68.81448663076456, 45.74722668626341], [-68.81448573630506, 45.74749670717255], [-68.81461429713859, 45.74749691584228]]]}}, {"type": "Feature", "properties": {"class": "shoal", "area_px": 4.0, "area_m2": 400.0, "confidence": 0.741, "lat": 45.746068, "lon": -68.821433, "status": "unverified"}, "geometry": {"type": "Polygon", "coordinates": [[[-68.82156088593972, 45.746157863991826], [-68.82156145947877, 45.74597784994074], [-68.82130434468793, 45.74597744810085], [-68.82130377032246, 45.74615746214943], [-68.82156088593972, 45.746157863991826]]]}}, {"type": "Feature", "properties": {"class": "shoal", "area_px": 10.0, "area_m2": 1000.0, "confidence": 0.638, "lat": 45.746103, "lon": -68.799449, "status": "unverified"}, "geometry": {"type": "Polygon", "coordinates": [[[-68.7994483189628, 45.74630120458387], [-68.79944864127168, 45.74621119767638], [-68.7995771990405, 45.74621142326102], [-68.79957752114126, 45.74612141635141], [-68.799706078705, 45.7461216417907], [-68.7997067224887, 45.74594162796578], [-68.79944960818914, 45.745941176945365], [-68.79944928588483, 45.746031183857134], [-68.79919217117819, 45.746030732256706], [-68.7991915257386, 45.74621074607314], [-68.79932008350437, 45.746210971947086], [-68.79931976098891, 45.746300978853874], [-68.7994483189628, 45.74630120458387]]]}}, {"type": "Feature", "properties": {"class": "shoal", "area_px": 17.0, "area_m2": 1700.0, "confidence": 0.801, "lat": 45.745582, "lon": -68.80434, "status": "unverified"}, "geometry": {"type": "Polygon", "coordinates": [[[-68.80472108020463, 45.74577029333281], [-68.80472202168772, 45.745500272494894], [-68.8044649093364, 45.745499832763905], [-68.80446522357433, 45.745409825816445], [-68.80407955567834, 45.74540916513718], [-68.80407924082064, 45.74549917208258], [-68.8039506846517, 45.745498951566184], [-68.80395005451864, 45.7456789654513], [-68.8042071676844, 45.745679406342205], [-68.80420685302882, 45.745769413284016], [-68.80433540982054, 45.745769633513184], [-68.8043357242695, 45.74567962657069], [-68.80459283744423, 45.74568006659372], [-68.80459252340843, 45.74577007353758], [-68.80472108020463, 45.74577029333281]]]}}, {"type": "Feature", "properties": {"class": "shoal", "area_px": 24.0, "area_m2": 2400.0, "confidence": 0.754, "lat": 45.745434, "lon": -68.801123, "status": "unverified"}, "geometry": {"type": "Polygon", "coordinates": [[[-68.80099293372365, 45.745763860544315], [-68.80099325354418, 45.74567385361985], [-68.8012503666407, 45.74567430116453], [-68.80125068604652, 45.74558429423723], [-68.80137924239045, 45.7455845177919], [-68.80137956158815, 45.745494510862486], [-68.80150811772701, 45.7454947342718], [-68.8015084367166, 45.745404727340265], [-68.80137988078434, 45.74540450393165], [-68.80138083836383, 45.74513448313057], [-68.80099517243548, 45.74513381204311], [-68.8009945328111, 45.745313825907715], [-68.8008659770915, 45.74531360192121], [-68.80086501702381, 45.745583622705354], [-68.80073646068594, 45.74558339857211], [-68.80073614045374, 45.74567340549659], [-68.8008646969982, 45.745673629630545], [-68.80086437697108, 45.745763636554315], [-68.80099293372365, 45.745763860544315]]]}}, {"type": "Feature", "properties": {"class": "shoal", "area_px": 9.0, "area_m2": 900.0, "confidence": 0.746, "lat": 45.745275, "lon": -68.782304, "status": "unverified"}, "geometry": {"type": "Polygon", "coordinates": [[[-68.782353270266, 45.74545985141828], [-68.78235362003814, 45.745369844595636], [-68.78248217573558, 45.74537008941175], [-68.78248252529947, 45.745280082586916], [-68.782611080792, 45.745280327257625], [-68.78261143014763, 45.74519032043061], [-68.78222576429481, 45.74518958598684], [-68.78222611426857, 45.74509957916068], [-68.7820975591942, 45.74509933405758], [-68.78209650864821, 45.745369354529466], [-68.78222506434234, 45.74536959963486], [-68.78222471436361, 45.74545960645675], [-68.782353270266, 45.74545985141828]]]}}, {"type": "Feature", "properties": {"class": "shoal", "area_px": 8.0, "area_m2": 800.0, "confidence": 0.703, "lat": 45.744679, "lon": -68.798201, "status": "unverified"}, "geometry": {"type": "Polygon", "coordinates": [[[-68.79842503841729, 45.74485928409312], [-68.79842536235441, 45.744769277168466], [-68.79829680790489, 45.74476905029331], [-68.79829778032675, 45.74449902951291], [-68.79804067267187, 45.74449857533291], [-68.79803969901049, 45.74476859610906], [-68.79816825345694, 45.7447688232735], [-68.79816792910664, 45.74485883019675], [-68.79842503841729, 45.74485928409312]]]}}, {"type": "Feature", "properties": {"class": "shoal", "area_px": 3.0, "area_m2": 300.0, "confidence": 0.652, "lat": 45.744299, "lon": -68.832258, "status": "unverified"}, "geometry": {"type": "Polygon", "coordinates": [[[-68.83236513475019, 45.74437407710883], [-68.83236567352883, 45.74419406289862], [-68.83223712015368, 45.7441938742133], [-68.83223685055843, 45.74428388131853], [-68.83210829697799, 45.744283692487976], [-68.83210802717487, 45.7443736995912], [-68.83236513475019, 45.74437407710883]]]}}, {"type": "Feature", "properties": {"class": "shoal", "area_px": 2.0, "area_m2": 200.0, "confidence": 0.746, "lat": 45.743684, "lon": -68.822597, "status": "unverified"}, "geometry": {"type": "Polygon", "coordinates": [[[-68.8227255984012, 45.74372947479994], [-68.82272588327548, 45.743639467731], [-68.82246877920282, 45.74363906852719], [-68.8224684939154, 45.74372907559488], [-68.8227255984012, 45.74372947479994]]]}}, {"type": "Feature", "properties": {"class": "shoal", "area_px": 3.0, "area_m2": 300.0, "confidence": 0.745, "lat": 45.743229, "lon": -68.819063, "status": "unverified"}, "geometry": {"type": "Polygon", "coordinates": [[[-68.8192561405476, 45.74327400144233], [-68.81925643099255, 45.743183994383244], [-68.81887077809488, 45.743183383654475], [-68.8188704870302, 45.74327339071166], [-68.8192561405476, 45.74327400144233]]]}}, {"type": "Feature", "properties": {"class": "shoal", "area_px": 2.0, "area_m2": 200.0, "confidence": 0.571, "lat": 45.742638, "lon": -68.789306, "status": "unverified"}, "geometry": {"type": "Polygon", "coordinates": [[[-68.78943433737308, 45.7426828881011], [-68.78943467573279, 45.74259288119289], [-68.78917757697103, 45.74259240708354], [-68.78917723819819, 45.74268241399028], [-68.78943433737308, 45.7426828881011]]]}}, {"type": "Feature", "properties": {"class": "shoal", "area_px": 4.0, "area_m2": 400.0, "confidence": 0.795, "lat": 45.742502, "lon": -68.789049, "status": "unverified"}, "geometry": {"type": "Polygon", "coordinates": [[[-68.78917757697103, 45.74259240708354], [-68.78917825451187, 45.7424123932658], [-68.78892115658279, 45.742411918580906], [-68.7889204782157, 45.74259193239569], [-68.78917757697103, 45.74259240708354]]]}}, {"type": "Feature", "properties": {"class": "shoal", "area_px": 2.0, "area_m2": 200.0, "confidence": 0.658, "lat": 45.742484, "lon": -68.832307, "status": "unverified"}, "geometry": {"type": "Polygon", "coordinates": [[[-68.83237052230645, 45.74257393475011], [-68.83237106103394, 45.74239392048288], [-68.83224251179027, 45.74239373180935], [-68.83224197264964, 45.742573746075394], [-68.83237052230645, 45.74257393475011]]]}}, {"type": "Feature", "properties": {"class": "shoal", "area_px": 5.0, "area_m2": 500.0, "confidence": 0.696, "lat": 45.742465, "lon": -68.814464, "status": "unverified"}, "geometry": {"type": "Polygon", "coordinates": [[[-68.81463068217762, 45.742546530433515], [-68.81463127791666, 45.74236651633739], [-68.81437417980226, 45.74236609892753], [-68.81437388152031, 45.742456105975016], [-68.81424533225866, 45.742455897052494], [-68.81424503376876, 45.74254590409789], [-68.81463068217762, 45.742546530433515]]]}}, {"type": "Feature", "properties": {"class": "shoal", "area_px": 2.0, "area_m2": 200.0, "confidence": 0.741, "lat": 45.742008, "lon": -68.789565, "status": "unverified"}, "geometry": {"type": "Polygon", "coordinates": [[[-68.78969380214677, 45.74205331323559], [-68.78969414008213, 45.74196330631591], [-68.78943704420578, 45.741962832795444], [-68.78943670585731, 45.742052839713644], [-68.78969380214677, 45.74205331323559]]]}}, {"type": "Feature", "properties": {"class": "shoal", "area_px": 2.0, "area_m2": 200.0, "confidence": 0.685, "lat": 45.741797, "lon": -68.824146, "status": "unverified"}, "geometry": {"type": "Polygon", "coordinates": [[[-68.82427415545055, 45.741841708977354], [-68.82427443781778, 45.74175170187104], [-68.82401734238857, 45.74175130616446], [-68.82401705960824, 45.741841313269546], [-68.82427415545055, 45.741841708977354]]]}}, {"type": "Feature", "properties": {"class": "shoal", "area_px": 3.0, "area_m2": 300.0, "confidence": 0.628, "lat": 45.741745, "lon": -68.829438, "status": "unverified"}, "geometry": {"type": "Polygon", "coordinates": [[[-68.82954462138778, 45.741849693497684], [-68.82954516918332, 45.741669679233766], [-68.82928807405894, 45.741669295387865], [-68.82928779974871, 45.74175930251934], [-68.82941634751681, 45.7417594945152], [-68.82941607341183, 45.74184950164586], [-68.82954462138778, 45.741849693497684]]]}}, {"type": "Feature", "properties": {"class": "shoal", "area_px": 2.0, "area_m2": 200.0, "confidence": 0.745, "lat": 45.741706, "lon": -68.823889, "status": "unverified"}, "geometry": {"type": "Polygon", "coordinates": [[[-68.82401734238857, 45.74175130616446], [-68.82401762516757, 45.741661299057945], [-68.82376053015685, 45.741660902774086], [-68.82376024696472, 45.74175090987936], [-68.82401734238857, 45.74175130616446]]]}}, {"type": "Feature", "properties": {"class": "shoal", "area_px": 2.0, "area_m2": 200.0, "confidence": 0.722, "lat": 45.740978, "lon": -68.818749, "status": "unverified"}, "geometry": {"type": "Polygon", "coordinates": [[[-68.81887776323279, 45.74102321385428], [-68.81887805426294, 45.740933206761454], [-68.818620962666, 45.740932798917605], [-68.81862067122275, 45.74102280600916], [-68.81887776323279, 45.74102321385428]]]}}, {"type": "Feature", "properties": {"class": "shoal", "area_px": 6.0, "area_m2": 600.0, "confidence": 0.754, "lat": 45.740805, "lon": -68.832933, "status": "unverified"}, "geometry": {"type": "Polygon", "coordinates": [[[-68.83301810038311, 45.74095474729098], [-68.83301836869177, 45.74086474012947], [-68.83314691443167, 45.74086492792526], [-68.8331471825325, 45.74077492076174], [-68.83301863699914, 45.74077473296656], [-68.83301890530525, 45.740684725802204], [-68.83276181465546, 45.74068434977911], [-68.83276127721578, 45.74086436410404], [-68.83288982295313, 45.740864552189066], [-68.83288955443794, 45.74095455934999], [-68.83301810038311, 45.74095474729098]]]}}, {"type": "Feature", "properties": {"class": "shoal", "area_px": 7.0, "area_m2": 700.0, "confidence": 0.754, "lat": 45.740324, "lon": -68.789709, "status": "unverified"}, "geometry": {"type": "Polygon", "coordinates": [[[-68.78982809146557, 45.740523431938605], [-68.78982944226219, 45.7401634041514], [-68.7895723546445, 45.740162930949744], [-68.7895713403102, 45.74043295178784], [-68.78969988473786, 45.7404331884632], [-68.78969954682977, 45.74052319540713], [-68.78982809146557, 45.740523431938605]]]}}, {"type": "Feature", "properties": {"class": "shoal", "area_px": 2.0, "area_m2": 200.0, "confidence": 0.704, "lat": 45.739643, "lon": -68.828394, "status": "unverified"}, "geometry": {"type": "Polygon", "coordinates": [[[-68.82852285047662, 45.739687983205414], [-68.82852312599611, 45.73959797604476], [-68.82826604039361, 45.73959758991255], [-68.82826576446105, 45.739687597072], [-68.82852285047662, 45.739687983205414]]]}}, {"type": "Feature", "properties": {"class": "shoal", "area_px": 15.0, "area_m2": 1500.0, "confidence": 0.728, "lat": 45.739007, "lon": -68.828649, "status": "unverified"}, "geometry": {"type": "Polygon", "coordinates": [[[-68.8287813120165, 45.739238332936814], [-68.82878158711641, 45.73914832576782], [-68.82891012888958, 45.739148518324754], [-68.82891040378165, 45.73905851115376], [-68.8290389453496, 45.739058703565476], [-68.82903922003383, 45.73896869639244], [-68.82878213731229, 45.73896831142559], [-68.82878241240827, 45.73887830425232], [-68.82865387125598, 45.738878111552566], [-68.82865414655718, 45.738788104378486], [-68.82839706466957, 45.73878771854635], [-68.82839596180472, 45.73914774722932], [-68.82865304534452, 45.73914813306627], [-68.8286527700381, 45.739238140234654], [-68.8287813120165, 45.739238332936814]]]}}, {"type": "Feature", "properties": {"class": "shoal", "area_px": 3.0, "area_m2": 300.0, "confidence": 0.702, "lat": 45.738859, "lon": -68.826062, "status": "unverified"}, "geometry": {"type": "Polygon", "coordinates": [[[-68.82608276905277, 45.7389642343493], [-68.82608304848578, 45.73887422718876], [-68.82621158961177, 45.738874422780775], [-68.82621186883694, 45.73878441561822], [-68.82595478699933, 45.73878402429079], [-68.8259542277216, 45.73896403861207], [-68.82608276905277, 45.7389642343493]]]}}, {"type": "Feature", "properties": {"class": "shoal", "area_px": 2.0, "area_m2": 200.0, "confidence": 0.696, "lat": 45.738338, "lon": -68.828463, "status": "unverified"}, "geometry": {"type": "Polygon", "coordinates": [[[-68.82852670763057, 45.738427882826535], [-68.82852725863165, 45.73824786846389], [-68.82839871892763, 45.73824767547912], [-68.82839816751351, 45.73842768984058], [-68.82852670763057, 45.738427882826535]]]}}, {"type": "Feature", "properties": {"class": "shoal", "area_px": 4.0, "area_m2": 400.0, "confidence": 0.604, "lat": 45.738049, "lon": -68.831002, "status": "unverified"}, "geometry": {"type": "Polygon", "coordinates": [[[-68.83109832435362, 45.73816169059547], [-68.83109913845058, 45.73789166900066], [-68.83097059954667, 45.737891478910484], [-68.83097005640361, 45.73807149330726], [-68.83084151708795, 45.73807130307129], [-68.83084124530798, 45.73816131026694], [-68.83109832435362, 45.73816169059547]]]}}, {"type": "Feature", "properties": {"class": "shoal", "area_px": 3.0, "area_m2": 300.0, "confidence": 0.607, "lat": 45.738002, "lon": -68.834805, "status": "unverified"}, "geometry": {"type": "Polygon", "coordinates": [[[-68.83495477582326, 45.73807731889612], [-68.83495504099345, 45.73798731168025], [-68.83482650184483, 45.73798712592775], [-68.83482676722028, 45.737897118711054], [-68.83469822827942, 45.737896932814536], [-68.83469769711424, 45.73807694724536], [-68.83495477582326, 45.73807731889612]]]}}, {"type": "Feature", "properties": {"class": "shoal", "area_px": 3.0, "area_m2": 300.0, "confidence": 0.631, "lat": 45.737782, "lon": -68.792088, "status": "unverified"}, "geometry": {"type": "Polygon", "coordinates": [[[-68.79215158007096, 45.73791746241765], [-68.79215258187988, 45.73764744141568], [-68.79202404382418, 45.73764720751075], [-68.79202304139575, 45.737917228510526], [-68.79215158007096, 45.73791746241765]]]}}, {"type": "Feature", "properties": {"class": "shoal", "area_px": 2.0, "area_m2": 200.0, "confidence": 0.625, "lat": 45.737738, "lon": -68.792345, "status": "unverified"}, "geometry": {"type": "Polygon", "coordinates": [[[-68.79240899095102, 45.737827922797386], [-68.792409657996, 45.73764790879172], [-68.79228111993714, 45.73764767517601], [-68.79228045247915, 45.73782768918021], [-68.79240899095102, 45.737827922797386]]]}}, {"type": "Feature", "properties": {"class": "shoal", "area_px": 29.0, "area_m2": 2900.0, "confidence": 0.779, "lat": 45.737841, "lon": -68.790284, "status": "unverified"}, "geometry": {"type": "Polygon", "coordinates": [[[-68.7904792309109, 45.73827443829018], [-68.79047956753983, 45.73818443130619], [-68.7906081068155, 45.73818466695082], [-68.79060978890364, 45.73773463200575], [-68.79048125066052, 45.7377343963648], [-68.79048192389762, 45.73755438237826], [-68.79022484824223, 45.73755391066549], [-68.7902251852714, 45.73746390367157], [-68.78983957241982, 45.73746319502008], [-68.78983889712084, 45.7376432090021], [-68.78996743514945, 45.73764344536534], [-68.78996676025709, 45.73782345934313], [-68.79009529870031, 45.73782369556324], [-68.79009462421455, 45.738003709536805], [-68.79022316307241, 45.73800394561379], [-68.79022215195131, 45.738273966565636], [-68.7904792309109, 45.73827443829018]], [[-68.7903520387625, 45.737914174558604], [-68.79022350010956, 45.73791393862697], [-68.79022383714513, 45.73782393163875], [-68.79009529870031, 45.73782369556324], [-68.79009563594077, 45.73773368857433], [-68.7902241741791, 45.73773392464909], [-68.79022451121146, 45.737643917658005], [-68.79035304924486, 45.73764415358743], [-68.7903520387625, 45.737914174558604]]]}}, {"type": "Feature", "properties": {"class": "shoal", "area_px": 3.0, "area_m2": 300.0, "confidence": 0.836, "lat": 45.737516, "lon": -68.830993, "status": "unverified"}, "geometry": {"type": "Polygon", "coordinates": [[[-68.83109995253598, 45.73762164739304], [-68.83110049525311, 45.73744163298081], [-68.8308434195117, 45.73744125266178], [-68.83084314774074, 45.73753125986742], [-68.83097168581732, 45.73753145009984], [-68.8309714142516, 45.737621457304634], [-68.83109995253598, 45.73762164739304]]]}}, {"type": "Feature", "properties": {"class": "shoal", "area_px": 6.0, "area_m2": 600.0, "confidence": 0.685, "lat": 45.736277, "lon": -68.835024, "status": "unverified"}, "geometry": {"type": "Polygon", "coordinates": [[[-68.83521688470856, 45.736367552601344], [-68.8352174141739, 45.73618753811172], [-68.83483180911455, 45.73618698132282], [-68.83483127841025, 45.73636699580896], [-68.83521688470856, 45.736367552601344]]]}}, {"type": "Feature", "properties": {"class": "shoal", "area_px": 3.0, "area_m2": 300.0, "confidence": 0.617, "lat": 45.736052, "lon": -68.797278, "status": "unverified"}, "geometry": {"type": "Polygon", "coordinates": [[[-68.79742817623223, 45.73612678725582], [-68.79742850167226, 45.73603678019852], [-68.79729996726942, 45.736036552235255], [-68.79730029291439, 45.73594654517725], [-68.7971717587196, 45.7359463170701], [-68.79717110701516, 45.736126331183286], [-68.79742817623223, 45.73612678725582]]]}}, {"type": "Feature", "properties": {"class": "shoal", "area_px": 3.0, "area_m2": 300.0, "confidence": 0.763, "lat": 45.736044, "lon": -68.793037, "status": "unverified"}, "geometry": {"type": "Polygon", "coordinates": [[[-68.79318653494599, 45.736119188096666], [-68.79318686720025, 45.736029181063074], [-68.79305833284893, 45.73602894832808], [-68.79305866530811, 45.735938941293796], [-68.79293013116485, 45.73593870841492], [-68.79292946583193, 45.736118722480605], [-68.79318653494599, 45.736119188096666]]]}}, {"type": "Feature", "properties": {"class": "shoal", "area_px": 2.0, "area_m2": 200.0, "confidence": 0.783, "lat": 45.735735, "lon": -68.833226, "status": "unverified"}, "geometry": {"type": "Polygon", "coordinates": [[[-68.83329046029598, 45.73582471219176], [-68.83329099594096, 45.73564469770248], [-68.83316246217782, 45.73564451008529], [-68.83316192611987, 45.7358245245734], [-68.83329046029598, 45.73582471219176]]]}}, {"type": "Feature", "properties": {"class": "shoal", "area_px": 6.0, "area_m2": 600.0, "confidence": 0.722, "lat": 45.735418, "lon": -68.831963, "status": "unverified"}, "geometry": {"type": "Polygon", "coordinates": [[[-68.83213446179768, 45.735552996700804], [-68.83213500115181, 45.735372982213555], [-68.83200646801964, 45.735372793296754], [-68.83200673790127, 45.735282786051584], [-68.83174967205372, 45.73528240778539], [-68.83174940175913, 45.73537241502938], [-68.83187793488874, 45.735372604235366], [-68.83187739470866, 45.735552618720256], [-68.83213446179768, 45.735552996700804]]]}}, {"type": "Feature", "properties": {"class": "shoal", "area_px": 5.0, "area_m2": 500.0, "confidence": 0.741, "lat": 45.735201, "lon": -68.831634, "status": "unverified"}, "geometry": {"type": "Polygon", "coordinates": [[[-68.83162086863078, 45.735372225678795], [-68.83162113913188, 45.7352822184354], [-68.83174967205372, 45.73528240778539], [-68.83175048292985, 45.73501238604486], [-68.83162195062745, 45.735012196696644], [-68.83162140963168, 45.735192211190565], [-68.83149287691761, 45.73519202169658], [-68.83149233550373, 45.73537203618362], [-68.83162086863078, 45.735372225678795]]]}}, {"type": "Feature", "properties": {"class": "shoal", "area_px": 4.0, "area_m2": 400.0, "confidence": 0.821, "lat": 45.734997, "lon": -68.821596, "status": "unverified"}, "geometry": {"type": "Polygon", "coordinates": [[[-68.82172468087448, 45.73508718986865], [-68.82172525366599, 45.734907175465615], [-68.82146818968157, 45.734906774069174], [-68.82146761606415, 45.73508678846971], [-68.82172468087448, 45.73508718986865]]]}}, {"type": "Feature", "properties": {"class": "shoal", "area_px": 3.0, "area_m2": 300.0, "confidence": 0.568, "lat": 45.73461, "lon": -68.79677, "status": "unverified"}, "geometry": {"type": "Polygon", "coordinates": [[[-68.7969192578742, 45.73468576148998], [-68.79691958411541, 45.7345957544127], [-68.79679105302253, 45.73459552588247], [-68.79679137946867, 45.73450551880449], [-68.79666284858382, 45.73450529013037], [-68.79666219527702, 45.73468530428349], [-68.7969192578742, 45.73468576148998]]]}}, {"type": "Feature", "properties": {"class": "shoal", "area_px": 8.0, "area_m2": 800.0, "confidence": 0.701, "lat": 45.734607, "lon": -68.823815, "status": "unverified"}, "geometry": {"type": "Polygon", "coordinates": [[[-68.82391086351777, 45.734730549553646], [-68.82391114639861, 45.734640542336564], [-68.82403967779636, 45.73464074035795], [-68.8240402431411, 45.73446072591826], [-68.82378318117284, 45.73446032973337], [-68.8237828980882, 45.73455033695269], [-68.82365436689962, 45.73455013864273], [-68.82365408360715, 45.734640145860006], [-68.82352555221343, 45.73463994740484], [-68.82352526871314, 45.73472995462008], [-68.82391086351777, 45.734730549553646]]]}}, {"type": "Feature", "properties": {"class": "shoal", "area_px": 6.0, "area_m2": 600.0, "confidence": 0.65, "lat": 45.733193, "lon": -68.792555, "status": "unverified"}, "geometry": {"type": "Polygon", "coordinates": [[[-68.79268272147671, 45.73332803767221], [-68.79268372056572, 45.73305801644329], [-68.79242666550469, 45.73305754971999], [-68.7924256651769, 45.73332757094453], [-68.79268272147671, 45.73332803767221]]]}}, {"type": "Feature", "properties": {"class": "shoal", "area_px": 12.0, "area_m2": 1200.0, "confidence": 0.738, "lat": 45.732243, "lon": -68.820502, "status": "unverified"}, "geometry": {"type": "Polygon", "coordinates": [[[-68.82057624810399, 45.73247516978038], [-68.82057682453285, 45.732295155305955], [-68.8207053505273, 45.732295357070356], [-68.82070621454098, 45.732025335346144], [-68.82044916379216, 45.732024931676534], [-68.82044887537609, 45.7321149389181], [-68.82032034979727, 45.7321147368658], [-68.82031919529341, 45.73247476581531], [-68.82057624810399, 45.73247516978038]]]}}, {"type": "Feature", "properties": {"class": "shoal", "area_px": 3.0, "area_m2": 300.0, "confidence": 0.619, "lat": 45.731635, "lon": -68.811432, "status": "unverified"}, "geometry": {"type": "Polygon", "coordinates": [[[-68.81145329968209, 45.731740417303946], [-68.8114536025439, 45.73165041010192], [-68.8115821269937, 45.731650622126885], [-68.81158242964766, 45.731560614922756], [-68.8113253811624, 45.73156019072959], [-68.81132477502727, 45.73174020513375], [-68.81145329968209, 45.731740417303946]]]}}, {"type": "Feature", "properties": {"class": "shoal", "area_px": 4.0, "area_m2": 400.0, "confidence": 0.619, "lat": 45.731474, "lon": -68.813575, "status": "unverified"}, "geometry": {"type": "Polygon", "coordinates": [[[-68.81376734200339, 45.731564197215675], [-68.81376764114636, 45.73147418999895], [-68.81363911708519, 45.7314739804331], [-68.81363941643319, 45.7313839732156], [-68.81338236872799, 45.73138355365149], [-68.81338206896709, 45.731473560867684], [-68.81351059302543, 45.731473770722666], [-68.81351029346956, 45.731563777938106], [-68.81376734200339, 45.731564197215675]]]}}, {"type": "Feature", "properties": {"class": "shoal", "area_px": 4.0, "area_m2": 400.0, "confidence": 0.681, "lat": 45.731377, "lon": -68.80927, "status": "unverified"}, "geometry": {"type": "Polygon", "coordinates": [[[-68.80939782386893, 45.73146698365302], [-68.80939843618872, 45.7312869692603], [-68.80914138899125, 45.731286540155544], [-68.8091407758457, 45.73146655454559], [-68.80939782386893, 45.73146698365302]]]}}, {"type": "Feature", "properties": {"class": "shoal", "area_px": 27.0, "area_m2": 2700.0, "confidence": 0.812, "lat": 45.731349, "lon": -68.824205, "status": "unverified"}, "geometry": {"type": "Polygon", "coordinates": [[[-68.82417752988425, 45.7316706992303], [-68.82417781230659, 45.73158069196351], [-68.82430633668731, 45.73158088967473], [-68.82430661890187, 45.73149088240587], [-68.8244351430775, 45.731491079971896], [-68.8244357070897, 45.73131106542872], [-68.82456423085378, 45.73131126284895], [-68.82456535803637, 45.73095123374299], [-68.82430831216108, 45.73095083876291], [-68.82430774774669, 45.73113085331628], [-68.82417922439818, 45.73113065560814], [-68.82417894198254, 45.731220662882066], [-68.82405041842891, 45.73122046502874], [-68.8240501358055, 45.73131047230062], [-68.82392161204677, 45.7313102743021], [-68.82392132921558, 45.731400281571936], [-68.82379280525176, 45.731400083428234], [-68.82379195613076, 45.73167010522733], [-68.82417752988425, 45.7316706992303]]]}}, {"type": "Feature", "properties": {"class": "shoal", "area_px": 10.0, "area_m2": 1000.0, "confidence": 0.776, "lat": 45.730235, "lon": -68.81579, "status": "unverified"}, "geometry": {"type": "Polygon", "coordinates": [[[-68.81595609789443, 45.73039764365366], [-68.81595728034681, 45.730037614659835], [-68.81570023878382, 45.73003720031984], [-68.81569964673473, 45.730217214817024], [-68.81557112554248, 45.73021700742888], [-68.81557053307489, 45.73039702191906], [-68.81595609789443, 45.73039764365366]]]}}, {"type": "Feature", "properties": {"class": "shoal", "area_px": 20.0, "area_m2": 2000.0, "confidence": 0.729, "lat": 45.728524, "lon": -68.826372, "status": "unverified"}, "geometry": {"type": "Polygon", "coordinates": [[[-68.82649989060387, 45.7287940023252], [-68.82650016926789, 45.728703995001744], [-68.82662868706683, 45.72870419009109], [-68.826629800884, 45.72834416078059], [-68.82650128391073, 45.72834396569367], [-68.82650156256813, 45.72825395836309], [-68.82624452903833, 45.72825356775681], [-68.82624424996811, 45.72834357508617], [-68.82611573299879, 45.72834337956557], [-68.82611461587902, 45.72870340886633], [-68.826243133674, 45.72870360438937], [-68.82624285459715, 45.72879361171161], [-68.82649989060387, 45.7287940023252]]]}}]}